pathway	method	condition_id	O2	stage	n_rxn	n_active	total_flux	active_rate
Amino-acid metabolism	eflux	01_trehalose	aerobic	pre-infection	162	51	1.3338	0.3148
Amino-acid metabolism	eflux	01_trehalose	anaerobic	pre-infection	162	50	1.6065	0.3086
Amino-acid metabolism	eflux	02_glycerol	aerobic	pre-infection	162	53	0.4609	0.3272
Amino-acid metabolism	eflux	02_glycerol	anaerobic	pre-infection	162	48	1.2756	0.2963
Amino-acid metabolism	eflux	03_palmitate	aerobic	pre-infection	162	51	2.5406	0.3148
Amino-acid metabolism	eflux	04_oleate	aerobic	pre-infection	162	48	3.1042	0.2963
Amino-acid metabolism	eflux	05_hexacosanoate	aerobic	pre-infection	162	49	5.0178	0.3025
Amino-acid metabolism	eflux	06_glucose_low	aerobic	biotrophic	162	51	0.6668	0.3148
Amino-acid metabolism	eflux	06_glucose_low	anaerobic	biotrophic	162	49	0.8023	0.3025
Amino-acid metabolism	eflux	07_sucrose_low	aerobic	biotrophic	162	51	0.6668	0.3148
Amino-acid metabolism	eflux	07_sucrose_low	anaerobic	biotrophic	162	50	0.803	0.3086
Amino-acid metabolism	eflux	08_glutamate	aerobic	biotrophic	162	51	7.8389	0.3148
Amino-acid metabolism	eflux	08_glutamate	anaerobic	biotrophic	162	47	7.4447	0.2901
Amino-acid metabolism	eflux	09_glutamine	aerobic	biotrophic	162	51	8.6046	0.3148
Amino-acid metabolism	eflux	09_glutamine	anaerobic	biotrophic	162	49	11.0248	0.3025
Amino-acid metabolism	eflux	10_gaba	aerobic	biotrophic	162	52	7.0778	0.321
Amino-acid metabolism	eflux	11_galacturonate	aerobic	necrotrophic	162	0	0.0	0.0
Amino-acid metabolism	eflux	11_galacturonate	anaerobic	necrotrophic	162	0	0.0	0.0
Amino-acid metabolism	eflux	12_xylose	aerobic	necrotrophic	162	51	2.6673	0.3148
Amino-acid metabolism	eflux	12_xylose	anaerobic	necrotrophic	162	49	0.7095	0.3025
Amino-acid metabolism	eflux	13_arabinose	aerobic	necrotrophic	162	51	3.4264	0.3148
Amino-acid metabolism	eflux	14_maltose	aerobic	necrotrophic	162	51	6.6682	0.3148
Amino-acid metabolism	eflux	14_maltose	anaerobic	necrotrophic	162	49	8.0228	0.3025
Amino-acid metabolism	eflux	15_mixed_aa	aerobic	necrotrophic	162	64	23.9002	0.3951
Amino-acid metabolism	eflux	15_mixed_aa	anaerobic	necrotrophic	162	54	13.3142	0.3333
Amino-acid metabolism	eflux	16_pre_infection_mix	aerobic	cocktail	162	51	1.702	0.3148
Amino-acid metabolism	eflux	16_pre_infection_mix	anaerobic	cocktail	162	49	0.9685	0.3025
Amino-acid metabolism	eflux	17_biotrophic_mix	aerobic	cocktail	162	56	3.5276	0.3457
Amino-acid metabolism	eflux	17_biotrophic_mix	anaerobic	cocktail	162	51	5.4322	0.3148
Amino-acid metabolism	eflux	18_necrotrophic_mix	aerobic	cocktail	162	63	9.2365	0.3889
Amino-acid metabolism	eflux	18_necrotrophic_mix	anaerobic	cocktail	162	57	6.5919	0.3519
Amino-acid metabolism	gimme	01_trehalose	aerobic	pre-infection	162	48	1.1945	0.2963
Amino-acid metabolism	gimme	01_trehalose	anaerobic	pre-infection	162	50	1.2685	0.3086
Amino-acid metabolism	gimme	02_glycerol	aerobic	pre-infection	162	52	0.4104	0.321
Amino-acid metabolism	gimme	02_glycerol	anaerobic	pre-infection	162	47	1.2466	0.2901
Amino-acid metabolism	gimme	03_palmitate	aerobic	pre-infection	162	51	2.9511	0.3148
Amino-acid metabolism	gimme	04_oleate	aerobic	pre-infection	162	49	3.2547	0.3025
Amino-acid metabolism	gimme	05_hexacosanoate	aerobic	pre-infection	162	50	7.1833	0.3086
Amino-acid metabolism	gimme	06_glucose_low	aerobic	biotrophic	162	51	0.6001	0.3148
Amino-acid metabolism	gimme	06_glucose_low	anaerobic	biotrophic	162	50	0.6303	0.3086
Amino-acid metabolism	gimme	07_sucrose_low	aerobic	biotrophic	162	49	0.6111	0.3025
Amino-acid metabolism	gimme	07_sucrose_low	anaerobic	biotrophic	162	49	0.7152	0.3025
Amino-acid metabolism	gimme	08_glutamate	aerobic	biotrophic	162	51	6.5294	0.3148
Amino-acid metabolism	gimme	08_glutamate	anaerobic	biotrophic	162	49	7.4472	0.3025
Amino-acid metabolism	gimme	09_glutamine	aerobic	biotrophic	162	52	8.7494	0.321
Amino-acid metabolism	gimme	09_glutamine	anaerobic	biotrophic	162	49	11.0262	0.3025
Amino-acid metabolism	gimme	10_gaba	aerobic	biotrophic	162	51	6.6841	0.3148
Amino-acid metabolism	gimme	11_galacturonate	aerobic	necrotrophic	162	50	2.4595	0.3086
Amino-acid metabolism	gimme	11_galacturonate	anaerobic	necrotrophic	162	51	0.9261	0.3148
Amino-acid metabolism	gimme	12_xylose	aerobic	necrotrophic	162	49	2.4023	0.3025
Amino-acid metabolism	gimme	12_xylose	anaerobic	necrotrophic	162	50	0.8153	0.3086
Amino-acid metabolism	gimme	13_arabinose	aerobic	necrotrophic	162	51	3.0852	0.3148
Amino-acid metabolism	gimme	14_maltose	aerobic	necrotrophic	162	51	6.1067	0.3148
Amino-acid metabolism	gimme	14_maltose	anaerobic	necrotrophic	162	50	6.3034	0.3086
Amino-acid metabolism	gimme	15_mixed_aa	aerobic	necrotrophic	162	64	19.9433	0.3951
Amino-acid metabolism	gimme	15_mixed_aa	anaerobic	necrotrophic	162	54	11.3676	0.3333
Amino-acid metabolism	gimme	16_pre_infection_mix	aerobic	cocktail	162	52	1.6115	0.321
Amino-acid metabolism	gimme	16_pre_infection_mix	anaerobic	cocktail	162	48	1.0527	0.2963
Amino-acid metabolism	gimme	17_biotrophic_mix	aerobic	cocktail	162	55	3.532	0.3395
Amino-acid metabolism	gimme	17_biotrophic_mix	anaerobic	cocktail	162	54	6.4139	0.3333
Amino-acid metabolism	gimme	18_necrotrophic_mix	aerobic	cocktail	162	61	8.7754	0.3765
Amino-acid metabolism	gimme	18_necrotrophic_mix	anaerobic	cocktail	162	58	9.4423	0.358
Amino-acid metabolism	imat	01_trehalose	aerobic	pre-infection	162	75	79.7111	0.463
Amino-acid metabolism	imat	01_trehalose	anaerobic	pre-infection	162	75	4001.7972	0.463
Amino-acid metabolism	imat	02_glycerol	aerobic	pre-infection	162	77	2001.0038	0.4753
Amino-acid metabolism	imat	02_glycerol	anaerobic	pre-infection	162	58	2001.2903	0.358
Amino-acid metabolism	imat	03_palmitate	aerobic	pre-infection	162	72	7.288	0.4444
Amino-acid metabolism	imat	04_oleate	aerobic	pre-infection	162	76	2025.3582	0.4691
Amino-acid metabolism	imat	05_hexacosanoate	aerobic	pre-infection	162	72	782.8921	0.4444
Amino-acid metabolism	imat	06_glucose_low	aerobic	biotrophic	162	72	2001.6845	0.4444
Amino-acid metabolism	imat	06_glucose_low	anaerobic	biotrophic	162	77	2000.5492	0.4753
Amino-acid metabolism	imat	07_sucrose_low	aerobic	biotrophic	162	72	0.8789	0.4444
Amino-acid metabolism	imat	07_sucrose_low	anaerobic	biotrophic	162	74	0.7814	0.4568
Amino-acid metabolism	imat	08_glutamate	aerobic	biotrophic	162	75	4.3891	0.463
Amino-acid metabolism	imat	08_glutamate	anaerobic	biotrophic	162	60	8.4097	0.3704
Amino-acid metabolism	imat	09_glutamine	aerobic	biotrophic	162	72	57.5262	0.4444
Amino-acid metabolism	imat	09_glutamine	anaerobic	biotrophic	162	59	11.0435	0.3642
Amino-acid metabolism	imat	10_gaba	aerobic	biotrophic	162	73	7.3466	0.4506
Amino-acid metabolism	imat	11_galacturonate	aerobic	necrotrophic	162	71	3.1685	0.4383
Amino-acid metabolism	imat	11_galacturonate	anaerobic	necrotrophic	162	75	4006.3302	0.463
Amino-acid metabolism	imat	12_xylose	aerobic	necrotrophic	162	72	19.7893	0.4444
Amino-acid metabolism	imat	12_xylose	anaerobic	necrotrophic	162	74	2001.2526	0.4568
Amino-acid metabolism	imat	13_arabinose	aerobic	necrotrophic	162	71	3.8877	0.4383
Amino-acid metabolism	imat	14_maltose	aerobic	necrotrophic	162	74	6.608	0.4568
Amino-acid metabolism	imat	14_maltose	anaerobic	necrotrophic	162	73	0.9275	0.4506
Amino-acid metabolism	imat	15_mixed_aa	aerobic	necrotrophic	162	87	2019.4323	0.537
Amino-acid metabolism	imat	15_mixed_aa	anaerobic	necrotrophic	162	79	2002.9457	0.4877
Amino-acid metabolism	imat	16_pre_infection_mix	aerobic	cocktail	162	70	1.4203	0.4321
Amino-acid metabolism	imat	16_pre_infection_mix	anaerobic	cocktail	162	74	1.2322	0.4568
Amino-acid metabolism	imat	17_biotrophic_mix	aerobic	cocktail	162	77	2.0645	0.4753
Amino-acid metabolism	imat	17_biotrophic_mix	anaerobic	cocktail	162	77	2003.8242	0.4753
Amino-acid metabolism	imat	18_necrotrophic_mix	aerobic	cocktail	162	79	15.8336	0.4877
Amino-acid metabolism	imat	18_necrotrophic_mix	anaerobic	cocktail	162	78	2008.7657	0.4815
Amino-acid metabolism	pfba	01_trehalose	aerobic	pre-infection	162	51	1.3338	0.3148
Amino-acid metabolism	pfba	01_trehalose	anaerobic	pre-infection	162	49	1.605	0.3025
Amino-acid metabolism	pfba	02_glycerol	aerobic	pre-infection	162	53	0.4609	0.3272
Amino-acid metabolism	pfba	02_glycerol	anaerobic	pre-infection	162	48	1.2756	0.2963
Amino-acid metabolism	pfba	03_palmitate	aerobic	pre-infection	162	51	2.5406	0.3148
Amino-acid metabolism	pfba	04_oleate	aerobic	pre-infection	162	48	3.1042	0.2963
Amino-acid metabolism	pfba	05_hexacosanoate	aerobic	pre-infection	162	49	5.0178	0.3025
Amino-acid metabolism	pfba	06_glucose_low	aerobic	biotrophic	162	51	0.6668	0.3148
Amino-acid metabolism	pfba	06_glucose_low	anaerobic	biotrophic	162	50	0.803	0.3086
Amino-acid metabolism	pfba	07_sucrose_low	aerobic	biotrophic	162	51	0.6668	0.3148
Amino-acid metabolism	pfba	07_sucrose_low	anaerobic	biotrophic	162	50	0.803	0.3086
Amino-acid metabolism	pfba	08_glutamate	aerobic	biotrophic	162	51	7.8389	0.3148
Amino-acid metabolism	pfba	08_glutamate	anaerobic	biotrophic	162	0	0.0	0.0
Amino-acid metabolism	pfba	09_glutamine	aerobic	biotrophic	162	52	9.7479	0.321
Amino-acid metabolism	pfba	09_glutamine	anaerobic	biotrophic	162	0	0.0	0.0
Amino-acid metabolism	pfba	10_gaba	aerobic	biotrophic	162	52	7.0778	0.321
Amino-acid metabolism	pfba	11_galacturonate	aerobic	necrotrophic	162	50	3.6632	0.3086
Amino-acid metabolism	pfba	11_galacturonate	anaerobic	necrotrophic	162	50	0.9751	0.3086
Amino-acid metabolism	pfba	12_xylose	aerobic	necrotrophic	162	51	2.6673	0.3148
Amino-acid metabolism	pfba	12_xylose	anaerobic	necrotrophic	162	50	0.711	0.3086
Amino-acid metabolism	pfba	13_arabinose	aerobic	necrotrophic	162	51	3.4264	0.3148
Amino-acid metabolism	pfba	14_maltose	aerobic	necrotrophic	162	51	6.6682	0.3148
Amino-acid metabolism	pfba	14_maltose	anaerobic	necrotrophic	162	50	8.0305	0.3086
Amino-acid metabolism	pfba	15_mixed_aa	aerobic	necrotrophic	162	65	23.9003	0.4012
Amino-acid metabolism	pfba	15_mixed_aa	anaerobic	necrotrophic	162	54	13.3142	0.3333
Amino-acid metabolism	pfba	16_pre_infection_mix	aerobic	cocktail	162	51	1.702	0.3148
Amino-acid metabolism	pfba	16_pre_infection_mix	anaerobic	cocktail	162	50	0.969	0.3086
Amino-acid metabolism	pfba	17_biotrophic_mix	aerobic	cocktail	162	56	3.5276	0.3457
Amino-acid metabolism	pfba	17_biotrophic_mix	anaerobic	cocktail	162	51	5.4322	0.3148
Amino-acid metabolism	pfba	18_necrotrophic_mix	aerobic	cocktail	162	63	9.4304	0.3889
Amino-acid metabolism	pfba	18_necrotrophic_mix	anaerobic	cocktail	162	54	5.7743	0.3333
Biomass	eflux	01_trehalose	aerobic	pre-infection	6	1	0.0728	0.1667
Biomass	eflux	01_trehalose	anaerobic	pre-infection	6	1	0.0148	0.1667
Biomass	eflux	02_glycerol	aerobic	pre-infection	6	1	0.0207	0.1667
Biomass	eflux	02_glycerol	anaerobic	pre-infection	6	1	0.0004	0.1667
Biomass	eflux	03_palmitate	aerobic	pre-infection	6	1	0.114	0.1667
Biomass	eflux	04_oleate	aerobic	pre-infection	6	1	0.128	0.1667
Biomass	eflux	05_hexacosanoate	aerobic	pre-infection	6	1	0.2061	0.1667
Biomass	eflux	06_glucose_low	aerobic	biotrophic	6	1	0.0364	0.1667
Biomass	eflux	06_glucose_low	anaerobic	biotrophic	6	1	0.0074	0.1667
Biomass	eflux	07_sucrose_low	aerobic	biotrophic	6	1	0.0364	0.1667
Biomass	eflux	07_sucrose_low	anaerobic	biotrophic	6	1	0.0074	0.1667
Biomass	eflux	08_glutamate	aerobic	biotrophic	6	1	0.0527	0.1667
Biomass	eflux	08_glutamate	anaerobic	biotrophic	6	1	0.0003	0.1667
Biomass	eflux	09_glutamine	aerobic	biotrophic	6	1	0.0528	0.1667
Biomass	eflux	09_glutamine	anaerobic	biotrophic	6	1	0.0003	0.1667
Biomass	eflux	10_gaba	aerobic	biotrophic	6	1	0.0496	0.1667
Biomass	eflux	11_galacturonate	aerobic	necrotrophic	6	0	0.0	0.0
Biomass	eflux	11_galacturonate	anaerobic	necrotrophic	6	0	0.0	0.0
Biomass	eflux	12_xylose	aerobic	necrotrophic	6	1	0.1457	0.1667
Biomass	eflux	12_xylose	anaerobic	necrotrophic	6	1	0.0149	0.1667
Biomass	eflux	13_arabinose	aerobic	necrotrophic	6	1	0.1396	0.1667
Biomass	eflux	14_maltose	aerobic	necrotrophic	6	1	0.3642	0.1667
Biomass	eflux	14_maltose	anaerobic	necrotrophic	6	1	0.0741	0.1667
Biomass	eflux	15_mixed_aa	aerobic	necrotrophic	6	1	0.1424	0.1667
Biomass	eflux	15_mixed_aa	anaerobic	necrotrophic	6	1	0.0115	0.1667
Biomass	eflux	16_pre_infection_mix	aerobic	cocktail	6	1	0.0693	0.1667
Biomass	eflux	16_pre_infection_mix	anaerobic	cocktail	6	1	0.005	0.1667
Biomass	eflux	17_biotrophic_mix	aerobic	cocktail	6	1	0.0627	0.1667
Biomass	eflux	17_biotrophic_mix	anaerobic	cocktail	6	1	0.0094	0.1667
Biomass	eflux	18_necrotrophic_mix	aerobic	cocktail	6	1	0.4127	0.1667
Biomass	eflux	18_necrotrophic_mix	anaerobic	cocktail	6	1	0.08	0.1667
Biomass	gimme	01_trehalose	aerobic	pre-infection	6	1	0.0656	0.1667
Biomass	gimme	01_trehalose	anaerobic	pre-infection	6	1	0.0133	0.1667
Biomass	gimme	02_glycerol	aerobic	pre-infection	6	1	0.0187	0.1667
Biomass	gimme	02_glycerol	anaerobic	pre-infection	6	1	0.0004	0.1667
Biomass	gimme	03_palmitate	aerobic	pre-infection	6	1	0.1026	0.1667
Biomass	gimme	04_oleate	aerobic	pre-infection	6	1	0.1152	0.1667
Biomass	gimme	05_hexacosanoate	aerobic	pre-infection	6	1	0.1855	0.1667
Biomass	gimme	06_glucose_low	aerobic	biotrophic	6	1	0.0328	0.1667
Biomass	gimme	06_glucose_low	anaerobic	biotrophic	6	1	0.0067	0.1667
Biomass	gimme	07_sucrose_low	aerobic	biotrophic	6	1	0.0328	0.1667
Biomass	gimme	07_sucrose_low	anaerobic	biotrophic	6	1	0.0067	0.1667
Biomass	gimme	08_glutamate	aerobic	biotrophic	6	1	0.0475	0.1667
Biomass	gimme	08_glutamate	anaerobic	biotrophic	6	1	0.0002	0.1667
Biomass	gimme	09_glutamine	aerobic	biotrophic	6	1	0.0475	0.1667
Biomass	gimme	09_glutamine	anaerobic	biotrophic	6	1	0.0002	0.1667
Biomass	gimme	10_gaba	aerobic	biotrophic	6	1	0.0446	0.1667
Biomass	gimme	11_galacturonate	aerobic	necrotrophic	6	1	0.1343	0.1667
Biomass	gimme	11_galacturonate	anaerobic	necrotrophic	6	1	0.0184	0.1667
Biomass	gimme	12_xylose	aerobic	necrotrophic	6	1	0.1311	0.1667
Biomass	gimme	12_xylose	anaerobic	necrotrophic	6	1	0.0134	0.1667
Biomass	gimme	13_arabinose	aerobic	necrotrophic	6	1	0.1256	0.1667
Biomass	gimme	14_maltose	aerobic	necrotrophic	6	1	0.3278	0.1667
Biomass	gimme	14_maltose	anaerobic	necrotrophic	6	1	0.0667	0.1667
Biomass	gimme	15_mixed_aa	aerobic	necrotrophic	6	1	0.1282	0.1667
Biomass	gimme	15_mixed_aa	anaerobic	necrotrophic	6	1	0.0103	0.1667
Biomass	gimme	16_pre_infection_mix	aerobic	cocktail	6	1	0.0624	0.1667
Biomass	gimme	16_pre_infection_mix	anaerobic	cocktail	6	1	0.0045	0.1667
Biomass	gimme	17_biotrophic_mix	aerobic	cocktail	6	1	0.0564	0.1667
Biomass	gimme	17_biotrophic_mix	anaerobic	cocktail	6	1	0.0084	0.1667
Biomass	gimme	18_necrotrophic_mix	aerobic	cocktail	6	1	0.401	0.1667
Biomass	gimme	18_necrotrophic_mix	anaerobic	cocktail	6	1	0.0795	0.1667
Biomass	imat	01_trehalose	aerobic	pre-infection	6	1	0.02	0.1667
Biomass	imat	01_trehalose	anaerobic	pre-infection	6	1	0.0099	0.1667
Biomass	imat	02_glycerol	aerobic	pre-infection	6	1	0.0026	0.1667
Biomass	imat	02_glycerol	anaerobic	pre-infection	6	1	0.0	0.1667
Biomass	imat	03_palmitate	aerobic	pre-infection	6	1	0.0833	0.1667
Biomass	imat	04_oleate	aerobic	pre-infection	6	1	0.02	0.1667
Biomass	imat	05_hexacosanoate	aerobic	pre-infection	6	1	0.0206	0.1667
Biomass	imat	06_glucose_low	aerobic	biotrophic	6	1	0.0333	0.1667
Biomass	imat	06_glucose_low	anaerobic	biotrophic	6	1	0.0026	0.1667
Biomass	imat	07_sucrose_low	aerobic	biotrophic	6	1	0.02	0.1667
Biomass	imat	07_sucrose_low	anaerobic	biotrophic	6	1	0.0026	0.1667
Biomass	imat	08_glutamate	aerobic	biotrophic	6	1	0.0053	0.1667
Biomass	imat	08_glutamate	anaerobic	biotrophic	6	1	0.0	0.1667
Biomass	imat	09_glutamine	aerobic	biotrophic	6	1	0.02	0.1667
Biomass	imat	09_glutamine	anaerobic	biotrophic	6	1	0.0	0.1667
Biomass	imat	10_gaba	aerobic	biotrophic	6	1	0.005	0.1667
Biomass	imat	11_galacturonate	aerobic	necrotrophic	6	1	0.125	0.1667
Biomass	imat	11_galacturonate	anaerobic	necrotrophic	6	1	0.0026	0.1667
Biomass	imat	12_xylose	aerobic	necrotrophic	6	1	0.02	0.1667
Biomass	imat	12_xylose	anaerobic	necrotrophic	6	1	0.0026	0.1667
Biomass	imat	13_arabinose	aerobic	necrotrophic	6	1	0.1224	0.1667
Biomass	imat	14_maltose	aerobic	necrotrophic	6	1	0.2632	0.1667
Biomass	imat	14_maltose	anaerobic	necrotrophic	6	1	0.0074	0.1667
Biomass	imat	15_mixed_aa	aerobic	necrotrophic	6	1	0.122	0.1667
Biomass	imat	15_mixed_aa	anaerobic	necrotrophic	6	1	0.0026	0.1667
Biomass	imat	16_pre_infection_mix	aerobic	cocktail	6	1	0.0617	0.1667
Biomass	imat	16_pre_infection_mix	anaerobic	cocktail	6	1	0.0012	0.1667
Biomass	imat	17_biotrophic_mix	aerobic	cocktail	6	1	0.0063	0.1667
Biomass	imat	17_biotrophic_mix	anaerobic	cocktail	6	1	0.0026	0.1667
Biomass	imat	18_necrotrophic_mix	aerobic	cocktail	6	1	0.1667	0.1667
Biomass	imat	18_necrotrophic_mix	anaerobic	cocktail	6	1	0.02	0.1667
Biomass	pfba	01_trehalose	aerobic	pre-infection	6	1	0.0728	0.1667
Biomass	pfba	01_trehalose	anaerobic	pre-infection	6	1	0.0148	0.1667
Biomass	pfba	02_glycerol	aerobic	pre-infection	6	1	0.0207	0.1667
Biomass	pfba	02_glycerol	anaerobic	pre-infection	6	1	0.0004	0.1667
Biomass	pfba	03_palmitate	aerobic	pre-infection	6	1	0.114	0.1667
Biomass	pfba	04_oleate	aerobic	pre-infection	6	1	0.128	0.1667
Biomass	pfba	05_hexacosanoate	aerobic	pre-infection	6	1	0.2061	0.1667
Biomass	pfba	06_glucose_low	aerobic	biotrophic	6	1	0.0364	0.1667
Biomass	pfba	06_glucose_low	anaerobic	biotrophic	6	1	0.0074	0.1667
Biomass	pfba	07_sucrose_low	aerobic	biotrophic	6	1	0.0364	0.1667
Biomass	pfba	07_sucrose_low	anaerobic	biotrophic	6	1	0.0074	0.1667
Biomass	pfba	08_glutamate	aerobic	biotrophic	6	1	0.0527	0.1667
Biomass	pfba	08_glutamate	anaerobic	biotrophic	6	0	0.0	0.0
Biomass	pfba	09_glutamine	aerobic	biotrophic	6	1	0.0528	0.1667
Biomass	pfba	09_glutamine	anaerobic	biotrophic	6	0	0.0	0.0
Biomass	pfba	10_gaba	aerobic	biotrophic	6	1	0.0496	0.1667
Biomass	pfba	11_galacturonate	aerobic	necrotrophic	6	1	0.1493	0.1667
Biomass	pfba	11_galacturonate	anaerobic	necrotrophic	6	1	0.0204	0.1667
Biomass	pfba	12_xylose	aerobic	necrotrophic	6	1	0.1457	0.1667
Biomass	pfba	12_xylose	anaerobic	necrotrophic	6	1	0.0149	0.1667
Biomass	pfba	13_arabinose	aerobic	necrotrophic	6	1	0.1396	0.1667
Biomass	pfba	14_maltose	aerobic	necrotrophic	6	1	0.3642	0.1667
Biomass	pfba	14_maltose	anaerobic	necrotrophic	6	1	0.0741	0.1667
Biomass	pfba	15_mixed_aa	aerobic	necrotrophic	6	1	0.1424	0.1667
Biomass	pfba	15_mixed_aa	anaerobic	necrotrophic	6	1	0.0115	0.1667
Biomass	pfba	16_pre_infection_mix	aerobic	cocktail	6	1	0.0693	0.1667
Biomass	pfba	16_pre_infection_mix	anaerobic	cocktail	6	1	0.005	0.1667
Biomass	pfba	17_biotrophic_mix	aerobic	cocktail	6	1	0.0627	0.1667
Biomass	pfba	17_biotrophic_mix	anaerobic	cocktail	6	1	0.0094	0.1667
Biomass	pfba	18_necrotrophic_mix	aerobic	cocktail	6	1	0.4455	0.1667
Biomass	pfba	18_necrotrophic_mix	anaerobic	cocktail	6	1	0.0884	0.1667
Cell-wall polysaccharide	eflux	01_trehalose	aerobic	pre-infection	18	8	0.1667	0.4444
Cell-wall polysaccharide	eflux	01_trehalose	anaerobic	pre-infection	18	9	0.0678	0.5
Cell-wall polysaccharide	eflux	02_glycerol	aerobic	pre-infection	18	8	0.0475	0.4444
Cell-wall polysaccharide	eflux	02_glycerol	anaerobic	pre-infection	18	9	0.002	0.5
Cell-wall polysaccharide	eflux	03_palmitate	aerobic	pre-infection	18	8	0.2608	0.4444
Cell-wall polysaccharide	eflux	04_oleate	aerobic	pre-infection	18	8	0.293	0.4444
Cell-wall polysaccharide	eflux	05_hexacosanoate	aerobic	pre-infection	18	8	0.4716	0.4444
Cell-wall polysaccharide	eflux	06_glucose_low	aerobic	biotrophic	18	8	0.0833	0.4444
Cell-wall polysaccharide	eflux	06_glucose_low	anaerobic	biotrophic	18	9	0.0339	0.5
Cell-wall polysaccharide	eflux	07_sucrose_low	aerobic	biotrophic	18	8	0.0833	0.4444
Cell-wall polysaccharide	eflux	07_sucrose_low	anaerobic	biotrophic	18	9	0.0339	0.5
Cell-wall polysaccharide	eflux	08_glutamate	aerobic	biotrophic	18	9	0.1214	0.5
Cell-wall polysaccharide	eflux	08_glutamate	anaerobic	biotrophic	18	9	0.0012	0.5
Cell-wall polysaccharide	eflux	09_glutamine	aerobic	biotrophic	18	9	0.1215	0.5
Cell-wall polysaccharide	eflux	09_glutamine	anaerobic	biotrophic	18	9	0.0012	0.5
Cell-wall polysaccharide	eflux	10_gaba	aerobic	biotrophic	18	9	0.1142	0.5
Cell-wall polysaccharide	eflux	11_galacturonate	aerobic	necrotrophic	18	0	0.0	0.0
Cell-wall polysaccharide	eflux	11_galacturonate	anaerobic	necrotrophic	18	0	0.0	0.0
Cell-wall polysaccharide	eflux	12_xylose	aerobic	necrotrophic	18	8	0.3334	0.4444
Cell-wall polysaccharide	eflux	12_xylose	anaerobic	necrotrophic	18	8	0.0681	0.4444
Cell-wall polysaccharide	eflux	13_arabinose	aerobic	necrotrophic	18	8	0.3195	0.4444
Cell-wall polysaccharide	eflux	14_maltose	aerobic	necrotrophic	18	8	0.8335	0.4444
Cell-wall polysaccharide	eflux	14_maltose	anaerobic	necrotrophic	18	9	0.3388	0.5
Cell-wall polysaccharide	eflux	15_mixed_aa	aerobic	necrotrophic	18	7	0.3069	0.3889
Cell-wall polysaccharide	eflux	15_mixed_aa	anaerobic	necrotrophic	18	7	0.0247	0.3889
Cell-wall polysaccharide	eflux	16_pre_infection_mix	aerobic	cocktail	18	8	0.1587	0.4444
Cell-wall polysaccharide	eflux	16_pre_infection_mix	anaerobic	cocktail	18	9	0.0229	0.5
Cell-wall polysaccharide	eflux	17_biotrophic_mix	aerobic	cocktail	18	8	0.1434	0.4444
Cell-wall polysaccharide	eflux	17_biotrophic_mix	anaerobic	cocktail	18	9	0.0429	0.5
Cell-wall polysaccharide	eflux	18_necrotrophic_mix	aerobic	cocktail	18	7	0.8894	0.3889
Cell-wall polysaccharide	eflux	18_necrotrophic_mix	anaerobic	cocktail	18	7	0.1723	0.3889
Cell-wall polysaccharide	gimme	01_trehalose	aerobic	pre-infection	18	8	0.15	0.4444
Cell-wall polysaccharide	gimme	01_trehalose	anaerobic	pre-infection	18	9	0.061	0.5
Cell-wall polysaccharide	gimme	02_glycerol	aerobic	pre-infection	18	8	0.0427	0.4444
Cell-wall polysaccharide	gimme	02_glycerol	anaerobic	pre-infection	18	10	0.245	0.5556
Cell-wall polysaccharide	gimme	03_palmitate	aerobic	pre-infection	18	8	0.2347	0.4444
Cell-wall polysaccharide	gimme	04_oleate	aerobic	pre-infection	18	8	0.2637	0.4444
Cell-wall polysaccharide	gimme	05_hexacosanoate	aerobic	pre-infection	18	8	0.4244	0.4444
Cell-wall polysaccharide	gimme	06_glucose_low	aerobic	biotrophic	18	8	0.075	0.4444
Cell-wall polysaccharide	gimme	06_glucose_low	anaerobic	biotrophic	18	9	0.0305	0.5
Cell-wall polysaccharide	gimme	07_sucrose_low	aerobic	biotrophic	18	8	0.075	0.4444
Cell-wall polysaccharide	gimme	07_sucrose_low	anaerobic	biotrophic	18	10	0.0456	0.5556
Cell-wall polysaccharide	gimme	08_glutamate	aerobic	biotrophic	18	9	0.1093	0.5
Cell-wall polysaccharide	gimme	08_glutamate	anaerobic	biotrophic	18	8	0.0011	0.4444
Cell-wall polysaccharide	gimme	09_glutamine	aerobic	biotrophic	18	9	0.1094	0.5
Cell-wall polysaccharide	gimme	09_glutamine	anaerobic	biotrophic	18	9	0.0011	0.5
Cell-wall polysaccharide	gimme	10_gaba	aerobic	biotrophic	18	10	0.7708	0.5556
Cell-wall polysaccharide	gimme	11_galacturonate	aerobic	necrotrophic	18	8	0.3074	0.4444
Cell-wall polysaccharide	gimme	11_galacturonate	anaerobic	necrotrophic	18	8	0.0839	0.4444
Cell-wall polysaccharide	gimme	12_xylose	aerobic	necrotrophic	18	8	0.3	0.4444
Cell-wall polysaccharide	gimme	12_xylose	anaerobic	necrotrophic	18	8	0.0613	0.4444
Cell-wall polysaccharide	gimme	13_arabinose	aerobic	necrotrophic	18	8	0.2875	0.4444
Cell-wall polysaccharide	gimme	14_maltose	aerobic	necrotrophic	18	8	0.7501	0.4444
Cell-wall polysaccharide	gimme	14_maltose	anaerobic	necrotrophic	18	9	0.305	0.5
Cell-wall polysaccharide	gimme	15_mixed_aa	aerobic	necrotrophic	18	7	0.2762	0.3889
Cell-wall polysaccharide	gimme	15_mixed_aa	anaerobic	necrotrophic	18	7	0.0223	0.3889
Cell-wall polysaccharide	gimme	16_pre_infection_mix	aerobic	cocktail	18	8	0.1428	0.4444
Cell-wall polysaccharide	gimme	16_pre_infection_mix	anaerobic	cocktail	18	9	0.0206	0.5
Cell-wall polysaccharide	gimme	17_biotrophic_mix	aerobic	cocktail	18	9	0.1298	0.5
Cell-wall polysaccharide	gimme	17_biotrophic_mix	anaerobic	cocktail	18	8	0.0385	0.4444
Cell-wall polysaccharide	gimme	18_necrotrophic_mix	aerobic	cocktail	18	7	0.8642	0.3889
Cell-wall polysaccharide	gimme	18_necrotrophic_mix	anaerobic	cocktail	18	8	1.0124	0.4444
Cell-wall polysaccharide	imat	01_trehalose	aerobic	pre-infection	18	11	0.0505	0.6111
Cell-wall polysaccharide	imat	01_trehalose	anaerobic	pre-infection	18	11	0.069	0.6111
Cell-wall polysaccharide	imat	02_glycerol	aerobic	pre-infection	18	12	0.0132	0.6667
Cell-wall polysaccharide	imat	02_glycerol	anaerobic	pre-infection	18	10	0.0201	0.5556
Cell-wall polysaccharide	imat	03_palmitate	aerobic	pre-infection	18	11	0.1947	0.6111
Cell-wall polysaccharide	imat	04_oleate	aerobic	pre-infection	18	12	12.3852	0.6667
Cell-wall polysaccharide	imat	05_hexacosanoate	aerobic	pre-infection	18	12	0.0519	0.6667
Cell-wall polysaccharide	imat	06_glucose_low	aerobic	biotrophic	18	11	0.0802	0.6111
Cell-wall polysaccharide	imat	06_glucose_low	anaerobic	biotrophic	18	11	0.0271	0.6111
Cell-wall polysaccharide	imat	07_sucrose_low	aerobic	biotrophic	18	10	0.0505	0.5556
Cell-wall polysaccharide	imat	07_sucrose_low	anaerobic	biotrophic	18	11	0.0337	0.6111
Cell-wall polysaccharide	imat	08_glutamate	aerobic	biotrophic	18	12	0.1027	0.6667
Cell-wall polysaccharide	imat	08_glutamate	anaerobic	biotrophic	18	12	1.2411	0.6667
Cell-wall polysaccharide	imat	09_glutamine	aerobic	biotrophic	18	12	0.0505	0.6667
Cell-wall polysaccharide	imat	09_glutamine	anaerobic	biotrophic	18	12	0.0061	0.6667
Cell-wall polysaccharide	imat	10_gaba	aerobic	biotrophic	18	12	0.0181	0.6667
Cell-wall polysaccharide	imat	11_galacturonate	aerobic	necrotrophic	18	11	0.2901	0.6111
Cell-wall polysaccharide	imat	11_galacturonate	anaerobic	necrotrophic	18	11	0.036	0.6111
Cell-wall polysaccharide	imat	12_xylose	aerobic	necrotrophic	18	12	0.0505	0.6667
Cell-wall polysaccharide	imat	12_xylose	anaerobic	necrotrophic	18	11	0.032	0.6111
Cell-wall polysaccharide	imat	13_arabinose	aerobic	necrotrophic	18	11	0.284	0.6111
Cell-wall polysaccharide	imat	14_maltose	aerobic	necrotrophic	18	10	0.6062	0.5556
Cell-wall polysaccharide	imat	14_maltose	anaerobic	necrotrophic	18	11	0.0583	0.6111
Cell-wall polysaccharide	imat	15_mixed_aa	aerobic	necrotrophic	18	10	2.3224	0.5556
Cell-wall polysaccharide	imat	15_mixed_aa	anaerobic	necrotrophic	18	12	0.0132	0.6667
Cell-wall polysaccharide	imat	16_pre_infection_mix	aerobic	cocktail	18	11	0.1453	0.6111
Cell-wall polysaccharide	imat	16_pre_infection_mix	anaerobic	cocktail	18	11	0.0395	0.6111
Cell-wall polysaccharide	imat	17_biotrophic_mix	aerobic	cocktail	18	12	0.0207	0.6667
Cell-wall polysaccharide	imat	17_biotrophic_mix	anaerobic	cocktail	18	11	0.0399	0.6111
Cell-wall polysaccharide	imat	18_necrotrophic_mix	aerobic	cocktail	18	9	0.3612	0.5
Cell-wall polysaccharide	imat	18_necrotrophic_mix	anaerobic	cocktail	18	11	0.0498	0.6111
Cell-wall polysaccharide	pfba	01_trehalose	aerobic	pre-infection	18	8	0.1667	0.4444
Cell-wall polysaccharide	pfba	01_trehalose	anaerobic	pre-infection	18	9	0.0678	0.5
Cell-wall polysaccharide	pfba	02_glycerol	aerobic	pre-infection	18	8	0.0475	0.4444
Cell-wall polysaccharide	pfba	02_glycerol	anaerobic	pre-infection	18	9	0.002	0.5
Cell-wall polysaccharide	pfba	03_palmitate	aerobic	pre-infection	18	8	0.2608	0.4444
Cell-wall polysaccharide	pfba	04_oleate	aerobic	pre-infection	18	8	0.293	0.4444
Cell-wall polysaccharide	pfba	05_hexacosanoate	aerobic	pre-infection	18	8	0.4716	0.4444
Cell-wall polysaccharide	pfba	06_glucose_low	aerobic	biotrophic	18	8	0.0833	0.4444
Cell-wall polysaccharide	pfba	06_glucose_low	anaerobic	biotrophic	18	9	0.0339	0.5
Cell-wall polysaccharide	pfba	07_sucrose_low	aerobic	biotrophic	18	8	0.0833	0.4444
Cell-wall polysaccharide	pfba	07_sucrose_low	anaerobic	biotrophic	18	9	0.0339	0.5
Cell-wall polysaccharide	pfba	08_glutamate	aerobic	biotrophic	18	9	0.1214	0.5
Cell-wall polysaccharide	pfba	08_glutamate	anaerobic	biotrophic	18	0	0.0	0.0
Cell-wall polysaccharide	pfba	09_glutamine	aerobic	biotrophic	18	9	0.1215	0.5
Cell-wall polysaccharide	pfba	09_glutamine	anaerobic	biotrophic	18	0	0.0	0.0
Cell-wall polysaccharide	pfba	10_gaba	aerobic	biotrophic	18	9	0.1142	0.5
Cell-wall polysaccharide	pfba	11_galacturonate	aerobic	necrotrophic	18	8	0.3416	0.4444
Cell-wall polysaccharide	pfba	11_galacturonate	anaerobic	necrotrophic	18	8	0.0933	0.4444
Cell-wall polysaccharide	pfba	12_xylose	aerobic	necrotrophic	18	8	0.3334	0.4444
Cell-wall polysaccharide	pfba	12_xylose	anaerobic	necrotrophic	18	8	0.0681	0.4444
Cell-wall polysaccharide	pfba	13_arabinose	aerobic	necrotrophic	18	8	0.3195	0.4444
Cell-wall polysaccharide	pfba	14_maltose	aerobic	necrotrophic	18	8	0.8335	0.4444
Cell-wall polysaccharide	pfba	14_maltose	anaerobic	necrotrophic	18	9	0.3388	0.5
Cell-wall polysaccharide	pfba	15_mixed_aa	aerobic	necrotrophic	18	7	0.3069	0.3889
Cell-wall polysaccharide	pfba	15_mixed_aa	anaerobic	necrotrophic	18	7	0.0247	0.3889
Cell-wall polysaccharide	pfba	16_pre_infection_mix	aerobic	cocktail	18	8	0.1587	0.4444
Cell-wall polysaccharide	pfba	16_pre_infection_mix	anaerobic	cocktail	18	9	0.0229	0.5
Cell-wall polysaccharide	pfba	17_biotrophic_mix	aerobic	cocktail	18	8	0.1434	0.4444
Cell-wall polysaccharide	pfba	17_biotrophic_mix	anaerobic	cocktail	18	9	0.0429	0.5
Cell-wall polysaccharide	pfba	18_necrotrophic_mix	aerobic	cocktail	18	7	0.9602	0.3889
Cell-wall polysaccharide	pfba	18_necrotrophic_mix	anaerobic	cocktail	18	7	0.1904	0.3889
Cofactor / vitamin biosynthesis	eflux	01_trehalose	aerobic	pre-infection	117	38	1.1291	0.3248
Cofactor / vitamin biosynthesis	eflux	01_trehalose	anaerobic	pre-infection	117	40	4.1093	0.3419
Cofactor / vitamin biosynthesis	eflux	02_glycerol	aerobic	pre-infection	117	41	0.8042	0.3504
Cofactor / vitamin biosynthesis	eflux	02_glycerol	anaerobic	pre-infection	117	28	2.3776	0.2393
Cofactor / vitamin biosynthesis	eflux	03_palmitate	aerobic	pre-infection	117	40	4.5975	0.3419
Cofactor / vitamin biosynthesis	eflux	04_oleate	aerobic	pre-infection	117	39	9.187	0.3333
Cofactor / vitamin biosynthesis	eflux	05_hexacosanoate	aerobic	pre-infection	117	39	10.6815	0.3333
Cofactor / vitamin biosynthesis	eflux	06_glucose_low	aerobic	biotrophic	117	39	0.6036	0.3333
Cofactor / vitamin biosynthesis	eflux	06_glucose_low	anaerobic	biotrophic	117	39	2.045	0.3333
Cofactor / vitamin biosynthesis	eflux	07_sucrose_low	aerobic	biotrophic	117	38	0.5647	0.3248
Cofactor / vitamin biosynthesis	eflux	07_sucrose_low	anaerobic	biotrophic	117	40	2.538	0.3419
Cofactor / vitamin biosynthesis	eflux	08_glutamate	aerobic	biotrophic	117	41	3.06	0.3504
Cofactor / vitamin biosynthesis	eflux	08_glutamate	anaerobic	biotrophic	117	26	2.2903	0.2222
Cofactor / vitamin biosynthesis	eflux	09_glutamine	aerobic	biotrophic	117	41	3.0611	0.3504
Cofactor / vitamin biosynthesis	eflux	09_glutamine	anaerobic	biotrophic	117	26	2.2905	0.2222
Cofactor / vitamin biosynthesis	eflux	10_gaba	aerobic	biotrophic	117	37	1.0852	0.3162
Cofactor / vitamin biosynthesis	eflux	11_galacturonate	aerobic	necrotrophic	117	0	0.0	0.0
Cofactor / vitamin biosynthesis	eflux	11_galacturonate	anaerobic	necrotrophic	117	0	0.0	0.0
Cofactor / vitamin biosynthesis	eflux	12_xylose	aerobic	necrotrophic	117	38	1.7587	0.3248
Cofactor / vitamin biosynthesis	eflux	12_xylose	anaerobic	necrotrophic	117	40	2.8055	0.3419
Cofactor / vitamin biosynthesis	eflux	13_arabinose	aerobic	necrotrophic	117	39	3.7941	0.3333
Cofactor / vitamin biosynthesis	eflux	14_maltose	aerobic	necrotrophic	117	38	5.6467	0.3248
Cofactor / vitamin biosynthesis	eflux	14_maltose	anaerobic	necrotrophic	117	42	25.4219	0.359
Cofactor / vitamin biosynthesis	eflux	15_mixed_aa	aerobic	necrotrophic	117	35	7.2377	0.2991
Cofactor / vitamin biosynthesis	eflux	15_mixed_aa	anaerobic	necrotrophic	117	35	1.3322	0.2991
Cofactor / vitamin biosynthesis	eflux	16_pre_infection_mix	aerobic	cocktail	117	38	4.2238	0.3248
Cofactor / vitamin biosynthesis	eflux	16_pre_infection_mix	anaerobic	cocktail	117	37	1.6451	0.3162
Cofactor / vitamin biosynthesis	eflux	17_biotrophic_mix	aerobic	cocktail	117	39	3.4823	0.3333
Cofactor / vitamin biosynthesis	eflux	17_biotrophic_mix	anaerobic	cocktail	117	37	1.2873	0.3162
Cofactor / vitamin biosynthesis	eflux	18_necrotrophic_mix	aerobic	cocktail	117	33	2.9713	0.2821
Cofactor / vitamin biosynthesis	eflux	18_necrotrophic_mix	anaerobic	cocktail	117	35	14.7658	0.2991
Cofactor / vitamin biosynthesis	gimme	01_trehalose	aerobic	pre-infection	117	41	1.0826	0.3504
Cofactor / vitamin biosynthesis	gimme	01_trehalose	anaerobic	pre-infection	117	41	4.6256	0.3504
Cofactor / vitamin biosynthesis	gimme	02_glycerol	aerobic	pre-infection	117	40	0.6482	0.3419
Cofactor / vitamin biosynthesis	gimme	02_glycerol	anaerobic	pre-infection	117	29	2.0614	0.2479
Cofactor / vitamin biosynthesis	gimme	03_palmitate	aerobic	pre-infection	117	40	5.0201	0.3419
Cofactor / vitamin biosynthesis	gimme	04_oleate	aerobic	pre-infection	117	41	8.808	0.3504
Cofactor / vitamin biosynthesis	gimme	05_hexacosanoate	aerobic	pre-infection	117	39	11.742	0.3333
Cofactor / vitamin biosynthesis	gimme	06_glucose_low	aerobic	biotrophic	117	39	0.5416	0.3333
Cofactor / vitamin biosynthesis	gimme	06_glucose_low	anaerobic	biotrophic	117	39	2.25	0.3333
Cofactor / vitamin biosynthesis	gimme	07_sucrose_low	aerobic	biotrophic	117	40	4.8147	0.3419
Cofactor / vitamin biosynthesis	gimme	07_sucrose_low	anaerobic	biotrophic	117	40	2.3233	0.3419
Cofactor / vitamin biosynthesis	gimme	08_glutamate	aerobic	biotrophic	117	41	3.21	0.3504
Cofactor / vitamin biosynthesis	gimme	08_glutamate	anaerobic	biotrophic	117	25	1.4621	0.2137
Cofactor / vitamin biosynthesis	gimme	09_glutamine	aerobic	biotrophic	117	42	5.0752	0.359
Cofactor / vitamin biosynthesis	gimme	09_glutamine	anaerobic	biotrophic	117	25	2.2877	0.2137
Cofactor / vitamin biosynthesis	gimme	10_gaba	aerobic	biotrophic	117	38	1.126	0.3248
Cofactor / vitamin biosynthesis	gimme	11_galacturonate	aerobic	necrotrophic	117	41	10.3155	0.3504
Cofactor / vitamin biosynthesis	gimme	11_galacturonate	anaerobic	necrotrophic	117	41	5.0733	0.3504
Cofactor / vitamin biosynthesis	gimme	12_xylose	aerobic	necrotrophic	117	40	0.9339	0.3419
Cofactor / vitamin biosynthesis	gimme	12_xylose	anaerobic	necrotrophic	117	40	2.9764	0.3419
Cofactor / vitamin biosynthesis	gimme	13_arabinose	aerobic	necrotrophic	117	38	3.5544	0.3248
Cofactor / vitamin biosynthesis	gimme	14_maltose	aerobic	necrotrophic	117	39	4.8059	0.3333
Cofactor / vitamin biosynthesis	gimme	14_maltose	anaerobic	necrotrophic	117	42	26.019	0.359
Cofactor / vitamin biosynthesis	gimme	15_mixed_aa	aerobic	necrotrophic	117	35	5.6145	0.2991
Cofactor / vitamin biosynthesis	gimme	15_mixed_aa	anaerobic	necrotrophic	117	35	1.5072	0.2991
Cofactor / vitamin biosynthesis	gimme	16_pre_infection_mix	aerobic	cocktail	117	38	4.428	0.3248
Cofactor / vitamin biosynthesis	gimme	16_pre_infection_mix	anaerobic	cocktail	117	32	1.717	0.2735
Cofactor / vitamin biosynthesis	gimme	17_biotrophic_mix	aerobic	cocktail	117	39	4.0041	0.3333
Cofactor / vitamin biosynthesis	gimme	17_biotrophic_mix	anaerobic	cocktail	117	38	1.7672	0.3248
Cofactor / vitamin biosynthesis	gimme	18_necrotrophic_mix	aerobic	cocktail	117	37	7.2418	0.3162
Cofactor / vitamin biosynthesis	gimme	18_necrotrophic_mix	anaerobic	cocktail	117	39	1018.7598	0.3333
Cofactor / vitamin biosynthesis	imat	01_trehalose	aerobic	pre-infection	117	65	1676.5481	0.5556
Cofactor / vitamin biosynthesis	imat	01_trehalose	anaerobic	pre-infection	117	58	2003.7013	0.4957
Cofactor / vitamin biosynthesis	imat	02_glycerol	aerobic	pre-infection	117	53	36.9877	0.453
Cofactor / vitamin biosynthesis	imat	02_glycerol	anaerobic	pre-infection	117	35	670.0617	0.2991
Cofactor / vitamin biosynthesis	imat	03_palmitate	aerobic	pre-infection	117	63	692.3614	0.5385
Cofactor / vitamin biosynthesis	imat	04_oleate	aerobic	pre-infection	117	64	1017.2216	0.547
Cofactor / vitamin biosynthesis	imat	05_hexacosanoate	aerobic	pre-infection	117	63	2014.889	0.5385
Cofactor / vitamin biosynthesis	imat	06_glucose_low	aerobic	biotrophic	117	64	4002.6397	0.547
Cofactor / vitamin biosynthesis	imat	06_glucose_low	anaerobic	biotrophic	117	51	1001.4616	0.4359
Cofactor / vitamin biosynthesis	imat	07_sucrose_low	aerobic	biotrophic	117	62	1667.9688	0.5299
Cofactor / vitamin biosynthesis	imat	07_sucrose_low	anaerobic	biotrophic	117	52	1668.4919	0.4444
Cofactor / vitamin biosynthesis	imat	08_glutamate	aerobic	biotrophic	117	63	3193.1191	0.5385
Cofactor / vitamin biosynthesis	imat	08_glutamate	anaerobic	biotrophic	117	34	670.4797	0.2906
Cofactor / vitamin biosynthesis	imat	09_glutamine	aerobic	biotrophic	117	65	3949.7734	0.5556
Cofactor / vitamin biosynthesis	imat	09_glutamine	anaerobic	biotrophic	117	32	1668.9646	0.2735
Cofactor / vitamin biosynthesis	imat	10_gaba	aerobic	biotrophic	117	58	4010.5954	0.4957
Cofactor / vitamin biosynthesis	imat	11_galacturonate	aerobic	necrotrophic	117	62	2998.2234	0.5299
Cofactor / vitamin biosynthesis	imat	11_galacturonate	anaerobic	necrotrophic	117	54	105.4343	0.4615
Cofactor / vitamin biosynthesis	imat	12_xylose	aerobic	necrotrophic	117	62	1586.6848	0.5299
Cofactor / vitamin biosynthesis	imat	12_xylose	anaerobic	necrotrophic	117	51	765.8166	0.4359
Cofactor / vitamin biosynthesis	imat	13_arabinose	aerobic	necrotrophic	117	63	675.4975	0.5385
Cofactor / vitamin biosynthesis	imat	14_maltose	aerobic	necrotrophic	117	62	52.2284	0.5299
Cofactor / vitamin biosynthesis	imat	14_maltose	anaerobic	necrotrophic	117	65	2904.1858	0.5556
Cofactor / vitamin biosynthesis	imat	15_mixed_aa	aerobic	necrotrophic	117	67	9.3681	0.5726
Cofactor / vitamin biosynthesis	imat	15_mixed_aa	anaerobic	necrotrophic	117	51	1001.4425	0.4359
Cofactor / vitamin biosynthesis	imat	16_pre_infection_mix	aerobic	cocktail	117	60	1667.9353	0.5128
Cofactor / vitamin biosynthesis	imat	16_pre_infection_mix	anaerobic	cocktail	117	52	2001.5368	0.4444
Cofactor / vitamin biosynthesis	imat	17_biotrophic_mix	aerobic	cocktail	117	60	3099.5077	0.5128
Cofactor / vitamin biosynthesis	imat	17_biotrophic_mix	anaerobic	cocktail	117	53	1667.6081	0.453
Cofactor / vitamin biosynthesis	imat	18_necrotrophic_mix	aerobic	cocktail	117	61	2688.9348	0.5214
Cofactor / vitamin biosynthesis	imat	18_necrotrophic_mix	anaerobic	cocktail	117	61	9.6629	0.5214
Cofactor / vitamin biosynthesis	pfba	01_trehalose	aerobic	pre-infection	117	39	1.207	0.3333
Cofactor / vitamin biosynthesis	pfba	01_trehalose	anaerobic	pre-infection	117	41	4.1252	0.3504
Cofactor / vitamin biosynthesis	pfba	02_glycerol	aerobic	pre-infection	117	40	0.782	0.3419
Cofactor / vitamin biosynthesis	pfba	02_glycerol	anaerobic	pre-infection	117	26	2.3769	0.2222
Cofactor / vitamin biosynthesis	pfba	03_palmitate	aerobic	pre-infection	117	39	2.5139	0.3333
Cofactor / vitamin biosynthesis	pfba	04_oleate	aerobic	pre-infection	117	40	9.324	0.3419
Cofactor / vitamin biosynthesis	pfba	05_hexacosanoate	aerobic	pre-infection	117	39	10.6815	0.3333
Cofactor / vitamin biosynthesis	pfba	06_glucose_low	aerobic	biotrophic	117	38	0.5647	0.3248
Cofactor / vitamin biosynthesis	pfba	06_glucose_low	anaerobic	biotrophic	117	40	2.0529	0.3419
Cofactor / vitamin biosynthesis	pfba	07_sucrose_low	aerobic	biotrophic	117	38	0.5647	0.3248
Cofactor / vitamin biosynthesis	pfba	07_sucrose_low	anaerobic	biotrophic	117	40	2.0626	0.3419
Cofactor / vitamin biosynthesis	pfba	08_glutamate	aerobic	biotrophic	117	41	3.0332	0.3504
Cofactor / vitamin biosynthesis	pfba	08_glutamate	anaerobic	biotrophic	117	0	0.0	0.0
Cofactor / vitamin biosynthesis	pfba	09_glutamine	aerobic	biotrophic	117	41	3.0611	0.3504
Cofactor / vitamin biosynthesis	pfba	09_glutamine	anaerobic	biotrophic	117	0	0.0	0.0
Cofactor / vitamin biosynthesis	pfba	10_gaba	aerobic	biotrophic	117	39	1.3833	0.3333
Cofactor / vitamin biosynthesis	pfba	11_galacturonate	aerobic	necrotrophic	117	40	5.7638	0.3419
Cofactor / vitamin biosynthesis	pfba	11_galacturonate	anaerobic	necrotrophic	117	39	4.9479	0.3333
Cofactor / vitamin biosynthesis	pfba	12_xylose	aerobic	necrotrophic	117	38	1.7587	0.3248
Cofactor / vitamin biosynthesis	pfba	12_xylose	anaerobic	necrotrophic	117	41	2.8215	0.3504
Cofactor / vitamin biosynthesis	pfba	13_arabinose	aerobic	necrotrophic	117	39	3.7941	0.3333
Cofactor / vitamin biosynthesis	pfba	14_maltose	aerobic	necrotrophic	117	39	6.0364	0.3333
Cofactor / vitamin biosynthesis	pfba	14_maltose	anaerobic	necrotrophic	117	41	20.6257	0.3504
Cofactor / vitamin biosynthesis	pfba	15_mixed_aa	aerobic	necrotrophic	117	35	7.2377	0.2991
Cofactor / vitamin biosynthesis	pfba	15_mixed_aa	anaerobic	necrotrophic	117	35	1.3322	0.2991
Cofactor / vitamin biosynthesis	pfba	16_pre_infection_mix	aerobic	cocktail	117	38	4.2238	0.3248
Cofactor / vitamin biosynthesis	pfba	16_pre_infection_mix	anaerobic	cocktail	117	38	1.6505	0.3248
Cofactor / vitamin biosynthesis	pfba	17_biotrophic_mix	aerobic	cocktail	117	40	3.5493	0.3419
Cofactor / vitamin biosynthesis	pfba	17_biotrophic_mix	anaerobic	cocktail	117	38	1.2973	0.3248
Cofactor / vitamin biosynthesis	pfba	18_necrotrophic_mix	aerobic	cocktail	117	33	3.3169	0.2821
Cofactor / vitamin biosynthesis	pfba	18_necrotrophic_mix	anaerobic	cocktail	117	33	15.6877	0.2821
Compatible solute / mannitol	eflux	01_trehalose	aerobic	pre-infection	2	2	0.0291	1.0
Compatible solute / mannitol	eflux	01_trehalose	anaerobic	pre-infection	2	2	0.0059	1.0
Compatible solute / mannitol	eflux	02_glycerol	aerobic	pre-infection	2	2	0.0083	1.0
Compatible solute / mannitol	eflux	02_glycerol	anaerobic	pre-infection	2	2	0.0002	1.0
Compatible solute / mannitol	eflux	03_palmitate	aerobic	pre-infection	2	2	0.0456	1.0
Compatible solute / mannitol	eflux	04_oleate	aerobic	pre-infection	2	2	0.0512	1.0
Compatible solute / mannitol	eflux	05_hexacosanoate	aerobic	pre-infection	2	2	0.0824	1.0
Compatible solute / mannitol	eflux	06_glucose_low	aerobic	biotrophic	2	2	0.0146	1.0
Compatible solute / mannitol	eflux	06_glucose_low	anaerobic	biotrophic	2	2	0.003	1.0
Compatible solute / mannitol	eflux	07_sucrose_low	aerobic	biotrophic	2	2	0.0146	1.0
Compatible solute / mannitol	eflux	07_sucrose_low	anaerobic	biotrophic	2	2	0.003	1.0
Compatible solute / mannitol	eflux	08_glutamate	aerobic	biotrophic	2	2	0.0211	1.0
Compatible solute / mannitol	eflux	08_glutamate	anaerobic	biotrophic	2	2	0.0001	1.0
Compatible solute / mannitol	eflux	09_glutamine	aerobic	biotrophic	2	2	0.0211	1.0
Compatible solute / mannitol	eflux	09_glutamine	anaerobic	biotrophic	2	2	0.0001	1.0
Compatible solute / mannitol	eflux	10_gaba	aerobic	biotrophic	2	2	0.0198	1.0
Compatible solute / mannitol	eflux	11_galacturonate	aerobic	necrotrophic	2	0	0.0	0.0
Compatible solute / mannitol	eflux	11_galacturonate	anaerobic	necrotrophic	2	0	0.0	0.0
Compatible solute / mannitol	eflux	12_xylose	aerobic	necrotrophic	2	2	0.0583	1.0
Compatible solute / mannitol	eflux	12_xylose	anaerobic	necrotrophic	2	2	0.006	1.0
Compatible solute / mannitol	eflux	13_arabinose	aerobic	necrotrophic	2	2	0.0558	1.0
Compatible solute / mannitol	eflux	14_maltose	aerobic	necrotrophic	2	2	0.1457	1.0
Compatible solute / mannitol	eflux	14_maltose	anaerobic	necrotrophic	2	2	0.0296	1.0
Compatible solute / mannitol	eflux	15_mixed_aa	aerobic	necrotrophic	2	2	0.057	1.0
Compatible solute / mannitol	eflux	15_mixed_aa	anaerobic	necrotrophic	2	2	0.0046	1.0
Compatible solute / mannitol	eflux	16_pre_infection_mix	aerobic	cocktail	2	2	0.0277	1.0
Compatible solute / mannitol	eflux	16_pre_infection_mix	anaerobic	cocktail	2	2	0.002	1.0
Compatible solute / mannitol	eflux	17_biotrophic_mix	aerobic	cocktail	2	2	0.0251	1.0
Compatible solute / mannitol	eflux	17_biotrophic_mix	anaerobic	cocktail	2	2	0.0037	1.0
Compatible solute / mannitol	eflux	18_necrotrophic_mix	aerobic	cocktail	2	2	0.1651	1.0
Compatible solute / mannitol	eflux	18_necrotrophic_mix	anaerobic	cocktail	2	2	0.032	1.0
Compatible solute / mannitol	gimme	01_trehalose	aerobic	pre-infection	2	2	0.0262	1.0
Compatible solute / mannitol	gimme	01_trehalose	anaerobic	pre-infection	2	2	0.0053	1.0
Compatible solute / mannitol	gimme	02_glycerol	aerobic	pre-infection	2	2	0.0075	1.0
Compatible solute / mannitol	gimme	02_glycerol	anaerobic	pre-infection	2	2	0.0002	1.0
Compatible solute / mannitol	gimme	03_palmitate	aerobic	pre-infection	2	2	0.041	1.0
Compatible solute / mannitol	gimme	04_oleate	aerobic	pre-infection	2	2	0.0461	1.0
Compatible solute / mannitol	gimme	05_hexacosanoate	aerobic	pre-infection	2	2	0.0742	1.0
Compatible solute / mannitol	gimme	06_glucose_low	aerobic	biotrophic	2	2	0.0131	1.0
Compatible solute / mannitol	gimme	06_glucose_low	anaerobic	biotrophic	2	2	0.0027	1.0
Compatible solute / mannitol	gimme	07_sucrose_low	aerobic	biotrophic	2	2	0.0131	1.0
Compatible solute / mannitol	gimme	07_sucrose_low	anaerobic	biotrophic	2	2	0.0027	1.0
Compatible solute / mannitol	gimme	08_glutamate	aerobic	biotrophic	2	2	0.019	1.0
Compatible solute / mannitol	gimme	08_glutamate	anaerobic	biotrophic	2	2	0.0001	1.0
Compatible solute / mannitol	gimme	09_glutamine	aerobic	biotrophic	2	2	0.019	1.0
Compatible solute / mannitol	gimme	09_glutamine	anaerobic	biotrophic	2	2	0.0001	1.0
Compatible solute / mannitol	gimme	10_gaba	aerobic	biotrophic	2	2	0.0178	1.0
Compatible solute / mannitol	gimme	11_galacturonate	aerobic	necrotrophic	2	2	0.0537	1.0
Compatible solute / mannitol	gimme	11_galacturonate	anaerobic	necrotrophic	2	2	0.0074	1.0
Compatible solute / mannitol	gimme	12_xylose	aerobic	necrotrophic	2	2	0.0524	1.0
Compatible solute / mannitol	gimme	12_xylose	anaerobic	necrotrophic	2	2	0.0054	1.0
Compatible solute / mannitol	gimme	13_arabinose	aerobic	necrotrophic	2	2	0.0503	1.0
Compatible solute / mannitol	gimme	14_maltose	aerobic	necrotrophic	2	2	0.1311	1.0
Compatible solute / mannitol	gimme	14_maltose	anaerobic	necrotrophic	2	2	0.0267	1.0
Compatible solute / mannitol	gimme	15_mixed_aa	aerobic	necrotrophic	2	2	0.0513	1.0
Compatible solute / mannitol	gimme	15_mixed_aa	anaerobic	necrotrophic	2	2	0.0041	1.0
Compatible solute / mannitol	gimme	16_pre_infection_mix	aerobic	cocktail	2	2	0.025	1.0
Compatible solute / mannitol	gimme	16_pre_infection_mix	anaerobic	cocktail	2	2	0.0018	1.0
Compatible solute / mannitol	gimme	17_biotrophic_mix	aerobic	cocktail	2	2	0.0226	1.0
Compatible solute / mannitol	gimme	17_biotrophic_mix	anaerobic	cocktail	2	2	0.0034	1.0
Compatible solute / mannitol	gimme	18_necrotrophic_mix	aerobic	cocktail	2	2	0.1604	1.0
Compatible solute / mannitol	gimme	18_necrotrophic_mix	anaerobic	cocktail	2	2	0.0318	1.0
Compatible solute / mannitol	imat	01_trehalose	aerobic	pre-infection	2	2	0.008	1.0
Compatible solute / mannitol	imat	01_trehalose	anaerobic	pre-infection	2	2	0.0039	1.0
Compatible solute / mannitol	imat	02_glycerol	aerobic	pre-infection	2	2	0.001	1.0
Compatible solute / mannitol	imat	02_glycerol	anaerobic	pre-infection	2	2	0.0	1.0
Compatible solute / mannitol	imat	03_palmitate	aerobic	pre-infection	2	2	0.0333	1.0
Compatible solute / mannitol	imat	04_oleate	aerobic	pre-infection	2	2	0.008	1.0
Compatible solute / mannitol	imat	05_hexacosanoate	aerobic	pre-infection	2	2	0.0082	1.0
Compatible solute / mannitol	imat	06_glucose_low	aerobic	biotrophic	2	2	0.0133	1.0
Compatible solute / mannitol	imat	06_glucose_low	anaerobic	biotrophic	2	2	0.001	1.0
Compatible solute / mannitol	imat	07_sucrose_low	aerobic	biotrophic	2	2	0.008	1.0
Compatible solute / mannitol	imat	07_sucrose_low	anaerobic	biotrophic	2	2	0.001	1.0
Compatible solute / mannitol	imat	08_glutamate	aerobic	biotrophic	2	2	0.0021	1.0
Compatible solute / mannitol	imat	08_glutamate	anaerobic	biotrophic	2	2	0.0	1.0
Compatible solute / mannitol	imat	09_glutamine	aerobic	biotrophic	2	2	0.008	1.0
Compatible solute / mannitol	imat	09_glutamine	anaerobic	biotrophic	2	2	0.0	1.0
Compatible solute / mannitol	imat	10_gaba	aerobic	biotrophic	2	2	0.002	1.0
Compatible solute / mannitol	imat	11_galacturonate	aerobic	necrotrophic	2	2	0.05	1.0
Compatible solute / mannitol	imat	11_galacturonate	anaerobic	necrotrophic	2	2	0.001	1.0
Compatible solute / mannitol	imat	12_xylose	aerobic	necrotrophic	2	2	0.008	1.0
Compatible solute / mannitol	imat	12_xylose	anaerobic	necrotrophic	2	2	0.001	1.0
Compatible solute / mannitol	imat	13_arabinose	aerobic	necrotrophic	2	2	0.0489	1.0
Compatible solute / mannitol	imat	14_maltose	aerobic	necrotrophic	2	2	0.1053	1.0
Compatible solute / mannitol	imat	14_maltose	anaerobic	necrotrophic	2	2	0.003	1.0
Compatible solute / mannitol	imat	15_mixed_aa	aerobic	necrotrophic	2	2	0.0488	1.0
Compatible solute / mannitol	imat	15_mixed_aa	anaerobic	necrotrophic	2	2	0.001	1.0
Compatible solute / mannitol	imat	16_pre_infection_mix	aerobic	cocktail	2	2	0.0247	1.0
Compatible solute / mannitol	imat	16_pre_infection_mix	anaerobic	cocktail	2	2	0.0005	1.0
Compatible solute / mannitol	imat	17_biotrophic_mix	aerobic	cocktail	2	2	0.0025	1.0
Compatible solute / mannitol	imat	17_biotrophic_mix	anaerobic	cocktail	2	2	0.001	1.0
Compatible solute / mannitol	imat	18_necrotrophic_mix	aerobic	cocktail	2	2	0.0667	1.0
Compatible solute / mannitol	imat	18_necrotrophic_mix	anaerobic	cocktail	2	2	0.008	1.0
Compatible solute / mannitol	pfba	01_trehalose	aerobic	pre-infection	2	2	0.0291	1.0
Compatible solute / mannitol	pfba	01_trehalose	anaerobic	pre-infection	2	2	0.0059	1.0
Compatible solute / mannitol	pfba	02_glycerol	aerobic	pre-infection	2	2	0.0083	1.0
Compatible solute / mannitol	pfba	02_glycerol	anaerobic	pre-infection	2	2	0.0002	1.0
Compatible solute / mannitol	pfba	03_palmitate	aerobic	pre-infection	2	2	0.0456	1.0
Compatible solute / mannitol	pfba	04_oleate	aerobic	pre-infection	2	2	0.0512	1.0
Compatible solute / mannitol	pfba	05_hexacosanoate	aerobic	pre-infection	2	2	0.0824	1.0
Compatible solute / mannitol	pfba	06_glucose_low	aerobic	biotrophic	2	2	0.0146	1.0
Compatible solute / mannitol	pfba	06_glucose_low	anaerobic	biotrophic	2	2	0.003	1.0
Compatible solute / mannitol	pfba	07_sucrose_low	aerobic	biotrophic	2	2	0.0146	1.0
Compatible solute / mannitol	pfba	07_sucrose_low	anaerobic	biotrophic	2	2	0.003	1.0
Compatible solute / mannitol	pfba	08_glutamate	aerobic	biotrophic	2	2	0.0211	1.0
Compatible solute / mannitol	pfba	08_glutamate	anaerobic	biotrophic	2	0	0.0	0.0
Compatible solute / mannitol	pfba	09_glutamine	aerobic	biotrophic	2	2	0.0211	1.0
Compatible solute / mannitol	pfba	09_glutamine	anaerobic	biotrophic	2	0	0.0	0.0
Compatible solute / mannitol	pfba	10_gaba	aerobic	biotrophic	2	2	0.0198	1.0
Compatible solute / mannitol	pfba	11_galacturonate	aerobic	necrotrophic	2	2	0.0597	1.0
Compatible solute / mannitol	pfba	11_galacturonate	anaerobic	necrotrophic	2	2	0.0082	1.0
Compatible solute / mannitol	pfba	12_xylose	aerobic	necrotrophic	2	2	0.0583	1.0
Compatible solute / mannitol	pfba	12_xylose	anaerobic	necrotrophic	2	2	0.006	1.0
Compatible solute / mannitol	pfba	13_arabinose	aerobic	necrotrophic	2	2	0.0558	1.0
Compatible solute / mannitol	pfba	14_maltose	aerobic	necrotrophic	2	2	0.1457	1.0
Compatible solute / mannitol	pfba	14_maltose	anaerobic	necrotrophic	2	2	0.0296	1.0
Compatible solute / mannitol	pfba	15_mixed_aa	aerobic	necrotrophic	2	2	0.057	1.0
Compatible solute / mannitol	pfba	15_mixed_aa	anaerobic	necrotrophic	2	2	0.0046	1.0
Compatible solute / mannitol	pfba	16_pre_infection_mix	aerobic	cocktail	2	2	0.0277	1.0
Compatible solute / mannitol	pfba	16_pre_infection_mix	anaerobic	cocktail	2	2	0.002	1.0
Compatible solute / mannitol	pfba	17_biotrophic_mix	aerobic	cocktail	2	2	0.0251	1.0
Compatible solute / mannitol	pfba	17_biotrophic_mix	anaerobic	cocktail	2	2	0.0037	1.0
Compatible solute / mannitol	pfba	18_necrotrophic_mix	aerobic	cocktail	2	2	0.1782	1.0
Compatible solute / mannitol	pfba	18_necrotrophic_mix	anaerobic	cocktail	2	2	0.0353	1.0
Exchange	eflux	01_trehalose	aerobic	pre-infection	170	9	13.1295	0.0529
Exchange	eflux	01_trehalose	anaerobic	pre-infection	170	12	8.1055	0.0706
Exchange	eflux	02_glycerol	aerobic	pre-infection	170	9	4.9893	0.0529
Exchange	eflux	02_glycerol	anaerobic	pre-infection	170	11	3.2247	0.0647
Exchange	eflux	03_palmitate	aerobic	pre-infection	170	9	20.2179	0.0529
Exchange	eflux	04_oleate	aerobic	pre-infection	170	9	21.3049	0.0529
Exchange	eflux	05_hexacosanoate	aerobic	pre-infection	170	9	26.3006	0.0529
Exchange	eflux	06_glucose_low	aerobic	biotrophic	170	9	7.5657	0.0529
Exchange	eflux	06_glucose_low	anaerobic	biotrophic	170	13	4.9989	0.0765
Exchange	eflux	07_sucrose_low	aerobic	biotrophic	170	9	6.5657	0.0529
Exchange	eflux	07_sucrose_low	anaerobic	biotrophic	170	13	4.5284	0.0765
Exchange	eflux	08_glutamate	aerobic	biotrophic	170	10	13.6995	0.0588
Exchange	eflux	08_glutamate	anaerobic	biotrophic	170	12	8.5245	0.0706
Exchange	eflux	09_glutamine	aerobic	biotrophic	170	10	14.9542	0.0588
Exchange	eflux	09_glutamine	anaerobic	biotrophic	170	12	12.5241	0.0706
Exchange	eflux	10_gaba	aerobic	biotrophic	170	10	12.4486	0.0588
Exchange	eflux	11_galacturonate	aerobic	necrotrophic	170	0	0.0	0.0
Exchange	eflux	11_galacturonate	anaerobic	necrotrophic	170	0	0.0	0.0
Exchange	eflux	12_xylose	aerobic	necrotrophic	170	9	34.2629	0.0529
Exchange	eflux	12_xylose	anaerobic	necrotrophic	170	13	15.0665	0.0765
Exchange	eflux	13_arabinose	aerobic	necrotrophic	170	9	36.1686	0.0529
Exchange	eflux	14_maltose	aerobic	necrotrophic	170	9	65.6573	0.0529
Exchange	eflux	14_maltose	anaerobic	necrotrophic	170	13	45.2843	0.0765
Exchange	eflux	15_mixed_aa	aerobic	necrotrophic	170	37	44.7764	0.2176
Exchange	eflux	15_mixed_aa	anaerobic	necrotrophic	170	34	13.1601	0.2
Exchange	eflux	16_pre_infection_mix	aerobic	cocktail	170	11	10.9276	0.0647
Exchange	eflux	16_pre_infection_mix	anaerobic	cocktail	170	14	3.3776	0.0824
Exchange	eflux	17_biotrophic_mix	aerobic	cocktail	170	14	14.0447	0.0824
Exchange	eflux	17_biotrophic_mix	anaerobic	cocktail	170	19	7.2985	0.1118
Exchange	eflux	18_necrotrophic_mix	aerobic	cocktail	170	40	73.4734	0.2353
Exchange	eflux	18_necrotrophic_mix	anaerobic	cocktail	170	40	43.2142	0.2353
Exchange	gimme	01_trehalose	aerobic	pre-infection	170	11	13.0222	0.0647
Exchange	gimme	01_trehalose	anaerobic	pre-infection	170	12	8.2947	0.0706
Exchange	gimme	02_glycerol	aerobic	pre-infection	170	10	4.9461	0.0588
Exchange	gimme	02_glycerol	anaerobic	pre-infection	170	11	3.5205	0.0647
Exchange	gimme	03_palmitate	aerobic	pre-infection	170	11	21.3384	0.0647
Exchange	gimme	04_oleate	aerobic	pre-infection	170	9	20.1736	0.0529
Exchange	gimme	05_hexacosanoate	aerobic	pre-infection	170	10	25.7388	0.0588
Exchange	gimme	06_glucose_low	aerobic	biotrophic	170	10	7.5123	0.0588
Exchange	gimme	06_glucose_low	anaerobic	biotrophic	170	13	5.0878	0.0765
Exchange	gimme	07_sucrose_low	aerobic	biotrophic	170	12	10.5571	0.0706
Exchange	gimme	07_sucrose_low	anaerobic	biotrophic	170	13	4.0756	0.0765
Exchange	gimme	08_glutamate	aerobic	biotrophic	170	11	14.0805	0.0647
Exchange	gimme	08_glutamate	anaerobic	biotrophic	170	12	8.5271	0.0706
Exchange	gimme	09_glutamine	aerobic	biotrophic	170	10	13.732	0.0588
Exchange	gimme	09_glutamine	anaerobic	biotrophic	170	12	12.5268	0.0706
Exchange	gimme	10_gaba	aerobic	biotrophic	170	11	12.4551	0.0647
Exchange	gimme	11_galacturonate	aerobic	necrotrophic	170	9	34.3239	0.0529
Exchange	gimme	11_galacturonate	anaerobic	necrotrophic	170	13	22.7774	0.0765
Exchange	gimme	12_xylose	aerobic	necrotrophic	170	11	34.7558	0.0647
Exchange	gimme	12_xylose	anaerobic	necrotrophic	170	14	15.3332	0.0824
Exchange	gimme	13_arabinose	aerobic	necrotrophic	170	12	36.6494	0.0706
Exchange	gimme	14_maltose	aerobic	necrotrophic	170	10	60.9952	0.0588
Exchange	gimme	14_maltose	anaerobic	necrotrophic	170	13	41.3264	0.0765
Exchange	gimme	15_mixed_aa	aerobic	necrotrophic	170	37	42.3717	0.2176
Exchange	gimme	15_mixed_aa	anaerobic	necrotrophic	170	34	15.7411	0.2
Exchange	gimme	16_pre_infection_mix	aerobic	cocktail	170	14	10.6018	0.0824
Exchange	gimme	16_pre_infection_mix	anaerobic	cocktail	170	14	3.362	0.0824
Exchange	gimme	17_biotrophic_mix	aerobic	cocktail	170	15	13.6996	0.0882
Exchange	gimme	17_biotrophic_mix	anaerobic	cocktail	170	20	7.4248	0.1176
Exchange	gimme	18_necrotrophic_mix	aerobic	cocktail	170	39	71.4937	0.2294
Exchange	gimme	18_necrotrophic_mix	anaerobic	cocktail	170	44	48.9568	0.2588
Exchange	imat	01_trehalose	aerobic	pre-infection	170	25	1029.2989	0.1471
Exchange	imat	01_trehalose	anaerobic	pre-infection	170	36	1008.4009	0.2118
Exchange	imat	02_glycerol	aerobic	pre-infection	170	33	10.2949	0.1941
Exchange	imat	02_glycerol	anaerobic	pre-infection	170	25	3.6884	0.1471
Exchange	imat	03_palmitate	aerobic	pre-infection	170	27	29.6804	0.1588
Exchange	imat	04_oleate	aerobic	pre-infection	170	29	1021.3066	0.1706
Exchange	imat	05_hexacosanoate	aerobic	pre-infection	170	28	1084.0759	0.1647
Exchange	imat	06_glucose_low	aerobic	biotrophic	170	27	1008.1093	0.1588
Exchange	imat	06_glucose_low	anaerobic	biotrophic	170	41	5.0946	0.2412
Exchange	imat	07_sucrose_low	aerobic	biotrophic	170	27	7.1632	0.1588
Exchange	imat	07_sucrose_low	anaerobic	biotrophic	170	32	1004.5407	0.1882
Exchange	imat	08_glutamate	aerobic	biotrophic	170	32	126.8461	0.1882
Exchange	imat	08_glutamate	anaerobic	biotrophic	170	22	8.5258	0.1294
Exchange	imat	09_glutamine	aerobic	biotrophic	170	27	921.97	0.1588
Exchange	imat	09_glutamine	anaerobic	biotrophic	170	22	1011.2854	0.1294
Exchange	imat	10_gaba	aerobic	biotrophic	170	31	1024.8927	0.1824
Exchange	imat	11_galacturonate	aerobic	necrotrophic	170	24	49.0981	0.1412
Exchange	imat	11_galacturonate	anaerobic	necrotrophic	170	44	125.434	0.2588
Exchange	imat	12_xylose	aerobic	necrotrophic	170	29	973.2864	0.1706
Exchange	imat	12_xylose	anaerobic	necrotrophic	170	37	109.7662	0.2176
Exchange	imat	13_arabinose	aerobic	necrotrophic	170	27	41.0998	0.1588
Exchange	imat	14_maltose	aerobic	necrotrophic	170	25	74.6123	0.1471
Exchange	imat	14_maltose	anaerobic	necrotrophic	170	39	907.1972	0.2294
Exchange	imat	15_mixed_aa	aerobic	necrotrophic	170	44	41.5418	0.2588
Exchange	imat	15_mixed_aa	anaerobic	necrotrophic	170	44	5.738	0.2588
Exchange	imat	16_pre_infection_mix	aerobic	cocktail	170	28	1012.1867	0.1647
Exchange	imat	16_pre_infection_mix	anaerobic	cocktail	170	34	3.9407	0.2
Exchange	imat	17_biotrophic_mix	aerobic	cocktail	170	42	104.2513	0.2471
Exchange	imat	17_biotrophic_mix	anaerobic	cocktail	170	34	1006.9677	0.2
Exchange	imat	18_necrotrophic_mix	aerobic	cocktail	170	44	49.534	0.2588
Exchange	imat	18_necrotrophic_mix	anaerobic	cocktail	170	50	24.8171	0.2941
Exchange	pfba	01_trehalose	aerobic	pre-infection	170	9	13.1295	0.0529
Exchange	pfba	01_trehalose	anaerobic	pre-infection	170	12	8.1055	0.0706
Exchange	pfba	02_glycerol	aerobic	pre-infection	170	9	4.9893	0.0529
Exchange	pfba	02_glycerol	anaerobic	pre-infection	170	11	3.2247	0.0647
Exchange	pfba	03_palmitate	aerobic	pre-infection	170	9	20.2179	0.0529
Exchange	pfba	04_oleate	aerobic	pre-infection	170	9	21.3049	0.0529
Exchange	pfba	05_hexacosanoate	aerobic	pre-infection	170	9	26.3006	0.0529
Exchange	pfba	06_glucose_low	aerobic	biotrophic	170	9	7.5657	0.0529
Exchange	pfba	06_glucose_low	anaerobic	biotrophic	170	13	4.9989	0.0765
Exchange	pfba	07_sucrose_low	aerobic	biotrophic	170	9	6.5657	0.0529
Exchange	pfba	07_sucrose_low	anaerobic	biotrophic	170	12	4.053	0.0706
Exchange	pfba	08_glutamate	aerobic	biotrophic	170	10	13.6995	0.0588
Exchange	pfba	08_glutamate	anaerobic	biotrophic	170	0	0.0	0.0
Exchange	pfba	09_glutamine	aerobic	biotrophic	170	10	14.9542	0.0588
Exchange	pfba	09_glutamine	anaerobic	biotrophic	170	0	0.0	0.0
Exchange	pfba	10_gaba	aerobic	biotrophic	170	10	12.3967	0.0588
Exchange	pfba	11_galacturonate	aerobic	necrotrophic	170	10	42.1921	0.0588
Exchange	pfba	11_galacturonate	anaerobic	necrotrophic	170	14	25.9804	0.0824
Exchange	pfba	12_xylose	aerobic	necrotrophic	170	9	34.2629	0.0529
Exchange	pfba	12_xylose	anaerobic	necrotrophic	170	13	15.0665	0.0765
Exchange	pfba	13_arabinose	aerobic	necrotrophic	170	9	36.1686	0.0529
Exchange	pfba	14_maltose	aerobic	necrotrophic	170	9	65.6573	0.0529
Exchange	pfba	14_maltose	anaerobic	necrotrophic	170	12	40.5297	0.0706
Exchange	pfba	15_mixed_aa	aerobic	necrotrophic	170	37	44.7764	0.2176
Exchange	pfba	15_mixed_aa	anaerobic	necrotrophic	170	34	13.1601	0.2
Exchange	pfba	16_pre_infection_mix	aerobic	cocktail	170	11	10.9276	0.0647
Exchange	pfba	16_pre_infection_mix	anaerobic	cocktail	170	14	3.3776	0.0824
Exchange	pfba	17_biotrophic_mix	aerobic	cocktail	170	14	14.0447	0.0824
Exchange	pfba	17_biotrophic_mix	anaerobic	cocktail	170	19	7.2985	0.1118
Exchange	pfba	18_necrotrophic_mix	aerobic	cocktail	170	41	81.3849	0.2412
Exchange	pfba	18_necrotrophic_mix	anaerobic	cocktail	170	39	46.4416	0.2294
Fatty-acid biosynthesis	eflux	01_trehalose	aerobic	pre-infection	38	0	0.0	0.0
Fatty-acid biosynthesis	eflux	01_trehalose	anaerobic	pre-infection	38	0	0.0	0.0
Fatty-acid biosynthesis	eflux	02_glycerol	aerobic	pre-infection	38	0	0.0	0.0
Fatty-acid biosynthesis	eflux	02_glycerol	anaerobic	pre-infection	38	0	0.0	0.0
Fatty-acid biosynthesis	eflux	03_palmitate	aerobic	pre-infection	38	2	1.0	0.0526
Fatty-acid biosynthesis	eflux	04_oleate	aerobic	pre-infection	38	0	0.0	0.0
Fatty-acid biosynthesis	eflux	05_hexacosanoate	aerobic	pre-infection	38	1	1.0	0.0263
Fatty-acid biosynthesis	eflux	06_glucose_low	aerobic	biotrophic	38	0	0.0	0.0
Fatty-acid biosynthesis	eflux	06_glucose_low	anaerobic	biotrophic	38	0	0.0	0.0
Fatty-acid biosynthesis	eflux	07_sucrose_low	aerobic	biotrophic	38	0	0.0	0.0
Fatty-acid biosynthesis	eflux	07_sucrose_low	anaerobic	biotrophic	38	0	0.0	0.0
Fatty-acid biosynthesis	eflux	08_glutamate	aerobic	biotrophic	38	0	0.0	0.0
Fatty-acid biosynthesis	eflux	08_glutamate	anaerobic	biotrophic	38	0	0.0	0.0
Fatty-acid biosynthesis	eflux	09_glutamine	aerobic	biotrophic	38	0	0.0	0.0
Fatty-acid biosynthesis	eflux	09_glutamine	anaerobic	biotrophic	38	0	0.0	0.0
Fatty-acid biosynthesis	eflux	10_gaba	aerobic	biotrophic	38	0	0.0	0.0
Fatty-acid biosynthesis	eflux	11_galacturonate	aerobic	necrotrophic	38	0	0.0	0.0
Fatty-acid biosynthesis	eflux	11_galacturonate	anaerobic	necrotrophic	38	0	0.0	0.0
Fatty-acid biosynthesis	eflux	12_xylose	aerobic	necrotrophic	38	0	0.0	0.0
Fatty-acid biosynthesis	eflux	12_xylose	anaerobic	necrotrophic	38	0	0.0	0.0
Fatty-acid biosynthesis	eflux	13_arabinose	aerobic	necrotrophic	38	0	0.0	0.0
Fatty-acid biosynthesis	eflux	14_maltose	aerobic	necrotrophic	38	0	0.0	0.0
Fatty-acid biosynthesis	eflux	14_maltose	anaerobic	necrotrophic	38	0	0.0	0.0
Fatty-acid biosynthesis	eflux	15_mixed_aa	aerobic	necrotrophic	38	0	0.0	0.0
Fatty-acid biosynthesis	eflux	15_mixed_aa	anaerobic	necrotrophic	38	0	0.0	0.0
Fatty-acid biosynthesis	eflux	16_pre_infection_mix	aerobic	cocktail	38	0	0.0	0.0
Fatty-acid biosynthesis	eflux	16_pre_infection_mix	anaerobic	cocktail	38	0	0.0	0.0
Fatty-acid biosynthesis	eflux	17_biotrophic_mix	aerobic	cocktail	38	0	0.0	0.0
Fatty-acid biosynthesis	eflux	17_biotrophic_mix	anaerobic	cocktail	38	0	0.0	0.0
Fatty-acid biosynthesis	eflux	18_necrotrophic_mix	aerobic	cocktail	38	0	0.0	0.0
Fatty-acid biosynthesis	eflux	18_necrotrophic_mix	anaerobic	cocktail	38	0	0.0	0.0
Fatty-acid biosynthesis	gimme	01_trehalose	aerobic	pre-infection	38	0	0.0	0.0
Fatty-acid biosynthesis	gimme	01_trehalose	anaerobic	pre-infection	38	0	0.0	0.0
Fatty-acid biosynthesis	gimme	02_glycerol	aerobic	pre-infection	38	0	0.0	0.0
Fatty-acid biosynthesis	gimme	02_glycerol	anaerobic	pre-infection	38	2	0.0	0.0526
Fatty-acid biosynthesis	gimme	03_palmitate	aerobic	pre-infection	38	2	1.0	0.0526
Fatty-acid biosynthesis	gimme	04_oleate	aerobic	pre-infection	38	0	0.0	0.0
Fatty-acid biosynthesis	gimme	05_hexacosanoate	aerobic	pre-infection	38	1	1.0	0.0263
Fatty-acid biosynthesis	gimme	06_glucose_low	aerobic	biotrophic	38	0	0.0	0.0
Fatty-acid biosynthesis	gimme	06_glucose_low	anaerobic	biotrophic	38	0	0.0	0.0
Fatty-acid biosynthesis	gimme	07_sucrose_low	aerobic	biotrophic	38	0	0.0	0.0
Fatty-acid biosynthesis	gimme	07_sucrose_low	anaerobic	biotrophic	38	0	0.0	0.0
Fatty-acid biosynthesis	gimme	08_glutamate	aerobic	biotrophic	38	0	0.0	0.0
Fatty-acid biosynthesis	gimme	08_glutamate	anaerobic	biotrophic	38	0	0.0	0.0
Fatty-acid biosynthesis	gimme	09_glutamine	aerobic	biotrophic	38	0	0.0	0.0
Fatty-acid biosynthesis	gimme	09_glutamine	anaerobic	biotrophic	38	0	0.0	0.0
Fatty-acid biosynthesis	gimme	10_gaba	aerobic	biotrophic	38	0	0.0	0.0
Fatty-acid biosynthesis	gimme	11_galacturonate	aerobic	necrotrophic	38	0	0.0	0.0
Fatty-acid biosynthesis	gimme	11_galacturonate	anaerobic	necrotrophic	38	0	0.0	0.0
Fatty-acid biosynthesis	gimme	12_xylose	aerobic	necrotrophic	38	0	0.0	0.0
Fatty-acid biosynthesis	gimme	12_xylose	anaerobic	necrotrophic	38	0	0.0	0.0
Fatty-acid biosynthesis	gimme	13_arabinose	aerobic	necrotrophic	38	0	0.0	0.0
Fatty-acid biosynthesis	gimme	14_maltose	aerobic	necrotrophic	38	0	0.0	0.0
Fatty-acid biosynthesis	gimme	14_maltose	anaerobic	necrotrophic	38	0	0.0	0.0
Fatty-acid biosynthesis	gimme	15_mixed_aa	aerobic	necrotrophic	38	0	0.0	0.0
Fatty-acid biosynthesis	gimme	15_mixed_aa	anaerobic	necrotrophic	38	2	0.0009	0.0526
Fatty-acid biosynthesis	gimme	16_pre_infection_mix	aerobic	cocktail	38	0	0.0	0.0
Fatty-acid biosynthesis	gimme	16_pre_infection_mix	anaerobic	cocktail	38	0	0.0	0.0
Fatty-acid biosynthesis	gimme	17_biotrophic_mix	aerobic	cocktail	38	0	0.0	0.0
Fatty-acid biosynthesis	gimme	17_biotrophic_mix	anaerobic	cocktail	38	0	0.0	0.0
Fatty-acid biosynthesis	gimme	18_necrotrophic_mix	aerobic	cocktail	38	0	0.0	0.0
Fatty-acid biosynthesis	gimme	18_necrotrophic_mix	anaerobic	cocktail	38	0	0.0	0.0
Fatty-acid biosynthesis	imat	01_trehalose	aerobic	pre-infection	38	3	0.0249	0.0789
Fatty-acid biosynthesis	imat	01_trehalose	anaerobic	pre-infection	38	4	0.0245	0.1053
Fatty-acid biosynthesis	imat	02_glycerol	aerobic	pre-infection	38	8	0.0267	0.2105
Fatty-acid biosynthesis	imat	02_glycerol	anaerobic	pre-infection	38	2	0.0	0.0526
Fatty-acid biosynthesis	imat	03_palmitate	aerobic	pre-infection	38	3	0.2385	0.0789
Fatty-acid biosynthesis	imat	04_oleate	aerobic	pre-infection	38	2	0.002	0.0526
Fatty-acid biosynthesis	imat	05_hexacosanoate	aerobic	pre-infection	38	3	0.0226	0.0789
Fatty-acid biosynthesis	imat	06_glucose_low	aerobic	biotrophic	38	3	0.0254	0.0789
Fatty-acid biosynthesis	imat	06_glucose_low	anaerobic	biotrophic	38	5	0.0257	0.1316
Fatty-acid biosynthesis	imat	07_sucrose_low	aerobic	biotrophic	38	4	0.0161	0.1053
Fatty-acid biosynthesis	imat	07_sucrose_low	anaerobic	biotrophic	38	3	0.0254	0.0789
Fatty-acid biosynthesis	imat	08_glutamate	aerobic	biotrophic	38	2	0.002	0.0526
Fatty-acid biosynthesis	imat	08_glutamate	anaerobic	biotrophic	38	2	0.0	0.0526
Fatty-acid biosynthesis	imat	09_glutamine	aerobic	biotrophic	38	3	0.0249	0.0789
Fatty-acid biosynthesis	imat	09_glutamine	anaerobic	biotrophic	38	2	0.0	0.0526
Fatty-acid biosynthesis	imat	10_gaba	aerobic	biotrophic	38	3	0.0274	0.0789
Fatty-acid biosynthesis	imat	11_galacturonate	aerobic	necrotrophic	38	3	0.0274	0.0789
Fatty-acid biosynthesis	imat	11_galacturonate	anaerobic	necrotrophic	38	5	0.0249	0.1316
Fatty-acid biosynthesis	imat	12_xylose	aerobic	necrotrophic	38	3	0.0249	0.0789
Fatty-acid biosynthesis	imat	12_xylose	anaerobic	necrotrophic	38	10	0.0267	0.2632
Fatty-acid biosynthesis	imat	13_arabinose	aerobic	necrotrophic	38	3	0.0254	0.0789
Fatty-acid biosynthesis	imat	14_maltose	aerobic	necrotrophic	38	3	0.0141	0.0789
Fatty-acid biosynthesis	imat	14_maltose	anaerobic	necrotrophic	38	4	0.0251	0.1053
Fatty-acid biosynthesis	imat	15_mixed_aa	aerobic	necrotrophic	38	3	0.0274	0.0789
Fatty-acid biosynthesis	imat	15_mixed_aa	anaerobic	necrotrophic	38	3	0.0254	0.0789
Fatty-acid biosynthesis	imat	16_pre_infection_mix	aerobic	cocktail	38	3	0.0254	0.0789
Fatty-acid biosynthesis	imat	16_pre_infection_mix	anaerobic	cocktail	38	3	0.0254	0.0789
Fatty-acid biosynthesis	imat	17_biotrophic_mix	aerobic	cocktail	38	2	0.0065	0.0526
Fatty-acid biosynthesis	imat	17_biotrophic_mix	anaerobic	cocktail	38	3	0.0254	0.0789
Fatty-acid biosynthesis	imat	18_necrotrophic_mix	aerobic	cocktail	38	6	0.0159	0.1579
Fatty-acid biosynthesis	imat	18_necrotrophic_mix	anaerobic	cocktail	38	2	0.002	0.0526
Fatty-acid biosynthesis	pfba	01_trehalose	aerobic	pre-infection	38	0	0.0	0.0
Fatty-acid biosynthesis	pfba	01_trehalose	anaerobic	pre-infection	38	0	0.0	0.0
Fatty-acid biosynthesis	pfba	02_glycerol	aerobic	pre-infection	38	0	0.0	0.0
Fatty-acid biosynthesis	pfba	02_glycerol	anaerobic	pre-infection	38	0	0.0	0.0
Fatty-acid biosynthesis	pfba	03_palmitate	aerobic	pre-infection	38	2	1.0	0.0526
Fatty-acid biosynthesis	pfba	04_oleate	aerobic	pre-infection	38	0	0.0	0.0
Fatty-acid biosynthesis	pfba	05_hexacosanoate	aerobic	pre-infection	38	1	1.0	0.0263
Fatty-acid biosynthesis	pfba	06_glucose_low	aerobic	biotrophic	38	0	0.0	0.0
Fatty-acid biosynthesis	pfba	06_glucose_low	anaerobic	biotrophic	38	0	0.0	0.0
Fatty-acid biosynthesis	pfba	07_sucrose_low	aerobic	biotrophic	38	0	0.0	0.0
Fatty-acid biosynthesis	pfba	07_sucrose_low	anaerobic	biotrophic	38	0	0.0	0.0
Fatty-acid biosynthesis	pfba	08_glutamate	aerobic	biotrophic	38	0	0.0	0.0
Fatty-acid biosynthesis	pfba	08_glutamate	anaerobic	biotrophic	38	0	0.0	0.0
Fatty-acid biosynthesis	pfba	09_glutamine	aerobic	biotrophic	38	0	0.0	0.0
Fatty-acid biosynthesis	pfba	09_glutamine	anaerobic	biotrophic	38	0	0.0	0.0
Fatty-acid biosynthesis	pfba	10_gaba	aerobic	biotrophic	38	0	0.0	0.0
Fatty-acid biosynthesis	pfba	11_galacturonate	aerobic	necrotrophic	38	0	0.0	0.0
Fatty-acid biosynthesis	pfba	11_galacturonate	anaerobic	necrotrophic	38	0	0.0	0.0
Fatty-acid biosynthesis	pfba	12_xylose	aerobic	necrotrophic	38	0	0.0	0.0
Fatty-acid biosynthesis	pfba	12_xylose	anaerobic	necrotrophic	38	0	0.0	0.0
Fatty-acid biosynthesis	pfba	13_arabinose	aerobic	necrotrophic	38	0	0.0	0.0
Fatty-acid biosynthesis	pfba	14_maltose	aerobic	necrotrophic	38	0	0.0	0.0
Fatty-acid biosynthesis	pfba	14_maltose	anaerobic	necrotrophic	38	0	0.0	0.0
Fatty-acid biosynthesis	pfba	15_mixed_aa	aerobic	necrotrophic	38	0	0.0	0.0
Fatty-acid biosynthesis	pfba	15_mixed_aa	anaerobic	necrotrophic	38	0	0.0	0.0
Fatty-acid biosynthesis	pfba	16_pre_infection_mix	aerobic	cocktail	38	0	0.0	0.0
Fatty-acid biosynthesis	pfba	16_pre_infection_mix	anaerobic	cocktail	38	0	0.0	0.0
Fatty-acid biosynthesis	pfba	17_biotrophic_mix	aerobic	cocktail	38	0	0.0	0.0
Fatty-acid biosynthesis	pfba	17_biotrophic_mix	anaerobic	cocktail	38	0	0.0	0.0
Fatty-acid biosynthesis	pfba	18_necrotrophic_mix	aerobic	cocktail	38	0	0.0	0.0
Fatty-acid biosynthesis	pfba	18_necrotrophic_mix	anaerobic	cocktail	38	0	0.0	0.0
GAM / maintenance	eflux	01_trehalose	aerobic	pre-infection	1	0	0.0	0.0
GAM / maintenance	eflux	01_trehalose	anaerobic	pre-infection	1	0	0.0	0.0
GAM / maintenance	eflux	02_glycerol	aerobic	pre-infection	1	0	0.0	0.0
GAM / maintenance	eflux	02_glycerol	anaerobic	pre-infection	1	0	0.0	0.0
GAM / maintenance	eflux	03_palmitate	aerobic	pre-infection	1	0	0.0	0.0
GAM / maintenance	eflux	04_oleate	aerobic	pre-infection	1	0	0.0	0.0
GAM / maintenance	eflux	05_hexacosanoate	aerobic	pre-infection	1	0	0.0	0.0
GAM / maintenance	eflux	06_glucose_low	aerobic	biotrophic	1	0	0.0	0.0
GAM / maintenance	eflux	06_glucose_low	anaerobic	biotrophic	1	0	0.0	0.0
GAM / maintenance	eflux	07_sucrose_low	aerobic	biotrophic	1	0	0.0	0.0
GAM / maintenance	eflux	07_sucrose_low	anaerobic	biotrophic	1	0	0.0	0.0
GAM / maintenance	eflux	08_glutamate	aerobic	biotrophic	1	0	0.0	0.0
GAM / maintenance	eflux	08_glutamate	anaerobic	biotrophic	1	0	0.0	0.0
GAM / maintenance	eflux	09_glutamine	aerobic	biotrophic	1	0	0.0	0.0
GAM / maintenance	eflux	09_glutamine	anaerobic	biotrophic	1	0	0.0	0.0
GAM / maintenance	eflux	10_gaba	aerobic	biotrophic	1	0	0.0	0.0
GAM / maintenance	eflux	11_galacturonate	aerobic	necrotrophic	1	0	0.0	0.0
GAM / maintenance	eflux	11_galacturonate	anaerobic	necrotrophic	1	0	0.0	0.0
GAM / maintenance	eflux	12_xylose	aerobic	necrotrophic	1	0	0.0	0.0
GAM / maintenance	eflux	12_xylose	anaerobic	necrotrophic	1	0	0.0	0.0
GAM / maintenance	eflux	13_arabinose	aerobic	necrotrophic	1	0	0.0	0.0
GAM / maintenance	eflux	14_maltose	aerobic	necrotrophic	1	0	0.0	0.0
GAM / maintenance	eflux	14_maltose	anaerobic	necrotrophic	1	0	0.0	0.0
GAM / maintenance	eflux	15_mixed_aa	aerobic	necrotrophic	1	0	0.0	0.0
GAM / maintenance	eflux	15_mixed_aa	anaerobic	necrotrophic	1	0	0.0	0.0
GAM / maintenance	eflux	16_pre_infection_mix	aerobic	cocktail	1	0	0.0	0.0
GAM / maintenance	eflux	16_pre_infection_mix	anaerobic	cocktail	1	0	0.0	0.0
GAM / maintenance	eflux	17_biotrophic_mix	aerobic	cocktail	1	0	0.0	0.0
GAM / maintenance	eflux	17_biotrophic_mix	anaerobic	cocktail	1	0	0.0	0.0
GAM / maintenance	eflux	18_necrotrophic_mix	aerobic	cocktail	1	0	0.0	0.0
GAM / maintenance	eflux	18_necrotrophic_mix	anaerobic	cocktail	1	0	0.0	0.0
GAM / maintenance	gimme	01_trehalose	aerobic	pre-infection	1	0	0.0	0.0
GAM / maintenance	gimme	01_trehalose	anaerobic	pre-infection	1	0	0.0	0.0
GAM / maintenance	gimme	02_glycerol	aerobic	pre-infection	1	0	0.0	0.0
GAM / maintenance	gimme	02_glycerol	anaerobic	pre-infection	1	0	0.0	0.0
GAM / maintenance	gimme	03_palmitate	aerobic	pre-infection	1	0	0.0	0.0
GAM / maintenance	gimme	04_oleate	aerobic	pre-infection	1	0	0.0	0.0
GAM / maintenance	gimme	05_hexacosanoate	aerobic	pre-infection	1	0	0.0	0.0
GAM / maintenance	gimme	06_glucose_low	aerobic	biotrophic	1	0	0.0	0.0
GAM / maintenance	gimme	06_glucose_low	anaerobic	biotrophic	1	0	0.0	0.0
GAM / maintenance	gimme	07_sucrose_low	aerobic	biotrophic	1	0	0.0	0.0
GAM / maintenance	gimme	07_sucrose_low	anaerobic	biotrophic	1	0	0.0	0.0
GAM / maintenance	gimme	08_glutamate	aerobic	biotrophic	1	0	0.0	0.0
GAM / maintenance	gimme	08_glutamate	anaerobic	biotrophic	1	0	0.0	0.0
GAM / maintenance	gimme	09_glutamine	aerobic	biotrophic	1	0	0.0	0.0
GAM / maintenance	gimme	09_glutamine	anaerobic	biotrophic	1	0	0.0	0.0
GAM / maintenance	gimme	10_gaba	aerobic	biotrophic	1	0	0.0	0.0
GAM / maintenance	gimme	11_galacturonate	aerobic	necrotrophic	1	0	0.0	0.0
GAM / maintenance	gimme	11_galacturonate	anaerobic	necrotrophic	1	0	0.0	0.0
GAM / maintenance	gimme	12_xylose	aerobic	necrotrophic	1	0	0.0	0.0
GAM / maintenance	gimme	12_xylose	anaerobic	necrotrophic	1	0	0.0	0.0
GAM / maintenance	gimme	13_arabinose	aerobic	necrotrophic	1	0	0.0	0.0
GAM / maintenance	gimme	14_maltose	aerobic	necrotrophic	1	0	0.0	0.0
GAM / maintenance	gimme	14_maltose	anaerobic	necrotrophic	1	0	0.0	0.0
GAM / maintenance	gimme	15_mixed_aa	aerobic	necrotrophic	1	0	0.0	0.0
GAM / maintenance	gimme	15_mixed_aa	anaerobic	necrotrophic	1	0	0.0	0.0
GAM / maintenance	gimme	16_pre_infection_mix	aerobic	cocktail	1	0	0.0	0.0
GAM / maintenance	gimme	16_pre_infection_mix	anaerobic	cocktail	1	0	0.0	0.0
GAM / maintenance	gimme	17_biotrophic_mix	aerobic	cocktail	1	0	0.0	0.0
GAM / maintenance	gimme	17_biotrophic_mix	anaerobic	cocktail	1	0	0.0	0.0
GAM / maintenance	gimme	18_necrotrophic_mix	aerobic	cocktail	1	0	0.0	0.0
GAM / maintenance	gimme	18_necrotrophic_mix	anaerobic	cocktail	1	0	0.0	0.0
GAM / maintenance	imat	01_trehalose	aerobic	pre-infection	1	1	0.001	1.0
GAM / maintenance	imat	01_trehalose	anaerobic	pre-infection	1	1	0.001	1.0
GAM / maintenance	imat	02_glycerol	aerobic	pre-infection	1	1	0.001	1.0
GAM / maintenance	imat	02_glycerol	anaerobic	pre-infection	1	1	0.001	1.0
GAM / maintenance	imat	03_palmitate	aerobic	pre-infection	1	1	0.001	1.0
GAM / maintenance	imat	04_oleate	aerobic	pre-infection	1	1	0.001	1.0
GAM / maintenance	imat	05_hexacosanoate	aerobic	pre-infection	1	1	0.001	1.0
GAM / maintenance	imat	06_glucose_low	aerobic	biotrophic	1	1	0.001	1.0
GAM / maintenance	imat	06_glucose_low	anaerobic	biotrophic	1	1	0.001	1.0
GAM / maintenance	imat	07_sucrose_low	aerobic	biotrophic	1	1	0.001	1.0
GAM / maintenance	imat	07_sucrose_low	anaerobic	biotrophic	1	1	0.001	1.0
GAM / maintenance	imat	08_glutamate	aerobic	biotrophic	1	1	0.001	1.0
GAM / maintenance	imat	08_glutamate	anaerobic	biotrophic	1	1	0.0011	1.0
GAM / maintenance	imat	09_glutamine	aerobic	biotrophic	1	1	0.001	1.0
GAM / maintenance	imat	09_glutamine	anaerobic	biotrophic	1	1	0.001	1.0
GAM / maintenance	imat	10_gaba	aerobic	biotrophic	1	1	0.001	1.0
GAM / maintenance	imat	11_galacturonate	aerobic	necrotrophic	1	1	0.001	1.0
GAM / maintenance	imat	11_galacturonate	anaerobic	necrotrophic	1	1	0.001	1.0
GAM / maintenance	imat	12_xylose	aerobic	necrotrophic	1	1	0.001	1.0
GAM / maintenance	imat	12_xylose	anaerobic	necrotrophic	1	1	0.001	1.0
GAM / maintenance	imat	13_arabinose	aerobic	necrotrophic	1	1	0.001	1.0
GAM / maintenance	imat	14_maltose	aerobic	necrotrophic	1	1	0.001	1.0
GAM / maintenance	imat	14_maltose	anaerobic	necrotrophic	1	1	0.001	1.0
GAM / maintenance	imat	15_mixed_aa	aerobic	necrotrophic	1	1	0.001	1.0
GAM / maintenance	imat	15_mixed_aa	anaerobic	necrotrophic	1	1	0.001	1.0
GAM / maintenance	imat	16_pre_infection_mix	aerobic	cocktail	1	1	0.001	1.0
GAM / maintenance	imat	16_pre_infection_mix	anaerobic	cocktail	1	1	0.001	1.0
GAM / maintenance	imat	17_biotrophic_mix	aerobic	cocktail	1	1	0.001	1.0
GAM / maintenance	imat	17_biotrophic_mix	anaerobic	cocktail	1	1	0.001	1.0
GAM / maintenance	imat	18_necrotrophic_mix	aerobic	cocktail	1	1	0.001	1.0
GAM / maintenance	imat	18_necrotrophic_mix	anaerobic	cocktail	1	1	0.001	1.0
GAM / maintenance	pfba	01_trehalose	aerobic	pre-infection	1	0	0.0	0.0
GAM / maintenance	pfba	01_trehalose	anaerobic	pre-infection	1	0	0.0	0.0
GAM / maintenance	pfba	02_glycerol	aerobic	pre-infection	1	0	0.0	0.0
GAM / maintenance	pfba	02_glycerol	anaerobic	pre-infection	1	0	0.0	0.0
GAM / maintenance	pfba	03_palmitate	aerobic	pre-infection	1	0	0.0	0.0
GAM / maintenance	pfba	04_oleate	aerobic	pre-infection	1	0	0.0	0.0
GAM / maintenance	pfba	05_hexacosanoate	aerobic	pre-infection	1	0	0.0	0.0
GAM / maintenance	pfba	06_glucose_low	aerobic	biotrophic	1	0	0.0	0.0
GAM / maintenance	pfba	06_glucose_low	anaerobic	biotrophic	1	0	0.0	0.0
GAM / maintenance	pfba	07_sucrose_low	aerobic	biotrophic	1	0	0.0	0.0
GAM / maintenance	pfba	07_sucrose_low	anaerobic	biotrophic	1	0	0.0	0.0
GAM / maintenance	pfba	08_glutamate	aerobic	biotrophic	1	0	0.0	0.0
GAM / maintenance	pfba	08_glutamate	anaerobic	biotrophic	1	0	0.0	0.0
GAM / maintenance	pfba	09_glutamine	aerobic	biotrophic	1	0	0.0	0.0
GAM / maintenance	pfba	09_glutamine	anaerobic	biotrophic	1	0	0.0	0.0
GAM / maintenance	pfba	10_gaba	aerobic	biotrophic	1	0	0.0	0.0
GAM / maintenance	pfba	11_galacturonate	aerobic	necrotrophic	1	0	0.0	0.0
GAM / maintenance	pfba	11_galacturonate	anaerobic	necrotrophic	1	0	0.0	0.0
GAM / maintenance	pfba	12_xylose	aerobic	necrotrophic	1	0	0.0	0.0
GAM / maintenance	pfba	12_xylose	anaerobic	necrotrophic	1	0	0.0	0.0
GAM / maintenance	pfba	13_arabinose	aerobic	necrotrophic	1	0	0.0	0.0
GAM / maintenance	pfba	14_maltose	aerobic	necrotrophic	1	0	0.0	0.0
GAM / maintenance	pfba	14_maltose	anaerobic	necrotrophic	1	0	0.0	0.0
GAM / maintenance	pfba	15_mixed_aa	aerobic	necrotrophic	1	0	0.0	0.0
GAM / maintenance	pfba	15_mixed_aa	anaerobic	necrotrophic	1	0	0.0	0.0
GAM / maintenance	pfba	16_pre_infection_mix	aerobic	cocktail	1	0	0.0	0.0
GAM / maintenance	pfba	16_pre_infection_mix	anaerobic	cocktail	1	0	0.0	0.0
GAM / maintenance	pfba	17_biotrophic_mix	aerobic	cocktail	1	0	0.0	0.0
GAM / maintenance	pfba	17_biotrophic_mix	anaerobic	cocktail	1	0	0.0	0.0
GAM / maintenance	pfba	18_necrotrophic_mix	aerobic	cocktail	1	0	0.0	0.0
GAM / maintenance	pfba	18_necrotrophic_mix	anaerobic	cocktail	1	0	0.0	0.0
Glycolysis / gluconeogenesis	eflux	01_trehalose	aerobic	pre-infection	58	27	23.6128	0.4655
Glycolysis / gluconeogenesis	eflux	01_trehalose	anaerobic	pre-infection	58	25	31.9699	0.431
Glycolysis / gluconeogenesis	eflux	02_glycerol	aerobic	pre-infection	58	26	6.9125	0.4483
Glycolysis / gluconeogenesis	eflux	02_glycerol	anaerobic	pre-infection	58	25	8.0864	0.431
Glycolysis / gluconeogenesis	eflux	03_palmitate	aerobic	pre-infection	58	23	16.975	0.3966
Glycolysis / gluconeogenesis	eflux	04_oleate	aerobic	pre-infection	58	24	19.0819	0.4138
Glycolysis / gluconeogenesis	eflux	05_hexacosanoate	aerobic	pre-infection	58	23	18.8804	0.3966
Glycolysis / gluconeogenesis	eflux	06_glucose_low	aerobic	biotrophic	58	28	11.8102	0.4828
Glycolysis / gluconeogenesis	eflux	06_glucose_low	anaerobic	biotrophic	58	26	15.9859	0.4483
Glycolysis / gluconeogenesis	eflux	07_sucrose_low	aerobic	biotrophic	58	30	12.1867	0.5172
Glycolysis / gluconeogenesis	eflux	07_sucrose_low	anaerobic	biotrophic	58	28	15.9859	0.4828
Glycolysis / gluconeogenesis	eflux	08_glutamate	aerobic	biotrophic	58	24	8.8542	0.4138
Glycolysis / gluconeogenesis	eflux	08_glutamate	anaerobic	biotrophic	58	24	0.3293	0.4138
Glycolysis / gluconeogenesis	eflux	09_glutamine	aerobic	biotrophic	58	24	8.8631	0.4138
Glycolysis / gluconeogenesis	eflux	09_glutamine	anaerobic	biotrophic	58	24	0.33	0.4138
Glycolysis / gluconeogenesis	eflux	10_gaba	aerobic	biotrophic	58	24	7.5386	0.4138
Glycolysis / gluconeogenesis	eflux	11_galacturonate	aerobic	necrotrophic	58	0	0.0	0.0
Glycolysis / gluconeogenesis	eflux	11_galacturonate	anaerobic	necrotrophic	58	0	0.0	0.0
Glycolysis / gluconeogenesis	eflux	12_xylose	aerobic	necrotrophic	58	25	44.3796	0.431
Glycolysis / gluconeogenesis	eflux	12_xylose	anaerobic	necrotrophic	58	25	22.3779	0.431
Glycolysis / gluconeogenesis	eflux	13_arabinose	aerobic	necrotrophic	58	25	44.8222	0.431
Glycolysis / gluconeogenesis	eflux	14_maltose	aerobic	necrotrophic	58	30	128.1024	0.5172
Glycolysis / gluconeogenesis	eflux	14_maltose	anaerobic	necrotrophic	58	28	169.8593	0.4828
Glycolysis / gluconeogenesis	eflux	15_mixed_aa	aerobic	necrotrophic	58	22	16.2299	0.3793
Glycolysis / gluconeogenesis	eflux	15_mixed_aa	anaerobic	necrotrophic	58	22	6.3567	0.3793
Glycolysis / gluconeogenesis	eflux	16_pre_infection_mix	aerobic	cocktail	58	25	5.9184	0.431
Glycolysis / gluconeogenesis	eflux	16_pre_infection_mix	anaerobic	cocktail	58	26	11.958	0.4483
Glycolysis / gluconeogenesis	eflux	17_biotrophic_mix	aerobic	cocktail	58	27	6.7479	0.4655
Glycolysis / gluconeogenesis	eflux	17_biotrophic_mix	anaerobic	cocktail	58	27	10.4351	0.4655
Glycolysis / gluconeogenesis	eflux	18_necrotrophic_mix	aerobic	cocktail	58	27	107.7272	0.4655
Glycolysis / gluconeogenesis	eflux	18_necrotrophic_mix	anaerobic	cocktail	58	26	129.9479	0.4483
Glycolysis / gluconeogenesis	gimme	01_trehalose	aerobic	pre-infection	58	28	23.8899	0.4828
Glycolysis / gluconeogenesis	gimme	01_trehalose	anaerobic	pre-infection	58	25	32.173	0.431
Glycolysis / gluconeogenesis	gimme	02_glycerol	aerobic	pre-infection	58	26	6.9486	0.4483
Glycolysis / gluconeogenesis	gimme	02_glycerol	anaerobic	pre-infection	58	25	8.0977	0.431
Glycolysis / gluconeogenesis	gimme	03_palmitate	aerobic	pre-infection	58	24	16.6437	0.4138
Glycolysis / gluconeogenesis	gimme	04_oleate	aerobic	pre-infection	58	24	17.3199	0.4138
Glycolysis / gluconeogenesis	gimme	05_hexacosanoate	aerobic	pre-infection	58	24	18.5198	0.4138
Glycolysis / gluconeogenesis	gimme	06_glucose_low	aerobic	biotrophic	58	28	11.9489	0.4828
Glycolysis / gluconeogenesis	gimme	06_glucose_low	anaerobic	biotrophic	58	26	16.0873	0.4483
Glycolysis / gluconeogenesis	gimme	07_sucrose_low	aerobic	biotrophic	58	29	12.8063	0.5
Glycolysis / gluconeogenesis	gimme	07_sucrose_low	anaerobic	biotrophic	58	28	14.3875	0.4828
Glycolysis / gluconeogenesis	gimme	08_glutamate	aerobic	biotrophic	58	24	8.5564	0.4138
Glycolysis / gluconeogenesis	gimme	08_glutamate	anaerobic	biotrophic	58	25	0.3282	0.431
Glycolysis / gluconeogenesis	gimme	09_glutamine	aerobic	biotrophic	58	24	7.9768	0.4138
Glycolysis / gluconeogenesis	gimme	09_glutamine	anaerobic	biotrophic	58	24	0.3274	0.4138
Glycolysis / gluconeogenesis	gimme	10_gaba	aerobic	biotrophic	58	24	7.1947	0.4138
Glycolysis / gluconeogenesis	gimme	11_galacturonate	aerobic	necrotrophic	58	28	32.1565	0.4828
Glycolysis / gluconeogenesis	gimme	11_galacturonate	anaerobic	necrotrophic	58	27	35.0117	0.4655
Glycolysis / gluconeogenesis	gimme	12_xylose	aerobic	necrotrophic	58	25	44.8597	0.431
Glycolysis / gluconeogenesis	gimme	12_xylose	anaerobic	necrotrophic	58	25	23.4611	0.431
Glycolysis / gluconeogenesis	gimme	13_arabinose	aerobic	necrotrophic	58	25	45.2844	0.431
Glycolysis / gluconeogenesis	gimme	14_maltose	aerobic	necrotrophic	58	30	118.6865	0.5172
Glycolysis / gluconeogenesis	gimme	14_maltose	anaerobic	necrotrophic	58	28	152.8753	0.4828
Glycolysis / gluconeogenesis	gimme	15_mixed_aa	aerobic	necrotrophic	58	22	13.9069	0.3793
Glycolysis / gluconeogenesis	gimme	15_mixed_aa	anaerobic	necrotrophic	58	25	6.9586	0.431
Glycolysis / gluconeogenesis	gimme	16_pre_infection_mix	aerobic	cocktail	58	25	5.9908	0.431
Glycolysis / gluconeogenesis	gimme	16_pre_infection_mix	anaerobic	cocktail	58	25	11.9498	0.431
Glycolysis / gluconeogenesis	gimme	17_biotrophic_mix	aerobic	cocktail	58	26	6.2288	0.4483
Glycolysis / gluconeogenesis	gimme	17_biotrophic_mix	anaerobic	cocktail	58	28	10.5966	0.4828
Glycolysis / gluconeogenesis	gimme	18_necrotrophic_mix	aerobic	cocktail	58	26	105.8972	0.4483
Glycolysis / gluconeogenesis	gimme	18_necrotrophic_mix	anaerobic	cocktail	58	29	3114.5797	0.5
Glycolysis / gluconeogenesis	imat	01_trehalose	aerobic	pre-infection	58	43	115.7441	0.7414
Glycolysis / gluconeogenesis	imat	01_trehalose	anaerobic	pre-infection	58	46	2032.8197	0.7931
Glycolysis / gluconeogenesis	imat	02_glycerol	aerobic	pre-infection	58	43	2029.8878	0.7414
Glycolysis / gluconeogenesis	imat	02_glycerol	anaerobic	pre-infection	58	40	7.8088	0.6897
Glycolysis / gluconeogenesis	imat	03_palmitate	aerobic	pre-infection	58	43	3061.0696	0.7414
Glycolysis / gluconeogenesis	imat	04_oleate	aerobic	pre-infection	58	44	1043.7219	0.7586
Glycolysis / gluconeogenesis	imat	05_hexacosanoate	aerobic	pre-infection	58	43	4665.796	0.7414
Glycolysis / gluconeogenesis	imat	06_glucose_low	aerobic	biotrophic	58	43	1014.8618	0.7414
Glycolysis / gluconeogenesis	imat	06_glucose_low	anaerobic	biotrophic	58	42	16.5837	0.7241
Glycolysis / gluconeogenesis	imat	07_sucrose_low	aerobic	biotrophic	58	45	1017.0796	0.7759
Glycolysis / gluconeogenesis	imat	07_sucrose_low	anaerobic	biotrophic	58	44	2015.4492	0.7586
Glycolysis / gluconeogenesis	imat	08_glutamate	aerobic	biotrophic	58	43	1027.1342	0.7414
Glycolysis / gluconeogenesis	imat	08_glutamate	anaerobic	biotrophic	58	39	0.3352	0.6724
Glycolysis / gluconeogenesis	imat	09_glutamine	aerobic	biotrophic	58	44	3005.7781	0.7586
Glycolysis / gluconeogenesis	imat	09_glutamine	anaerobic	biotrophic	58	39	2.6309	0.6724
Glycolysis / gluconeogenesis	imat	10_gaba	aerobic	biotrophic	58	43	1010.6409	0.7414
Glycolysis / gluconeogenesis	imat	11_galacturonate	aerobic	necrotrophic	58	42	3079.7865	0.7241
Glycolysis / gluconeogenesis	imat	11_galacturonate	anaerobic	necrotrophic	58	45	1042.0668	0.7759
Glycolysis / gluconeogenesis	imat	12_xylose	aerobic	necrotrophic	58	45	2035.8191	0.7759
Glycolysis / gluconeogenesis	imat	12_xylose	anaerobic	necrotrophic	58	46	1009.0747	0.7931
Glycolysis / gluconeogenesis	imat	13_arabinose	aerobic	necrotrophic	58	44	1053.0839	0.7586
Glycolysis / gluconeogenesis	imat	14_maltose	aerobic	necrotrophic	58	46	3098.5838	0.7931
Glycolysis / gluconeogenesis	imat	14_maltose	anaerobic	necrotrophic	58	47	2024.5257	0.8103
Glycolysis / gluconeogenesis	imat	15_mixed_aa	aerobic	necrotrophic	58	42	1013.7841	0.7241
Glycolysis / gluconeogenesis	imat	15_mixed_aa	anaerobic	necrotrophic	58	43	7.6029	0.7414
Glycolysis / gluconeogenesis	imat	16_pre_infection_mix	aerobic	cocktail	58	42	3008.4279	0.7241
Glycolysis / gluconeogenesis	imat	16_pre_infection_mix	anaerobic	cocktail	58	44	4010.2771	0.7586
Glycolysis / gluconeogenesis	imat	17_biotrophic_mix	aerobic	cocktail	58	45	2802.0473	0.7759
Glycolysis / gluconeogenesis	imat	17_biotrophic_mix	anaerobic	cocktail	58	42	11.6333	0.7241
Glycolysis / gluconeogenesis	imat	18_necrotrophic_mix	aerobic	cocktail	58	41	1077.8572	0.7069
Glycolysis / gluconeogenesis	imat	18_necrotrophic_mix	anaerobic	cocktail	58	42	5040.5783	0.7241
Glycolysis / gluconeogenesis	pfba	01_trehalose	aerobic	pre-infection	58	28	23.6128	0.4828
Glycolysis / gluconeogenesis	pfba	01_trehalose	anaerobic	pre-infection	58	26	31.9699	0.4483
Glycolysis / gluconeogenesis	pfba	02_glycerol	aerobic	pre-infection	58	26	6.9125	0.4483
Glycolysis / gluconeogenesis	pfba	02_glycerol	anaerobic	pre-infection	58	25	8.0864	0.431
Glycolysis / gluconeogenesis	pfba	03_palmitate	aerobic	pre-infection	58	23	16.975	0.3966
Glycolysis / gluconeogenesis	pfba	04_oleate	aerobic	pre-infection	58	24	19.0819	0.4138
Glycolysis / gluconeogenesis	pfba	05_hexacosanoate	aerobic	pre-infection	58	23	18.8804	0.3966
Glycolysis / gluconeogenesis	pfba	06_glucose_low	aerobic	biotrophic	58	28	11.8102	0.4828
Glycolysis / gluconeogenesis	pfba	06_glucose_low	anaerobic	biotrophic	58	27	15.9859	0.4655
Glycolysis / gluconeogenesis	pfba	07_sucrose_low	aerobic	biotrophic	58	30	12.1867	0.5172
Glycolysis / gluconeogenesis	pfba	07_sucrose_low	anaerobic	biotrophic	58	28	15.9859	0.4828
Glycolysis / gluconeogenesis	pfba	08_glutamate	aerobic	biotrophic	58	24	8.8542	0.4138
Glycolysis / gluconeogenesis	pfba	08_glutamate	anaerobic	biotrophic	58	0	0.0	0.0
Glycolysis / gluconeogenesis	pfba	09_glutamine	aerobic	biotrophic	58	24	8.8631	0.4138
Glycolysis / gluconeogenesis	pfba	09_glutamine	anaerobic	biotrophic	58	0	0.0	0.0
Glycolysis / gluconeogenesis	pfba	10_gaba	aerobic	biotrophic	58	22	7.5327	0.3793
Glycolysis / gluconeogenesis	pfba	11_galacturonate	aerobic	necrotrophic	58	27	33.2117	0.4655
Glycolysis / gluconeogenesis	pfba	11_galacturonate	anaerobic	necrotrophic	58	27	38.9019	0.4655
Glycolysis / gluconeogenesis	pfba	12_xylose	aerobic	necrotrophic	58	25	44.3796	0.431
Glycolysis / gluconeogenesis	pfba	12_xylose	anaerobic	necrotrophic	58	25	22.3779	0.431
Glycolysis / gluconeogenesis	pfba	13_arabinose	aerobic	necrotrophic	58	25	44.8222	0.431
Glycolysis / gluconeogenesis	pfba	14_maltose	aerobic	necrotrophic	58	30	128.1024	0.5172
Glycolysis / gluconeogenesis	pfba	14_maltose	anaerobic	necrotrophic	58	29	169.8593	0.5
Glycolysis / gluconeogenesis	pfba	15_mixed_aa	aerobic	necrotrophic	58	22	16.2299	0.3793
Glycolysis / gluconeogenesis	pfba	15_mixed_aa	anaerobic	necrotrophic	58	23	6.3567	0.3966
Glycolysis / gluconeogenesis	pfba	16_pre_infection_mix	aerobic	cocktail	58	25	5.9184	0.431
Glycolysis / gluconeogenesis	pfba	16_pre_infection_mix	anaerobic	cocktail	58	26	11.958	0.4483
Glycolysis / gluconeogenesis	pfba	17_biotrophic_mix	aerobic	cocktail	58	27	6.7479	0.4655
Glycolysis / gluconeogenesis	pfba	17_biotrophic_mix	anaerobic	cocktail	58	28	10.4351	0.4828
Glycolysis / gluconeogenesis	pfba	18_necrotrophic_mix	aerobic	cocktail	58	27	112.0812	0.4655
Glycolysis / gluconeogenesis	pfba	18_necrotrophic_mix	anaerobic	cocktail	58	28	136.5266	0.4828
Lipid / membrane	eflux	01_trehalose	aerobic	pre-infection	35	10	0.1331	0.2857
Lipid / membrane	eflux	01_trehalose	anaerobic	pre-infection	35	10	0.0271	0.2857
Lipid / membrane	eflux	02_glycerol	aerobic	pre-infection	35	11	0.0601	0.3143
Lipid / membrane	eflux	02_glycerol	anaerobic	pre-infection	35	5	0.0013	0.1429
Lipid / membrane	eflux	03_palmitate	aerobic	pre-infection	35	12	0.3459	0.3429
Lipid / membrane	eflux	04_oleate	aerobic	pre-infection	35	12	0.3885	0.3429
Lipid / membrane	eflux	05_hexacosanoate	aerobic	pre-infection	35	10	0.3766	0.2857
Lipid / membrane	eflux	06_glucose_low	aerobic	biotrophic	35	11	0.1055	0.3143
Lipid / membrane	eflux	06_glucose_low	anaerobic	biotrophic	35	9	0.0135	0.2571
Lipid / membrane	eflux	07_sucrose_low	aerobic	biotrophic	35	10	0.0666	0.2857
Lipid / membrane	eflux	07_sucrose_low	anaerobic	biotrophic	35	10	0.0215	0.2857
Lipid / membrane	eflux	08_glutamate	aerobic	biotrophic	35	13	0.2164	0.3714
Lipid / membrane	eflux	08_glutamate	anaerobic	biotrophic	35	5	0.0008	0.1429
Lipid / membrane	eflux	09_glutamine	aerobic	biotrophic	35	13	0.2167	0.3714
Lipid / membrane	eflux	09_glutamine	anaerobic	biotrophic	35	5	0.0008	0.1429
Lipid / membrane	eflux	10_gaba	aerobic	biotrophic	35	10	0.0906	0.2857
Lipid / membrane	eflux	11_galacturonate	aerobic	necrotrophic	35	0	0.0	0.0
Lipid / membrane	eflux	11_galacturonate	anaerobic	necrotrophic	35	0	0.0	0.0
Lipid / membrane	eflux	12_xylose	aerobic	necrotrophic	35	10	0.2662	0.2857
Lipid / membrane	eflux	12_xylose	anaerobic	necrotrophic	35	10	0.0273	0.2857
Lipid / membrane	eflux	13_arabinose	aerobic	necrotrophic	35	10	0.2551	0.2857
Lipid / membrane	eflux	14_maltose	aerobic	necrotrophic	35	10	0.6655	0.2857
Lipid / membrane	eflux	14_maltose	anaerobic	necrotrophic	35	11	0.2146	0.3143
Lipid / membrane	eflux	15_mixed_aa	aerobic	necrotrophic	35	12	0.4322	0.3429
Lipid / membrane	eflux	15_mixed_aa	anaerobic	necrotrophic	35	13	0.0471	0.3714
Lipid / membrane	eflux	16_pre_infection_mix	aerobic	cocktail	35	10	0.1267	0.2857
Lipid / membrane	eflux	16_pre_infection_mix	anaerobic	cocktail	35	9	0.0092	0.2571
Lipid / membrane	eflux	17_biotrophic_mix	aerobic	cocktail	35	12	0.1901	0.3429
Lipid / membrane	eflux	17_biotrophic_mix	anaerobic	cocktail	35	9	0.0171	0.2571
Lipid / membrane	eflux	18_necrotrophic_mix	aerobic	cocktail	35	10	0.7542	0.2857
Lipid / membrane	eflux	18_necrotrophic_mix	anaerobic	cocktail	35	11	0.2317	0.3143
Lipid / membrane	gimme	01_trehalose	aerobic	pre-infection	35	10	0.1378	0.2857
Lipid / membrane	gimme	01_trehalose	anaerobic	pre-infection	35	12	0.0412	0.3429
Lipid / membrane	gimme	02_glycerol	aerobic	pre-infection	35	11	0.0593	0.3143
Lipid / membrane	gimme	02_glycerol	anaerobic	pre-infection	35	5	0.0011	0.1429
Lipid / membrane	gimme	03_palmitate	aerobic	pre-infection	35	10	0.1875	0.2857
Lipid / membrane	gimme	04_oleate	aerobic	pre-infection	35	12	0.3497	0.3429
Lipid / membrane	gimme	05_hexacosanoate	aerobic	pre-infection	35	10	0.3917	0.2857
Lipid / membrane	gimme	06_glucose_low	aerobic	biotrophic	35	11	0.104	0.3143
Lipid / membrane	gimme	06_glucose_low	anaerobic	biotrophic	35	9	0.0122	0.2571
Lipid / membrane	gimme	07_sucrose_low	aerobic	biotrophic	35	11	0.104	0.3143
Lipid / membrane	gimme	07_sucrose_low	anaerobic	biotrophic	35	10	0.0193	0.2857
Lipid / membrane	gimme	08_glutamate	aerobic	biotrophic	35	13	0.1948	0.3714
Lipid / membrane	gimme	08_glutamate	anaerobic	biotrophic	35	4	0.0004	0.1143
Lipid / membrane	gimme	09_glutamine	aerobic	biotrophic	35	13	0.195	0.3714
Lipid / membrane	gimme	09_glutamine	anaerobic	biotrophic	35	4	0.0004	0.1143
Lipid / membrane	gimme	10_gaba	aerobic	biotrophic	35	10	0.094	0.2857
Lipid / membrane	gimme	11_galacturonate	aerobic	necrotrophic	35	13	0.5514	0.3714
Lipid / membrane	gimme	11_galacturonate	anaerobic	necrotrophic	35	13	0.0775	0.3714
Lipid / membrane	gimme	12_xylose	aerobic	necrotrophic	35	10	0.2756	0.2857
Lipid / membrane	gimme	12_xylose	anaerobic	necrotrophic	35	11	0.0389	0.3143
Lipid / membrane	gimme	13_arabinose	aerobic	necrotrophic	35	10	0.2641	0.2857
Lipid / membrane	gimme	14_maltose	aerobic	necrotrophic	35	12	0.6023	0.3429
Lipid / membrane	gimme	14_maltose	anaerobic	necrotrophic	35	13	0.2877	0.3714
Lipid / membrane	gimme	15_mixed_aa	aerobic	necrotrophic	35	10	0.2342	0.2857
Lipid / membrane	gimme	15_mixed_aa	anaerobic	necrotrophic	35	11	0.0299	0.3143
Lipid / membrane	gimme	16_pre_infection_mix	aerobic	cocktail	35	10	0.131	0.2857
Lipid / membrane	gimme	16_pre_infection_mix	anaerobic	cocktail	35	9	0.0083	0.2571
Lipid / membrane	gimme	17_biotrophic_mix	aerobic	cocktail	35	10	0.1129	0.2857
Lipid / membrane	gimme	17_biotrophic_mix	anaerobic	cocktail	35	9	0.0154	0.2571
Lipid / membrane	gimme	18_necrotrophic_mix	aerobic	cocktail	35	12	1.2168	0.3429
Lipid / membrane	gimme	18_necrotrophic_mix	anaerobic	cocktail	35	10	0.1453	0.2857
Lipid / membrane	imat	01_trehalose	aerobic	pre-infection	35	13	0.0579	0.3714
Lipid / membrane	imat	01_trehalose	anaerobic	pre-infection	35	11	0.02	0.3143
Lipid / membrane	imat	02_glycerol	aerobic	pre-infection	35	17	0.0287	0.4857
Lipid / membrane	imat	02_glycerol	anaerobic	pre-infection	35	2	0.0001	0.0571
Lipid / membrane	imat	03_palmitate	aerobic	pre-infection	35	15	0.5502	0.4286
Lipid / membrane	imat	04_oleate	aerobic	pre-infection	35	13	0.0378	0.3714
Lipid / membrane	imat	05_hexacosanoate	aerobic	pre-infection	35	13	0.0591	0.3714
Lipid / membrane	imat	06_glucose_low	aerobic	biotrophic	35	11	0.0619	0.3143
Lipid / membrane	imat	06_glucose_low	anaerobic	biotrophic	35	10	0.0078	0.2857
Lipid / membrane	imat	07_sucrose_low	aerobic	biotrophic	35	13	0.069	0.3714
Lipid / membrane	imat	07_sucrose_low	anaerobic	biotrophic	35	14	0.0287	0.4
Lipid / membrane	imat	08_glutamate	aerobic	biotrophic	35	11	0.0113	0.3143
Lipid / membrane	imat	08_glutamate	anaerobic	biotrophic	35	1	0.0	0.0286
Lipid / membrane	imat	09_glutamine	aerobic	biotrophic	35	11	0.0375	0.3143
Lipid / membrane	imat	09_glutamine	anaerobic	biotrophic	35	1	0.0	0.0286
Lipid / membrane	imat	10_gaba	aerobic	biotrophic	35	10	0.0135	0.2857
Lipid / membrane	imat	11_galacturonate	aerobic	necrotrophic	35	13	0.7871	0.3714
Lipid / membrane	imat	11_galacturonate	anaerobic	necrotrophic	35	14	0.0311	0.4
Lipid / membrane	imat	12_xylose	aerobic	necrotrophic	35	13	0.0779	0.3714
Lipid / membrane	imat	12_xylose	anaerobic	necrotrophic	35	13	0.0095	0.3714
Lipid / membrane	imat	13_arabinose	aerobic	necrotrophic	35	17	0.4133	0.4857
Lipid / membrane	imat	14_maltose	aerobic	necrotrophic	35	13	0.4839	0.3714
Lipid / membrane	imat	14_maltose	anaerobic	necrotrophic	35	12	0.0366	0.3429
Lipid / membrane	imat	15_mixed_aa	aerobic	necrotrophic	35	13	0.3748	0.3714
Lipid / membrane	imat	15_mixed_aa	anaerobic	necrotrophic	35	10	0.0065	0.2857
Lipid / membrane	imat	16_pre_infection_mix	aerobic	cocktail	35	15	0.4062	0.4286
Lipid / membrane	imat	16_pre_infection_mix	anaerobic	cocktail	35	12	0.0238	0.3429
Lipid / membrane	imat	17_biotrophic_mix	aerobic	cocktail	35	11	0.013	0.3143
Lipid / membrane	imat	17_biotrophic_mix	anaerobic	cocktail	35	10	0.0065	0.2857
Lipid / membrane	imat	18_necrotrophic_mix	aerobic	cocktail	35	14	0.3192	0.4
Lipid / membrane	imat	18_necrotrophic_mix	anaerobic	cocktail	35	13	0.0577	0.3714
Lipid / membrane	pfba	01_trehalose	aerobic	pre-infection	35	11	0.2111	0.3143
Lipid / membrane	pfba	01_trehalose	anaerobic	pre-infection	35	11	0.0429	0.3143
Lipid / membrane	pfba	02_glycerol	aerobic	pre-infection	35	10	0.0379	0.2857
Lipid / membrane	pfba	02_glycerol	anaerobic	pre-infection	35	4	0.0008	0.1143
Lipid / membrane	pfba	03_palmitate	aerobic	pre-infection	35	12	0.3459	0.3429
Lipid / membrane	pfba	04_oleate	aerobic	pre-infection	35	13	0.5255	0.3714
Lipid / membrane	pfba	05_hexacosanoate	aerobic	pre-infection	35	10	0.3766	0.2857
Lipid / membrane	pfba	06_glucose_low	aerobic	biotrophic	35	10	0.0666	0.2857
Lipid / membrane	pfba	06_glucose_low	anaerobic	biotrophic	35	10	0.0215	0.2857
Lipid / membrane	pfba	07_sucrose_low	aerobic	biotrophic	35	10	0.0666	0.2857
Lipid / membrane	pfba	07_sucrose_low	anaerobic	biotrophic	35	10	0.0215	0.2857
Lipid / membrane	pfba	08_glutamate	aerobic	biotrophic	35	12	0.16	0.3429
Lipid / membrane	pfba	08_glutamate	anaerobic	biotrophic	35	0	0.0	0.0
Lipid / membrane	pfba	09_glutamine	aerobic	biotrophic	35	13	0.2167	0.3714
Lipid / membrane	pfba	09_glutamine	anaerobic	biotrophic	35	0	0.0	0.0
Lipid / membrane	pfba	10_gaba	aerobic	biotrophic	35	13	0.2035	0.3714
Lipid / membrane	pfba	11_galacturonate	aerobic	necrotrophic	35	13	0.6127	0.3714
Lipid / membrane	pfba	11_galacturonate	anaerobic	necrotrophic	35	11	0.0592	0.3143
Lipid / membrane	pfba	12_xylose	aerobic	necrotrophic	35	10	0.2662	0.2857
Lipid / membrane	pfba	12_xylose	anaerobic	necrotrophic	35	11	0.0433	0.3143
Lipid / membrane	pfba	13_arabinose	aerobic	necrotrophic	35	10	0.2551	0.2857
Lipid / membrane	pfba	14_maltose	aerobic	necrotrophic	35	11	1.0552	0.3143
Lipid / membrane	pfba	14_maltose	anaerobic	necrotrophic	35	11	0.2146	0.3143
Lipid / membrane	pfba	15_mixed_aa	aerobic	necrotrophic	35	12	0.4322	0.3429
Lipid / membrane	pfba	15_mixed_aa	anaerobic	necrotrophic	35	13	0.0471	0.3714
Lipid / membrane	pfba	16_pre_infection_mix	aerobic	cocktail	35	10	0.1267	0.2857
Lipid / membrane	pfba	16_pre_infection_mix	anaerobic	cocktail	35	10	0.0146	0.2857
Lipid / membrane	pfba	17_biotrophic_mix	aerobic	cocktail	35	13	0.2572	0.3714
Lipid / membrane	pfba	17_biotrophic_mix	anaerobic	cocktail	35	10	0.0272	0.2857
Lipid / membrane	pfba	18_necrotrophic_mix	aerobic	cocktail	35	10	0.8142	0.2857
Lipid / membrane	pfba	18_necrotrophic_mix	anaerobic	cocktail	35	11	0.256	0.3143
Melanin / DHN	eflux	01_trehalose	aerobic	pre-infection	7	7	0.0004	1.0
Melanin / DHN	eflux	01_trehalose	anaerobic	pre-infection	7	7	0.0001	1.0
Melanin / DHN	eflux	02_glycerol	aerobic	pre-infection	7	7	0.0001	1.0
Melanin / DHN	eflux	02_glycerol	anaerobic	pre-infection	7	0	0.0	0.0
Melanin / DHN	eflux	03_palmitate	aerobic	pre-infection	7	7	0.0007	1.0
Melanin / DHN	eflux	04_oleate	aerobic	pre-infection	7	7	0.0008	1.0
Melanin / DHN	eflux	05_hexacosanoate	aerobic	pre-infection	7	7	0.0012	1.0
Melanin / DHN	eflux	06_glucose_low	aerobic	biotrophic	7	7	0.0002	1.0
Melanin / DHN	eflux	06_glucose_low	anaerobic	biotrophic	7	7	0.0	1.0
Melanin / DHN	eflux	07_sucrose_low	aerobic	biotrophic	7	7	0.0002	1.0
Melanin / DHN	eflux	07_sucrose_low	anaerobic	biotrophic	7	7	0.0	1.0
Melanin / DHN	eflux	08_glutamate	aerobic	biotrophic	7	7	0.0003	1.0
Melanin / DHN	eflux	08_glutamate	anaerobic	biotrophic	7	0	0.0	0.0
Melanin / DHN	eflux	09_glutamine	aerobic	biotrophic	7	7	0.0003	1.0
Melanin / DHN	eflux	09_glutamine	anaerobic	biotrophic	7	0	0.0	0.0
Melanin / DHN	eflux	10_gaba	aerobic	biotrophic	7	7	0.0003	1.0
Melanin / DHN	eflux	11_galacturonate	aerobic	necrotrophic	7	0	0.0	0.0
Melanin / DHN	eflux	11_galacturonate	anaerobic	necrotrophic	7	0	0.0	0.0
Melanin / DHN	eflux	12_xylose	aerobic	necrotrophic	7	7	0.0009	1.0
Melanin / DHN	eflux	12_xylose	anaerobic	necrotrophic	7	7	0.0001	1.0
Melanin / DHN	eflux	13_arabinose	aerobic	necrotrophic	7	7	0.0008	1.0
Melanin / DHN	eflux	14_maltose	aerobic	necrotrophic	7	7	0.0022	1.0
Melanin / DHN	eflux	14_maltose	anaerobic	necrotrophic	7	7	0.0004	1.0
Melanin / DHN	eflux	15_mixed_aa	aerobic	necrotrophic	7	7	0.0009	1.0
Melanin / DHN	eflux	15_mixed_aa	anaerobic	necrotrophic	7	7	0.0001	1.0
Melanin / DHN	eflux	16_pre_infection_mix	aerobic	cocktail	7	7	0.0004	1.0
Melanin / DHN	eflux	16_pre_infection_mix	anaerobic	cocktail	7	7	0.0	1.0
Melanin / DHN	eflux	17_biotrophic_mix	aerobic	cocktail	7	7	0.0004	1.0
Melanin / DHN	eflux	17_biotrophic_mix	anaerobic	cocktail	7	7	0.0001	1.0
Melanin / DHN	eflux	18_necrotrophic_mix	aerobic	cocktail	7	7	0.0025	1.0
Melanin / DHN	eflux	18_necrotrophic_mix	anaerobic	cocktail	7	7	0.0005	1.0
Melanin / DHN	gimme	01_trehalose	aerobic	pre-infection	7	7	0.0004	1.0
Melanin / DHN	gimme	01_trehalose	anaerobic	pre-infection	7	7	0.0001	1.0
Melanin / DHN	gimme	02_glycerol	aerobic	pre-infection	7	7	0.0001	1.0
Melanin / DHN	gimme	02_glycerol	anaerobic	pre-infection	7	0	0.0	0.0
Melanin / DHN	gimme	03_palmitate	aerobic	pre-infection	7	7	0.0006	1.0
Melanin / DHN	gimme	04_oleate	aerobic	pre-infection	7	7	0.0007	1.0
Melanin / DHN	gimme	05_hexacosanoate	aerobic	pre-infection	7	7	0.0011	1.0
Melanin / DHN	gimme	06_glucose_low	aerobic	biotrophic	7	7	0.0002	1.0
Melanin / DHN	gimme	06_glucose_low	anaerobic	biotrophic	7	7	0.0	1.0
Melanin / DHN	gimme	07_sucrose_low	aerobic	biotrophic	7	7	0.0002	1.0
Melanin / DHN	gimme	07_sucrose_low	anaerobic	biotrophic	7	7	0.0	1.0
Melanin / DHN	gimme	08_glutamate	aerobic	biotrophic	7	7	0.0003	1.0
Melanin / DHN	gimme	08_glutamate	anaerobic	biotrophic	7	0	0.0	0.0
Melanin / DHN	gimme	09_glutamine	aerobic	biotrophic	7	7	0.0003	1.0
Melanin / DHN	gimme	09_glutamine	anaerobic	biotrophic	7	0	0.0	0.0
Melanin / DHN	gimme	10_gaba	aerobic	biotrophic	7	7	0.0003	1.0
Melanin / DHN	gimme	11_galacturonate	aerobic	necrotrophic	7	7	0.0008	1.0
Melanin / DHN	gimme	11_galacturonate	anaerobic	necrotrophic	7	7	0.0001	1.0
Melanin / DHN	gimme	12_xylose	aerobic	necrotrophic	7	7	0.0008	1.0
Melanin / DHN	gimme	12_xylose	anaerobic	necrotrophic	7	7	0.0001	1.0
Melanin / DHN	gimme	13_arabinose	aerobic	necrotrophic	7	7	0.0008	1.0
Melanin / DHN	gimme	14_maltose	aerobic	necrotrophic	7	7	0.002	1.0
Melanin / DHN	gimme	14_maltose	anaerobic	necrotrophic	7	7	0.0004	1.0
Melanin / DHN	gimme	15_mixed_aa	aerobic	necrotrophic	7	7	0.0008	1.0
Melanin / DHN	gimme	15_mixed_aa	anaerobic	necrotrophic	7	7	0.0001	1.0
Melanin / DHN	gimme	16_pre_infection_mix	aerobic	cocktail	7	7	0.0004	1.0
Melanin / DHN	gimme	16_pre_infection_mix	anaerobic	cocktail	7	7	0.0	1.0
Melanin / DHN	gimme	17_biotrophic_mix	aerobic	cocktail	7	7	0.0003	1.0
Melanin / DHN	gimme	17_biotrophic_mix	anaerobic	cocktail	7	7	0.0001	1.0
Melanin / DHN	gimme	18_necrotrophic_mix	aerobic	cocktail	7	7	0.0024	1.0
Melanin / DHN	gimme	18_necrotrophic_mix	anaerobic	cocktail	7	7	0.0005	1.0
Melanin / DHN	imat	01_trehalose	aerobic	pre-infection	7	7	0.0001	1.0
Melanin / DHN	imat	01_trehalose	anaerobic	pre-infection	7	7	0.0001	1.0
Melanin / DHN	imat	02_glycerol	aerobic	pre-infection	7	7	0.0	1.0
Melanin / DHN	imat	02_glycerol	anaerobic	pre-infection	7	0	0.0	0.0
Melanin / DHN	imat	03_palmitate	aerobic	pre-infection	7	7	0.0005	1.0
Melanin / DHN	imat	04_oleate	aerobic	pre-infection	7	7	0.0001	1.0
Melanin / DHN	imat	05_hexacosanoate	aerobic	pre-infection	7	7	0.0001	1.0
Melanin / DHN	imat	06_glucose_low	aerobic	biotrophic	7	7	0.0002	1.0
Melanin / DHN	imat	06_glucose_low	anaerobic	biotrophic	7	7	0.0	1.0
Melanin / DHN	imat	07_sucrose_low	aerobic	biotrophic	7	7	0.0001	1.0
Melanin / DHN	imat	07_sucrose_low	anaerobic	biotrophic	7	7	0.0	1.0
Melanin / DHN	imat	08_glutamate	aerobic	biotrophic	7	7	0.0	1.0
Melanin / DHN	imat	08_glutamate	anaerobic	biotrophic	7	0	0.0	0.0
Melanin / DHN	imat	09_glutamine	aerobic	biotrophic	7	7	0.0001	1.0
Melanin / DHN	imat	09_glutamine	anaerobic	biotrophic	7	0	0.0	0.0
Melanin / DHN	imat	10_gaba	aerobic	biotrophic	7	7	0.0	1.0
Melanin / DHN	imat	11_galacturonate	aerobic	necrotrophic	7	7	0.0007	1.0
Melanin / DHN	imat	11_galacturonate	anaerobic	necrotrophic	7	7	0.0	1.0
Melanin / DHN	imat	12_xylose	aerobic	necrotrophic	7	7	0.0001	1.0
Melanin / DHN	imat	12_xylose	anaerobic	necrotrophic	7	7	0.0	1.0
Melanin / DHN	imat	13_arabinose	aerobic	necrotrophic	7	7	0.0007	1.0
Melanin / DHN	imat	14_maltose	aerobic	necrotrophic	7	7	0.0016	1.0
Melanin / DHN	imat	14_maltose	anaerobic	necrotrophic	7	7	0.0	1.0
Melanin / DHN	imat	15_mixed_aa	aerobic	necrotrophic	7	7	0.0007	1.0
Melanin / DHN	imat	15_mixed_aa	anaerobic	necrotrophic	7	7	0.0	1.0
Melanin / DHN	imat	16_pre_infection_mix	aerobic	cocktail	7	7	0.0004	1.0
Melanin / DHN	imat	16_pre_infection_mix	anaerobic	cocktail	7	5	0.0	0.7143
Melanin / DHN	imat	17_biotrophic_mix	aerobic	cocktail	7	7	0.0	1.0
Melanin / DHN	imat	17_biotrophic_mix	anaerobic	cocktail	7	7	0.0	1.0
Melanin / DHN	imat	18_necrotrophic_mix	aerobic	cocktail	7	7	0.001	1.0
Melanin / DHN	imat	18_necrotrophic_mix	anaerobic	cocktail	7	7	0.0001	1.0
Melanin / DHN	pfba	01_trehalose	aerobic	pre-infection	7	7	0.0004	1.0
Melanin / DHN	pfba	01_trehalose	anaerobic	pre-infection	7	7	0.0001	1.0
Melanin / DHN	pfba	02_glycerol	aerobic	pre-infection	7	7	0.0001	1.0
Melanin / DHN	pfba	02_glycerol	anaerobic	pre-infection	7	0	0.0	0.0
Melanin / DHN	pfba	03_palmitate	aerobic	pre-infection	7	7	0.0007	1.0
Melanin / DHN	pfba	04_oleate	aerobic	pre-infection	7	7	0.0008	1.0
Melanin / DHN	pfba	05_hexacosanoate	aerobic	pre-infection	7	7	0.0012	1.0
Melanin / DHN	pfba	06_glucose_low	aerobic	biotrophic	7	7	0.0002	1.0
Melanin / DHN	pfba	06_glucose_low	anaerobic	biotrophic	7	7	0.0	1.0
Melanin / DHN	pfba	07_sucrose_low	aerobic	biotrophic	7	7	0.0002	1.0
Melanin / DHN	pfba	07_sucrose_low	anaerobic	biotrophic	7	7	0.0	1.0
Melanin / DHN	pfba	08_glutamate	aerobic	biotrophic	7	7	0.0003	1.0
Melanin / DHN	pfba	08_glutamate	anaerobic	biotrophic	7	0	0.0	0.0
Melanin / DHN	pfba	09_glutamine	aerobic	biotrophic	7	7	0.0003	1.0
Melanin / DHN	pfba	09_glutamine	anaerobic	biotrophic	7	0	0.0	0.0
Melanin / DHN	pfba	10_gaba	aerobic	biotrophic	7	7	0.0003	1.0
Melanin / DHN	pfba	11_galacturonate	aerobic	necrotrophic	7	7	0.0009	1.0
Melanin / DHN	pfba	11_galacturonate	anaerobic	necrotrophic	7	7	0.0001	1.0
Melanin / DHN	pfba	12_xylose	aerobic	necrotrophic	7	7	0.0009	1.0
Melanin / DHN	pfba	12_xylose	anaerobic	necrotrophic	7	7	0.0001	1.0
Melanin / DHN	pfba	13_arabinose	aerobic	necrotrophic	7	7	0.0008	1.0
Melanin / DHN	pfba	14_maltose	aerobic	necrotrophic	7	7	0.0022	1.0
Melanin / DHN	pfba	14_maltose	anaerobic	necrotrophic	7	7	0.0004	1.0
Melanin / DHN	pfba	15_mixed_aa	aerobic	necrotrophic	7	7	0.0009	1.0
Melanin / DHN	pfba	15_mixed_aa	anaerobic	necrotrophic	7	7	0.0001	1.0
Melanin / DHN	pfba	16_pre_infection_mix	aerobic	cocktail	7	7	0.0004	1.0
Melanin / DHN	pfba	16_pre_infection_mix	anaerobic	cocktail	7	7	0.0	1.0
Melanin / DHN	pfba	17_biotrophic_mix	aerobic	cocktail	7	7	0.0004	1.0
Melanin / DHN	pfba	17_biotrophic_mix	anaerobic	cocktail	7	7	0.0001	1.0
Melanin / DHN	pfba	18_necrotrophic_mix	aerobic	cocktail	7	7	0.0027	1.0
Melanin / DHN	pfba	18_necrotrophic_mix	anaerobic	cocktail	7	7	0.0005	1.0
Nucleotide metabolism	eflux	01_trehalose	aerobic	pre-infection	21	8	0.4885	0.381
Nucleotide metabolism	eflux	01_trehalose	anaerobic	pre-infection	21	8	0.0993	0.381
Nucleotide metabolism	eflux	02_glycerol	aerobic	pre-infection	21	8	0.1401	0.381
Nucleotide metabolism	eflux	02_glycerol	anaerobic	pre-infection	21	8	0.003	0.381
Nucleotide metabolism	eflux	03_palmitate	aerobic	pre-infection	21	8	0.7695	0.381
Nucleotide metabolism	eflux	04_oleate	aerobic	pre-infection	21	8	0.8644	0.381
Nucleotide metabolism	eflux	05_hexacosanoate	aerobic	pre-infection	21	8	1.3915	0.381
Nucleotide metabolism	eflux	06_glucose_low	aerobic	biotrophic	21	8	0.246	0.381
Nucleotide metabolism	eflux	06_glucose_low	anaerobic	biotrophic	21	8	0.05	0.381
Nucleotide metabolism	eflux	07_sucrose_low	aerobic	biotrophic	21	8	0.246	0.381
Nucleotide metabolism	eflux	07_sucrose_low	anaerobic	biotrophic	21	8	0.05	0.381
Nucleotide metabolism	eflux	08_glutamate	aerobic	biotrophic	21	8	0.356	0.381
Nucleotide metabolism	eflux	08_glutamate	anaerobic	biotrophic	21	6	0.0018	0.2857
Nucleotide metabolism	eflux	09_glutamine	aerobic	biotrophic	21	7	0.354	0.3333
Nucleotide metabolism	eflux	09_glutamine	anaerobic	biotrophic	21	5	0.0018	0.2381
Nucleotide metabolism	eflux	10_gaba	aerobic	biotrophic	21	8	0.3348	0.381
Nucleotide metabolism	eflux	11_galacturonate	aerobic	necrotrophic	21	0	0.0	0.0
Nucleotide metabolism	eflux	11_galacturonate	anaerobic	necrotrophic	21	0	0.0	0.0
Nucleotide metabolism	eflux	12_xylose	aerobic	necrotrophic	21	8	0.9841	0.381
Nucleotide metabolism	eflux	12_xylose	anaerobic	necrotrophic	21	8	0.1008	0.381
Nucleotide metabolism	eflux	13_arabinose	aerobic	necrotrophic	21	8	0.9427	0.381
Nucleotide metabolism	eflux	14_maltose	aerobic	necrotrophic	21	8	2.4602	0.381
Nucleotide metabolism	eflux	14_maltose	anaerobic	necrotrophic	21	8	0.5001	0.381
Nucleotide metabolism	eflux	15_mixed_aa	aerobic	necrotrophic	21	7	0.9556	0.3333
Nucleotide metabolism	eflux	15_mixed_aa	anaerobic	necrotrophic	21	8	0.0775	0.381
Nucleotide metabolism	eflux	16_pre_infection_mix	aerobic	cocktail	21	8	0.4652	0.381
Nucleotide metabolism	eflux	16_pre_infection_mix	anaerobic	cocktail	21	8	0.0338	0.381
Nucleotide metabolism	eflux	17_biotrophic_mix	aerobic	cocktail	21	7	0.4202	0.3333
Nucleotide metabolism	eflux	17_biotrophic_mix	anaerobic	cocktail	21	8	0.0633	0.381
Nucleotide metabolism	eflux	18_necrotrophic_mix	aerobic	cocktail	21	8	2.7865	0.381
Nucleotide metabolism	eflux	18_necrotrophic_mix	anaerobic	cocktail	21	8	0.5401	0.381
Nucleotide metabolism	gimme	01_trehalose	aerobic	pre-infection	21	9	0.4582	0.4286
Nucleotide metabolism	gimme	01_trehalose	anaerobic	pre-infection	21	10	0.2229	0.4762
Nucleotide metabolism	gimme	02_glycerol	aerobic	pre-infection	21	9	0.1315	0.4286
Nucleotide metabolism	gimme	02_glycerol	anaerobic	pre-infection	21	10	0.0027	0.4762
Nucleotide metabolism	gimme	03_palmitate	aerobic	pre-infection	21	9	0.6935	0.4286
Nucleotide metabolism	gimme	04_oleate	aerobic	pre-infection	21	9	1.3318	0.4286
Nucleotide metabolism	gimme	05_hexacosanoate	aerobic	pre-infection	21	10	1.3085	0.4762
Nucleotide metabolism	gimme	06_glucose_low	aerobic	biotrophic	21	9	0.2307	0.4286
Nucleotide metabolism	gimme	06_glucose_low	anaerobic	biotrophic	21	9	0.1117	0.4286
Nucleotide metabolism	gimme	07_sucrose_low	aerobic	biotrophic	21	10	0.2309	0.4762
Nucleotide metabolism	gimme	07_sucrose_low	anaerobic	biotrophic	21	9	0.0451	0.4286
Nucleotide metabolism	gimme	08_glutamate	aerobic	biotrophic	21	9	0.824	0.4286
Nucleotide metabolism	gimme	08_glutamate	anaerobic	biotrophic	21	6	0.0037	0.2857
Nucleotide metabolism	gimme	09_glutamine	aerobic	biotrophic	21	8	0.5208	0.381
Nucleotide metabolism	gimme	09_glutamine	anaerobic	biotrophic	21	5	0.0038	0.2381
Nucleotide metabolism	gimme	10_gaba	aerobic	biotrophic	21	9	0.3142	0.4286
Nucleotide metabolism	gimme	11_galacturonate	aerobic	necrotrophic	21	10	0.9095	0.4762
Nucleotide metabolism	gimme	11_galacturonate	anaerobic	necrotrophic	21	9	0.1245	0.4286
Nucleotide metabolism	gimme	12_xylose	aerobic	necrotrophic	21	9	0.9229	0.4286
Nucleotide metabolism	gimme	12_xylose	anaerobic	necrotrophic	21	10	0.177	0.4762
Nucleotide metabolism	gimme	13_arabinose	aerobic	necrotrophic	21	9	0.884	0.4286
Nucleotide metabolism	gimme	14_maltose	aerobic	necrotrophic	21	9	2.2172	0.4286
Nucleotide metabolism	gimme	14_maltose	anaerobic	necrotrophic	21	9	0.4507	0.4286
Nucleotide metabolism	gimme	15_mixed_aa	aerobic	necrotrophic	21	8	0.8609	0.381
Nucleotide metabolism	gimme	15_mixed_aa	anaerobic	necrotrophic	21	9	0.0698	0.4286
Nucleotide metabolism	gimme	16_pre_infection_mix	aerobic	cocktail	21	9	0.4362	0.4286
Nucleotide metabolism	gimme	16_pre_infection_mix	anaerobic	cocktail	21	9	0.0305	0.4286
Nucleotide metabolism	gimme	17_biotrophic_mix	aerobic	cocktail	21	8	0.3884	0.381
Nucleotide metabolism	gimme	17_biotrophic_mix	anaerobic	cocktail	21	9	0.057	0.4286
Nucleotide metabolism	gimme	18_necrotrophic_mix	aerobic	cocktail	21	9	2.7112	0.4286
Nucleotide metabolism	gimme	18_necrotrophic_mix	anaerobic	cocktail	21	10	0.5384	0.4762
Nucleotide metabolism	imat	01_trehalose	aerobic	pre-infection	21	12	1000.1616	0.5714
Nucleotide metabolism	imat	01_trehalose	anaerobic	pre-infection	21	12	0.1003	0.5714
Nucleotide metabolism	imat	02_glycerol	aerobic	pre-infection	21	13	2000.0318	0.619
Nucleotide metabolism	imat	02_glycerol	anaerobic	pre-infection	21	9	0.0133	0.4286
Nucleotide metabolism	imat	03_palmitate	aerobic	pre-infection	21	10	0.5906	0.4762
Nucleotide metabolism	imat	04_oleate	aerobic	pre-infection	21	13	0.1585	0.619
Nucleotide metabolism	imat	05_hexacosanoate	aerobic	pre-infection	21	13	3000.0972	0.619
Nucleotide metabolism	imat	06_glucose_low	aerobic	biotrophic	21	13	1000.2545	0.619
Nucleotide metabolism	imat	06_glucose_low	anaerobic	biotrophic	21	13	0.0393	0.619
Nucleotide metabolism	imat	07_sucrose_low	aerobic	biotrophic	21	12	0.1624	0.5714
Nucleotide metabolism	imat	07_sucrose_low	anaerobic	biotrophic	21	11	0.0348	0.5238
Nucleotide metabolism	imat	08_glutamate	aerobic	biotrophic	21	13	0.1023	0.619
Nucleotide metabolism	imat	08_glutamate	anaerobic	biotrophic	21	9	0.0135	0.4286
Nucleotide metabolism	imat	09_glutamine	aerobic	biotrophic	21	12	3000.0883	0.5714
Nucleotide metabolism	imat	09_glutamine	anaerobic	biotrophic	21	9	0.0135	0.4286
Nucleotide metabolism	imat	10_gaba	aerobic	biotrophic	21	12	1034.597	0.5714
Nucleotide metabolism	imat	11_galacturonate	aerobic	necrotrophic	21	11	0.8645	0.5238
Nucleotide metabolism	imat	11_galacturonate	anaerobic	necrotrophic	21	13	1000.0496	0.619
Nucleotide metabolism	imat	12_xylose	aerobic	necrotrophic	21	13	3000.0882	0.619
Nucleotide metabolism	imat	12_xylose	anaerobic	necrotrophic	21	13	0.0492	0.619
Nucleotide metabolism	imat	13_arabinose	aerobic	necrotrophic	21	13	2001.7646	0.619
Nucleotide metabolism	imat	14_maltose	aerobic	necrotrophic	21	12	1001.8017	0.5714
Nucleotide metabolism	imat	14_maltose	anaerobic	necrotrophic	21	14	2000.0509	0.6667
Nucleotide metabolism	imat	15_mixed_aa	aerobic	necrotrophic	21	12	0.8476	0.5714
Nucleotide metabolism	imat	15_mixed_aa	anaerobic	necrotrophic	21	11	0.046	0.5238
Nucleotide metabolism	imat	16_pre_infection_mix	aerobic	cocktail	21	11	1000.5013	0.5238
Nucleotide metabolism	imat	16_pre_infection_mix	anaerobic	cocktail	21	14	1000.0423	0.6667
Nucleotide metabolism	imat	17_biotrophic_mix	aerobic	cocktail	21	12	1000.0639	0.5714
Nucleotide metabolism	imat	17_biotrophic_mix	anaerobic	cocktail	21	11	0.057	0.5238
Nucleotide metabolism	imat	18_necrotrophic_mix	aerobic	cocktail	21	11	1.1501	0.5238
Nucleotide metabolism	imat	18_necrotrophic_mix	anaerobic	cocktail	21	12	2000.0872	0.5714
Nucleotide metabolism	pfba	01_trehalose	aerobic	pre-infection	21	8	0.4887	0.381
Nucleotide metabolism	pfba	01_trehalose	anaerobic	pre-infection	21	8	0.0994	0.381
Nucleotide metabolism	pfba	02_glycerol	aerobic	pre-infection	21	8	0.1401	0.381
Nucleotide metabolism	pfba	02_glycerol	anaerobic	pre-infection	21	8	0.003	0.381
Nucleotide metabolism	pfba	03_palmitate	aerobic	pre-infection	21	8	0.7695	0.381
Nucleotide metabolism	pfba	04_oleate	aerobic	pre-infection	21	8	0.8644	0.381
Nucleotide metabolism	pfba	05_hexacosanoate	aerobic	pre-infection	21	8	1.3915	0.381
Nucleotide metabolism	pfba	06_glucose_low	aerobic	biotrophic	21	8	0.246	0.381
Nucleotide metabolism	pfba	06_glucose_low	anaerobic	biotrophic	21	8	0.05	0.381
Nucleotide metabolism	pfba	07_sucrose_low	aerobic	biotrophic	21	8	0.246	0.381
Nucleotide metabolism	pfba	07_sucrose_low	anaerobic	biotrophic	21	8	0.05	0.381
Nucleotide metabolism	pfba	08_glutamate	aerobic	biotrophic	21	8	0.3562	0.381
Nucleotide metabolism	pfba	08_glutamate	anaerobic	biotrophic	21	0	0.0	0.0
Nucleotide metabolism	pfba	09_glutamine	aerobic	biotrophic	21	7	0.3542	0.3333
Nucleotide metabolism	pfba	09_glutamine	anaerobic	biotrophic	21	0	0.0	0.0
Nucleotide metabolism	pfba	10_gaba	aerobic	biotrophic	21	8	0.3349	0.381
Nucleotide metabolism	pfba	11_galacturonate	aerobic	necrotrophic	21	8	1.0078	0.381
Nucleotide metabolism	pfba	11_galacturonate	anaerobic	necrotrophic	21	8	0.1381	0.381
Nucleotide metabolism	pfba	12_xylose	aerobic	necrotrophic	21	8	0.9841	0.381
Nucleotide metabolism	pfba	12_xylose	anaerobic	necrotrophic	21	8	0.1009	0.381
Nucleotide metabolism	pfba	13_arabinose	aerobic	necrotrophic	21	8	0.9431	0.381
Nucleotide metabolism	pfba	14_maltose	aerobic	necrotrophic	21	8	2.4591	0.381
Nucleotide metabolism	pfba	14_maltose	anaerobic	necrotrophic	21	8	0.5003	0.381
Nucleotide metabolism	pfba	15_mixed_aa	aerobic	necrotrophic	21	7	0.9556	0.3333
Nucleotide metabolism	pfba	15_mixed_aa	anaerobic	necrotrophic	21	8	0.0775	0.381
Nucleotide metabolism	pfba	16_pre_infection_mix	aerobic	cocktail	21	8	0.4652	0.381
Nucleotide metabolism	pfba	16_pre_infection_mix	anaerobic	cocktail	21	8	0.0338	0.381
Nucleotide metabolism	pfba	17_biotrophic_mix	aerobic	cocktail	21	7	0.4204	0.3333
Nucleotide metabolism	pfba	17_biotrophic_mix	anaerobic	cocktail	21	8	0.0633	0.381
Nucleotide metabolism	pfba	18_necrotrophic_mix	aerobic	cocktail	21	8	3.0095	0.381
Nucleotide metabolism	pfba	18_necrotrophic_mix	anaerobic	cocktail	21	8	0.5969	0.381
Other / unassigned	eflux	01_trehalose	aerobic	pre-infection	576	208	40.5576	0.3611
Other / unassigned	eflux	01_trehalose	anaerobic	pre-infection	576	206	4.9145	0.3576
Other / unassigned	eflux	02_glycerol	aerobic	pre-infection	576	205	12.387	0.3559
Other / unassigned	eflux	02_glycerol	anaerobic	pre-infection	576	145	2.3564	0.2517
Other / unassigned	eflux	03_palmitate	aerobic	pre-infection	576	211	89.8661	0.3663
Other / unassigned	eflux	04_oleate	aerobic	pre-infection	576	212	118.2819	0.3681
Other / unassigned	eflux	05_hexacosanoate	aerobic	pre-infection	576	221	141.6328	0.3837
Other / unassigned	eflux	06_glucose_low	aerobic	biotrophic	576	206	20.7102	0.3576
Other / unassigned	eflux	06_glucose_low	anaerobic	biotrophic	576	202	2.8778	0.3507
Other / unassigned	eflux	07_sucrose_low	aerobic	biotrophic	576	207	20.7813	0.3594
Other / unassigned	eflux	07_sucrose_low	anaerobic	biotrophic	576	201	2.862	0.349
Other / unassigned	eflux	08_glutamate	aerobic	biotrophic	576	207	32.161	0.3594
Other / unassigned	eflux	08_glutamate	anaerobic	biotrophic	576	141	6.2888	0.2448
Other / unassigned	eflux	09_glutamine	aerobic	biotrophic	576	207	33.3967	0.3594
Other / unassigned	eflux	09_glutamine	anaerobic	biotrophic	576	142	10.5655	0.2465
Other / unassigned	eflux	10_gaba	aerobic	biotrophic	576	213	37.0638	0.3698
Other / unassigned	eflux	11_galacturonate	aerobic	necrotrophic	576	0	0.0	0.0
Other / unassigned	eflux	11_galacturonate	anaerobic	necrotrophic	576	0	0.0	0.0
Other / unassigned	eflux	12_xylose	aerobic	necrotrophic	576	208	94.8132	0.3611
Other / unassigned	eflux	12_xylose	anaerobic	necrotrophic	576	209	10.8564	0.3628
Other / unassigned	eflux	13_arabinose	aerobic	necrotrophic	576	208	98.4611	0.3611
Other / unassigned	eflux	14_maltose	aerobic	necrotrophic	576	207	202.8135	0.3594
Other / unassigned	eflux	14_maltose	anaerobic	necrotrophic	576	203	24.2158	0.3524
Other / unassigned	eflux	15_mixed_aa	aerobic	necrotrophic	576	196	98.7934	0.3403
Other / unassigned	eflux	15_mixed_aa	anaerobic	necrotrophic	576	182	7.4376	0.316
Other / unassigned	eflux	16_pre_infection_mix	aerobic	cocktail	576	210	46.7365	0.3646
Other / unassigned	eflux	16_pre_infection_mix	anaerobic	cocktail	576	207	2.0149	0.3594
Other / unassigned	eflux	17_biotrophic_mix	aerobic	cocktail	576	208	36.2559	0.3611
Other / unassigned	eflux	17_biotrophic_mix	anaerobic	cocktail	576	203	4.9973	0.3524
Other / unassigned	eflux	18_necrotrophic_mix	aerobic	cocktail	576	197	224.8501	0.342
Other / unassigned	eflux	18_necrotrophic_mix	anaerobic	cocktail	576	184	24.396	0.3194
Other / unassigned	gimme	01_trehalose	aerobic	pre-infection	576	211	40.2795	0.3663
Other / unassigned	gimme	01_trehalose	anaerobic	pre-infection	576	208	5.4437	0.3611
Other / unassigned	gimme	02_glycerol	aerobic	pre-infection	576	209	13.4413	0.3628
Other / unassigned	gimme	02_glycerol	anaerobic	pre-infection	576	147	2.4016	0.2552
Other / unassigned	gimme	03_palmitate	aerobic	pre-infection	576	213	91.7794	0.3698
Other / unassigned	gimme	04_oleate	aerobic	pre-infection	576	214	114.9908	0.3715
Other / unassigned	gimme	05_hexacosanoate	aerobic	pre-infection	576	220	139.8992	0.3819
Other / unassigned	gimme	06_glucose_low	aerobic	biotrophic	576	207	20.5833	0.3594
Other / unassigned	gimme	06_glucose_low	anaerobic	biotrophic	576	204	3.0584	0.3542
Other / unassigned	gimme	07_sucrose_low	aerobic	biotrophic	576	211	20.7054	0.3663
Other / unassigned	gimme	07_sucrose_low	anaerobic	biotrophic	576	203	2.9825	0.3524
Other / unassigned	gimme	08_glutamate	aerobic	biotrophic	576	209	35.2363	0.3628
Other / unassigned	gimme	08_glutamate	anaerobic	biotrophic	576	142	7.1204	0.2465
Other / unassigned	gimme	09_glutamine	aerobic	biotrophic	576	209	31.9024	0.3628
Other / unassigned	gimme	09_glutamine	anaerobic	biotrophic	576	137	11.3285	0.2378
Other / unassigned	gimme	10_gaba	aerobic	biotrophic	576	218	37.629	0.3785
Other / unassigned	gimme	11_galacturonate	aerobic	necrotrophic	576	210	89.5983	0.3646
Other / unassigned	gimme	11_galacturonate	anaerobic	necrotrophic	576	207	11.5496	0.3594
Other / unassigned	gimme	12_xylose	aerobic	necrotrophic	576	211	94.4785	0.3663
Other / unassigned	gimme	12_xylose	anaerobic	necrotrophic	576	213	11.378	0.3698
Other / unassigned	gimme	13_arabinose	aerobic	necrotrophic	576	209	98.1277	0.3628
Other / unassigned	gimme	14_maltose	aerobic	necrotrophic	576	207	183.1269	0.3594
Other / unassigned	gimme	14_maltose	anaerobic	necrotrophic	576	206	26.109	0.3576
Other / unassigned	gimme	15_mixed_aa	aerobic	necrotrophic	576	197	91.4695	0.342
Other / unassigned	gimme	15_mixed_aa	anaerobic	necrotrophic	576	192	3006.2242	0.3333
Other / unassigned	gimme	16_pre_infection_mix	aerobic	cocktail	576	210	44.8846	0.3646
Other / unassigned	gimme	16_pre_infection_mix	anaerobic	cocktail	576	183	2.0285	0.3177
Other / unassigned	gimme	17_biotrophic_mix	aerobic	cocktail	576	207	34.6116	0.3594
Other / unassigned	gimme	17_biotrophic_mix	anaerobic	cocktail	576	205	4.9994	0.3559
Other / unassigned	gimme	18_necrotrophic_mix	aerobic	cocktail	576	201	219.1821	0.349
Other / unassigned	gimme	18_necrotrophic_mix	anaerobic	cocktail	576	195	5028.5082	0.3385
Other / unassigned	imat	01_trehalose	aerobic	pre-infection	576	309	3771.7982	0.5365
Other / unassigned	imat	01_trehalose	anaerobic	pre-infection	576	307	8004.5812	0.533
Other / unassigned	imat	02_glycerol	aerobic	pre-infection	576	285	6021.3913	0.4948
Other / unassigned	imat	02_glycerol	anaerobic	pre-infection	576	197	1669.7808	0.342
Other / unassigned	imat	03_palmitate	aerobic	pre-infection	576	312	1818.8122	0.5417
Other / unassigned	imat	04_oleate	aerobic	pre-infection	576	319	3009142.3184	0.5538
Other / unassigned	imat	05_hexacosanoate	aerobic	pre-infection	576	322	3008177.9505	0.559
Other / unassigned	imat	06_glucose_low	aerobic	biotrophic	576	316	3010021.1953	0.5486
Other / unassigned	imat	06_glucose_low	anaerobic	biotrophic	576	271	5003.0619	0.4705
Other / unassigned	imat	07_sucrose_low	aerobic	biotrophic	576	304	3680.1466	0.5278
Other / unassigned	imat	07_sucrose_low	anaerobic	biotrophic	576	260	1672.0989	0.4514
Other / unassigned	imat	08_glutamate	aerobic	biotrophic	576	307	3008015.4202	0.533
Other / unassigned	imat	08_glutamate	anaerobic	biotrophic	576	144	1675.3934	0.25
Other / unassigned	imat	09_glutamine	aerobic	biotrophic	576	313	7111.0839	0.5434
Other / unassigned	imat	09_glutamine	anaerobic	biotrophic	576	148	3676.7402	0.2569
Other / unassigned	imat	10_gaba	aerobic	biotrophic	576	288	3008039.3225	0.5
Other / unassigned	imat	11_galacturonate	aerobic	necrotrophic	576	308	3004135.8658	0.5347
Other / unassigned	imat	11_galacturonate	anaerobic	necrotrophic	576	277	3007006.5737	0.4809
Other / unassigned	imat	12_xylose	aerobic	necrotrophic	576	313	3008302.2572	0.5434
Other / unassigned	imat	12_xylose	anaerobic	necrotrophic	576	279	3008671.1884	0.4844
Other / unassigned	imat	13_arabinose	aerobic	necrotrophic	576	315	2799.6618	0.5469
Other / unassigned	imat	14_maltose	aerobic	necrotrophic	576	314	6204.5366	0.5451
Other / unassigned	imat	14_maltose	anaerobic	necrotrophic	576	308	3007006.63	0.5347
Other / unassigned	imat	15_mixed_aa	aerobic	necrotrophic	576	306	3006079.5554	0.5312
Other / unassigned	imat	15_mixed_aa	anaerobic	necrotrophic	576	264	1003.4163	0.4583
Other / unassigned	imat	16_pre_infection_mix	aerobic	cocktail	576	305	4717.4003	0.5295
Other / unassigned	imat	16_pre_infection_mix	anaerobic	cocktail	576	276	3005999.7697	0.4792
Other / unassigned	imat	17_biotrophic_mix	aerobic	cocktail	576	311	3006003.5506	0.5399
Other / unassigned	imat	17_biotrophic_mix	anaerobic	cocktail	576	276	2671.7499	0.4792
Other / unassigned	imat	18_necrotrophic_mix	aerobic	cocktail	576	311	1801.7127	0.5399
Other / unassigned	imat	18_necrotrophic_mix	anaerobic	cocktail	576	302	6020.0744	0.5243
Other / unassigned	pfba	01_trehalose	aerobic	pre-infection	576	206	40.3994	0.3576
Other / unassigned	pfba	01_trehalose	anaerobic	pre-infection	576	204	4.8827	0.3542
Other / unassigned	pfba	02_glycerol	aerobic	pre-infection	576	207	12.4313	0.3594
Other / unassigned	pfba	02_glycerol	anaerobic	pre-infection	576	147	2.3575	0.2552
Other / unassigned	pfba	03_palmitate	aerobic	pre-infection	576	211	89.6471	0.3663
Other / unassigned	pfba	04_oleate	aerobic	pre-infection	576	213	118.0363	0.3698
Other / unassigned	pfba	05_hexacosanoate	aerobic	pre-infection	576	223	141.7413	0.3872
Other / unassigned	pfba	06_glucose_low	aerobic	biotrophic	576	207	20.7824	0.3594
Other / unassigned	pfba	06_glucose_low	anaerobic	biotrophic	576	201	2.8772	0.349
Other / unassigned	pfba	07_sucrose_low	aerobic	biotrophic	576	207	20.7824	0.3594
Other / unassigned	pfba	07_sucrose_low	anaerobic	biotrophic	576	201	2.8772	0.349
Other / unassigned	pfba	08_glutamate	aerobic	biotrophic	576	206	32.2441	0.3576
Other / unassigned	pfba	08_glutamate	anaerobic	biotrophic	576	0	0.0	0.0
Other / unassigned	pfba	09_glutamine	aerobic	biotrophic	576	206	33.3817	0.3576
Other / unassigned	pfba	09_glutamine	anaerobic	biotrophic	576	0	0.0	0.0
Other / unassigned	pfba	10_gaba	aerobic	biotrophic	576	212	36.89	0.3681
Other / unassigned	pfba	11_galacturonate	aerobic	necrotrophic	576	207	91.2498	0.3594
Other / unassigned	pfba	11_galacturonate	anaerobic	necrotrophic	576	206	11.4595	0.3576
Other / unassigned	pfba	12_xylose	aerobic	necrotrophic	576	208	94.8132	0.3611
Other / unassigned	pfba	12_xylose	anaerobic	necrotrophic	576	208	10.8396	0.3611
Other / unassigned	pfba	13_arabinose	aerobic	necrotrophic	576	207	98.4362	0.3594
Other / unassigned	pfba	14_maltose	aerobic	necrotrophic	576	207	202.0352	0.3594
Other / unassigned	pfba	14_maltose	anaerobic	necrotrophic	576	204	24.4102	0.3542
Other / unassigned	pfba	15_mixed_aa	aerobic	necrotrophic	576	195	98.7619	0.3385
Other / unassigned	pfba	15_mixed_aa	anaerobic	necrotrophic	576	182	8.0161	0.316
Other / unassigned	pfba	16_pre_infection_mix	aerobic	cocktail	576	212	46.7519	0.3681
Other / unassigned	pfba	16_pre_infection_mix	anaerobic	cocktail	576	205	2.0041	0.3559
Other / unassigned	pfba	17_biotrophic_mix	aerobic	cocktail	576	206	36.3668	0.3576
Other / unassigned	pfba	17_biotrophic_mix	anaerobic	cocktail	576	202	5.2167	0.3507
Other / unassigned	pfba	18_necrotrophic_mix	aerobic	cocktail	576	198	241.899	0.3438
Other / unassigned	pfba	18_necrotrophic_mix	anaerobic	cocktail	576	184	26.0482	0.3194
Oxidative phosphorylation / ETC	eflux	01_trehalose	aerobic	pre-infection	24	8	20.3753	0.3333
Oxidative phosphorylation / ETC	eflux	01_trehalose	anaerobic	pre-infection	24	5	0.4005	0.2083
Oxidative phosphorylation / ETC	eflux	02_glycerol	aerobic	pre-infection	24	9	6.8194	0.375
Oxidative phosphorylation / ETC	eflux	02_glycerol	anaerobic	pre-infection	24	5	0.7832	0.2083
Oxidative phosphorylation / ETC	eflux	03_palmitate	aerobic	pre-infection	24	6	36.6451	0.25
Oxidative phosphorylation / ETC	eflux	04_oleate	aerobic	pre-infection	24	8	47.2669	0.3333
Oxidative phosphorylation / ETC	eflux	05_hexacosanoate	aerobic	pre-infection	24	7	58.6154	0.2917
Oxidative phosphorylation / ETC	eflux	06_glucose_low	aerobic	biotrophic	24	8	10.1914	0.3333
Oxidative phosphorylation / ETC	eflux	06_glucose_low	anaerobic	biotrophic	24	6	0.2002	0.25
Oxidative phosphorylation / ETC	eflux	07_sucrose_low	aerobic	biotrophic	24	8	10.1914	0.3333
Oxidative phosphorylation / ETC	eflux	07_sucrose_low	anaerobic	biotrophic	24	5	0.2002	0.2083
Oxidative phosphorylation / ETC	eflux	08_glutamate	aerobic	biotrophic	24	9	19.5374	0.375
Oxidative phosphorylation / ETC	eflux	08_glutamate	anaerobic	biotrophic	24	5	3.7257	0.2083
Oxidative phosphorylation / ETC	eflux	09_glutamine	aerobic	biotrophic	24	9	20.6176	0.375
Oxidative phosphorylation / ETC	eflux	09_glutamine	anaerobic	biotrophic	24	5	3.7257	0.2083
Oxidative phosphorylation / ETC	eflux	10_gaba	aerobic	biotrophic	24	8	22.3886	0.3333
Oxidative phosphorylation / ETC	eflux	11_galacturonate	aerobic	necrotrophic	24	0	0.0	0.0
Oxidative phosphorylation / ETC	eflux	11_galacturonate	anaerobic	necrotrophic	24	0	0.0	0.0
Oxidative phosphorylation / ETC	eflux	12_xylose	aerobic	necrotrophic	24	8	47.2654	0.3333
Oxidative phosphorylation / ETC	eflux	12_xylose	anaerobic	necrotrophic	24	6	0.1051	0.25
Oxidative phosphorylation / ETC	eflux	13_arabinose	aerobic	necrotrophic	24	8	53.0602	0.3333
Oxidative phosphorylation / ETC	eflux	14_maltose	aerobic	necrotrophic	24	8	101.9136	0.3333
Oxidative phosphorylation / ETC	eflux	14_maltose	anaerobic	necrotrophic	24	6	2.0018	0.25
Oxidative phosphorylation / ETC	eflux	15_mixed_aa	aerobic	necrotrophic	24	8	55.5509	0.3333
Oxidative phosphorylation / ETC	eflux	15_mixed_aa	anaerobic	necrotrophic	24	6	3.9446	0.25
Oxidative phosphorylation / ETC	eflux	16_pre_infection_mix	aerobic	cocktail	24	8	19.8726	0.3333
Oxidative phosphorylation / ETC	eflux	16_pre_infection_mix	anaerobic	cocktail	24	7	0.3167	0.2917
Oxidative phosphorylation / ETC	eflux	17_biotrophic_mix	aerobic	cocktail	24	7	19.0558	0.2917
Oxidative phosphorylation / ETC	eflux	17_biotrophic_mix	anaerobic	cocktail	24	7	2.4988	0.2917
Oxidative phosphorylation / ETC	eflux	18_necrotrophic_mix	aerobic	cocktail	24	8	115.7281	0.3333
Oxidative phosphorylation / ETC	eflux	18_necrotrophic_mix	anaerobic	cocktail	24	5	1.7969	0.2083
Oxidative phosphorylation / ETC	gimme	01_trehalose	aerobic	pre-infection	24	9	19.8175	0.375
Oxidative phosphorylation / ETC	gimme	01_trehalose	anaerobic	pre-infection	24	6	0.3748	0.25
Oxidative phosphorylation / ETC	gimme	02_glycerol	aerobic	pre-infection	24	10	6.6027	0.4167
Oxidative phosphorylation / ETC	gimme	02_glycerol	anaerobic	pre-infection	24	5	0.7449	0.2083
Oxidative phosphorylation / ETC	gimme	03_palmitate	aerobic	pre-infection	24	7	37.1275	0.2917
Oxidative phosphorylation / ETC	gimme	04_oleate	aerobic	pre-infection	24	8	45.4083	0.3333
Oxidative phosphorylation / ETC	gimme	05_hexacosanoate	aerobic	pre-infection	24	7	53.5845	0.2917
Oxidative phosphorylation / ETC	gimme	06_glucose_low	aerobic	biotrophic	24	8	9.9057	0.3333
Oxidative phosphorylation / ETC	gimme	06_glucose_low	anaerobic	biotrophic	24	5	0.1802	0.2083
Oxidative phosphorylation / ETC	gimme	07_sucrose_low	aerobic	biotrophic	24	8	10.0584	0.3333
Oxidative phosphorylation / ETC	gimme	07_sucrose_low	anaerobic	biotrophic	24	5	0.1802	0.2083
Oxidative phosphorylation / ETC	gimme	08_glutamate	aerobic	biotrophic	24	9	22.0649	0.375
Oxidative phosphorylation / ETC	gimme	08_glutamate	anaerobic	biotrophic	24	5	4.0006	0.2083
Oxidative phosphorylation / ETC	gimme	09_glutamine	aerobic	biotrophic	24	9	18.5009	0.375
Oxidative phosphorylation / ETC	gimme	09_glutamine	anaerobic	biotrophic	24	5	3.7256	0.2083
Oxidative phosphorylation / ETC	gimme	10_gaba	aerobic	biotrophic	24	8	21.8642	0.3333
Oxidative phosphorylation / ETC	gimme	11_galacturonate	aerobic	necrotrophic	24	8	46.47	0.3333
Oxidative phosphorylation / ETC	gimme	11_galacturonate	anaerobic	necrotrophic	24	4	0.0817	0.1667
Oxidative phosphorylation / ETC	gimme	12_xylose	aerobic	necrotrophic	24	8	46.1342	0.3333
Oxidative phosphorylation / ETC	gimme	12_xylose	anaerobic	necrotrophic	24	6	0.0692	0.25
Oxidative phosphorylation / ETC	gimme	13_arabinose	aerobic	necrotrophic	24	8	52.0793	0.3333
Oxidative phosphorylation / ETC	gimme	14_maltose	aerobic	necrotrophic	24	8	91.7241	0.3333
Oxidative phosphorylation / ETC	gimme	14_maltose	anaerobic	necrotrophic	24	5	1.4228	0.2083
Oxidative phosphorylation / ETC	gimme	15_mixed_aa	aerobic	necrotrophic	24	8	48.9952	0.3333
Oxidative phosphorylation / ETC	gimme	15_mixed_aa	anaerobic	necrotrophic	24	6	2.2196	0.25
Oxidative phosphorylation / ETC	gimme	16_pre_infection_mix	aerobic	cocktail	24	7	18.8072	0.2917
Oxidative phosphorylation / ETC	gimme	16_pre_infection_mix	anaerobic	cocktail	24	7	0.3648	0.2917
Oxidative phosphorylation / ETC	gimme	17_biotrophic_mix	aerobic	cocktail	24	8	18.1529	0.3333
Oxidative phosphorylation / ETC	gimme	17_biotrophic_mix	anaerobic	cocktail	24	7	1.5207	0.2917
Oxidative phosphorylation / ETC	gimme	18_necrotrophic_mix	aerobic	cocktail	24	8	113.2934	0.3333
Oxidative phosphorylation / ETC	gimme	18_necrotrophic_mix	anaerobic	cocktail	24	6	2.227	0.25
Oxidative phosphorylation / ETC	imat	01_trehalose	aerobic	pre-infection	24	10	86.4627	0.4167
Oxidative phosphorylation / ETC	imat	01_trehalose	anaerobic	pre-infection	24	10	1000.0762	0.4167
Oxidative phosphorylation / ETC	imat	02_glycerol	aerobic	pre-infection	24	13	1023.7803	0.5417
Oxidative phosphorylation / ETC	imat	02_glycerol	anaerobic	pre-infection	24	10	1000.7398	0.4167
Oxidative phosphorylation / ETC	imat	03_palmitate	aerobic	pre-infection	24	11	51.0329	0.4583
Oxidative phosphorylation / ETC	imat	04_oleate	aerobic	pre-infection	24	11	1071.8215	0.4583
Oxidative phosphorylation / ETC	imat	05_hexacosanoate	aerobic	pre-infection	24	13	1194.3902	0.5417
Oxidative phosphorylation / ETC	imat	06_glucose_low	aerobic	biotrophic	24	12	2012.285	0.5
Oxidative phosphorylation / ETC	imat	06_glucose_low	anaerobic	biotrophic	24	13	0.0553	0.5417
Oxidative phosphorylation / ETC	imat	07_sucrose_low	aerobic	biotrophic	24	12	1006.4007	0.5
Oxidative phosphorylation / ETC	imat	07_sucrose_low	anaerobic	biotrophic	24	12	0.077	0.5
Oxidative phosphorylation / ETC	imat	08_glutamate	aerobic	biotrophic	24	12	1076.4476	0.5
Oxidative phosphorylation / ETC	imat	08_glutamate	anaerobic	biotrophic	24	7	2.4201	0.2917
Oxidative phosphorylation / ETC	imat	09_glutamine	aerobic	biotrophic	24	12	81.3589	0.5
Oxidative phosphorylation / ETC	imat	09_glutamine	anaerobic	biotrophic	24	8	3.9974	0.3333
Oxidative phosphorylation / ETC	imat	10_gaba	aerobic	biotrophic	24	13	1062.1854	0.5417
Oxidative phosphorylation / ETC	imat	11_galacturonate	aerobic	necrotrophic	24	12	1075.5099	0.5
Oxidative phosphorylation / ETC	imat	11_galacturonate	anaerobic	necrotrophic	24	12	2000.1099	0.5
Oxidative phosphorylation / ETC	imat	12_xylose	aerobic	necrotrophic	24	13	1273.0897	0.5417
Oxidative phosphorylation / ETC	imat	12_xylose	anaerobic	necrotrophic	24	12	2000.0557	0.5
Oxidative phosphorylation / ETC	imat	13_arabinose	aerobic	necrotrophic	24	12	50.4785	0.5
Oxidative phosphorylation / ETC	imat	14_maltose	aerobic	necrotrophic	24	13	1089.5805	0.5417
Oxidative phosphorylation / ETC	imat	14_maltose	anaerobic	necrotrophic	24	13	1000.0683	0.5417
Oxidative phosphorylation / ETC	imat	15_mixed_aa	aerobic	necrotrophic	24	13	1046.3484	0.5417
Oxidative phosphorylation / ETC	imat	15_mixed_aa	anaerobic	necrotrophic	24	11	0.8709	0.4583
Oxidative phosphorylation / ETC	imat	16_pre_infection_mix	aerobic	cocktail	24	11	21.1682	0.4583
Oxidative phosphorylation / ETC	imat	16_pre_infection_mix	anaerobic	cocktail	24	11	1000.2112	0.4583
Oxidative phosphorylation / ETC	imat	17_biotrophic_mix	aerobic	cocktail	24	12	1003.1058	0.5
Oxidative phosphorylation / ETC	imat	17_biotrophic_mix	anaerobic	cocktail	24	12	1.2645	0.5
Oxidative phosphorylation / ETC	imat	18_necrotrophic_mix	aerobic	cocktail	24	11	1078.2124	0.4583
Oxidative phosphorylation / ETC	imat	18_necrotrophic_mix	anaerobic	cocktail	24	12	1997.862	0.5
Oxidative phosphorylation / ETC	pfba	01_trehalose	aerobic	pre-infection	24	8	20.3753	0.3333
Oxidative phosphorylation / ETC	pfba	01_trehalose	anaerobic	pre-infection	24	6	0.4005	0.25
Oxidative phosphorylation / ETC	pfba	02_glycerol	aerobic	pre-infection	24	9	6.8194	0.375
Oxidative phosphorylation / ETC	pfba	02_glycerol	anaerobic	pre-infection	24	5	0.7832	0.2083
Oxidative phosphorylation / ETC	pfba	03_palmitate	aerobic	pre-infection	24	7	38.7287	0.2917
Oxidative phosphorylation / ETC	pfba	04_oleate	aerobic	pre-infection	24	8	47.2669	0.3333
Oxidative phosphorylation / ETC	pfba	05_hexacosanoate	aerobic	pre-infection	24	7	58.6154	0.2917
Oxidative phosphorylation / ETC	pfba	06_glucose_low	aerobic	biotrophic	24	8	10.1914	0.3333
Oxidative phosphorylation / ETC	pfba	06_glucose_low	anaerobic	biotrophic	24	5	0.2002	0.2083
Oxidative phosphorylation / ETC	pfba	07_sucrose_low	aerobic	biotrophic	24	8	10.1914	0.3333
Oxidative phosphorylation / ETC	pfba	07_sucrose_low	anaerobic	biotrophic	24	5	0.2002	0.2083
Oxidative phosphorylation / ETC	pfba	08_glutamate	aerobic	biotrophic	24	9	20.6816	0.375
Oxidative phosphorylation / ETC	pfba	08_glutamate	anaerobic	biotrophic	24	0	0.0	0.0
Oxidative phosphorylation / ETC	pfba	09_glutamine	aerobic	biotrophic	24	9	19.4743	0.375
Oxidative phosphorylation / ETC	pfba	09_glutamine	anaerobic	biotrophic	24	0	0.0	0.0
Oxidative phosphorylation / ETC	pfba	10_gaba	aerobic	biotrophic	24	8	22.3886	0.3333
Oxidative phosphorylation / ETC	pfba	11_galacturonate	aerobic	necrotrophic	24	7	49.1149	0.2917
Oxidative phosphorylation / ETC	pfba	11_galacturonate	anaerobic	necrotrophic	24	5	0.1446	0.2083
Oxidative phosphorylation / ETC	pfba	12_xylose	aerobic	necrotrophic	24	8	47.2654	0.3333
Oxidative phosphorylation / ETC	pfba	12_xylose	anaerobic	necrotrophic	24	5	0.1051	0.2083
Oxidative phosphorylation / ETC	pfba	13_arabinose	aerobic	necrotrophic	24	8	53.0602	0.3333
Oxidative phosphorylation / ETC	pfba	14_maltose	aerobic	necrotrophic	24	8	101.9136	0.3333
Oxidative phosphorylation / ETC	pfba	14_maltose	anaerobic	necrotrophic	24	5	2.0018	0.2083
Oxidative phosphorylation / ETC	pfba	15_mixed_aa	aerobic	necrotrophic	24	7	55.5509	0.2917
Oxidative phosphorylation / ETC	pfba	15_mixed_aa	anaerobic	necrotrophic	24	6	3.9446	0.25
Oxidative phosphorylation / ETC	pfba	16_pre_infection_mix	aerobic	cocktail	24	8	19.8726	0.3333
Oxidative phosphorylation / ETC	pfba	16_pre_infection_mix	anaerobic	cocktail	24	6	0.3167	0.25
Oxidative phosphorylation / ETC	pfba	17_biotrophic_mix	aerobic	cocktail	24	7	19.0558	0.2917
Oxidative phosphorylation / ETC	pfba	17_biotrophic_mix	anaerobic	cocktail	24	7	2.4988	0.2917
Oxidative phosphorylation / ETC	pfba	18_necrotrophic_mix	aerobic	cocktail	24	8	124.731	0.3333
Oxidative phosphorylation / ETC	pfba	18_necrotrophic_mix	anaerobic	cocktail	24	5	1.8585	0.2083
Pectin / D-galacturonate (Ashwell)	eflux	01_trehalose	aerobic	pre-infection	6	0	0.0	0.0
Pectin / D-galacturonate (Ashwell)	eflux	01_trehalose	anaerobic	pre-infection	6	0	0.0	0.0
Pectin / D-galacturonate (Ashwell)	eflux	02_glycerol	aerobic	pre-infection	6	0	0.0	0.0
Pectin / D-galacturonate (Ashwell)	eflux	02_glycerol	anaerobic	pre-infection	6	0	0.0	0.0
Pectin / D-galacturonate (Ashwell)	eflux	03_palmitate	aerobic	pre-infection	6	0	0.0	0.0
Pectin / D-galacturonate (Ashwell)	eflux	04_oleate	aerobic	pre-infection	6	0	0.0	0.0
Pectin / D-galacturonate (Ashwell)	eflux	05_hexacosanoate	aerobic	pre-infection	6	0	0.0	0.0
Pectin / D-galacturonate (Ashwell)	eflux	06_glucose_low	aerobic	biotrophic	6	0	0.0	0.0
Pectin / D-galacturonate (Ashwell)	eflux	06_glucose_low	anaerobic	biotrophic	6	0	0.0	0.0
Pectin / D-galacturonate (Ashwell)	eflux	07_sucrose_low	aerobic	biotrophic	6	0	0.0	0.0
Pectin / D-galacturonate (Ashwell)	eflux	07_sucrose_low	anaerobic	biotrophic	6	0	0.0	0.0
Pectin / D-galacturonate (Ashwell)	eflux	08_glutamate	aerobic	biotrophic	6	0	0.0	0.0
Pectin / D-galacturonate (Ashwell)	eflux	08_glutamate	anaerobic	biotrophic	6	0	0.0	0.0
Pectin / D-galacturonate (Ashwell)	eflux	09_glutamine	aerobic	biotrophic	6	0	0.0	0.0
Pectin / D-galacturonate (Ashwell)	eflux	09_glutamine	anaerobic	biotrophic	6	0	0.0	0.0
Pectin / D-galacturonate (Ashwell)	eflux	10_gaba	aerobic	biotrophic	6	0	0.0	0.0
Pectin / D-galacturonate (Ashwell)	eflux	11_galacturonate	aerobic	necrotrophic	6	0	0.0	0.0
Pectin / D-galacturonate (Ashwell)	eflux	11_galacturonate	anaerobic	necrotrophic	6	0	0.0	0.0
Pectin / D-galacturonate (Ashwell)	eflux	12_xylose	aerobic	necrotrophic	6	0	0.0	0.0
Pectin / D-galacturonate (Ashwell)	eflux	12_xylose	anaerobic	necrotrophic	6	0	0.0	0.0
Pectin / D-galacturonate (Ashwell)	eflux	13_arabinose	aerobic	necrotrophic	6	0	0.0	0.0
Pectin / D-galacturonate (Ashwell)	eflux	14_maltose	aerobic	necrotrophic	6	0	0.0	0.0
Pectin / D-galacturonate (Ashwell)	eflux	14_maltose	anaerobic	necrotrophic	6	0	0.0	0.0
Pectin / D-galacturonate (Ashwell)	eflux	15_mixed_aa	aerobic	necrotrophic	6	0	0.0	0.0
Pectin / D-galacturonate (Ashwell)	eflux	15_mixed_aa	anaerobic	necrotrophic	6	0	0.0	0.0
Pectin / D-galacturonate (Ashwell)	eflux	16_pre_infection_mix	aerobic	cocktail	6	0	0.0	0.0
Pectin / D-galacturonate (Ashwell)	eflux	16_pre_infection_mix	anaerobic	cocktail	6	0	0.0	0.0
Pectin / D-galacturonate (Ashwell)	eflux	17_biotrophic_mix	aerobic	cocktail	6	0	0.0	0.0
Pectin / D-galacturonate (Ashwell)	eflux	17_biotrophic_mix	anaerobic	cocktail	6	0	0.0	0.0
Pectin / D-galacturonate (Ashwell)	eflux	18_necrotrophic_mix	aerobic	cocktail	6	0	0.0	0.0
Pectin / D-galacturonate (Ashwell)	eflux	18_necrotrophic_mix	anaerobic	cocktail	6	0	0.0	0.0
Pectin / D-galacturonate (Ashwell)	gimme	01_trehalose	aerobic	pre-infection	6	0	0.0	0.0
Pectin / D-galacturonate (Ashwell)	gimme	01_trehalose	anaerobic	pre-infection	6	0	0.0	0.0
Pectin / D-galacturonate (Ashwell)	gimme	02_glycerol	aerobic	pre-infection	6	0	0.0	0.0
Pectin / D-galacturonate (Ashwell)	gimme	02_glycerol	anaerobic	pre-infection	6	0	0.0	0.0
Pectin / D-galacturonate (Ashwell)	gimme	03_palmitate	aerobic	pre-infection	6	0	0.0	0.0
Pectin / D-galacturonate (Ashwell)	gimme	04_oleate	aerobic	pre-infection	6	0	0.0	0.0
Pectin / D-galacturonate (Ashwell)	gimme	05_hexacosanoate	aerobic	pre-infection	6	0	0.0	0.0
Pectin / D-galacturonate (Ashwell)	gimme	06_glucose_low	aerobic	biotrophic	6	0	0.0	0.0
Pectin / D-galacturonate (Ashwell)	gimme	06_glucose_low	anaerobic	biotrophic	6	0	0.0	0.0
Pectin / D-galacturonate (Ashwell)	gimme	07_sucrose_low	aerobic	biotrophic	6	0	0.0	0.0
Pectin / D-galacturonate (Ashwell)	gimme	07_sucrose_low	anaerobic	biotrophic	6	0	0.0	0.0
Pectin / D-galacturonate (Ashwell)	gimme	08_glutamate	aerobic	biotrophic	6	0	0.0	0.0
Pectin / D-galacturonate (Ashwell)	gimme	08_glutamate	anaerobic	biotrophic	6	0	0.0	0.0
Pectin / D-galacturonate (Ashwell)	gimme	09_glutamine	aerobic	biotrophic	6	0	0.0	0.0
Pectin / D-galacturonate (Ashwell)	gimme	09_glutamine	anaerobic	biotrophic	6	0	0.0	0.0
Pectin / D-galacturonate (Ashwell)	gimme	10_gaba	aerobic	biotrophic	6	0	0.0	0.0
Pectin / D-galacturonate (Ashwell)	gimme	11_galacturonate	aerobic	necrotrophic	6	5	22.5001	0.8333
Pectin / D-galacturonate (Ashwell)	gimme	11_galacturonate	anaerobic	necrotrophic	6	5	22.5	0.8333
Pectin / D-galacturonate (Ashwell)	gimme	12_xylose	aerobic	necrotrophic	6	0	0.0	0.0
Pectin / D-galacturonate (Ashwell)	gimme	12_xylose	anaerobic	necrotrophic	6	0	0.0	0.0
Pectin / D-galacturonate (Ashwell)	gimme	13_arabinose	aerobic	necrotrophic	6	0	0.0	0.0
Pectin / D-galacturonate (Ashwell)	gimme	14_maltose	aerobic	necrotrophic	6	0	0.0	0.0
Pectin / D-galacturonate (Ashwell)	gimme	14_maltose	anaerobic	necrotrophic	6	0	0.0	0.0
Pectin / D-galacturonate (Ashwell)	gimme	15_mixed_aa	aerobic	necrotrophic	6	0	0.0	0.0
Pectin / D-galacturonate (Ashwell)	gimme	15_mixed_aa	anaerobic	necrotrophic	6	0	0.0	0.0
Pectin / D-galacturonate (Ashwell)	gimme	16_pre_infection_mix	aerobic	cocktail	6	0	0.0	0.0
Pectin / D-galacturonate (Ashwell)	gimme	16_pre_infection_mix	anaerobic	cocktail	6	0	0.0	0.0
Pectin / D-galacturonate (Ashwell)	gimme	17_biotrophic_mix	aerobic	cocktail	6	0	0.0	0.0
Pectin / D-galacturonate (Ashwell)	gimme	17_biotrophic_mix	anaerobic	cocktail	6	0	0.0	0.0
Pectin / D-galacturonate (Ashwell)	gimme	18_necrotrophic_mix	aerobic	cocktail	6	0	0.0	0.0
Pectin / D-galacturonate (Ashwell)	gimme	18_necrotrophic_mix	anaerobic	cocktail	6	0	0.0	0.0
Pectin / D-galacturonate (Ashwell)	imat	01_trehalose	aerobic	pre-infection	6	0	0.0	0.0
Pectin / D-galacturonate (Ashwell)	imat	01_trehalose	anaerobic	pre-infection	6	0	0.0	0.0
Pectin / D-galacturonate (Ashwell)	imat	02_glycerol	aerobic	pre-infection	6	0	0.0	0.0
Pectin / D-galacturonate (Ashwell)	imat	02_glycerol	anaerobic	pre-infection	6	0	0.0	0.0
Pectin / D-galacturonate (Ashwell)	imat	03_palmitate	aerobic	pre-infection	6	0	0.0	0.0
Pectin / D-galacturonate (Ashwell)	imat	04_oleate	aerobic	pre-infection	6	0	0.0	0.0
Pectin / D-galacturonate (Ashwell)	imat	05_hexacosanoate	aerobic	pre-infection	6	0	0.0	0.0
Pectin / D-galacturonate (Ashwell)	imat	06_glucose_low	aerobic	biotrophic	6	0	0.0	0.0
Pectin / D-galacturonate (Ashwell)	imat	06_glucose_low	anaerobic	biotrophic	6	0	0.0	0.0
Pectin / D-galacturonate (Ashwell)	imat	07_sucrose_low	aerobic	biotrophic	6	0	0.0	0.0
Pectin / D-galacturonate (Ashwell)	imat	07_sucrose_low	anaerobic	biotrophic	6	0	0.0	0.0
Pectin / D-galacturonate (Ashwell)	imat	08_glutamate	aerobic	biotrophic	6	0	0.0	0.0
Pectin / D-galacturonate (Ashwell)	imat	08_glutamate	anaerobic	biotrophic	6	0	0.0	0.0
Pectin / D-galacturonate (Ashwell)	imat	09_glutamine	aerobic	biotrophic	6	0	0.0	0.0
Pectin / D-galacturonate (Ashwell)	imat	09_glutamine	anaerobic	biotrophic	6	0	0.0	0.0
Pectin / D-galacturonate (Ashwell)	imat	10_gaba	aerobic	biotrophic	6	0	0.0	0.0
Pectin / D-galacturonate (Ashwell)	imat	11_galacturonate	aerobic	necrotrophic	6	5	25.0	0.8333
Pectin / D-galacturonate (Ashwell)	imat	11_galacturonate	anaerobic	necrotrophic	6	5	25.0	0.8333
Pectin / D-galacturonate (Ashwell)	imat	12_xylose	aerobic	necrotrophic	6	0	0.0	0.0
Pectin / D-galacturonate (Ashwell)	imat	12_xylose	anaerobic	necrotrophic	6	0	0.0	0.0
Pectin / D-galacturonate (Ashwell)	imat	13_arabinose	aerobic	necrotrophic	6	0	0.0	0.0
Pectin / D-galacturonate (Ashwell)	imat	14_maltose	aerobic	necrotrophic	6	0	0.0	0.0
Pectin / D-galacturonate (Ashwell)	imat	14_maltose	anaerobic	necrotrophic	6	0	0.0	0.0
Pectin / D-galacturonate (Ashwell)	imat	15_mixed_aa	aerobic	necrotrophic	6	0	0.0	0.0
Pectin / D-galacturonate (Ashwell)	imat	15_mixed_aa	anaerobic	necrotrophic	6	0	0.0	0.0
Pectin / D-galacturonate (Ashwell)	imat	16_pre_infection_mix	aerobic	cocktail	6	0	0.0	0.0
Pectin / D-galacturonate (Ashwell)	imat	16_pre_infection_mix	anaerobic	cocktail	6	0	0.0	0.0
Pectin / D-galacturonate (Ashwell)	imat	17_biotrophic_mix	aerobic	cocktail	6	0	0.0	0.0
Pectin / D-galacturonate (Ashwell)	imat	17_biotrophic_mix	anaerobic	cocktail	6	0	0.0	0.0
Pectin / D-galacturonate (Ashwell)	imat	18_necrotrophic_mix	aerobic	cocktail	6	5	0.005	0.8333
Pectin / D-galacturonate (Ashwell)	imat	18_necrotrophic_mix	anaerobic	cocktail	6	0	0.0	0.0
Pectin / D-galacturonate (Ashwell)	pfba	01_trehalose	aerobic	pre-infection	6	0	0.0	0.0
Pectin / D-galacturonate (Ashwell)	pfba	01_trehalose	anaerobic	pre-infection	6	0	0.0	0.0
Pectin / D-galacturonate (Ashwell)	pfba	02_glycerol	aerobic	pre-infection	6	0	0.0	0.0
Pectin / D-galacturonate (Ashwell)	pfba	02_glycerol	anaerobic	pre-infection	6	0	0.0	0.0
Pectin / D-galacturonate (Ashwell)	pfba	03_palmitate	aerobic	pre-infection	6	0	0.0	0.0
Pectin / D-galacturonate (Ashwell)	pfba	04_oleate	aerobic	pre-infection	6	0	0.0	0.0
Pectin / D-galacturonate (Ashwell)	pfba	05_hexacosanoate	aerobic	pre-infection	6	0	0.0	0.0
Pectin / D-galacturonate (Ashwell)	pfba	06_glucose_low	aerobic	biotrophic	6	0	0.0	0.0
Pectin / D-galacturonate (Ashwell)	pfba	06_glucose_low	anaerobic	biotrophic	6	0	0.0	0.0
Pectin / D-galacturonate (Ashwell)	pfba	07_sucrose_low	aerobic	biotrophic	6	0	0.0	0.0
Pectin / D-galacturonate (Ashwell)	pfba	07_sucrose_low	anaerobic	biotrophic	6	0	0.0	0.0
Pectin / D-galacturonate (Ashwell)	pfba	08_glutamate	aerobic	biotrophic	6	0	0.0	0.0
Pectin / D-galacturonate (Ashwell)	pfba	08_glutamate	anaerobic	biotrophic	6	0	0.0	0.0
Pectin / D-galacturonate (Ashwell)	pfba	09_glutamine	aerobic	biotrophic	6	0	0.0	0.0
Pectin / D-galacturonate (Ashwell)	pfba	09_glutamine	anaerobic	biotrophic	6	0	0.0	0.0
Pectin / D-galacturonate (Ashwell)	pfba	10_gaba	aerobic	biotrophic	6	0	0.0	0.0
Pectin / D-galacturonate (Ashwell)	pfba	11_galacturonate	aerobic	necrotrophic	6	5	25.0	0.8333
Pectin / D-galacturonate (Ashwell)	pfba	11_galacturonate	anaerobic	necrotrophic	6	5	25.0	0.8333
Pectin / D-galacturonate (Ashwell)	pfba	12_xylose	aerobic	necrotrophic	6	0	0.0	0.0
Pectin / D-galacturonate (Ashwell)	pfba	12_xylose	anaerobic	necrotrophic	6	0	0.0	0.0
Pectin / D-galacturonate (Ashwell)	pfba	13_arabinose	aerobic	necrotrophic	6	0	0.0	0.0
Pectin / D-galacturonate (Ashwell)	pfba	14_maltose	aerobic	necrotrophic	6	0	0.0	0.0
Pectin / D-galacturonate (Ashwell)	pfba	14_maltose	anaerobic	necrotrophic	6	0	0.0	0.0
Pectin / D-galacturonate (Ashwell)	pfba	15_mixed_aa	aerobic	necrotrophic	6	0	0.0	0.0
Pectin / D-galacturonate (Ashwell)	pfba	15_mixed_aa	anaerobic	necrotrophic	6	0	0.0	0.0
Pectin / D-galacturonate (Ashwell)	pfba	16_pre_infection_mix	aerobic	cocktail	6	0	0.0	0.0
Pectin / D-galacturonate (Ashwell)	pfba	16_pre_infection_mix	anaerobic	cocktail	6	0	0.0	0.0
Pectin / D-galacturonate (Ashwell)	pfba	17_biotrophic_mix	aerobic	cocktail	6	0	0.0	0.0
Pectin / D-galacturonate (Ashwell)	pfba	17_biotrophic_mix	anaerobic	cocktail	6	0	0.0	0.0
Pectin / D-galacturonate (Ashwell)	pfba	18_necrotrophic_mix	aerobic	cocktail	6	5	5.0	0.8333
Pectin / D-galacturonate (Ashwell)	pfba	18_necrotrophic_mix	anaerobic	cocktail	6	5	5.0	0.8333
Pentose phosphate pathway	eflux	01_trehalose	aerobic	pre-infection	20	13	4.2272	0.65
Pentose phosphate pathway	eflux	01_trehalose	anaerobic	pre-infection	20	11	0.977	0.55
Pentose phosphate pathway	eflux	02_glycerol	aerobic	pre-infection	20	14	2.9465	0.7
Pentose phosphate pathway	eflux	02_glycerol	anaerobic	pre-infection	20	12	2.4785	0.6
Pentose phosphate pathway	eflux	03_palmitate	aerobic	pre-infection	20	13	9.8239	0.65
Pentose phosphate pathway	eflux	04_oleate	aerobic	pre-infection	20	13	11.0622	0.65
Pentose phosphate pathway	eflux	05_hexacosanoate	aerobic	pre-infection	20	11	7.9266	0.55
Pentose phosphate pathway	eflux	06_glucose_low	aerobic	biotrophic	20	12	2.1134	0.6
Pentose phosphate pathway	eflux	06_glucose_low	anaerobic	biotrophic	20	11	0.4884	0.55
Pentose phosphate pathway	eflux	07_sucrose_low	aerobic	biotrophic	20	13	2.1134	0.65
Pentose phosphate pathway	eflux	07_sucrose_low	anaerobic	biotrophic	20	11	0.4884	0.55
Pentose phosphate pathway	eflux	08_glutamate	aerobic	biotrophic	20	12	3.3239	0.6
Pentose phosphate pathway	eflux	08_glutamate	anaerobic	biotrophic	20	11	1.2558	0.55
Pentose phosphate pathway	eflux	09_glutamine	aerobic	biotrophic	20	12	3.3313	0.6
Pentose phosphate pathway	eflux	09_glutamine	anaerobic	biotrophic	20	11	1.256	0.55
Pentose phosphate pathway	eflux	10_gaba	aerobic	biotrophic	20	11	3.8269	0.55
Pentose phosphate pathway	eflux	11_galacturonate	aerobic	necrotrophic	20	0	0.0	0.0
Pentose phosphate pathway	eflux	11_galacturonate	anaerobic	necrotrophic	20	0	0.0	0.0
Pentose phosphate pathway	eflux	12_xylose	aerobic	necrotrophic	20	14	20.9537	0.7
Pentose phosphate pathway	eflux	12_xylose	anaerobic	necrotrophic	20	12	6.423	0.6
Pentose phosphate pathway	eflux	13_arabinose	aerobic	necrotrophic	20	13	26.1257	0.65
Pentose phosphate pathway	eflux	14_maltose	aerobic	necrotrophic	20	13	21.1343	0.65
Pentose phosphate pathway	eflux	14_maltose	anaerobic	necrotrophic	20	11	4.8838	0.55
Pentose phosphate pathway	eflux	15_mixed_aa	aerobic	necrotrophic	20	9	6.6557	0.45
Pentose phosphate pathway	eflux	15_mixed_aa	anaerobic	necrotrophic	20	11	0.7604	0.55
Pentose phosphate pathway	eflux	16_pre_infection_mix	aerobic	cocktail	20	15	5.242	0.75
Pentose phosphate pathway	eflux	16_pre_infection_mix	anaerobic	cocktail	20	13	1.1223	0.65
Pentose phosphate pathway	eflux	17_biotrophic_mix	aerobic	cocktail	20	12	4.3504	0.6
Pentose phosphate pathway	eflux	17_biotrophic_mix	anaerobic	cocktail	20	12	1.0967	0.6
Pentose phosphate pathway	eflux	18_necrotrophic_mix	aerobic	cocktail	20	9	24.253	0.45
Pentose phosphate pathway	eflux	18_necrotrophic_mix	anaerobic	cocktail	20	12	4.177	0.6
Pentose phosphate pathway	gimme	01_trehalose	aerobic	pre-infection	20	12	4.2427	0.6
Pentose phosphate pathway	gimme	01_trehalose	anaerobic	pre-infection	20	11	0.8794	0.55
Pentose phosphate pathway	gimme	02_glycerol	aerobic	pre-infection	20	13	2.8524	0.65
Pentose phosphate pathway	gimme	02_glycerol	anaerobic	pre-infection	20	12	2.5106	0.6
Pentose phosphate pathway	gimme	03_palmitate	aerobic	pre-infection	20	13	9.7213	0.65
Pentose phosphate pathway	gimme	04_oleate	aerobic	pre-infection	20	13	10.2484	0.65
Pentose phosphate pathway	gimme	05_hexacosanoate	aerobic	pre-infection	20	11	7.7056	0.55
Pentose phosphate pathway	gimme	06_glucose_low	aerobic	biotrophic	20	12	2.1226	0.6
Pentose phosphate pathway	gimme	06_glucose_low	anaerobic	biotrophic	20	11	0.4395	0.55
Pentose phosphate pathway	gimme	07_sucrose_low	aerobic	biotrophic	20	11	1.5601	0.55
Pentose phosphate pathway	gimme	07_sucrose_low	anaerobic	biotrophic	20	11	0.4395	0.55
Pentose phosphate pathway	gimme	08_glutamate	aerobic	biotrophic	20	12	3.0367	0.6
Pentose phosphate pathway	gimme	08_glutamate	anaerobic	biotrophic	20	10	1.2568	0.5
Pentose phosphate pathway	gimme	09_glutamine	aerobic	biotrophic	20	12	2.9506	0.6
Pentose phosphate pathway	gimme	09_glutamine	anaerobic	biotrophic	20	11	1.2569	0.55
Pentose phosphate pathway	gimme	10_gaba	aerobic	biotrophic	20	11	3.6026	0.55
Pentose phosphate pathway	gimme	11_galacturonate	aerobic	necrotrophic	20	14	21.2106	0.7
Pentose phosphate pathway	gimme	11_galacturonate	anaerobic	necrotrophic	20	13	11.7894	0.65
Pentose phosphate pathway	gimme	12_xylose	aerobic	necrotrophic	20	13	20.9866	0.65
Pentose phosphate pathway	gimme	12_xylose	anaerobic	necrotrophic	20	12	6.2135	0.6
Pentose phosphate pathway	gimme	13_arabinose	aerobic	necrotrophic	20	13	25.7346	0.65
Pentose phosphate pathway	gimme	14_maltose	aerobic	necrotrophic	20	12	19.0207	0.6
Pentose phosphate pathway	gimme	14_maltose	anaerobic	necrotrophic	20	11	4.3954	0.55
Pentose phosphate pathway	gimme	15_mixed_aa	aerobic	necrotrophic	20	9	5.6549	0.45
Pentose phosphate pathway	gimme	15_mixed_aa	anaerobic	necrotrophic	20	11	0.4781	0.55
Pentose phosphate pathway	gimme	16_pre_infection_mix	aerobic	cocktail	20	15	4.8753	0.75
Pentose phosphate pathway	gimme	16_pre_infection_mix	anaerobic	cocktail	20	15	1.1504	0.75
Pentose phosphate pathway	gimme	17_biotrophic_mix	aerobic	cocktail	20	12	3.9647	0.6
Pentose phosphate pathway	gimme	17_biotrophic_mix	anaerobic	cocktail	20	13	1.147	0.65
Pentose phosphate pathway	gimme	18_necrotrophic_mix	aerobic	cocktail	20	11	22.4555	0.55
Pentose phosphate pathway	gimme	18_necrotrophic_mix	anaerobic	cocktail	20	12	4.1599	0.6
Pentose phosphate pathway	imat	01_trehalose	aerobic	pre-infection	20	16	82.7282	0.8
Pentose phosphate pathway	imat	01_trehalose	anaerobic	pre-infection	20	18	1.489	0.9
Pentose phosphate pathway	imat	02_glycerol	aerobic	pre-infection	20	17	24.2895	0.85
Pentose phosphate pathway	imat	02_glycerol	anaerobic	pre-infection	20	14	2.469	0.7
Pentose phosphate pathway	imat	03_palmitate	aerobic	pre-infection	20	18	24.2328	0.9
Pentose phosphate pathway	imat	04_oleate	aerobic	pre-infection	20	18	16.1423	0.9
Pentose phosphate pathway	imat	05_hexacosanoate	aerobic	pre-infection	20	18	24.0743	0.9
Pentose phosphate pathway	imat	06_glucose_low	aerobic	biotrophic	20	17	5.5688	0.85
Pentose phosphate pathway	imat	06_glucose_low	anaerobic	biotrophic	20	17	0.6436	0.85
Pentose phosphate pathway	imat	07_sucrose_low	aerobic	biotrophic	20	18	1.1693	0.9
Pentose phosphate pathway	imat	07_sucrose_low	anaerobic	biotrophic	20	17	1.4219	0.85
Pentose phosphate pathway	imat	08_glutamate	aerobic	biotrophic	20	18	19.5489	0.9
Pentose phosphate pathway	imat	08_glutamate	anaerobic	biotrophic	20	16	1.2614	0.8
Pentose phosphate pathway	imat	09_glutamine	aerobic	biotrophic	20	18	1.0172	0.9
Pentose phosphate pathway	imat	09_glutamine	anaerobic	biotrophic	20	16	1.5564	0.8
Pentose phosphate pathway	imat	10_gaba	aerobic	biotrophic	20	18	3.7372	0.9
Pentose phosphate pathway	imat	11_galacturonate	aerobic	necrotrophic	20	18	32.9458	0.9
Pentose phosphate pathway	imat	11_galacturonate	anaerobic	necrotrophic	20	18	10.1904	0.9
Pentose phosphate pathway	imat	12_xylose	aerobic	necrotrophic	20	18	12.607	0.9
Pentose phosphate pathway	imat	12_xylose	anaerobic	necrotrophic	20	18	2.186	0.9
Pentose phosphate pathway	imat	13_arabinose	aerobic	necrotrophic	20	17	33.1354	0.85
Pentose phosphate pathway	imat	14_maltose	aerobic	necrotrophic	20	18	21.5136	0.9
Pentose phosphate pathway	imat	14_maltose	anaerobic	necrotrophic	20	18	3.676	0.9
Pentose phosphate pathway	imat	15_mixed_aa	aerobic	necrotrophic	20	17	5.8128	0.85
Pentose phosphate pathway	imat	15_mixed_aa	anaerobic	necrotrophic	20	17	0.2115	0.85
Pentose phosphate pathway	imat	16_pre_infection_mix	aerobic	cocktail	20	18	9.7796	0.9
Pentose phosphate pathway	imat	16_pre_infection_mix	anaerobic	cocktail	20	16	0.9137	0.8
Pentose phosphate pathway	imat	17_biotrophic_mix	aerobic	cocktail	20	18	1.4295	0.9
Pentose phosphate pathway	imat	17_biotrophic_mix	anaerobic	cocktail	20	16	2.0981	0.8
Pentose phosphate pathway	imat	18_necrotrophic_mix	aerobic	cocktail	20	17	24.5527	0.85
Pentose phosphate pathway	imat	18_necrotrophic_mix	anaerobic	cocktail	20	17	8.295	0.85
Pentose phosphate pathway	pfba	01_trehalose	aerobic	pre-infection	20	13	4.2272	0.65
Pentose phosphate pathway	pfba	01_trehalose	anaerobic	pre-infection	20	11	0.977	0.55
Pentose phosphate pathway	pfba	02_glycerol	aerobic	pre-infection	20	14	2.9465	0.7
Pentose phosphate pathway	pfba	02_glycerol	anaerobic	pre-infection	20	12	2.4785	0.6
Pentose phosphate pathway	pfba	03_palmitate	aerobic	pre-infection	20	13	9.8239	0.65
Pentose phosphate pathway	pfba	04_oleate	aerobic	pre-infection	20	13	11.0622	0.65
Pentose phosphate pathway	pfba	05_hexacosanoate	aerobic	pre-infection	20	11	7.9266	0.55
Pentose phosphate pathway	pfba	06_glucose_low	aerobic	biotrophic	20	13	2.1134	0.65
Pentose phosphate pathway	pfba	06_glucose_low	anaerobic	biotrophic	20	11	0.4884	0.55
Pentose phosphate pathway	pfba	07_sucrose_low	aerobic	biotrophic	20	13	2.1134	0.65
Pentose phosphate pathway	pfba	07_sucrose_low	anaerobic	biotrophic	20	11	0.4884	0.55
Pentose phosphate pathway	pfba	08_glutamate	aerobic	biotrophic	20	12	3.3239	0.6
Pentose phosphate pathway	pfba	08_glutamate	anaerobic	biotrophic	20	0	0.0	0.0
Pentose phosphate pathway	pfba	09_glutamine	aerobic	biotrophic	20	12	3.3313	0.6
Pentose phosphate pathway	pfba	09_glutamine	anaerobic	biotrophic	20	0	0.0	0.0
Pentose phosphate pathway	pfba	10_gaba	aerobic	biotrophic	20	11	3.8269	0.55
Pentose phosphate pathway	pfba	11_galacturonate	aerobic	necrotrophic	20	15	23.5673	0.75
Pentose phosphate pathway	pfba	11_galacturonate	anaerobic	necrotrophic	20	13	13.0994	0.65
Pentose phosphate pathway	pfba	12_xylose	aerobic	necrotrophic	20	14	20.9537	0.7
Pentose phosphate pathway	pfba	12_xylose	anaerobic	necrotrophic	20	12	6.423	0.6
Pentose phosphate pathway	pfba	13_arabinose	aerobic	necrotrophic	20	14	26.1257	0.7
Pentose phosphate pathway	pfba	14_maltose	aerobic	necrotrophic	20	13	21.1343	0.65
Pentose phosphate pathway	pfba	14_maltose	anaerobic	necrotrophic	20	11	4.8838	0.55
Pentose phosphate pathway	pfba	15_mixed_aa	aerobic	necrotrophic	20	9	6.6557	0.45
Pentose phosphate pathway	pfba	15_mixed_aa	anaerobic	necrotrophic	20	11	0.7604	0.55
Pentose phosphate pathway	pfba	16_pre_infection_mix	aerobic	cocktail	20	15	5.242	0.75
Pentose phosphate pathway	pfba	16_pre_infection_mix	anaerobic	cocktail	20	13	1.1223	0.65
Pentose phosphate pathway	pfba	17_biotrophic_mix	aerobic	cocktail	20	12	4.3504	0.6
Pentose phosphate pathway	pfba	17_biotrophic_mix	anaerobic	cocktail	20	12	1.0967	0.6
Pentose phosphate pathway	pfba	18_necrotrophic_mix	aerobic	cocktail	20	11	29.6211	0.55
Pentose phosphate pathway	pfba	18_necrotrophic_mix	anaerobic	cocktail	20	13	6.7609	0.65
Pentose-sugar catabolism	eflux	01_trehalose	aerobic	pre-infection	6	0	0.0	0.0
Pentose-sugar catabolism	eflux	01_trehalose	anaerobic	pre-infection	6	0	0.0	0.0
Pentose-sugar catabolism	eflux	02_glycerol	aerobic	pre-infection	6	0	0.0	0.0
Pentose-sugar catabolism	eflux	02_glycerol	anaerobic	pre-infection	6	0	0.0	0.0
Pentose-sugar catabolism	eflux	03_palmitate	aerobic	pre-infection	6	0	0.0	0.0
Pentose-sugar catabolism	eflux	04_oleate	aerobic	pre-infection	6	0	0.0	0.0
Pentose-sugar catabolism	eflux	05_hexacosanoate	aerobic	pre-infection	6	0	0.0	0.0
Pentose-sugar catabolism	eflux	06_glucose_low	aerobic	biotrophic	6	0	0.0	0.0
Pentose-sugar catabolism	eflux	06_glucose_low	anaerobic	biotrophic	6	0	0.0	0.0
Pentose-sugar catabolism	eflux	07_sucrose_low	aerobic	biotrophic	6	0	0.0	0.0
Pentose-sugar catabolism	eflux	07_sucrose_low	anaerobic	biotrophic	6	0	0.0	0.0
Pentose-sugar catabolism	eflux	08_glutamate	aerobic	biotrophic	6	0	0.0	0.0
Pentose-sugar catabolism	eflux	08_glutamate	anaerobic	biotrophic	6	0	0.0	0.0
Pentose-sugar catabolism	eflux	09_glutamine	aerobic	biotrophic	6	0	0.0	0.0
Pentose-sugar catabolism	eflux	09_glutamine	anaerobic	biotrophic	6	0	0.0	0.0
Pentose-sugar catabolism	eflux	10_gaba	aerobic	biotrophic	6	0	0.0	0.0
Pentose-sugar catabolism	eflux	11_galacturonate	aerobic	necrotrophic	6	0	0.0	0.0
Pentose-sugar catabolism	eflux	11_galacturonate	anaerobic	necrotrophic	6	0	0.0	0.0
Pentose-sugar catabolism	eflux	12_xylose	aerobic	necrotrophic	6	2	10.0	0.3333
Pentose-sugar catabolism	eflux	12_xylose	anaerobic	necrotrophic	6	4	12.8389	0.6667
Pentose-sugar catabolism	eflux	13_arabinose	aerobic	necrotrophic	6	4	20.0	0.6667
Pentose-sugar catabolism	eflux	14_maltose	aerobic	necrotrophic	6	0	0.0	0.0
Pentose-sugar catabolism	eflux	14_maltose	anaerobic	necrotrophic	6	0	0.0	0.0
Pentose-sugar catabolism	eflux	15_mixed_aa	aerobic	necrotrophic	6	0	0.0	0.0
Pentose-sugar catabolism	eflux	15_mixed_aa	anaerobic	necrotrophic	6	0	0.0	0.0
Pentose-sugar catabolism	eflux	16_pre_infection_mix	aerobic	cocktail	6	0	0.0	0.0
Pentose-sugar catabolism	eflux	16_pre_infection_mix	anaerobic	cocktail	6	0	0.0	0.0
Pentose-sugar catabolism	eflux	17_biotrophic_mix	aerobic	cocktail	6	0	0.0	0.0
Pentose-sugar catabolism	eflux	17_biotrophic_mix	anaerobic	cocktail	6	0	0.0	0.0
Pentose-sugar catabolism	eflux	18_necrotrophic_mix	aerobic	cocktail	6	5	4.0	0.8333
Pentose-sugar catabolism	eflux	18_necrotrophic_mix	anaerobic	cocktail	6	4	3.4458	0.6667
Pentose-sugar catabolism	gimme	01_trehalose	aerobic	pre-infection	6	0	0.0	0.0
Pentose-sugar catabolism	gimme	01_trehalose	anaerobic	pre-infection	6	0	0.0	0.0
Pentose-sugar catabolism	gimme	02_glycerol	aerobic	pre-infection	6	0	0.0	0.0
Pentose-sugar catabolism	gimme	02_glycerol	anaerobic	pre-infection	6	0	0.0	0.0
Pentose-sugar catabolism	gimme	03_palmitate	aerobic	pre-infection	6	0	0.0	0.0
Pentose-sugar catabolism	gimme	04_oleate	aerobic	pre-infection	6	0	0.0	0.0
Pentose-sugar catabolism	gimme	05_hexacosanoate	aerobic	pre-infection	6	0	0.0	0.0
Pentose-sugar catabolism	gimme	06_glucose_low	aerobic	biotrophic	6	0	0.0	0.0
Pentose-sugar catabolism	gimme	06_glucose_low	anaerobic	biotrophic	6	0	0.0	0.0
Pentose-sugar catabolism	gimme	07_sucrose_low	aerobic	biotrophic	6	0	0.0	0.0
Pentose-sugar catabolism	gimme	07_sucrose_low	anaerobic	biotrophic	6	0	0.0	0.0
Pentose-sugar catabolism	gimme	08_glutamate	aerobic	biotrophic	6	0	0.0	0.0
Pentose-sugar catabolism	gimme	08_glutamate	anaerobic	biotrophic	6	0	0.0	0.0
Pentose-sugar catabolism	gimme	09_glutamine	aerobic	biotrophic	6	0	0.0	0.0
Pentose-sugar catabolism	gimme	09_glutamine	anaerobic	biotrophic	6	0	0.0	0.0
Pentose-sugar catabolism	gimme	10_gaba	aerobic	biotrophic	6	0	0.0	0.0
Pentose-sugar catabolism	gimme	11_galacturonate	aerobic	necrotrophic	6	0	0.0	0.0
Pentose-sugar catabolism	gimme	11_galacturonate	anaerobic	necrotrophic	6	0	0.0	0.0
Pentose-sugar catabolism	gimme	12_xylose	aerobic	necrotrophic	6	2	10.0	0.3333
Pentose-sugar catabolism	gimme	12_xylose	anaerobic	necrotrophic	6	4	12.751	0.6667
Pentose-sugar catabolism	gimme	13_arabinose	aerobic	necrotrophic	6	4	20.0	0.6667
Pentose-sugar catabolism	gimme	14_maltose	aerobic	necrotrophic	6	0	0.0	0.0
Pentose-sugar catabolism	gimme	14_maltose	anaerobic	necrotrophic	6	0	0.0	0.0
Pentose-sugar catabolism	gimme	15_mixed_aa	aerobic	necrotrophic	6	0	0.0	0.0
Pentose-sugar catabolism	gimme	15_mixed_aa	anaerobic	necrotrophic	6	0	0.0	0.0
Pentose-sugar catabolism	gimme	16_pre_infection_mix	aerobic	cocktail	6	0	0.0	0.0
Pentose-sugar catabolism	gimme	16_pre_infection_mix	anaerobic	cocktail	6	0	0.0	0.0
Pentose-sugar catabolism	gimme	17_biotrophic_mix	aerobic	cocktail	6	0	0.0	0.0
Pentose-sugar catabolism	gimme	17_biotrophic_mix	anaerobic	cocktail	6	0	0.0	0.0
Pentose-sugar catabolism	gimme	18_necrotrophic_mix	aerobic	cocktail	6	5	4.0	0.8333
Pentose-sugar catabolism	gimme	18_necrotrophic_mix	anaerobic	cocktail	6	4	3.4285	0.6667
Pentose-sugar catabolism	imat	01_trehalose	aerobic	pre-infection	6	0	0.0	0.0
Pentose-sugar catabolism	imat	01_trehalose	anaerobic	pre-infection	6	0	0.0	0.0
Pentose-sugar catabolism	imat	02_glycerol	aerobic	pre-infection	6	0	0.0	0.0
Pentose-sugar catabolism	imat	02_glycerol	anaerobic	pre-infection	6	0	0.0	0.0
Pentose-sugar catabolism	imat	03_palmitate	aerobic	pre-infection	6	0	0.0	0.0
Pentose-sugar catabolism	imat	04_oleate	aerobic	pre-infection	6	0	0.0	0.0
Pentose-sugar catabolism	imat	05_hexacosanoate	aerobic	pre-infection	6	0	0.0	0.0
Pentose-sugar catabolism	imat	06_glucose_low	aerobic	biotrophic	6	0	0.0	0.0
Pentose-sugar catabolism	imat	06_glucose_low	anaerobic	biotrophic	6	0	0.0	0.0
Pentose-sugar catabolism	imat	07_sucrose_low	aerobic	biotrophic	6	0	0.0	0.0
Pentose-sugar catabolism	imat	07_sucrose_low	anaerobic	biotrophic	6	0	0.0	0.0
Pentose-sugar catabolism	imat	08_glutamate	aerobic	biotrophic	6	0	0.0	0.0
Pentose-sugar catabolism	imat	08_glutamate	anaerobic	biotrophic	6	0	0.0	0.0
Pentose-sugar catabolism	imat	09_glutamine	aerobic	biotrophic	6	0	0.0	0.0
Pentose-sugar catabolism	imat	09_glutamine	anaerobic	biotrophic	6	0	0.0	0.0
Pentose-sugar catabolism	imat	10_gaba	aerobic	biotrophic	6	0	0.0	0.0
Pentose-sugar catabolism	imat	11_galacturonate	aerobic	necrotrophic	6	0	0.0	0.0
Pentose-sugar catabolism	imat	11_galacturonate	anaerobic	necrotrophic	6	0	0.0	0.0
Pentose-sugar catabolism	imat	12_xylose	aerobic	necrotrophic	6	2	10.0	0.3333
Pentose-sugar catabolism	imat	12_xylose	anaerobic	necrotrophic	6	4	9.7343	0.6667
Pentose-sugar catabolism	imat	13_arabinose	aerobic	necrotrophic	6	4	20.0	0.6667
Pentose-sugar catabolism	imat	14_maltose	aerobic	necrotrophic	6	0	0.0	0.0
Pentose-sugar catabolism	imat	14_maltose	anaerobic	necrotrophic	6	0	0.0	0.0
Pentose-sugar catabolism	imat	15_mixed_aa	aerobic	necrotrophic	6	0	0.0	0.0
Pentose-sugar catabolism	imat	15_mixed_aa	anaerobic	necrotrophic	6	0	0.0	0.0
Pentose-sugar catabolism	imat	16_pre_infection_mix	aerobic	cocktail	6	0	0.0	0.0
Pentose-sugar catabolism	imat	16_pre_infection_mix	anaerobic	cocktail	6	0	0.0	0.0
Pentose-sugar catabolism	imat	17_biotrophic_mix	aerobic	cocktail	6	0	0.0	0.0
Pentose-sugar catabolism	imat	17_biotrophic_mix	anaerobic	cocktail	6	0	0.0	0.0
Pentose-sugar catabolism	imat	18_necrotrophic_mix	aerobic	cocktail	6	5	4.0	0.8333
Pentose-sugar catabolism	imat	18_necrotrophic_mix	anaerobic	cocktail	6	4	3.5	0.6667
Pentose-sugar catabolism	pfba	01_trehalose	aerobic	pre-infection	6	0	0.0	0.0
Pentose-sugar catabolism	pfba	01_trehalose	anaerobic	pre-infection	6	0	0.0	0.0
Pentose-sugar catabolism	pfba	02_glycerol	aerobic	pre-infection	6	0	0.0	0.0
Pentose-sugar catabolism	pfba	02_glycerol	anaerobic	pre-infection	6	0	0.0	0.0
Pentose-sugar catabolism	pfba	03_palmitate	aerobic	pre-infection	6	0	0.0	0.0
Pentose-sugar catabolism	pfba	04_oleate	aerobic	pre-infection	6	0	0.0	0.0
Pentose-sugar catabolism	pfba	05_hexacosanoate	aerobic	pre-infection	6	0	0.0	0.0
Pentose-sugar catabolism	pfba	06_glucose_low	aerobic	biotrophic	6	0	0.0	0.0
Pentose-sugar catabolism	pfba	06_glucose_low	anaerobic	biotrophic	6	0	0.0	0.0
Pentose-sugar catabolism	pfba	07_sucrose_low	aerobic	biotrophic	6	0	0.0	0.0
Pentose-sugar catabolism	pfba	07_sucrose_low	anaerobic	biotrophic	6	0	0.0	0.0
Pentose-sugar catabolism	pfba	08_glutamate	aerobic	biotrophic	6	0	0.0	0.0
Pentose-sugar catabolism	pfba	08_glutamate	anaerobic	biotrophic	6	0	0.0	0.0
Pentose-sugar catabolism	pfba	09_glutamine	aerobic	biotrophic	6	0	0.0	0.0
Pentose-sugar catabolism	pfba	09_glutamine	anaerobic	biotrophic	6	0	0.0	0.0
Pentose-sugar catabolism	pfba	10_gaba	aerobic	biotrophic	6	0	0.0	0.0
Pentose-sugar catabolism	pfba	11_galacturonate	aerobic	necrotrophic	6	0	0.0	0.0
Pentose-sugar catabolism	pfba	11_galacturonate	anaerobic	necrotrophic	6	0	0.0	0.0
Pentose-sugar catabolism	pfba	12_xylose	aerobic	necrotrophic	6	2	10.0	0.3333
Pentose-sugar catabolism	pfba	12_xylose	anaerobic	necrotrophic	6	4	12.8389	0.6667
Pentose-sugar catabolism	pfba	13_arabinose	aerobic	necrotrophic	6	4	20.0	0.6667
Pentose-sugar catabolism	pfba	14_maltose	aerobic	necrotrophic	6	0	0.0	0.0
Pentose-sugar catabolism	pfba	14_maltose	anaerobic	necrotrophic	6	0	0.0	0.0
Pentose-sugar catabolism	pfba	15_mixed_aa	aerobic	necrotrophic	6	0	0.0	0.0
Pentose-sugar catabolism	pfba	15_mixed_aa	anaerobic	necrotrophic	6	0	0.0	0.0
Pentose-sugar catabolism	pfba	16_pre_infection_mix	aerobic	cocktail	6	0	0.0	0.0
Pentose-sugar catabolism	pfba	16_pre_infection_mix	anaerobic	cocktail	6	0	0.0	0.0
Pentose-sugar catabolism	pfba	17_biotrophic_mix	aerobic	cocktail	6	0	0.0	0.0
Pentose-sugar catabolism	pfba	17_biotrophic_mix	anaerobic	cocktail	6	0	0.0	0.0
Pentose-sugar catabolism	pfba	18_necrotrophic_mix	aerobic	cocktail	6	5	4.0	0.8333
Pentose-sugar catabolism	pfba	18_necrotrophic_mix	anaerobic	cocktail	6	4	2.9691	0.6667
Sink / demand	eflux	01_trehalose	aerobic	pre-infection	1	1	0.0006	1.0
Sink / demand	eflux	01_trehalose	anaerobic	pre-infection	1	1	0.017	1.0
Sink / demand	eflux	02_glycerol	aerobic	pre-infection	1	1	0.0002	1.0
Sink / demand	eflux	02_glycerol	anaerobic	pre-infection	1	1	0.0005	1.0
Sink / demand	eflux	03_palmitate	aerobic	pre-infection	1	1	0.0009	1.0
Sink / demand	eflux	04_oleate	aerobic	pre-infection	1	1	0.001	1.0
Sink / demand	eflux	05_hexacosanoate	aerobic	pre-infection	1	1	0.0016	1.0
Sink / demand	eflux	06_glucose_low	aerobic	biotrophic	1	1	0.0003	1.0
Sink / demand	eflux	06_glucose_low	anaerobic	biotrophic	1	1	0.0085	1.0
Sink / demand	eflux	07_sucrose_low	aerobic	biotrophic	1	1	0.0003	1.0
Sink / demand	eflux	07_sucrose_low	anaerobic	biotrophic	1	1	0.0085	1.0
Sink / demand	eflux	08_glutamate	aerobic	biotrophic	1	1	0.0004	1.0
Sink / demand	eflux	08_glutamate	anaerobic	biotrophic	1	1	0.0003	1.0
Sink / demand	eflux	09_glutamine	aerobic	biotrophic	1	1	0.0004	1.0
Sink / demand	eflux	09_glutamine	anaerobic	biotrophic	1	1	0.0003	1.0
Sink / demand	eflux	10_gaba	aerobic	biotrophic	1	1	0.0004	1.0
Sink / demand	eflux	11_galacturonate	aerobic	necrotrophic	1	0	0.0	0.0
Sink / demand	eflux	11_galacturonate	anaerobic	necrotrophic	1	0	0.0	0.0
Sink / demand	eflux	12_xylose	aerobic	necrotrophic	1	1	0.0012	1.0
Sink / demand	eflux	12_xylose	anaerobic	necrotrophic	1	1	0.0171	1.0
Sink / demand	eflux	13_arabinose	aerobic	necrotrophic	1	1	0.0011	1.0
Sink / demand	eflux	14_maltose	aerobic	necrotrophic	1	1	0.0029	1.0
Sink / demand	eflux	14_maltose	anaerobic	necrotrophic	1	1	0.0848	1.0
Sink / demand	eflux	15_mixed_aa	aerobic	necrotrophic	1	1	0.0011	1.0
Sink / demand	eflux	15_mixed_aa	anaerobic	necrotrophic	1	1	0.0131	1.0
Sink / demand	eflux	16_pre_infection_mix	aerobic	cocktail	1	1	0.0006	1.0
Sink / demand	eflux	16_pre_infection_mix	anaerobic	cocktail	1	1	0.0057	1.0
Sink / demand	eflux	17_biotrophic_mix	aerobic	cocktail	1	1	0.0005	1.0
Sink / demand	eflux	17_biotrophic_mix	anaerobic	cocktail	1	1	0.0107	1.0
Sink / demand	eflux	18_necrotrophic_mix	aerobic	cocktail	1	1	0.0033	1.0
Sink / demand	eflux	18_necrotrophic_mix	anaerobic	cocktail	1	1	0.0915	1.0
Sink / demand	gimme	01_trehalose	aerobic	pre-infection	1	1	0.0005	1.0
Sink / demand	gimme	01_trehalose	anaerobic	pre-infection	1	1	0.0153	1.0
Sink / demand	gimme	02_glycerol	aerobic	pre-infection	1	1	0.0001	1.0
Sink / demand	gimme	02_glycerol	anaerobic	pre-infection	1	1	0.0005	1.0
Sink / demand	gimme	03_palmitate	aerobic	pre-infection	1	1	0.0008	1.0
Sink / demand	gimme	04_oleate	aerobic	pre-infection	1	1	0.0009	1.0
Sink / demand	gimme	05_hexacosanoate	aerobic	pre-infection	1	1	0.0015	1.0
Sink / demand	gimme	06_glucose_low	aerobic	biotrophic	1	1	0.0003	1.0
Sink / demand	gimme	06_glucose_low	anaerobic	biotrophic	1	1	0.0076	1.0
Sink / demand	gimme	07_sucrose_low	aerobic	biotrophic	1	1	0.0003	1.0
Sink / demand	gimme	07_sucrose_low	anaerobic	biotrophic	1	1	0.0076	1.0
Sink / demand	gimme	08_glutamate	aerobic	biotrophic	1	1	0.0004	1.0
Sink / demand	gimme	08_glutamate	anaerobic	biotrophic	1	1	0.0003	1.0
Sink / demand	gimme	09_glutamine	aerobic	biotrophic	1	1	0.0004	1.0
Sink / demand	gimme	09_glutamine	anaerobic	biotrophic	1	1	0.0003	1.0
Sink / demand	gimme	10_gaba	aerobic	biotrophic	1	1	0.0004	1.0
Sink / demand	gimme	11_galacturonate	aerobic	necrotrophic	1	1	0.0011	1.0
Sink / demand	gimme	11_galacturonate	anaerobic	necrotrophic	1	1	0.0211	1.0
Sink / demand	gimme	12_xylose	aerobic	necrotrophic	1	1	0.001	1.0
Sink / demand	gimme	12_xylose	anaerobic	necrotrophic	1	1	0.0154	1.0
Sink / demand	gimme	13_arabinose	aerobic	necrotrophic	1	1	0.001	1.0
Sink / demand	gimme	14_maltose	aerobic	necrotrophic	1	1	0.0026	1.0
Sink / demand	gimme	14_maltose	anaerobic	necrotrophic	1	1	0.0763	1.0
Sink / demand	gimme	15_mixed_aa	aerobic	necrotrophic	1	1	0.001	1.0
Sink / demand	gimme	15_mixed_aa	anaerobic	necrotrophic	1	1	0.0118	1.0
Sink / demand	gimme	16_pre_infection_mix	aerobic	cocktail	1	1	0.0005	1.0
Sink / demand	gimme	16_pre_infection_mix	anaerobic	cocktail	1	1	0.0051	1.0
Sink / demand	gimme	17_biotrophic_mix	aerobic	cocktail	1	1	0.0005	1.0
Sink / demand	gimme	17_biotrophic_mix	anaerobic	cocktail	1	1	0.0097	1.0
Sink / demand	gimme	18_necrotrophic_mix	aerobic	cocktail	1	1	0.0032	1.0
Sink / demand	gimme	18_necrotrophic_mix	anaerobic	cocktail	1	1	0.091	1.0
Sink / demand	imat	01_trehalose	aerobic	pre-infection	1	1	0.0002	1.0
Sink / demand	imat	01_trehalose	anaerobic	pre-infection	1	1	0.0206	1.0
Sink / demand	imat	02_glycerol	aerobic	pre-infection	1	1	0.0	1.0
Sink / demand	imat	02_glycerol	anaerobic	pre-infection	1	1	0.0006	1.0
Sink / demand	imat	03_palmitate	aerobic	pre-infection	1	1	0.0007	1.0
Sink / demand	imat	04_oleate	aerobic	pre-infection	1	1	0.0002	1.0
Sink / demand	imat	05_hexacosanoate	aerobic	pre-infection	1	1	0.0002	1.0
Sink / demand	imat	06_glucose_low	aerobic	biotrophic	1	1	0.0003	1.0
Sink / demand	imat	06_glucose_low	anaerobic	biotrophic	1	1	0.0077	1.0
Sink / demand	imat	07_sucrose_low	aerobic	biotrophic	1	1	0.0002	1.0
Sink / demand	imat	07_sucrose_low	anaerobic	biotrophic	1	1	0.0111	1.0
Sink / demand	imat	08_glutamate	aerobic	biotrophic	1	1	0.0	1.0
Sink / demand	imat	08_glutamate	anaerobic	biotrophic	1	1	0.0	1.0
Sink / demand	imat	09_glutamine	aerobic	biotrophic	1	1	0.0002	1.0
Sink / demand	imat	09_glutamine	anaerobic	biotrophic	1	1	0.001	1.0
Sink / demand	imat	10_gaba	aerobic	biotrophic	1	1	0.0	1.0
Sink / demand	imat	11_galacturonate	aerobic	necrotrophic	1	1	0.001	1.0
Sink / demand	imat	11_galacturonate	anaerobic	necrotrophic	1	1	0.0122	1.0
Sink / demand	imat	12_xylose	aerobic	necrotrophic	1	1	0.0002	1.0
Sink / demand	imat	12_xylose	anaerobic	necrotrophic	1	1	0.0102	1.0
Sink / demand	imat	13_arabinose	aerobic	necrotrophic	1	1	0.001	1.0
Sink / demand	imat	14_maltose	aerobic	necrotrophic	1	1	0.0021	1.0
Sink / demand	imat	14_maltose	anaerobic	necrotrophic	1	1	0.0179	1.0
Sink / demand	imat	15_mixed_aa	aerobic	necrotrophic	1	1	0.001	1.0
Sink / demand	imat	15_mixed_aa	anaerobic	necrotrophic	1	1	0.0253	1.0
Sink / demand	imat	16_pre_infection_mix	aerobic	cocktail	1	1	0.0005	1.0
Sink / demand	imat	16_pre_infection_mix	anaerobic	cocktail	1	1	0.0101	1.0
Sink / demand	imat	17_biotrophic_mix	aerobic	cocktail	1	1	0.0001	1.0
Sink / demand	imat	17_biotrophic_mix	anaerobic	cocktail	1	1	0.0141	1.0
Sink / demand	imat	18_necrotrophic_mix	aerobic	cocktail	1	1	0.0013	1.0
Sink / demand	imat	18_necrotrophic_mix	anaerobic	cocktail	1	1	0.0448	1.0
Sink / demand	pfba	01_trehalose	aerobic	pre-infection	1	1	0.0006	1.0
Sink / demand	pfba	01_trehalose	anaerobic	pre-infection	1	1	0.017	1.0
Sink / demand	pfba	02_glycerol	aerobic	pre-infection	1	1	0.0002	1.0
Sink / demand	pfba	02_glycerol	anaerobic	pre-infection	1	1	0.0005	1.0
Sink / demand	pfba	03_palmitate	aerobic	pre-infection	1	1	0.0009	1.0
Sink / demand	pfba	04_oleate	aerobic	pre-infection	1	1	0.001	1.0
Sink / demand	pfba	05_hexacosanoate	aerobic	pre-infection	1	1	0.0016	1.0
Sink / demand	pfba	06_glucose_low	aerobic	biotrophic	1	1	0.0003	1.0
Sink / demand	pfba	06_glucose_low	anaerobic	biotrophic	1	1	0.0085	1.0
Sink / demand	pfba	07_sucrose_low	aerobic	biotrophic	1	1	0.0003	1.0
Sink / demand	pfba	07_sucrose_low	anaerobic	biotrophic	1	1	0.0085	1.0
Sink / demand	pfba	08_glutamate	aerobic	biotrophic	1	1	0.0004	1.0
Sink / demand	pfba	08_glutamate	anaerobic	biotrophic	1	0	0.0	0.0
Sink / demand	pfba	09_glutamine	aerobic	biotrophic	1	1	0.0004	1.0
Sink / demand	pfba	09_glutamine	anaerobic	biotrophic	1	0	0.0	0.0
Sink / demand	pfba	10_gaba	aerobic	biotrophic	1	1	0.0004	1.0
Sink / demand	pfba	11_galacturonate	aerobic	necrotrophic	1	1	0.0012	1.0
Sink / demand	pfba	11_galacturonate	anaerobic	necrotrophic	1	1	0.0234	1.0
Sink / demand	pfba	12_xylose	aerobic	necrotrophic	1	1	0.0012	1.0
Sink / demand	pfba	12_xylose	anaerobic	necrotrophic	1	1	0.0171	1.0
Sink / demand	pfba	13_arabinose	aerobic	necrotrophic	1	1	0.0011	1.0
Sink / demand	pfba	14_maltose	aerobic	necrotrophic	1	1	0.0029	1.0
Sink / demand	pfba	14_maltose	anaerobic	necrotrophic	1	1	0.0848	1.0
Sink / demand	pfba	15_mixed_aa	aerobic	necrotrophic	1	1	0.0011	1.0
Sink / demand	pfba	15_mixed_aa	anaerobic	necrotrophic	1	1	0.0131	1.0
Sink / demand	pfba	16_pre_infection_mix	aerobic	cocktail	1	1	0.0006	1.0
Sink / demand	pfba	16_pre_infection_mix	anaerobic	cocktail	1	1	0.0057	1.0
Sink / demand	pfba	17_biotrophic_mix	aerobic	cocktail	1	1	0.0005	1.0
Sink / demand	pfba	17_biotrophic_mix	anaerobic	cocktail	1	1	0.0107	1.0
Sink / demand	pfba	18_necrotrophic_mix	aerobic	cocktail	1	1	0.0036	1.0
Sink / demand	pfba	18_necrotrophic_mix	anaerobic	cocktail	1	1	0.1011	1.0
Storage (glycogen / trehalose)	eflux	01_trehalose	aerobic	pre-infection	7	3	2.0201	0.4286
Storage (glycogen / trehalose)	eflux	01_trehalose	anaerobic	pre-infection	7	3	2.0041	0.4286
Storage (glycogen / trehalose)	eflux	02_glycerol	aerobic	pre-infection	7	2	0.0067	0.2857
Storage (glycogen / trehalose)	eflux	02_glycerol	anaerobic	pre-infection	7	2	0.0001	0.2857
Storage (glycogen / trehalose)	eflux	03_palmitate	aerobic	pre-infection	7	2	0.0369	0.2857
Storage (glycogen / trehalose)	eflux	04_oleate	aerobic	pre-infection	7	2	0.0414	0.2857
Storage (glycogen / trehalose)	eflux	05_hexacosanoate	aerobic	pre-infection	7	2	0.0666	0.2857
Storage (glycogen / trehalose)	eflux	06_glucose_low	aerobic	biotrophic	7	2	0.0118	0.2857
Storage (glycogen / trehalose)	eflux	06_glucose_low	anaerobic	biotrophic	7	2	0.0024	0.2857
Storage (glycogen / trehalose)	eflux	07_sucrose_low	aerobic	biotrophic	7	2	0.0118	0.2857
Storage (glycogen / trehalose)	eflux	07_sucrose_low	anaerobic	biotrophic	7	2	0.0024	0.2857
Storage (glycogen / trehalose)	eflux	08_glutamate	aerobic	biotrophic	7	2	0.0171	0.2857
Storage (glycogen / trehalose)	eflux	08_glutamate	anaerobic	biotrophic	7	2	0.0001	0.2857
Storage (glycogen / trehalose)	eflux	09_glutamine	aerobic	biotrophic	7	2	0.0171	0.2857
Storage (glycogen / trehalose)	eflux	09_glutamine	anaerobic	biotrophic	7	2	0.0001	0.2857
Storage (glycogen / trehalose)	eflux	10_gaba	aerobic	biotrophic	7	2	0.016	0.2857
Storage (glycogen / trehalose)	eflux	11_galacturonate	aerobic	necrotrophic	7	0	0.0	0.0
Storage (glycogen / trehalose)	eflux	11_galacturonate	anaerobic	necrotrophic	7	0	0.0	0.0
Storage (glycogen / trehalose)	eflux	12_xylose	aerobic	necrotrophic	7	2	0.0471	0.2857
Storage (glycogen / trehalose)	eflux	12_xylose	anaerobic	necrotrophic	7	2	0.0048	0.2857
Storage (glycogen / trehalose)	eflux	13_arabinose	aerobic	necrotrophic	7	2	0.0451	0.2857
Storage (glycogen / trehalose)	eflux	14_maltose	aerobic	necrotrophic	7	2	0.1178	0.2857
Storage (glycogen / trehalose)	eflux	14_maltose	anaerobic	necrotrophic	7	2	0.024	0.2857
Storage (glycogen / trehalose)	eflux	15_mixed_aa	aerobic	necrotrophic	7	2	0.0461	0.2857
Storage (glycogen / trehalose)	eflux	15_mixed_aa	anaerobic	necrotrophic	7	2	0.0037	0.2857
Storage (glycogen / trehalose)	eflux	16_pre_infection_mix	aerobic	cocktail	7	3	0.6192	0.4286
Storage (glycogen / trehalose)	eflux	16_pre_infection_mix	anaerobic	cocktail	7	3	0.6014	0.4286
Storage (glycogen / trehalose)	eflux	17_biotrophic_mix	aerobic	cocktail	7	2	0.0203	0.2857
Storage (glycogen / trehalose)	eflux	17_biotrophic_mix	anaerobic	cocktail	7	2	0.003	0.2857
Storage (glycogen / trehalose)	eflux	18_necrotrophic_mix	aerobic	cocktail	7	2	0.1335	0.2857
Storage (glycogen / trehalose)	eflux	18_necrotrophic_mix	anaerobic	cocktail	7	2	0.0259	0.2857
Storage (glycogen / trehalose)	gimme	01_trehalose	aerobic	pre-infection	7	3	2.0181	0.4286
Storage (glycogen / trehalose)	gimme	01_trehalose	anaerobic	pre-infection	7	3	2.0037	0.4286
Storage (glycogen / trehalose)	gimme	02_glycerol	aerobic	pre-infection	7	2	0.006	0.2857
Storage (glycogen / trehalose)	gimme	02_glycerol	anaerobic	pre-infection	7	2	0.0001	0.2857
Storage (glycogen / trehalose)	gimme	03_palmitate	aerobic	pre-infection	7	2	0.0332	0.2857
Storage (glycogen / trehalose)	gimme	04_oleate	aerobic	pre-infection	7	2	0.0373	0.2857
Storage (glycogen / trehalose)	gimme	05_hexacosanoate	aerobic	pre-infection	7	2	0.06	0.2857
Storage (glycogen / trehalose)	gimme	06_glucose_low	aerobic	biotrophic	7	2	0.0106	0.2857
Storage (glycogen / trehalose)	gimme	06_glucose_low	anaerobic	biotrophic	7	2	0.0022	0.2857
Storage (glycogen / trehalose)	gimme	07_sucrose_low	aerobic	biotrophic	7	2	0.0106	0.2857
Storage (glycogen / trehalose)	gimme	07_sucrose_low	anaerobic	biotrophic	7	2	0.0022	0.2857
Storage (glycogen / trehalose)	gimme	08_glutamate	aerobic	biotrophic	7	2	0.0153	0.2857
Storage (glycogen / trehalose)	gimme	08_glutamate	anaerobic	biotrophic	7	2	0.0001	0.2857
Storage (glycogen / trehalose)	gimme	09_glutamine	aerobic	biotrophic	7	2	0.0154	0.2857
Storage (glycogen / trehalose)	gimme	09_glutamine	anaerobic	biotrophic	7	2	0.0001	0.2857
Storage (glycogen / trehalose)	gimme	10_gaba	aerobic	biotrophic	7	2	0.0144	0.2857
Storage (glycogen / trehalose)	gimme	11_galacturonate	aerobic	necrotrophic	7	2	0.0434	0.2857
Storage (glycogen / trehalose)	gimme	11_galacturonate	anaerobic	necrotrophic	7	2	0.006	0.2857
Storage (glycogen / trehalose)	gimme	12_xylose	aerobic	necrotrophic	7	2	0.0424	0.2857
Storage (glycogen / trehalose)	gimme	12_xylose	anaerobic	necrotrophic	7	2	0.0043	0.2857
Storage (glycogen / trehalose)	gimme	13_arabinose	aerobic	necrotrophic	7	2	0.0406	0.2857
Storage (glycogen / trehalose)	gimme	14_maltose	aerobic	necrotrophic	7	2	0.106	0.2857
Storage (glycogen / trehalose)	gimme	14_maltose	anaerobic	necrotrophic	7	2	0.0216	0.2857
Storage (glycogen / trehalose)	gimme	15_mixed_aa	aerobic	necrotrophic	7	2	0.0415	0.2857
Storage (glycogen / trehalose)	gimme	15_mixed_aa	anaerobic	necrotrophic	7	2	0.0033	0.2857
Storage (glycogen / trehalose)	gimme	16_pre_infection_mix	aerobic	cocktail	7	3	0.6173	0.4286
Storage (glycogen / trehalose)	gimme	16_pre_infection_mix	anaerobic	cocktail	7	3	0.6013	0.4286
Storage (glycogen / trehalose)	gimme	17_biotrophic_mix	aerobic	cocktail	7	2	0.0182	0.2857
Storage (glycogen / trehalose)	gimme	17_biotrophic_mix	anaerobic	cocktail	7	2	0.0027	0.2857
Storage (glycogen / trehalose)	gimme	18_necrotrophic_mix	aerobic	cocktail	7	2	0.1297	0.2857
Storage (glycogen / trehalose)	gimme	18_necrotrophic_mix	anaerobic	cocktail	7	2	0.0257	0.2857
Storage (glycogen / trehalose)	imat	01_trehalose	aerobic	pre-infection	7	5	2.0095	0.7143
Storage (glycogen / trehalose)	imat	01_trehalose	anaerobic	pre-infection	7	5	2.0067	0.7143
Storage (glycogen / trehalose)	imat	02_glycerol	aerobic	pre-infection	7	4	0.0048	0.5714
Storage (glycogen / trehalose)	imat	02_glycerol	anaerobic	pre-infection	7	4	0.004	0.5714
Storage (glycogen / trehalose)	imat	03_palmitate	aerobic	pre-infection	7	4	0.0309	0.5714
Storage (glycogen / trehalose)	imat	04_oleate	aerobic	pre-infection	7	4	0.0105	0.5714
Storage (glycogen / trehalose)	imat	05_hexacosanoate	aerobic	pre-infection	7	4	0.0107	0.5714
Storage (glycogen / trehalose)	imat	06_glucose_low	aerobic	biotrophic	7	4	0.0132	0.5714
Storage (glycogen / trehalose)	imat	06_glucose_low	anaerobic	biotrophic	7	4	0.0047	0.5714
Storage (glycogen / trehalose)	imat	07_sucrose_low	aerobic	biotrophic	7	4	0.0095	0.5714
Storage (glycogen / trehalose)	imat	07_sucrose_low	anaerobic	biotrophic	7	4	0.0047	0.5714
Storage (glycogen / trehalose)	imat	08_glutamate	aerobic	biotrophic	7	4	0.0057	0.5714
Storage (glycogen / trehalose)	imat	08_glutamate	anaerobic	biotrophic	7	4	0.004	0.5714
Storage (glycogen / trehalose)	imat	09_glutamine	aerobic	biotrophic	7	4	0.0105	0.5714
Storage (glycogen / trehalose)	imat	09_glutamine	anaerobic	biotrophic	7	3	0.002	0.4286
Storage (glycogen / trehalose)	imat	10_gaba	aerobic	biotrophic	7	5	34.5423	0.7143
Storage (glycogen / trehalose)	imat	11_galacturonate	aerobic	necrotrophic	7	4	0.0444	0.5714
Storage (glycogen / trehalose)	imat	11_galacturonate	anaerobic	necrotrophic	7	4	0.0048	0.5714
Storage (glycogen / trehalose)	imat	12_xylose	aerobic	necrotrophic	7	4	0.0115	0.5714
Storage (glycogen / trehalose)	imat	12_xylose	anaerobic	necrotrophic	7	4	0.0048	0.5714
Storage (glycogen / trehalose)	imat	13_arabinose	aerobic	necrotrophic	7	4	0.0446	0.5714
Storage (glycogen / trehalose)	imat	14_maltose	aerobic	necrotrophic	7	3	0.0871	0.4286
Storage (glycogen / trehalose)	imat	14_maltose	anaerobic	necrotrophic	7	4	0.006	0.5714
Storage (glycogen / trehalose)	imat	15_mixed_aa	aerobic	necrotrophic	7	3	0.0414	0.4286
Storage (glycogen / trehalose)	imat	15_mixed_aa	anaerobic	necrotrophic	7	4	0.0047	0.5714
Storage (glycogen / trehalose)	imat	16_pre_infection_mix	aerobic	cocktail	7	5	0.6211	0.7143
Storage (glycogen / trehalose)	imat	16_pre_infection_mix	anaerobic	cocktail	7	5	0.6043	0.7143
Storage (glycogen / trehalose)	imat	17_biotrophic_mix	aerobic	cocktail	7	4	0.0057	0.5714
Storage (glycogen / trehalose)	imat	17_biotrophic_mix	anaerobic	cocktail	7	4	0.0047	0.5714
Storage (glycogen / trehalose)	imat	18_necrotrophic_mix	aerobic	cocktail	7	3	0.0559	0.4286
Storage (glycogen / trehalose)	imat	18_necrotrophic_mix	anaerobic	cocktail	7	4	0.0095	0.5714
Storage (glycogen / trehalose)	pfba	01_trehalose	aerobic	pre-infection	7	3	2.0201	0.4286
Storage (glycogen / trehalose)	pfba	01_trehalose	anaerobic	pre-infection	7	3	2.0041	0.4286
Storage (glycogen / trehalose)	pfba	02_glycerol	aerobic	pre-infection	7	2	0.0067	0.2857
Storage (glycogen / trehalose)	pfba	02_glycerol	anaerobic	pre-infection	7	2	0.0001	0.2857
Storage (glycogen / trehalose)	pfba	03_palmitate	aerobic	pre-infection	7	2	0.0369	0.2857
Storage (glycogen / trehalose)	pfba	04_oleate	aerobic	pre-infection	7	2	0.0414	0.2857
Storage (glycogen / trehalose)	pfba	05_hexacosanoate	aerobic	pre-infection	7	2	0.0666	0.2857
Storage (glycogen / trehalose)	pfba	06_glucose_low	aerobic	biotrophic	7	2	0.0118	0.2857
Storage (glycogen / trehalose)	pfba	06_glucose_low	anaerobic	biotrophic	7	2	0.0024	0.2857
Storage (glycogen / trehalose)	pfba	07_sucrose_low	aerobic	biotrophic	7	2	0.0118	0.2857
Storage (glycogen / trehalose)	pfba	07_sucrose_low	anaerobic	biotrophic	7	2	0.0024	0.2857
Storage (glycogen / trehalose)	pfba	08_glutamate	aerobic	biotrophic	7	2	0.0171	0.2857
Storage (glycogen / trehalose)	pfba	08_glutamate	anaerobic	biotrophic	7	0	0.0	0.0
Storage (glycogen / trehalose)	pfba	09_glutamine	aerobic	biotrophic	7	2	0.0171	0.2857
Storage (glycogen / trehalose)	pfba	09_glutamine	anaerobic	biotrophic	7	0	0.0	0.0
Storage (glycogen / trehalose)	pfba	10_gaba	aerobic	biotrophic	7	2	0.016	0.2857
Storage (glycogen / trehalose)	pfba	11_galacturonate	aerobic	necrotrophic	7	2	0.0483	0.2857
Storage (glycogen / trehalose)	pfba	11_galacturonate	anaerobic	necrotrophic	7	2	0.0066	0.2857
Storage (glycogen / trehalose)	pfba	12_xylose	aerobic	necrotrophic	7	2	0.0471	0.2857
Storage (glycogen / trehalose)	pfba	12_xylose	anaerobic	necrotrophic	7	2	0.0048	0.2857
Storage (glycogen / trehalose)	pfba	13_arabinose	aerobic	necrotrophic	7	2	0.0451	0.2857
Storage (glycogen / trehalose)	pfba	14_maltose	aerobic	necrotrophic	7	2	0.1178	0.2857
Storage (glycogen / trehalose)	pfba	14_maltose	anaerobic	necrotrophic	7	2	0.024	0.2857
Storage (glycogen / trehalose)	pfba	15_mixed_aa	aerobic	necrotrophic	7	2	0.0461	0.2857
Storage (glycogen / trehalose)	pfba	15_mixed_aa	anaerobic	necrotrophic	7	2	0.0037	0.2857
Storage (glycogen / trehalose)	pfba	16_pre_infection_mix	aerobic	cocktail	7	3	0.6192	0.4286
Storage (glycogen / trehalose)	pfba	16_pre_infection_mix	anaerobic	cocktail	7	3	0.6014	0.4286
Storage (glycogen / trehalose)	pfba	17_biotrophic_mix	aerobic	cocktail	7	2	0.0203	0.2857
Storage (glycogen / trehalose)	pfba	17_biotrophic_mix	anaerobic	cocktail	7	2	0.003	0.2857
Storage (glycogen / trehalose)	pfba	18_necrotrophic_mix	aerobic	cocktail	7	2	0.1441	0.2857
Storage (glycogen / trehalose)	pfba	18_necrotrophic_mix	anaerobic	cocktail	7	2	0.0286	0.2857
Sulfur / nitrogen assimilation	eflux	01_trehalose	aerobic	pre-infection	3	1	0.006	0.3333
Sulfur / nitrogen assimilation	eflux	01_trehalose	anaerobic	pre-infection	3	1	0.018	0.3333
Sulfur / nitrogen assimilation	eflux	02_glycerol	aerobic	pre-infection	3	1	0.0017	0.3333
Sulfur / nitrogen assimilation	eflux	02_glycerol	anaerobic	pre-infection	3	1	0.0005	0.3333
Sulfur / nitrogen assimilation	eflux	03_palmitate	aerobic	pre-infection	3	1	0.0093	0.3333
Sulfur / nitrogen assimilation	eflux	04_oleate	aerobic	pre-infection	3	1	0.0105	0.3333
Sulfur / nitrogen assimilation	eflux	05_hexacosanoate	aerobic	pre-infection	3	1	0.0168	0.3333
Sulfur / nitrogen assimilation	eflux	06_glucose_low	aerobic	biotrophic	3	1	0.003	0.3333
Sulfur / nitrogen assimilation	eflux	06_glucose_low	anaerobic	biotrophic	3	1	0.009	0.3333
Sulfur / nitrogen assimilation	eflux	07_sucrose_low	aerobic	biotrophic	3	1	0.003	0.3333
Sulfur / nitrogen assimilation	eflux	07_sucrose_low	anaerobic	biotrophic	3	1	0.009	0.3333
Sulfur / nitrogen assimilation	eflux	08_glutamate	aerobic	biotrophic	3	1	0.0043	0.3333
Sulfur / nitrogen assimilation	eflux	08_glutamate	anaerobic	biotrophic	3	1	0.0003	0.3333
Sulfur / nitrogen assimilation	eflux	09_glutamine	aerobic	biotrophic	3	1	0.0043	0.3333
Sulfur / nitrogen assimilation	eflux	09_glutamine	anaerobic	biotrophic	3	1	0.0003	0.3333
Sulfur / nitrogen assimilation	eflux	10_gaba	aerobic	biotrophic	3	1	0.0041	0.3333
Sulfur / nitrogen assimilation	eflux	11_galacturonate	aerobic	necrotrophic	3	0	0.0	0.0
Sulfur / nitrogen assimilation	eflux	11_galacturonate	anaerobic	necrotrophic	3	0	0.0	0.0
Sulfur / nitrogen assimilation	eflux	12_xylose	aerobic	necrotrophic	3	1	0.0119	0.3333
Sulfur / nitrogen assimilation	eflux	12_xylose	anaerobic	necrotrophic	3	1	0.0182	0.3333
Sulfur / nitrogen assimilation	eflux	13_arabinose	aerobic	necrotrophic	3	1	0.0114	0.3333
Sulfur / nitrogen assimilation	eflux	14_maltose	aerobic	necrotrophic	3	1	0.0298	0.3333
Sulfur / nitrogen assimilation	eflux	14_maltose	anaerobic	necrotrophic	3	1	0.0902	0.3333
Sulfur / nitrogen assimilation	eflux	15_mixed_aa	aerobic	necrotrophic	3	1	0.0011	0.3333
Sulfur / nitrogen assimilation	eflux	15_mixed_aa	anaerobic	necrotrophic	3	1	0.0001	0.3333
Sulfur / nitrogen assimilation	eflux	16_pre_infection_mix	aerobic	cocktail	3	1	0.0057	0.3333
Sulfur / nitrogen assimilation	eflux	16_pre_infection_mix	anaerobic	cocktail	3	1	0.006	0.3333
Sulfur / nitrogen assimilation	eflux	17_biotrophic_mix	aerobic	cocktail	3	1	0.0051	0.3333
Sulfur / nitrogen assimilation	eflux	17_biotrophic_mix	anaerobic	cocktail	3	1	0.0114	0.3333
Sulfur / nitrogen assimilation	eflux	18_necrotrophic_mix	aerobic	cocktail	3	1	0.0033	0.3333
Sulfur / nitrogen assimilation	eflux	18_necrotrophic_mix	anaerobic	cocktail	3	1	0.0006	0.3333
Sulfur / nitrogen assimilation	gimme	01_trehalose	aerobic	pre-infection	3	1	0.0054	0.3333
Sulfur / nitrogen assimilation	gimme	01_trehalose	anaerobic	pre-infection	3	1	0.0162	0.3333
Sulfur / nitrogen assimilation	gimme	02_glycerol	aerobic	pre-infection	3	1	0.0015	0.3333
Sulfur / nitrogen assimilation	gimme	02_glycerol	anaerobic	pre-infection	3	1	0.0005	0.3333
Sulfur / nitrogen assimilation	gimme	03_palmitate	aerobic	pre-infection	3	1	0.0084	0.3333
Sulfur / nitrogen assimilation	gimme	04_oleate	aerobic	pre-infection	3	1	0.0094	0.3333
Sulfur / nitrogen assimilation	gimme	05_hexacosanoate	aerobic	pre-infection	3	1	0.0152	0.3333
Sulfur / nitrogen assimilation	gimme	06_glucose_low	aerobic	biotrophic	3	1	0.0027	0.3333
Sulfur / nitrogen assimilation	gimme	06_glucose_low	anaerobic	biotrophic	3	1	0.0081	0.3333
Sulfur / nitrogen assimilation	gimme	07_sucrose_low	aerobic	biotrophic	3	1	0.0027	0.3333
Sulfur / nitrogen assimilation	gimme	07_sucrose_low	anaerobic	biotrophic	3	1	0.0081	0.3333
Sulfur / nitrogen assimilation	gimme	08_glutamate	aerobic	biotrophic	3	1	0.0039	0.3333
Sulfur / nitrogen assimilation	gimme	08_glutamate	anaerobic	biotrophic	3	1	0.0003	0.3333
Sulfur / nitrogen assimilation	gimme	09_glutamine	aerobic	biotrophic	3	1	0.0039	0.3333
Sulfur / nitrogen assimilation	gimme	09_glutamine	anaerobic	biotrophic	3	1	0.0003	0.3333
Sulfur / nitrogen assimilation	gimme	10_gaba	aerobic	biotrophic	3	1	0.0036	0.3333
Sulfur / nitrogen assimilation	gimme	11_galacturonate	aerobic	necrotrophic	3	1	0.011	0.3333
Sulfur / nitrogen assimilation	gimme	11_galacturonate	anaerobic	necrotrophic	3	1	0.0224	0.3333
Sulfur / nitrogen assimilation	gimme	12_xylose	aerobic	necrotrophic	3	1	0.0107	0.3333
Sulfur / nitrogen assimilation	gimme	12_xylose	anaerobic	necrotrophic	3	1	0.0164	0.3333
Sulfur / nitrogen assimilation	gimme	13_arabinose	aerobic	necrotrophic	3	1	0.0103	0.3333
Sulfur / nitrogen assimilation	gimme	14_maltose	aerobic	necrotrophic	3	1	0.0268	0.3333
Sulfur / nitrogen assimilation	gimme	14_maltose	anaerobic	necrotrophic	3	1	0.0812	0.3333
Sulfur / nitrogen assimilation	gimme	15_mixed_aa	aerobic	necrotrophic	3	1	0.001	0.3333
Sulfur / nitrogen assimilation	gimme	15_mixed_aa	anaerobic	necrotrophic	3	1	0.0002	0.3333
Sulfur / nitrogen assimilation	gimme	16_pre_infection_mix	aerobic	cocktail	3	1	0.017	0.3333
Sulfur / nitrogen assimilation	gimme	16_pre_infection_mix	anaerobic	cocktail	3	1	0.0054	0.3333
Sulfur / nitrogen assimilation	gimme	17_biotrophic_mix	aerobic	cocktail	3	1	0.0046	0.3333
Sulfur / nitrogen assimilation	gimme	17_biotrophic_mix	anaerobic	cocktail	3	1	0.0103	0.3333
Sulfur / nitrogen assimilation	gimme	18_necrotrophic_mix	aerobic	cocktail	3	1	0.0032	0.3333
Sulfur / nitrogen assimilation	gimme	18_necrotrophic_mix	anaerobic	cocktail	3	1	0.0006	0.3333
Sulfur / nitrogen assimilation	imat	01_trehalose	aerobic	pre-infection	3	1	0.0016	0.3333
Sulfur / nitrogen assimilation	imat	01_trehalose	anaerobic	pre-infection	3	1	0.0647	0.3333
Sulfur / nitrogen assimilation	imat	02_glycerol	aerobic	pre-infection	3	1	0.001	0.3333
Sulfur / nitrogen assimilation	imat	02_glycerol	anaerobic	pre-infection	3	1	0.009	0.3333
Sulfur / nitrogen assimilation	imat	03_palmitate	aerobic	pre-infection	3	1	0.0068	0.3333
Sulfur / nitrogen assimilation	imat	04_oleate	aerobic	pre-infection	3	1	0.0016	0.3333
Sulfur / nitrogen assimilation	imat	05_hexacosanoate	aerobic	pre-infection	3	1	0.0017	0.3333
Sulfur / nitrogen assimilation	imat	06_glucose_low	aerobic	biotrophic	3	1	0.0027	0.3333
Sulfur / nitrogen assimilation	imat	06_glucose_low	anaerobic	biotrophic	3	1	0.0403	0.3333
Sulfur / nitrogen assimilation	imat	07_sucrose_low	aerobic	biotrophic	3	1	0.0025	0.3333
Sulfur / nitrogen assimilation	imat	07_sucrose_low	anaerobic	biotrophic	3	1	0.0937	0.3333
Sulfur / nitrogen assimilation	imat	08_glutamate	aerobic	biotrophic	3	1	0.001	0.3333
Sulfur / nitrogen assimilation	imat	08_glutamate	anaerobic	biotrophic	3	1	0.0	0.3333
Sulfur / nitrogen assimilation	imat	09_glutamine	aerobic	biotrophic	3	1	0.0016	0.3333
Sulfur / nitrogen assimilation	imat	09_glutamine	anaerobic	biotrophic	3	1	0.001	0.3333
Sulfur / nitrogen assimilation	imat	10_gaba	aerobic	biotrophic	3	1	0.001	0.3333
Sulfur / nitrogen assimilation	imat	11_galacturonate	aerobic	necrotrophic	3	1	0.0102	0.3333
Sulfur / nitrogen assimilation	imat	11_galacturonate	anaerobic	necrotrophic	3	1	0.0669	0.3333
Sulfur / nitrogen assimilation	imat	12_xylose	aerobic	necrotrophic	3	1	0.0016	0.3333
Sulfur / nitrogen assimilation	imat	12_xylose	anaerobic	necrotrophic	3	1	0.0617	0.3333
Sulfur / nitrogen assimilation	imat	13_arabinose	aerobic	necrotrophic	3	1	0.01	0.3333
Sulfur / nitrogen assimilation	imat	14_maltose	aerobic	necrotrophic	3	2	0.0225	0.6667
Sulfur / nitrogen assimilation	imat	14_maltose	anaerobic	necrotrophic	3	1	0.0668	0.3333
Sulfur / nitrogen assimilation	imat	15_mixed_aa	aerobic	necrotrophic	3	2	0.002	0.6667
Sulfur / nitrogen assimilation	imat	15_mixed_aa	anaerobic	necrotrophic	3	1	0.001	0.3333
Sulfur / nitrogen assimilation	imat	16_pre_infection_mix	aerobic	cocktail	3	1	0.005	0.3333
Sulfur / nitrogen assimilation	imat	16_pre_infection_mix	anaerobic	cocktail	3	1	0.0497	0.3333
Sulfur / nitrogen assimilation	imat	17_biotrophic_mix	aerobic	cocktail	3	1	0.001	0.3333
Sulfur / nitrogen assimilation	imat	17_biotrophic_mix	anaerobic	cocktail	3	1	0.0501	0.3333
Sulfur / nitrogen assimilation	imat	18_necrotrophic_mix	aerobic	cocktail	3	1	0.0013	0.3333
Sulfur / nitrogen assimilation	imat	18_necrotrophic_mix	anaerobic	cocktail	3	2	0.0032	0.6667
Sulfur / nitrogen assimilation	pfba	01_trehalose	aerobic	pre-infection	3	1	0.006	0.3333
Sulfur / nitrogen assimilation	pfba	01_trehalose	anaerobic	pre-infection	3	1	0.018	0.3333
Sulfur / nitrogen assimilation	pfba	02_glycerol	aerobic	pre-infection	3	1	0.0017	0.3333
Sulfur / nitrogen assimilation	pfba	02_glycerol	anaerobic	pre-infection	3	1	0.0005	0.3333
Sulfur / nitrogen assimilation	pfba	03_palmitate	aerobic	pre-infection	3	1	0.0093	0.3333
Sulfur / nitrogen assimilation	pfba	04_oleate	aerobic	pre-infection	3	1	0.0105	0.3333
Sulfur / nitrogen assimilation	pfba	05_hexacosanoate	aerobic	pre-infection	3	1	0.0168	0.3333
Sulfur / nitrogen assimilation	pfba	06_glucose_low	aerobic	biotrophic	3	1	0.003	0.3333
Sulfur / nitrogen assimilation	pfba	06_glucose_low	anaerobic	biotrophic	3	1	0.009	0.3333
Sulfur / nitrogen assimilation	pfba	07_sucrose_low	aerobic	biotrophic	3	1	0.003	0.3333
Sulfur / nitrogen assimilation	pfba	07_sucrose_low	anaerobic	biotrophic	3	1	0.009	0.3333
Sulfur / nitrogen assimilation	pfba	08_glutamate	aerobic	biotrophic	3	1	0.0043	0.3333
Sulfur / nitrogen assimilation	pfba	08_glutamate	anaerobic	biotrophic	3	0	0.0	0.0
Sulfur / nitrogen assimilation	pfba	09_glutamine	aerobic	biotrophic	3	1	0.0043	0.3333
Sulfur / nitrogen assimilation	pfba	09_glutamine	anaerobic	biotrophic	3	0	0.0	0.0
Sulfur / nitrogen assimilation	pfba	10_gaba	aerobic	biotrophic	3	1	0.0041	0.3333
Sulfur / nitrogen assimilation	pfba	11_galacturonate	aerobic	necrotrophic	3	1	0.0122	0.3333
Sulfur / nitrogen assimilation	pfba	11_galacturonate	anaerobic	necrotrophic	3	1	0.0249	0.3333
Sulfur / nitrogen assimilation	pfba	12_xylose	aerobic	necrotrophic	3	1	0.0119	0.3333
Sulfur / nitrogen assimilation	pfba	12_xylose	anaerobic	necrotrophic	3	1	0.0182	0.3333
Sulfur / nitrogen assimilation	pfba	13_arabinose	aerobic	necrotrophic	3	1	0.0114	0.3333
Sulfur / nitrogen assimilation	pfba	14_maltose	aerobic	necrotrophic	3	1	0.0298	0.3333
Sulfur / nitrogen assimilation	pfba	14_maltose	anaerobic	necrotrophic	3	1	0.0902	0.3333
Sulfur / nitrogen assimilation	pfba	15_mixed_aa	aerobic	necrotrophic	3	1	0.0011	0.3333
Sulfur / nitrogen assimilation	pfba	15_mixed_aa	anaerobic	necrotrophic	3	1	0.0001	0.3333
Sulfur / nitrogen assimilation	pfba	16_pre_infection_mix	aerobic	cocktail	3	1	0.0057	0.3333
Sulfur / nitrogen assimilation	pfba	16_pre_infection_mix	anaerobic	cocktail	3	1	0.006	0.3333
Sulfur / nitrogen assimilation	pfba	17_biotrophic_mix	aerobic	cocktail	3	1	0.0051	0.3333
Sulfur / nitrogen assimilation	pfba	17_biotrophic_mix	anaerobic	cocktail	3	1	0.0114	0.3333
Sulfur / nitrogen assimilation	pfba	18_necrotrophic_mix	aerobic	cocktail	3	1	0.0036	0.3333
Sulfur / nitrogen assimilation	pfba	18_necrotrophic_mix	anaerobic	cocktail	3	1	0.0007	0.3333
TCA cycle	eflux	01_trehalose	aerobic	pre-infection	34	15	3.1744	0.4412
TCA cycle	eflux	01_trehalose	anaerobic	pre-infection	34	14	0.3858	0.4118
TCA cycle	eflux	02_glycerol	aerobic	pre-infection	34	12	0.1318	0.3529
TCA cycle	eflux	02_glycerol	anaerobic	pre-infection	34	14	1.2105	0.4118
TCA cycle	eflux	03_palmitate	aerobic	pre-infection	34	17	13.5825	0.5
TCA cycle	eflux	04_oleate	aerobic	pre-infection	34	19	24.2499	0.5588
TCA cycle	eflux	05_hexacosanoate	aerobic	pre-infection	34	18	37.4302	0.5294
TCA cycle	eflux	06_glucose_low	aerobic	biotrophic	34	14	1.5879	0.4118
TCA cycle	eflux	06_glucose_low	anaerobic	biotrophic	34	16	0.2089	0.4706
TCA cycle	eflux	07_sucrose_low	aerobic	biotrophic	34	14	1.5879	0.4118
TCA cycle	eflux	07_sucrose_low	anaerobic	biotrophic	34	15	0.2082	0.4412
TCA cycle	eflux	08_glutamate	aerobic	biotrophic	34	16	12.8263	0.4706
TCA cycle	eflux	08_glutamate	anaerobic	biotrophic	34	15	8.8727	0.4412
TCA cycle	eflux	09_glutamine	aerobic	biotrophic	34	16	13.9705	0.4706
TCA cycle	eflux	09_glutamine	anaerobic	biotrophic	34	14	7.0149	0.4118
TCA cycle	eflux	10_gaba	aerobic	biotrophic	34	14	7.122	0.4118
TCA cycle	eflux	11_galacturonate	aerobic	necrotrophic	34	0	0.0	0.0
TCA cycle	eflux	11_galacturonate	anaerobic	necrotrophic	34	0	0.0	0.0
TCA cycle	eflux	12_xylose	aerobic	necrotrophic	34	15	2.3536	0.4412
TCA cycle	eflux	12_xylose	anaerobic	necrotrophic	34	16	0.2169	0.4706
TCA cycle	eflux	13_arabinose	aerobic	necrotrophic	34	12	0.7384	0.3529
TCA cycle	eflux	14_maltose	aerobic	necrotrophic	34	14	15.8788	0.4118
TCA cycle	eflux	14_maltose	anaerobic	necrotrophic	34	16	2.0892	0.4706
TCA cycle	eflux	15_mixed_aa	aerobic	necrotrophic	34	14	16.1008	0.4118
TCA cycle	eflux	15_mixed_aa	anaerobic	necrotrophic	34	14	8.7853	0.4118
TCA cycle	eflux	16_pre_infection_mix	aerobic	cocktail	34	18	6.9112	0.5294
TCA cycle	eflux	16_pre_infection_mix	anaerobic	cocktail	34	15	0.2757	0.4412
TCA cycle	eflux	17_biotrophic_mix	aerobic	cocktail	34	13	5.9672	0.3824
TCA cycle	eflux	17_biotrophic_mix	anaerobic	cocktail	34	18	5.2643	0.5294
TCA cycle	eflux	18_necrotrophic_mix	aerobic	cocktail	34	15	19.0198	0.4412
TCA cycle	eflux	18_necrotrophic_mix	anaerobic	cocktail	34	11	1.4098	0.3235
TCA cycle	gimme	01_trehalose	aerobic	pre-infection	34	14	2.992	0.4118
TCA cycle	gimme	01_trehalose	anaerobic	pre-infection	34	13	0.4458	0.3824
TCA cycle	gimme	02_glycerol	aerobic	pre-infection	34	16	0.1572	0.4706
TCA cycle	gimme	02_glycerol	anaerobic	pre-infection	34	14	1.0692	0.4118
TCA cycle	gimme	03_palmitate	aerobic	pre-infection	34	15	13.5255	0.4412
TCA cycle	gimme	04_oleate	aerobic	pre-infection	34	17	23.1963	0.5
TCA cycle	gimme	05_hexacosanoate	aerobic	pre-infection	34	18	38.7015	0.5294
TCA cycle	gimme	06_glucose_low	aerobic	biotrophic	34	14	1.4877	0.4118
TCA cycle	gimme	06_glucose_low	anaerobic	biotrophic	34	15	0.2397	0.4412
TCA cycle	gimme	07_sucrose_low	aerobic	biotrophic	34	15	1.8845	0.4412
TCA cycle	gimme	07_sucrose_low	anaerobic	biotrophic	34	15	0.2011	0.4412
TCA cycle	gimme	08_glutamate	aerobic	biotrophic	34	14	12.8978	0.4118
TCA cycle	gimme	08_glutamate	anaerobic	biotrophic	34	15	9.9033	0.4412
TCA cycle	gimme	09_glutamine	aerobic	biotrophic	34	14	10.7974	0.4118
TCA cycle	gimme	09_glutamine	anaerobic	biotrophic	34	14	7.77	0.4118
TCA cycle	gimme	10_gaba	aerobic	biotrophic	34	13	7.1187	0.3824
TCA cycle	gimme	11_galacturonate	aerobic	necrotrophic	34	15	15.6543	0.4412
TCA cycle	gimme	11_galacturonate	anaerobic	necrotrophic	34	12	0.3526	0.3529
TCA cycle	gimme	12_xylose	aerobic	necrotrophic	34	13	1.9352	0.3824
TCA cycle	gimme	12_xylose	anaerobic	necrotrophic	34	16	0.1851	0.4706
TCA cycle	gimme	13_arabinose	aerobic	necrotrophic	34	10	0.6575	0.2941
TCA cycle	gimme	14_maltose	aerobic	necrotrophic	34	13	14.1863	0.3824
TCA cycle	gimme	14_maltose	anaerobic	necrotrophic	34	14	2.1213	0.4118
TCA cycle	gimme	15_mixed_aa	aerobic	necrotrophic	34	14	15.8428	0.4118
TCA cycle	gimme	15_mixed_aa	anaerobic	necrotrophic	34	14	8.3262	0.4118
TCA cycle	gimme	16_pre_infection_mix	aerobic	cocktail	34	18	6.59	0.5294
TCA cycle	gimme	16_pre_infection_mix	anaerobic	cocktail	34	15	0.3273	0.4412
TCA cycle	gimme	17_biotrophic_mix	aerobic	cocktail	34	14	5.1833	0.4118
TCA cycle	gimme	17_biotrophic_mix	anaerobic	cocktail	34	16	4.5937	0.4706
TCA cycle	gimme	18_necrotrophic_mix	aerobic	cocktail	34	14	22.0721	0.4118
TCA cycle	gimme	18_necrotrophic_mix	anaerobic	cocktail	34	12	5999.6853	0.3529
TCA cycle	imat	01_trehalose	aerobic	pre-infection	34	26	38.9031	0.7647
TCA cycle	imat	01_trehalose	anaerobic	pre-infection	34	29	5000.103	0.8529
TCA cycle	imat	02_glycerol	aerobic	pre-infection	34	29	5002.4173	0.8529
TCA cycle	imat	02_glycerol	anaerobic	pre-infection	34	21	2001.127	0.6176
TCA cycle	imat	03_palmitate	aerobic	pre-infection	34	27	20.6291	0.7941
TCA cycle	imat	04_oleate	aerobic	pre-infection	34	28	3023.6359	0.8235
TCA cycle	imat	05_hexacosanoate	aerobic	pre-infection	34	29	7763.952	0.8529
TCA cycle	imat	06_glucose_low	aerobic	biotrophic	34	28	4001.9117	0.8235
TCA cycle	imat	06_glucose_low	anaerobic	biotrophic	34	26	3000.1428	0.7647
TCA cycle	imat	07_sucrose_low	aerobic	biotrophic	34	27	7000.3843	0.7941
TCA cycle	imat	07_sucrose_low	anaerobic	biotrophic	34	26	0.1601	0.7647
TCA cycle	imat	08_glutamate	aerobic	biotrophic	34	29	5005.5118	0.8529
TCA cycle	imat	08_glutamate	anaerobic	biotrophic	34	25	7.7763	0.7353
TCA cycle	imat	09_glutamine	aerobic	biotrophic	34	27	4151.8912	0.7941
TCA cycle	imat	09_glutamine	anaerobic	biotrophic	34	24	4003.6622	0.7059
TCA cycle	imat	10_gaba	aerobic	biotrophic	34	29	5010.0536	0.8529
TCA cycle	imat	11_galacturonate	aerobic	necrotrophic	34	27	1028.6291	0.7941
TCA cycle	imat	11_galacturonate	anaerobic	necrotrophic	34	26	3000.1384	0.7647
TCA cycle	imat	12_xylose	aerobic	necrotrophic	34	28	1052.2832	0.8235
TCA cycle	imat	12_xylose	anaerobic	necrotrophic	34	30	3000.1596	0.8824
TCA cycle	imat	13_arabinose	aerobic	necrotrophic	34	27	1002.3879	0.7941
TCA cycle	imat	14_maltose	aerobic	necrotrophic	34	25	1034.4073	0.7353
TCA cycle	imat	14_maltose	anaerobic	necrotrophic	34	29	7999.9925	0.8529
TCA cycle	imat	15_mixed_aa	aerobic	necrotrophic	34	27	2010.1805	0.7941
TCA cycle	imat	15_mixed_aa	anaerobic	necrotrophic	34	27	2001.3666	0.7941
TCA cycle	imat	16_pre_infection_mix	aerobic	cocktail	34	27	1007.9481	0.7941
TCA cycle	imat	16_pre_infection_mix	anaerobic	cocktail	34	27	3000.4154	0.7941
TCA cycle	imat	17_biotrophic_mix	aerobic	cocktail	34	27	1001.3784	0.7941
TCA cycle	imat	17_biotrophic_mix	anaerobic	cocktail	34	26	2.1404	0.7647
TCA cycle	imat	18_necrotrophic_mix	aerobic	cocktail	34	25	2015.0978	0.7353
TCA cycle	imat	18_necrotrophic_mix	anaerobic	cocktail	34	29	8000.6122	0.8529
TCA cycle	pfba	01_trehalose	aerobic	pre-infection	34	14	3.1733	0.4118
TCA cycle	pfba	01_trehalose	anaerobic	pre-infection	34	15	0.3873	0.4412
TCA cycle	pfba	02_glycerol	aerobic	pre-infection	34	11	0.1318	0.3235
TCA cycle	pfba	02_glycerol	anaerobic	pre-infection	34	14	1.2105	0.4118
TCA cycle	pfba	03_palmitate	aerobic	pre-infection	34	15	12.9035	0.4412
TCA cycle	pfba	04_oleate	aerobic	pre-infection	34	17	24.2215	0.5
TCA cycle	pfba	05_hexacosanoate	aerobic	pre-infection	34	16	37.3216	0.4706
TCA cycle	pfba	06_glucose_low	aerobic	biotrophic	34	15	1.5884	0.4412
TCA cycle	pfba	06_glucose_low	anaerobic	biotrophic	34	14	0.1929	0.4118
TCA cycle	pfba	07_sucrose_low	aerobic	biotrophic	34	15	1.5884	0.4412
TCA cycle	pfba	07_sucrose_low	anaerobic	biotrophic	34	14	0.1929	0.4118
TCA cycle	pfba	08_glutamate	aerobic	biotrophic	34	16	12.8263	0.4706
TCA cycle	pfba	08_glutamate	anaerobic	biotrophic	34	0	0.0	0.0
TCA cycle	pfba	09_glutamine	aerobic	biotrophic	34	16	12.8272	0.4706
TCA cycle	pfba	09_glutamine	anaerobic	biotrophic	34	0	0.0	0.0
TCA cycle	pfba	10_gaba	aerobic	biotrophic	34	14	7.122	0.4118
TCA cycle	pfba	11_galacturonate	aerobic	necrotrophic	34	15	17.3671	0.4412
TCA cycle	pfba	11_galacturonate	anaerobic	necrotrophic	34	14	0.2743	0.4118
TCA cycle	pfba	12_xylose	aerobic	necrotrophic	34	15	2.3536	0.4412
TCA cycle	pfba	12_xylose	anaerobic	necrotrophic	34	14	0.2003	0.4118
TCA cycle	pfba	13_arabinose	aerobic	necrotrophic	34	12	0.7384	0.3529
TCA cycle	pfba	14_maltose	aerobic	necrotrophic	34	14	15.8788	0.4118
TCA cycle	pfba	14_maltose	anaerobic	necrotrophic	34	14	1.9286	0.4118
TCA cycle	pfba	15_mixed_aa	aerobic	necrotrophic	34	14	16.1322	0.4118
TCA cycle	pfba	15_mixed_aa	anaerobic	necrotrophic	34	13	8.2067	0.3824
TCA cycle	pfba	16_pre_infection_mix	aerobic	cocktail	34	16	6.8958	0.4706
TCA cycle	pfba	16_pre_infection_mix	anaerobic	cocktail	34	14	0.2752	0.4118
TCA cycle	pfba	17_biotrophic_mix	aerobic	cocktail	34	12	5.7221	0.3529
TCA cycle	pfba	17_biotrophic_mix	anaerobic	cocktail	34	17	5.0249	0.5
TCA cycle	pfba	18_necrotrophic_mix	aerobic	cocktail	34	14	21.1644	0.4118
TCA cycle	pfba	18_necrotrophic_mix	anaerobic	cocktail	34	12	1.9995	0.3529
Transport (inter-compartmental)	eflux	01_trehalose	aerobic	pre-infection	256	54	28.8979	0.2109
Transport (inter-compartmental)	eflux	01_trehalose	anaerobic	pre-infection	256	60	10.1281	0.2344
Transport (inter-compartmental)	eflux	02_glycerol	aerobic	pre-infection	256	59	9.9806	0.2305
Transport (inter-compartmental)	eflux	02_glycerol	anaerobic	pre-infection	256	43	3.4016	0.168
Transport (inter-compartmental)	eflux	03_palmitate	aerobic	pre-infection	256	64	65.8651	0.25
Transport (inter-compartmental)	eflux	04_oleate	aerobic	pre-infection	256	64	105.204	0.25
Transport (inter-compartmental)	eflux	05_hexacosanoate	aerobic	pre-infection	256	56	117.4564	0.2188
Transport (inter-compartmental)	eflux	06_glucose_low	aerobic	biotrophic	256	55	14.9485	0.2148
Transport (inter-compartmental)	eflux	06_glucose_low	anaerobic	biotrophic	256	57	5.0982	0.2227
Transport (inter-compartmental)	eflux	07_sucrose_low	aerobic	biotrophic	256	57	15.4553	0.2227
Transport (inter-compartmental)	eflux	07_sucrose_low	anaerobic	biotrophic	256	59	5.1131	0.2305
Transport (inter-compartmental)	eflux	08_glutamate	aerobic	biotrophic	256	63	36.6378	0.2461
Transport (inter-compartmental)	eflux	08_glutamate	anaerobic	biotrophic	256	43	13.0283	0.168
Transport (inter-compartmental)	eflux	09_glutamine	aerobic	biotrophic	256	60	35.4096	0.2344
Transport (inter-compartmental)	eflux	09_glutamine	anaerobic	biotrophic	256	42	13.0282	0.1641
Transport (inter-compartmental)	eflux	10_gaba	aerobic	biotrophic	256	54	34.681	0.2109
Transport (inter-compartmental)	eflux	11_galacturonate	aerobic	necrotrophic	256	0	0.0	0.0
Transport (inter-compartmental)	eflux	11_galacturonate	anaerobic	necrotrophic	256	0	0.0	0.0
Transport (inter-compartmental)	eflux	12_xylose	aerobic	necrotrophic	256	54	60.8148	0.2109
Transport (inter-compartmental)	eflux	12_xylose	anaerobic	necrotrophic	256	60	12.5423	0.2344
Transport (inter-compartmental)	eflux	13_arabinose	aerobic	necrotrophic	256	55	63.102	0.2148
Transport (inter-compartmental)	eflux	14_maltose	aerobic	necrotrophic	256	55	144.5529	0.2148
Transport (inter-compartmental)	eflux	14_maltose	anaerobic	necrotrophic	256	60	41.1311	0.2344
Transport (inter-compartmental)	eflux	15_mixed_aa	aerobic	necrotrophic	256	58	95.1888	0.2266
Transport (inter-compartmental)	eflux	15_mixed_aa	anaerobic	necrotrophic	256	58	13.4937	0.2266
Transport (inter-compartmental)	eflux	16_pre_infection_mix	aerobic	cocktail	256	62	40.7893	0.2422
Transport (inter-compartmental)	eflux	16_pre_infection_mix	anaerobic	cocktail	256	66	3.783	0.2578
Transport (inter-compartmental)	eflux	17_biotrophic_mix	aerobic	cocktail	256	58	37.9249	0.2266
Transport (inter-compartmental)	eflux	17_biotrophic_mix	anaerobic	cocktail	256	61	10.5711	0.2383
Transport (inter-compartmental)	eflux	18_necrotrophic_mix	aerobic	cocktail	256	60	171.5916	0.2344
Transport (inter-compartmental)	eflux	18_necrotrophic_mix	anaerobic	cocktail	256	64	52.5114	0.25
Transport (inter-compartmental)	gimme	01_trehalose	aerobic	pre-infection	256	59	27.835	0.2305
Transport (inter-compartmental)	gimme	01_trehalose	anaerobic	pre-infection	256	63	10.1194	0.2461
Transport (inter-compartmental)	gimme	02_glycerol	aerobic	pre-infection	256	64	11.2817	0.25
Transport (inter-compartmental)	gimme	02_glycerol	anaerobic	pre-infection	256	52	4.3214	0.2031
Transport (inter-compartmental)	gimme	03_palmitate	aerobic	pre-infection	256	66	66.7285	0.2578
Transport (inter-compartmental)	gimme	04_oleate	aerobic	pre-infection	256	63	100.0115	0.2461
Transport (inter-compartmental)	gimme	05_hexacosanoate	aerobic	pre-infection	256	60	122.619	0.2344
Transport (inter-compartmental)	gimme	06_glucose_low	aerobic	biotrophic	256	58	14.415	0.2266
Transport (inter-compartmental)	gimme	06_glucose_low	anaerobic	biotrophic	256	63	5.2681	0.2461
Transport (inter-compartmental)	gimme	07_sucrose_low	aerobic	biotrophic	256	58	19.8005	0.2266
Transport (inter-compartmental)	gimme	07_sucrose_low	anaerobic	biotrophic	256	65	5.2106	0.2539
Transport (inter-compartmental)	gimme	08_glutamate	aerobic	biotrophic	256	63	38.2939	0.2461
Transport (inter-compartmental)	gimme	08_glutamate	anaerobic	biotrophic	256	37	13.5785	0.1445
Transport (inter-compartmental)	gimme	09_glutamine	aerobic	biotrophic	256	62	35.9493	0.2422
Transport (inter-compartmental)	gimme	09_glutamine	anaerobic	biotrophic	256	40	13.0285	0.1562
Transport (inter-compartmental)	gimme	10_gaba	aerobic	biotrophic	256	58	34.4891	0.2266
Transport (inter-compartmental)	gimme	11_galacturonate	aerobic	necrotrophic	256	60	93.2865	0.2344
Transport (inter-compartmental)	gimme	11_galacturonate	anaerobic	necrotrophic	256	68	29.073	0.2656
Transport (inter-compartmental)	gimme	12_xylose	aerobic	necrotrophic	256	58	60.9988	0.2266
Transport (inter-compartmental)	gimme	12_xylose	anaerobic	necrotrophic	256	63	12.8204	0.2461
Transport (inter-compartmental)	gimme	13_arabinose	aerobic	necrotrophic	256	58	62.2758	0.2266
Transport (inter-compartmental)	gimme	14_maltose	aerobic	necrotrophic	256	58	5060.1335	0.2266
Transport (inter-compartmental)	gimme	14_maltose	anaerobic	necrotrophic	256	65	43.9118	0.2539
Transport (inter-compartmental)	gimme	15_mixed_aa	aerobic	necrotrophic	256	58	88.4666	0.2266
Transport (inter-compartmental)	gimme	15_mixed_aa	anaerobic	necrotrophic	256	71	14.1815	0.2773
Transport (inter-compartmental)	gimme	16_pre_infection_mix	aerobic	cocktail	256	64	39.0012	0.25
Transport (inter-compartmental)	gimme	16_pre_infection_mix	anaerobic	cocktail	256	56	3.829	0.2188
Transport (inter-compartmental)	gimme	17_biotrophic_mix	aerobic	cocktail	256	59	36.0157	0.2305
Transport (inter-compartmental)	gimme	17_biotrophic_mix	anaerobic	cocktail	256	63	11.437	0.2461
Transport (inter-compartmental)	gimme	18_necrotrophic_mix	aerobic	cocktail	256	63	175.5999	0.2461
Transport (inter-compartmental)	gimme	18_necrotrophic_mix	anaerobic	cocktail	256	68	6042.5109	0.2656
Transport (inter-compartmental)	imat	01_trehalose	aerobic	pre-infection	256	114	3121.7623	0.4453
Transport (inter-compartmental)	imat	01_trehalose	anaerobic	pre-infection	256	124	8012.2169	0.4844
Transport (inter-compartmental)	imat	02_glycerol	aerobic	pre-infection	256	105	8072.4572	0.4102
Transport (inter-compartmental)	imat	02_glycerol	anaerobic	pre-infection	256	73	4003.2758	0.2852
Transport (inter-compartmental)	imat	03_palmitate	aerobic	pre-infection	256	123	136.9815	0.4805
Transport (inter-compartmental)	imat	04_oleate	aerobic	pre-infection	256	122	4001143.0616	0.4766
Transport (inter-compartmental)	imat	05_hexacosanoate	aerobic	pre-infection	256	119	8827.7923	0.4648
Transport (inter-compartmental)	imat	06_glucose_low	aerobic	biotrophic	256	120	13992.4598	0.4688
Transport (inter-compartmental)	imat	06_glucose_low	anaerobic	biotrophic	256	111	2004.9949	0.4336
Transport (inter-compartmental)	imat	07_sucrose_low	aerobic	biotrophic	256	116	10008.9494	0.4531
Transport (inter-compartmental)	imat	07_sucrose_low	anaerobic	biotrophic	256	103	1005.3475	0.4023
Transport (inter-compartmental)	imat	08_glutamate	aerobic	biotrophic	256	111	12826.3506	0.4336
Transport (inter-compartmental)	imat	08_glutamate	anaerobic	biotrophic	256	53	16.6476	0.207
Transport (inter-compartmental)	imat	09_glutamine	aerobic	biotrophic	256	122	7192.3749	0.4766
Transport (inter-compartmental)	imat	09_glutamine	anaerobic	biotrophic	256	58	5009.3114	0.2266
Transport (inter-compartmental)	imat	10_gaba	aerobic	biotrophic	256	105	10100.7293	0.4102
Transport (inter-compartmental)	imat	11_galacturonate	aerobic	necrotrophic	256	117	4138.7957	0.457
Transport (inter-compartmental)	imat	11_galacturonate	anaerobic	necrotrophic	256	114	10220.2565	0.4453
Transport (inter-compartmental)	imat	12_xylose	aerobic	necrotrophic	256	129	14024.1735	0.5039
Transport (inter-compartmental)	imat	12_xylose	anaerobic	necrotrophic	256	109	10206.4827	0.4258
Transport (inter-compartmental)	imat	13_arabinose	aerobic	necrotrophic	256	119	1102.6827	0.4648
Transport (inter-compartmental)	imat	14_maltose	aerobic	necrotrophic	256	114	5149.5883	0.4453
Transport (inter-compartmental)	imat	14_maltose	anaerobic	necrotrophic	256	120	7704.2389	0.4688
Transport (inter-compartmental)	imat	15_mixed_aa	aerobic	necrotrophic	256	118	8028.3242	0.4609
Transport (inter-compartmental)	imat	15_mixed_aa	anaerobic	necrotrophic	256	106	1005.0381	0.4141
Transport (inter-compartmental)	imat	16_pre_infection_mix	aerobic	cocktail	256	124	16019.7025	0.4844
Transport (inter-compartmental)	imat	16_pre_infection_mix	anaerobic	cocktail	256	105	7002.2978	0.4102
Transport (inter-compartmental)	imat	17_biotrophic_mix	aerobic	cocktail	256	116	10003.8028	0.4531
Transport (inter-compartmental)	imat	17_biotrophic_mix	anaerobic	cocktail	256	102	2009.0942	0.3984
Transport (inter-compartmental)	imat	18_necrotrophic_mix	aerobic	cocktail	256	114	1144.821	0.4453
Transport (inter-compartmental)	imat	18_necrotrophic_mix	anaerobic	cocktail	256	123	13019.3896	0.4805
Transport (inter-compartmental)	pfba	01_trehalose	aerobic	pre-infection	256	57	28.901	0.2227
Transport (inter-compartmental)	pfba	01_trehalose	anaerobic	pre-infection	256	62	10.1281	0.2422
Transport (inter-compartmental)	pfba	02_glycerol	aerobic	pre-infection	256	57	9.9806	0.2227
Transport (inter-compartmental)	pfba	02_glycerol	anaerobic	pre-infection	256	41	3.4016	0.1602
Transport (inter-compartmental)	pfba	03_palmitate	aerobic	pre-infection	256	65	66.763	0.2539
Transport (inter-compartmental)	pfba	04_oleate	aerobic	pre-infection	256	66	105.204	0.2578
Transport (inter-compartmental)	pfba	05_hexacosanoate	aerobic	pre-infection	256	56	117.4564	0.2188
Transport (inter-compartmental)	pfba	06_glucose_low	aerobic	biotrophic	256	54	14.9537	0.2109
Transport (inter-compartmental)	pfba	06_glucose_low	anaerobic	biotrophic	256	58	5.0982	0.2266
Transport (inter-compartmental)	pfba	07_sucrose_low	aerobic	biotrophic	256	56	15.4537	0.2188
Transport (inter-compartmental)	pfba	07_sucrose_low	anaerobic	biotrophic	256	61	6.064	0.2383
Transport (inter-compartmental)	pfba	08_glutamate	aerobic	biotrophic	256	60	35.4936	0.2344
Transport (inter-compartmental)	pfba	08_glutamate	anaerobic	biotrophic	256	0	0.0	0.0
Transport (inter-compartmental)	pfba	09_glutamine	aerobic	biotrophic	256	63	36.5678	0.2461
Transport (inter-compartmental)	pfba	09_glutamine	anaerobic	biotrophic	256	0	0.0	0.0
Transport (inter-compartmental)	pfba	10_gaba	aerobic	biotrophic	256	55	34.5014	0.2148
Transport (inter-compartmental)	pfba	11_galacturonate	aerobic	necrotrophic	256	58	84.9993	0.2266
Transport (inter-compartmental)	pfba	11_galacturonate	anaerobic	necrotrophic	256	63	20.5879	0.2461
Transport (inter-compartmental)	pfba	12_xylose	aerobic	necrotrophic	256	54	60.8148	0.2109
Transport (inter-compartmental)	pfba	12_xylose	anaerobic	necrotrophic	256	60	12.5423	0.2344
Transport (inter-compartmental)	pfba	13_arabinose	aerobic	necrotrophic	256	57	63.1264	0.2227
Transport (inter-compartmental)	pfba	14_maltose	aerobic	necrotrophic	256	57	144.5529	0.2227
Transport (inter-compartmental)	pfba	14_maltose	anaerobic	necrotrophic	256	61	50.6403	0.2383
Transport (inter-compartmental)	pfba	15_mixed_aa	aerobic	necrotrophic	256	59	95.1889	0.2305
Transport (inter-compartmental)	pfba	15_mixed_aa	anaerobic	necrotrophic	256	58	13.4937	0.2266
Transport (inter-compartmental)	pfba	16_pre_infection_mix	aerobic	cocktail	256	62	40.7893	0.2422
Transport (inter-compartmental)	pfba	16_pre_infection_mix	anaerobic	cocktail	256	67	3.783	0.2617
Transport (inter-compartmental)	pfba	17_biotrophic_mix	aerobic	cocktail	256	60	37.9249	0.2344
Transport (inter-compartmental)	pfba	17_biotrophic_mix	anaerobic	cocktail	256	62	10.5711	0.2422
Transport (inter-compartmental)	pfba	18_necrotrophic_mix	aerobic	cocktail	256	60	186.527	0.2344
Transport (inter-compartmental)	pfba	18_necrotrophic_mix	anaerobic	cocktail	256	61	56.5276	0.2383
β-oxidation (peroxisomal)	eflux	01_trehalose	aerobic	pre-infection	54	0	0.0	0.0
β-oxidation (peroxisomal)	eflux	01_trehalose	anaerobic	pre-infection	54	0	0.0	0.0
β-oxidation (peroxisomal)	eflux	02_glycerol	aerobic	pre-infection	54	0	0.0	0.0
β-oxidation (peroxisomal)	eflux	02_glycerol	anaerobic	pre-infection	54	0	0.0	0.0
β-oxidation (peroxisomal)	eflux	03_palmitate	aerobic	pre-infection	54	4	15.1195	0.0741
β-oxidation (peroxisomal)	eflux	04_oleate	aerobic	pre-infection	54	4	26.6212	0.0741
β-oxidation (peroxisomal)	eflux	05_hexacosanoate	aerobic	pre-infection	54	23	46.2024	0.4259
β-oxidation (peroxisomal)	eflux	06_glucose_low	aerobic	biotrophic	54	0	0.0	0.0
β-oxidation (peroxisomal)	eflux	06_glucose_low	anaerobic	biotrophic	54	0	0.0	0.0
β-oxidation (peroxisomal)	eflux	07_sucrose_low	aerobic	biotrophic	54	0	0.0	0.0
β-oxidation (peroxisomal)	eflux	07_sucrose_low	anaerobic	biotrophic	54	0	0.0	0.0
β-oxidation (peroxisomal)	eflux	08_glutamate	aerobic	biotrophic	54	0	0.0	0.0
β-oxidation (peroxisomal)	eflux	08_glutamate	anaerobic	biotrophic	54	0	0.0	0.0
β-oxidation (peroxisomal)	eflux	09_glutamine	aerobic	biotrophic	54	0	0.0	0.0
β-oxidation (peroxisomal)	eflux	09_glutamine	anaerobic	biotrophic	54	0	0.0	0.0
β-oxidation (peroxisomal)	eflux	10_gaba	aerobic	biotrophic	54	0	0.0	0.0
β-oxidation (peroxisomal)	eflux	11_galacturonate	aerobic	necrotrophic	54	0	0.0	0.0
β-oxidation (peroxisomal)	eflux	11_galacturonate	anaerobic	necrotrophic	54	0	0.0	0.0
β-oxidation (peroxisomal)	eflux	12_xylose	aerobic	necrotrophic	54	0	0.0	0.0
β-oxidation (peroxisomal)	eflux	12_xylose	anaerobic	necrotrophic	54	0	0.0	0.0
β-oxidation (peroxisomal)	eflux	13_arabinose	aerobic	necrotrophic	54	0	0.0	0.0
β-oxidation (peroxisomal)	eflux	14_maltose	aerobic	necrotrophic	54	0	0.0	0.0
β-oxidation (peroxisomal)	eflux	14_maltose	anaerobic	necrotrophic	54	0	0.0	0.0
β-oxidation (peroxisomal)	eflux	15_mixed_aa	aerobic	necrotrophic	54	0	0.0	0.0
β-oxidation (peroxisomal)	eflux	15_mixed_aa	anaerobic	necrotrophic	54	0	0.0	0.0
β-oxidation (peroxisomal)	eflux	16_pre_infection_mix	aerobic	cocktail	54	4	7.9448	0.0741
β-oxidation (peroxisomal)	eflux	16_pre_infection_mix	anaerobic	cocktail	54	4	0.0209	0.0741
β-oxidation (peroxisomal)	eflux	17_biotrophic_mix	aerobic	cocktail	54	0	0.0	0.0
β-oxidation (peroxisomal)	eflux	17_biotrophic_mix	anaerobic	cocktail	54	0	0.0	0.0
β-oxidation (peroxisomal)	eflux	18_necrotrophic_mix	aerobic	cocktail	54	0	0.0	0.0
β-oxidation (peroxisomal)	eflux	18_necrotrophic_mix	anaerobic	cocktail	54	0	0.0	0.0
β-oxidation (peroxisomal)	gimme	01_trehalose	aerobic	pre-infection	54	0	0.0	0.0
β-oxidation (peroxisomal)	gimme	01_trehalose	anaerobic	pre-infection	54	0	0.0	0.0
β-oxidation (peroxisomal)	gimme	02_glycerol	aerobic	pre-infection	54	2	1.1318	0.037
β-oxidation (peroxisomal)	gimme	02_glycerol	anaerobic	pre-infection	54	1	0.2432	0.0185
β-oxidation (peroxisomal)	gimme	03_palmitate	aerobic	pre-infection	54	4	15.7076	0.0741
β-oxidation (peroxisomal)	gimme	04_oleate	aerobic	pre-infection	54	4	24.4953	0.0741
β-oxidation (peroxisomal)	gimme	05_hexacosanoate	aerobic	pre-infection	54	23	46.2235	0.4259
β-oxidation (peroxisomal)	gimme	06_glucose_low	aerobic	biotrophic	54	0	0.0	0.0
β-oxidation (peroxisomal)	gimme	06_glucose_low	anaerobic	biotrophic	54	0	0.0	0.0
β-oxidation (peroxisomal)	gimme	07_sucrose_low	aerobic	biotrophic	54	0	0.0	0.0
β-oxidation (peroxisomal)	gimme	07_sucrose_low	anaerobic	biotrophic	54	2	0.4046	0.037
β-oxidation (peroxisomal)	gimme	08_glutamate	aerobic	biotrophic	54	0	0.0	0.0
β-oxidation (peroxisomal)	gimme	08_glutamate	anaerobic	biotrophic	54	0	0.0	0.0
β-oxidation (peroxisomal)	gimme	09_glutamine	aerobic	biotrophic	54	0	0.0	0.0
β-oxidation (peroxisomal)	gimme	09_glutamine	anaerobic	biotrophic	54	0	0.0	0.0
β-oxidation (peroxisomal)	gimme	10_gaba	aerobic	biotrophic	54	1	0.668	0.0185
β-oxidation (peroxisomal)	gimme	11_galacturonate	aerobic	necrotrophic	54	2	6.9302	0.037
β-oxidation (peroxisomal)	gimme	11_galacturonate	anaerobic	necrotrophic	54	2	1.1166	0.037
β-oxidation (peroxisomal)	gimme	12_xylose	aerobic	necrotrophic	54	0	0.0	0.0
β-oxidation (peroxisomal)	gimme	12_xylose	anaerobic	necrotrophic	54	0	0.0	0.0
β-oxidation (peroxisomal)	gimme	13_arabinose	aerobic	necrotrophic	54	0	0.0	0.0
β-oxidation (peroxisomal)	gimme	14_maltose	aerobic	necrotrophic	54	0	0.0	0.0
β-oxidation (peroxisomal)	gimme	14_maltose	anaerobic	necrotrophic	54	2	4.0456	0.037
β-oxidation (peroxisomal)	gimme	15_mixed_aa	aerobic	necrotrophic	54	0	0.0	0.0
β-oxidation (peroxisomal)	gimme	15_mixed_aa	anaerobic	necrotrophic	54	11	0.0013	0.2037
β-oxidation (peroxisomal)	gimme	16_pre_infection_mix	aerobic	cocktail	54	4	7.6504	0.0741
β-oxidation (peroxisomal)	gimme	16_pre_infection_mix	anaerobic	cocktail	54	4	0.0188	0.0741
β-oxidation (peroxisomal)	gimme	17_biotrophic_mix	aerobic	cocktail	54	0	0.0	0.0
β-oxidation (peroxisomal)	gimme	17_biotrophic_mix	anaerobic	cocktail	54	0	0.0	0.0
β-oxidation (peroxisomal)	gimme	18_necrotrophic_mix	aerobic	cocktail	54	0	0.0	0.0
β-oxidation (peroxisomal)	gimme	18_necrotrophic_mix	anaerobic	cocktail	54	0	0.0	0.0
β-oxidation (peroxisomal)	imat	01_trehalose	aerobic	pre-infection	54	26	2000.1711	0.4815
β-oxidation (peroxisomal)	imat	01_trehalose	anaerobic	pre-infection	54	24	0.8213	0.4444
β-oxidation (peroxisomal)	imat	02_glycerol	aerobic	pre-infection	54	24	0.2805	0.4444
β-oxidation (peroxisomal)	imat	02_glycerol	anaerobic	pre-infection	54	18	2000.024	0.3333
β-oxidation (peroxisomal)	imat	03_palmitate	aerobic	pre-infection	54	23	26.2548	0.4259
β-oxidation (peroxisomal)	imat	04_oleate	aerobic	pre-infection	54	37	2021.7904	0.6852
β-oxidation (peroxisomal)	imat	05_hexacosanoate	aerobic	pre-infection	54	29	2018.5622	0.537
β-oxidation (peroxisomal)	imat	06_glucose_low	aerobic	biotrophic	54	25	2000.1812	0.463
β-oxidation (peroxisomal)	imat	06_glucose_low	anaerobic	biotrophic	54	26	2000.066	0.4815
β-oxidation (peroxisomal)	imat	07_sucrose_low	aerobic	biotrophic	54	24	2000.0214	0.4444
β-oxidation (peroxisomal)	imat	07_sucrose_low	anaerobic	biotrophic	54	23	2000.1456	0.4259
β-oxidation (peroxisomal)	imat	08_glutamate	aerobic	biotrophic	54	24	0.231	0.4444
β-oxidation (peroxisomal)	imat	08_glutamate	anaerobic	biotrophic	54	1	0.001	0.0185
β-oxidation (peroxisomal)	imat	09_glutamine	aerobic	biotrophic	54	26	2000.2141	0.4815
β-oxidation (peroxisomal)	imat	09_glutamine	anaerobic	biotrophic	54	2	0.003	0.037
β-oxidation (peroxisomal)	imat	10_gaba	aerobic	biotrophic	54	25	5.2543	0.463
β-oxidation (peroxisomal)	imat	11_galacturonate	aerobic	necrotrophic	54	25	8.7957	0.463
β-oxidation (peroxisomal)	imat	11_galacturonate	anaerobic	necrotrophic	54	37	0.6403	0.6852
β-oxidation (peroxisomal)	imat	12_xylose	aerobic	necrotrophic	54	26	2000.2131	0.4815
β-oxidation (peroxisomal)	imat	12_xylose	anaerobic	necrotrophic	54	36	0.2495	0.6667
β-oxidation (peroxisomal)	imat	13_arabinose	aerobic	necrotrophic	54	24	0.3706	0.4444
β-oxidation (peroxisomal)	imat	14_maltose	aerobic	necrotrophic	54	24	2000.1062	0.4444
β-oxidation (peroxisomal)	imat	14_maltose	anaerobic	necrotrophic	54	36	0.2673	0.6667
β-oxidation (peroxisomal)	imat	15_mixed_aa	aerobic	necrotrophic	54	25	0.306	0.463
β-oxidation (peroxisomal)	imat	15_mixed_aa	anaerobic	necrotrophic	54	25	2000.1038	0.463
β-oxidation (peroxisomal)	imat	16_pre_infection_mix	aerobic	cocktail	54	23	9.0204	0.4259
β-oxidation (peroxisomal)	imat	16_pre_infection_mix	anaerobic	cocktail	54	23	0.2458	0.4259
β-oxidation (peroxisomal)	imat	17_biotrophic_mix	aerobic	cocktail	54	37	2000.1076	0.6852
β-oxidation (peroxisomal)	imat	17_biotrophic_mix	anaerobic	cocktail	54	24	0.235	0.4444
β-oxidation (peroxisomal)	imat	18_necrotrophic_mix	aerobic	cocktail	54	23	0.2323	0.4259
β-oxidation (peroxisomal)	imat	18_necrotrophic_mix	anaerobic	cocktail	54	24	0.231	0.4444
β-oxidation (peroxisomal)	pfba	01_trehalose	aerobic	pre-infection	54	0	0.0	0.0
β-oxidation (peroxisomal)	pfba	01_trehalose	anaerobic	pre-infection	54	0	0.0	0.0
β-oxidation (peroxisomal)	pfba	02_glycerol	aerobic	pre-infection	54	0	0.0	0.0
β-oxidation (peroxisomal)	pfba	02_glycerol	anaerobic	pre-infection	54	0	0.0	0.0
β-oxidation (peroxisomal)	pfba	03_palmitate	aerobic	pre-infection	54	4	15.1195	0.0741
β-oxidation (peroxisomal)	pfba	04_oleate	aerobic	pre-infection	54	4	26.6212	0.0741
β-oxidation (peroxisomal)	pfba	05_hexacosanoate	aerobic	pre-infection	54	23	46.2024	0.4259
β-oxidation (peroxisomal)	pfba	06_glucose_low	aerobic	biotrophic	54	0	0.0	0.0
β-oxidation (peroxisomal)	pfba	06_glucose_low	anaerobic	biotrophic	54	0	0.0	0.0
β-oxidation (peroxisomal)	pfba	07_sucrose_low	aerobic	biotrophic	54	0	0.0	0.0
β-oxidation (peroxisomal)	pfba	07_sucrose_low	anaerobic	biotrophic	54	0	0.0	0.0
β-oxidation (peroxisomal)	pfba	08_glutamate	aerobic	biotrophic	54	0	0.0	0.0
β-oxidation (peroxisomal)	pfba	08_glutamate	anaerobic	biotrophic	54	0	0.0	0.0
β-oxidation (peroxisomal)	pfba	09_glutamine	aerobic	biotrophic	54	0	0.0	0.0
β-oxidation (peroxisomal)	pfba	09_glutamine	anaerobic	biotrophic	54	0	0.0	0.0
β-oxidation (peroxisomal)	pfba	10_gaba	aerobic	biotrophic	54	0	0.0	0.0
β-oxidation (peroxisomal)	pfba	11_galacturonate	aerobic	necrotrophic	54	0	0.0	0.0
β-oxidation (peroxisomal)	pfba	11_galacturonate	anaerobic	necrotrophic	54	0	0.0	0.0
β-oxidation (peroxisomal)	pfba	12_xylose	aerobic	necrotrophic	54	0	0.0	0.0
β-oxidation (peroxisomal)	pfba	12_xylose	anaerobic	necrotrophic	54	0	0.0	0.0
β-oxidation (peroxisomal)	pfba	13_arabinose	aerobic	necrotrophic	54	0	0.0	0.0
β-oxidation (peroxisomal)	pfba	14_maltose	aerobic	necrotrophic	54	0	0.0	0.0
β-oxidation (peroxisomal)	pfba	14_maltose	anaerobic	necrotrophic	54	0	0.0	0.0
β-oxidation (peroxisomal)	pfba	15_mixed_aa	aerobic	necrotrophic	54	0	0.0	0.0
β-oxidation (peroxisomal)	pfba	15_mixed_aa	anaerobic	necrotrophic	54	0	0.0	0.0
β-oxidation (peroxisomal)	pfba	16_pre_infection_mix	aerobic	cocktail	54	4	7.9448	0.0741
β-oxidation (peroxisomal)	pfba	16_pre_infection_mix	anaerobic	cocktail	54	4	0.0209	0.0741
β-oxidation (peroxisomal)	pfba	17_biotrophic_mix	aerobic	cocktail	54	0	0.0	0.0
β-oxidation (peroxisomal)	pfba	17_biotrophic_mix	anaerobic	cocktail	54	0	0.0	0.0
β-oxidation (peroxisomal)	pfba	18_necrotrophic_mix	aerobic	cocktail	54	0	0.0	0.0
β-oxidation (peroxisomal)	pfba	18_necrotrophic_mix	anaerobic	cocktail	54	0	0.0	0.0
