rxn_id	name	subsystem	equation	n_conditions_active	conditions	max_abs_flux	sum_abs_flux	top_candidates	top_candidate_expr
H2Otm_c0	TRANS-RXNBWI-115401.ce.maizeexp.OH_OH_m0		H2O <=> H2O	29	01_trehalose_aerobic;01_trehalose_anaerobic;02_glycerol_aerobic;02_glycerol_anaerobic;03_palmitate_aerobic;04_oleate_aerobic;05_hexacosanoate_aerobic;06_glucose_low_aerobic;06_glucose_low_anaerobic;07_sucrose_low_aerobic;07_sucrose_low_anaerobic;08_glutamate_aerobic;09_glutamine_aerobic;10_gaba_aerobic;11_galacturonate_aerobic;11_galacturonate_anaerobic;12_xylose_aerobic;12_xylose_anaerobic;13_arabinose_aerobic;14_maltose_aerobic;14_maltose_anaerobic;15_mixed_aa_aerobic;15_mixed_aa_anaerobic;16_pre_infection_mix_aerobic;16_pre_infection_mix_anaerobic;17_biotrophic_mix_aerobic;17_biotrophic_mix_anaerobic;18_necrotrophic_mix_aerobic;18_necrotrophic_mix_anaerobic	76.327149	444.630333		
rxn09121_c0	phosphate transport cytosol/mito		Phosphate <=> Phosphate	29	01_trehalose_aerobic;01_trehalose_anaerobic;02_glycerol_aerobic;02_glycerol_anaerobic;03_palmitate_aerobic;04_oleate_aerobic;05_hexacosanoate_aerobic;06_glucose_low_aerobic;06_glucose_low_anaerobic;07_sucrose_low_aerobic;07_sucrose_low_anaerobic;08_glutamate_aerobic;09_glutamine_aerobic;10_gaba_aerobic;11_galacturonate_aerobic;11_galacturonate_anaerobic;12_xylose_aerobic;12_xylose_anaerobic;13_arabinose_aerobic;14_maltose_aerobic;14_maltose_anaerobic;15_mixed_aa_aerobic;15_mixed_aa_anaerobic;16_pre_infection_mix_aerobic;16_pre_infection_mix_anaerobic;17_biotrophic_mix_aerobic;17_biotrophic_mix_anaerobic;18_necrotrophic_mix_aerobic;18_necrotrophic_mix_anaerobic	50.869849	329.885536		
rxn05467_c0	CO2 transporter via diffusion_c0		CO2 <=> CO2	29	01_trehalose_aerobic;01_trehalose_anaerobic;02_glycerol_aerobic;02_glycerol_anaerobic;03_palmitate_aerobic;04_oleate_aerobic;05_hexacosanoate_aerobic;06_glucose_low_aerobic;06_glucose_low_anaerobic;07_sucrose_low_aerobic;07_sucrose_low_anaerobic;08_glutamate_aerobic;09_glutamine_aerobic;10_gaba_aerobic;11_galacturonate_aerobic;11_galacturonate_anaerobic;12_xylose_aerobic;12_xylose_anaerobic;13_arabinose_aerobic;14_maltose_aerobic;14_maltose_anaerobic;15_mixed_aa_aerobic;15_mixed_aa_anaerobic;16_pre_infection_mix_aerobic;16_pre_infection_mix_anaerobic;17_biotrophic_mix_aerobic;17_biotrophic_mix_anaerobic;18_necrotrophic_mix_aerobic;18_necrotrophic_mix_anaerobic	26.991445	196.328498		
EX_cpd00011_e0	Exchange for CO2		CO2 --> 	29	01_trehalose_aerobic;01_trehalose_anaerobic;02_glycerol_aerobic;02_glycerol_anaerobic;03_palmitate_aerobic;04_oleate_aerobic;05_hexacosanoate_aerobic;06_glucose_low_aerobic;06_glucose_low_anaerobic;07_sucrose_low_aerobic;07_sucrose_low_anaerobic;08_glutamate_aerobic;09_glutamine_aerobic;10_gaba_aerobic;11_galacturonate_aerobic;11_galacturonate_anaerobic;12_xylose_aerobic;12_xylose_anaerobic;13_arabinose_aerobic;14_maltose_aerobic;14_maltose_anaerobic;15_mixed_aa_aerobic;15_mixed_aa_anaerobic;16_pre_infection_mix_aerobic;16_pre_infection_mix_anaerobic;17_biotrophic_mix_aerobic;17_biotrophic_mix_anaerobic;18_necrotrophic_mix_aerobic;18_necrotrophic_mix_anaerobic	26.991445	196.328498		
rxn05319_c0	TRANS-RXNBWI-115401.ce.maizeexp.OH_OH_c0		H2O <=> H2O	29	01_trehalose_aerobic;01_trehalose_anaerobic;02_glycerol_aerobic;02_glycerol_anaerobic;03_palmitate_aerobic;04_oleate_aerobic;05_hexacosanoate_aerobic;06_glucose_low_aerobic;06_glucose_low_anaerobic;07_sucrose_low_aerobic;07_sucrose_low_anaerobic;08_glutamate_aerobic;09_glutamine_aerobic;10_gaba_aerobic;11_galacturonate_aerobic;11_galacturonate_anaerobic;12_xylose_aerobic;12_xylose_anaerobic;13_arabinose_aerobic;14_maltose_aerobic;14_maltose_anaerobic;15_mixed_aa_aerobic;15_mixed_aa_anaerobic;16_pre_infection_mix_aerobic;16_pre_infection_mix_anaerobic;17_biotrophic_mix_aerobic;17_biotrophic_mix_anaerobic;18_necrotrophic_mix_aerobic;18_necrotrophic_mix_anaerobic	26.142834	134.636416		
EX_cpd00001_e0	Exchange for H2O		H2O <=> 	29	01_trehalose_aerobic;01_trehalose_anaerobic;02_glycerol_aerobic;02_glycerol_anaerobic;03_palmitate_aerobic;04_oleate_aerobic;05_hexacosanoate_aerobic;06_glucose_low_aerobic;06_glucose_low_anaerobic;07_sucrose_low_aerobic;07_sucrose_low_anaerobic;08_glutamate_aerobic;09_glutamine_aerobic;10_gaba_aerobic;11_galacturonate_aerobic;11_galacturonate_anaerobic;12_xylose_aerobic;12_xylose_anaerobic;13_arabinose_aerobic;14_maltose_aerobic;14_maltose_anaerobic;15_mixed_aa_aerobic;15_mixed_aa_anaerobic;16_pre_infection_mix_aerobic;16_pre_infection_mix_anaerobic;17_biotrophic_mix_aerobic;17_biotrophic_mix_anaerobic;18_necrotrophic_mix_aerobic;18_necrotrophic_mix_anaerobic	24.142834	133.375197		
EX_cpd00013_e0	Exchange for NH3_e0		NH3_e0 <=> 	29	01_trehalose_aerobic;01_trehalose_anaerobic;02_glycerol_aerobic;02_glycerol_anaerobic;03_palmitate_aerobic;04_oleate_aerobic;05_hexacosanoate_aerobic;06_glucose_low_aerobic;06_glucose_low_anaerobic;07_sucrose_low_aerobic;07_sucrose_low_anaerobic;08_glutamate_aerobic;09_glutamine_aerobic;10_gaba_aerobic;11_galacturonate_aerobic;11_galacturonate_anaerobic;12_xylose_aerobic;12_xylose_anaerobic;13_arabinose_aerobic;14_maltose_aerobic;14_maltose_anaerobic;15_mixed_aa_aerobic;15_mixed_aa_anaerobic;16_pre_infection_mix_aerobic;16_pre_infection_mix_anaerobic;17_biotrophic_mix_aerobic;17_biotrophic_mix_anaerobic;18_necrotrophic_mix_aerobic;18_necrotrophic_mix_anaerobic	8.175747	33.517528		
CO2tm_c0	CO2 transporter via diffusion_m0		CO2 <=> CO2	29	01_trehalose_aerobic;01_trehalose_anaerobic;02_glycerol_aerobic;02_glycerol_anaerobic;03_palmitate_aerobic;04_oleate_aerobic;05_hexacosanoate_aerobic;06_glucose_low_aerobic;06_glucose_low_anaerobic;07_sucrose_low_aerobic;07_sucrose_low_anaerobic;08_glutamate_aerobic;09_glutamine_aerobic;10_gaba_aerobic;11_galacturonate_aerobic;11_galacturonate_anaerobic;12_xylose_aerobic;12_xylose_anaerobic;13_arabinose_aerobic;14_maltose_aerobic;14_maltose_anaerobic;15_mixed_aa_aerobic;15_mixed_aa_anaerobic;16_pre_infection_mix_aerobic;16_pre_infection_mix_anaerobic;17_biotrophic_mix_aerobic;17_biotrophic_mix_anaerobic;18_necrotrophic_mix_aerobic;18_necrotrophic_mix_anaerobic	7.860456	42.298247		
TRP_coa_c0r0	CoA c0↔r0 transport (diffusion)		CoA <=> CoA_r0	29	01_trehalose_aerobic;01_trehalose_anaerobic;02_glycerol_aerobic;02_glycerol_anaerobic;03_palmitate_aerobic;04_oleate_aerobic;05_hexacosanoate_aerobic;06_glucose_low_aerobic;06_glucose_low_anaerobic;07_sucrose_low_aerobic;07_sucrose_low_anaerobic;08_glutamate_aerobic;09_glutamine_aerobic;10_gaba_aerobic;11_galacturonate_aerobic;11_galacturonate_anaerobic;12_xylose_aerobic;12_xylose_anaerobic;13_arabinose_aerobic;14_maltose_aerobic;14_maltose_anaerobic;15_mixed_aa_aerobic;15_mixed_aa_anaerobic;16_pre_infection_mix_aerobic;16_pre_infection_mix_anaerobic;17_biotrophic_mix_aerobic;17_biotrophic_mix_anaerobic;18_necrotrophic_mix_aerobic;18_necrotrophic_mix_anaerobic	2.582897	13.542407		
H2Oter_c0	TRANS-RXNBWI-115401.ce.maizeexp.OH_OH_g0		H2O <=> H2O_r0	29	01_trehalose_aerobic;01_trehalose_anaerobic;02_glycerol_aerobic;02_glycerol_anaerobic;03_palmitate_aerobic;04_oleate_aerobic;05_hexacosanoate_aerobic;06_glucose_low_aerobic;06_glucose_low_anaerobic;07_sucrose_low_aerobic;07_sucrose_low_anaerobic;08_glutamate_aerobic;09_glutamine_aerobic;10_gaba_aerobic;11_galacturonate_aerobic;11_galacturonate_anaerobic;12_xylose_aerobic;12_xylose_anaerobic;13_arabinose_aerobic;14_maltose_aerobic;14_maltose_anaerobic;15_mixed_aa_aerobic;15_mixed_aa_anaerobic;16_pre_infection_mix_aerobic;16_pre_infection_mix_anaerobic;17_biotrophic_mix_aerobic;17_biotrophic_mix_anaerobic;18_necrotrophic_mix_aerobic;18_necrotrophic_mix_anaerobic	2.060062	10.801256		
TRP_malcoa_c0r0	Malonyl-CoA transport c0→r0		Malonyl-CoA_c0 <=> Malonyl-CoA_r0	29	01_trehalose_aerobic;01_trehalose_anaerobic;02_glycerol_aerobic;02_glycerol_anaerobic;03_palmitate_aerobic;04_oleate_aerobic;05_hexacosanoate_aerobic;06_glucose_low_aerobic;06_glucose_low_anaerobic;07_sucrose_low_aerobic;07_sucrose_low_anaerobic;08_glutamate_aerobic;09_glutamine_aerobic;10_gaba_aerobic;11_galacturonate_aerobic;11_galacturonate_anaerobic;12_xylose_aerobic;12_xylose_anaerobic;13_arabinose_aerobic;14_maltose_aerobic;14_maltose_anaerobic;15_mixed_aa_aerobic;15_mixed_aa_anaerobic;16_pre_infection_mix_aerobic;16_pre_infection_mix_anaerobic;17_biotrophic_mix_aerobic;17_biotrophic_mix_anaerobic;18_necrotrophic_mix_aerobic;18_necrotrophic_mix_anaerobic	2.059305	10.797182		
TRP_co2_c0r0	CO2 c0↔r0 transport (diffusion)		CO2 <=> CO2_r0	29	01_trehalose_aerobic;01_trehalose_anaerobic;02_glycerol_aerobic;02_glycerol_anaerobic;03_palmitate_aerobic;04_oleate_aerobic;05_hexacosanoate_aerobic;06_glucose_low_aerobic;06_glucose_low_anaerobic;07_sucrose_low_aerobic;07_sucrose_low_anaerobic;08_glutamate_aerobic;09_glutamine_aerobic;10_gaba_aerobic;11_galacturonate_aerobic;11_galacturonate_anaerobic;12_xylose_aerobic;12_xylose_anaerobic;13_arabinose_aerobic;14_maltose_aerobic;14_maltose_anaerobic;15_mixed_aa_aerobic;15_mixed_aa_anaerobic;16_pre_infection_mix_aerobic;16_pre_infection_mix_anaerobic;17_biotrophic_mix_aerobic;17_biotrophic_mix_anaerobic;18_necrotrophic_mix_aerobic;18_necrotrophic_mix_anaerobic	2.059305	10.797182		
rxn05582_c0	TRANS-RXNBWI-115637.ce.maizeexp.GLY_GLY_m0		Glycine_c0 + H+ <=> Glycine_m0 + H+	29	01_trehalose_aerobic;01_trehalose_anaerobic;02_glycerol_aerobic;02_glycerol_anaerobic;03_palmitate_aerobic;04_oleate_aerobic;05_hexacosanoate_aerobic;06_glucose_low_aerobic;06_glucose_low_anaerobic;07_sucrose_low_aerobic;07_sucrose_low_anaerobic;08_glutamate_aerobic;09_glutamine_aerobic;10_gaba_aerobic;11_galacturonate_aerobic;11_galacturonate_anaerobic;12_xylose_aerobic;12_xylose_anaerobic;13_arabinose_aerobic;14_maltose_aerobic;14_maltose_anaerobic;15_mixed_aa_aerobic;15_mixed_aa_anaerobic;16_pre_infection_mix_aerobic;16_pre_infection_mix_anaerobic;17_biotrophic_mix_aerobic;17_biotrophic_mix_anaerobic;18_necrotrophic_mix_aerobic;18_necrotrophic_mix_anaerobic	1.571466	10.631194		
TRP_nadph_c0r0	NADPH c0↔r0 transport (diffusion)		NADPH <=> NADPH_r0	29	01_trehalose_aerobic;01_trehalose_anaerobic;02_glycerol_aerobic;02_glycerol_anaerobic;03_palmitate_aerobic;04_oleate_aerobic;05_hexacosanoate_aerobic;06_glucose_low_aerobic;06_glucose_low_anaerobic;07_sucrose_low_aerobic;07_sucrose_low_anaerobic;08_glutamate_aerobic;09_glutamine_aerobic;10_gaba_aerobic;11_galacturonate_aerobic;11_galacturonate_anaerobic;12_xylose_aerobic;12_xylose_anaerobic;13_arabinose_aerobic;14_maltose_aerobic;14_maltose_anaerobic;15_mixed_aa_aerobic;15_mixed_aa_anaerobic;16_pre_infection_mix_aerobic;16_pre_infection_mix_anaerobic;17_biotrophic_mix_aerobic;17_biotrophic_mix_anaerobic;18_necrotrophic_mix_aerobic;18_necrotrophic_mix_anaerobic	1.047184	5.490573		
TRP_nadp_c0r0	NADP c0↔r0 transport (diffusion)		NADP <=> NADP_r0	29	01_trehalose_aerobic;01_trehalose_anaerobic;02_glycerol_aerobic;02_glycerol_anaerobic;03_palmitate_aerobic;04_oleate_aerobic;05_hexacosanoate_aerobic;06_glucose_low_aerobic;06_glucose_low_anaerobic;07_sucrose_low_aerobic;07_sucrose_low_anaerobic;08_glutamate_aerobic;09_glutamine_aerobic;10_gaba_aerobic;11_galacturonate_aerobic;11_galacturonate_anaerobic;12_xylose_aerobic;12_xylose_anaerobic;13_arabinose_aerobic;14_maltose_aerobic;14_maltose_anaerobic;15_mixed_aa_aerobic;15_mixed_aa_anaerobic;16_pre_infection_mix_aerobic;16_pre_infection_mix_anaerobic;17_biotrophic_mix_aerobic;17_biotrophic_mix_anaerobic;18_necrotrophic_mix_aerobic;18_necrotrophic_mix_anaerobic	1.047184	5.490573		
EX_cpd00009_e0	Exchange for Phosphate		Phosphate <=> 	29	01_trehalose_aerobic;01_trehalose_anaerobic;02_glycerol_aerobic;02_glycerol_anaerobic;03_palmitate_aerobic;04_oleate_aerobic;05_hexacosanoate_aerobic;06_glucose_low_aerobic;06_glucose_low_anaerobic;07_sucrose_low_aerobic;07_sucrose_low_anaerobic;08_glutamate_aerobic;09_glutamine_aerobic;10_gaba_aerobic;11_galacturonate_aerobic;11_galacturonate_anaerobic;12_xylose_aerobic;12_xylose_anaerobic;13_arabinose_aerobic;14_maltose_aerobic;14_maltose_anaerobic;15_mixed_aa_aerobic;15_mixed_aa_anaerobic;16_pre_infection_mix_aerobic;16_pre_infection_mix_anaerobic;17_biotrophic_mix_aerobic;17_biotrophic_mix_anaerobic;18_necrotrophic_mix_aerobic;18_necrotrophic_mix_anaerobic	0.89499	5.106446		
TRP_strcoa_c0r0	Stearoyl-CoA (C18) transport c0→r0		strcoa_c0 <=> strcoa_r0	29	01_trehalose_aerobic;01_trehalose_anaerobic;02_glycerol_aerobic;02_glycerol_anaerobic;03_palmitate_aerobic;04_oleate_aerobic;05_hexacosanoate_aerobic;06_glucose_low_aerobic;06_glucose_low_anaerobic;07_sucrose_low_aerobic;07_sucrose_low_anaerobic;08_glutamate_aerobic;09_glutamine_aerobic;10_gaba_aerobic;11_galacturonate_aerobic;11_galacturonate_anaerobic;12_xylose_aerobic;12_xylose_anaerobic;13_arabinose_aerobic;14_maltose_aerobic;14_maltose_anaerobic;15_mixed_aa_aerobic;15_mixed_aa_anaerobic;16_pre_infection_mix_aerobic;16_pre_infection_mix_anaerobic;17_biotrophic_mix_aerobic;17_biotrophic_mix_anaerobic;18_necrotrophic_mix_aerobic;18_necrotrophic_mix_anaerobic	0.523592	2.755405		
bio_gsm	biomass [from GSM]		59.276 H2O + 59.276 ATP + 0.0002 NAD + 0.0002 NADP + 0.0002 CoA + 0.0002 FAD_c0 + 0.008 Pyridoxal phosphate_c0 + 0.008 S-Adenosyl-L-methionine_c0 + 0.046 AMP + 0.3018 L-Glutamate + 0.2904 Glycine_c0 + 0.4588 L-Alanine + 0.2862 L-Lysine_c0 + 0.2975 L-Aspartate + 0.0447 CMP_c0 + 0.02 Sulfate_c0 + 0.1607 L-Arginine_c0 + 0.1054 L-Glutamine + 0.1854 L-Serine_c0 + 0.0002 TPP + 0.0507 L-Methionine_c0 + 0.0284 L-Tryptophan_c0 + 0.1339 L-Phenylalanine_c0 + 0.102 L-Tyrosine_c0 + 0.0066 L-Cysteine_c0 + 0.008 Tetrahydrofolate_c0 + 0.0599 UMP_c0 + 0.008 BIOT_c0 + 0.2964 L-Leucine_c0 + 0.0663 L-Histidine_c0 + 0.046 GMP_c0 + 0.1647 L-Proline_c0 + 0.1017 L-Asparagine_c0 + 0.3 Glycogen + 0.2646 L-Valine_c0 + 0.1914 L-Threonine_c0 + 0.00316 dCMP_c0 + 0.0001 Riboflavin_c0 + 0.00284 dAMP_c0 + 0.00316 dGMP_c0 + 0.00284 dTMP_c0 + 0.2 cpd00314_c0 + 0.1927 L-Isoleucine_c0 + 0.008 5-Methyltetrahydrofolate_c0 + 0.0002 Siroheme_c0 + 0.0001 PAN_c0 + 0.0234 TRHL_c0 + 0.0001 Ergosterol_c0 + 0.0015 Zymosterol_c0 + 0.0002 hemeA_m0 + 0.0001 Lecithin_c0 + 0.0001 Triglyceride_c0 + 0.05 Chitin_c0 + 0.8079 Mannan_c0 + 1.1348 1,3-beta-Glucan_c0 + 0.0001 1-Phosphatidyl-myo-inositol_c0 + 0.05 1,3-alpha-D-Glucan_c0 + 0.001 cpd12744_c0 + 0.0001 Episterol_c0 + 0.00334 Inositol phosphorylceramide, ceramide-3 (26C), yeast-specific_c0 + 0.000259 mannose-(inositol-P)2-ceramide, ceramide-1 (24C), yeast-specific_c0 + 0.000265 mannose-(inositol-P)2-ceramide, ceramide-1 (26C), yeast-specific_c0 + 0.000262 mannose-(inositol-P)2-ceramide, ceramide-2 (24C), yeast-specific_c0 + 0.000268 mannose-(inositol-P)2-ceramide, ceramide-2 (26C), yeast-specific_c0 + 0.000266 mannose-(inositol-P)2-ceramide, ceramide-3 (24C), yeast-specific_c0 + 0.004616 mannose-(inositol-P)2-ceramide, ceramide-3 (26C), yeast-specific_c0 + 0.002476 mannose-inositol phosphorylceramide, ceramide-3 (26C)_c0 + 0.0001 Phosphatidate, yeast-specific_c0 + 0.0002 Ubiquinone-6 + 0.0001 ps_BS_c0 + 0.0001 psetha_BS_c0 --> 59.276 ADP + 59.305 Phosphate + 58.70001 H+	29	01_trehalose_aerobic;01_trehalose_anaerobic;02_glycerol_aerobic;02_glycerol_anaerobic;03_palmitate_aerobic;04_oleate_aerobic;05_hexacosanoate_aerobic;06_glucose_low_aerobic;06_glucose_low_anaerobic;07_sucrose_low_aerobic;07_sucrose_low_anaerobic;08_glutamate_aerobic;09_glutamine_aerobic;10_gaba_aerobic;11_galacturonate_aerobic;11_galacturonate_anaerobic;12_xylose_aerobic;12_xylose_anaerobic;13_arabinose_aerobic;14_maltose_aerobic;14_maltose_anaerobic;15_mixed_aa_aerobic;15_mixed_aa_anaerobic;16_pre_infection_mix_aerobic;16_pre_infection_mix_anaerobic;17_biotrophic_mix_aerobic;17_biotrophic_mix_anaerobic;18_necrotrophic_mix_aerobic;18_necrotrophic_mix_anaerobic	0.445535	2.542038		
rxn09647_c0	dolichol phosphate endoplasmic reticular transport via proton symport_g0		H+ + Dolichyl phosphate_c0 <=> H+_r0 + Dolichyl phosphate_r0	29	01_trehalose_aerobic;01_trehalose_anaerobic;02_glycerol_aerobic;02_glycerol_anaerobic;03_palmitate_aerobic;04_oleate_aerobic;05_hexacosanoate_aerobic;06_glucose_low_aerobic;06_glucose_low_anaerobic;07_sucrose_low_aerobic;07_sucrose_low_anaerobic;08_glutamate_aerobic;09_glutamine_aerobic;10_gaba_aerobic;11_galacturonate_aerobic;11_galacturonate_anaerobic;12_xylose_aerobic;12_xylose_anaerobic;13_arabinose_aerobic;14_maltose_aerobic;14_maltose_anaerobic;15_mixed_aa_aerobic;15_mixed_aa_anaerobic;16_pre_infection_mix_aerobic;16_pre_infection_mix_anaerobic;17_biotrophic_mix_aerobic;17_biotrophic_mix_anaerobic;18_necrotrophic_mix_aerobic;18_necrotrophic_mix_anaerobic	0.359947	2.053713		
rxn09642_c0	mannan endoplasmic reticulum transport via diffusion_g0		Mannan_c0 <=> Mannan_r0	29	01_trehalose_aerobic;01_trehalose_anaerobic;02_glycerol_aerobic;02_glycerol_anaerobic;03_palmitate_aerobic;04_oleate_aerobic;05_hexacosanoate_aerobic;06_glucose_low_aerobic;06_glucose_low_anaerobic;07_sucrose_low_aerobic;07_sucrose_low_anaerobic;08_glutamate_aerobic;09_glutamine_aerobic;10_gaba_aerobic;11_galacturonate_aerobic;11_galacturonate_anaerobic;12_xylose_aerobic;12_xylose_anaerobic;13_arabinose_aerobic;14_maltose_aerobic;14_maltose_anaerobic;15_mixed_aa_aerobic;15_mixed_aa_anaerobic;16_pre_infection_mix_aerobic;16_pre_infection_mix_anaerobic;17_biotrophic_mix_aerobic;17_biotrophic_mix_anaerobic;18_necrotrophic_mix_aerobic;18_necrotrophic_mix_anaerobic	0.359947	2.053713		
rxn09510_c0	Dolichyl-phosphate D-mannosyltransferase_g0		GDP-mannose_c0 + Dolichyl phosphate_c0 --> GDP + Dolichyl phosphate D-mannose_r0	29	01_trehalose_aerobic;01_trehalose_anaerobic;02_glycerol_aerobic;02_glycerol_anaerobic;03_palmitate_aerobic;04_oleate_aerobic;05_hexacosanoate_aerobic;06_glucose_low_aerobic;06_glucose_low_anaerobic;07_sucrose_low_aerobic;07_sucrose_low_anaerobic;08_glutamate_aerobic;09_glutamine_aerobic;10_gaba_aerobic;11_galacturonate_aerobic;11_galacturonate_anaerobic;12_xylose_aerobic;12_xylose_anaerobic;13_arabinose_aerobic;14_maltose_aerobic;14_maltose_anaerobic;15_mixed_aa_aerobic;15_mixed_aa_anaerobic;16_pre_infection_mix_aerobic;16_pre_infection_mix_anaerobic;17_biotrophic_mix_aerobic;17_biotrophic_mix_anaerobic;18_necrotrophic_mix_aerobic;18_necrotrophic_mix_anaerobic	0.359947	2.053713		
rxn09582_c0	mannose-inositol phosphorylceramide synthase (ceramide-3, 26C), yeast-specific_c0		GDP-mannose_c0 + 0.01 Inositol phosphorylceramide, ceramide-3 (26C), yeast-specific_c0 --> GDP + H+ + 0.01 mannose-inositol phosphorylceramide, ceramide-3 (26C)_c0	29	01_trehalose_aerobic;01_trehalose_anaerobic;02_glycerol_aerobic;02_glycerol_anaerobic;03_palmitate_aerobic;04_oleate_aerobic;05_hexacosanoate_aerobic;06_glucose_low_aerobic;06_glucose_low_anaerobic;07_sucrose_low_aerobic;07_sucrose_low_anaerobic;08_glutamate_aerobic;09_glutamine_aerobic;10_gaba_aerobic;11_galacturonate_aerobic;11_galacturonate_anaerobic;12_xylose_aerobic;12_xylose_anaerobic;13_arabinose_aerobic;14_maltose_aerobic;14_maltose_anaerobic;15_mixed_aa_aerobic;15_mixed_aa_anaerobic;16_pre_infection_mix_aerobic;16_pre_infection_mix_anaerobic;17_biotrophic_mix_aerobic;17_biotrophic_mix_anaerobic;18_necrotrophic_mix_aerobic;18_necrotrophic_mix_anaerobic	0.315973	1.802814		
rxn13149_c0	Hypothetical enzyme_c0		2 H2O + 2 H+ + 3 Malonyl-CoA_c0 --> 2 O2 + 2 CoA + 2 CO2 + Pimeloyl-CoA_c0	29	01_trehalose_aerobic;01_trehalose_anaerobic;02_glycerol_aerobic;02_glycerol_anaerobic;03_palmitate_aerobic;04_oleate_aerobic;05_hexacosanoate_aerobic;06_glucose_low_aerobic;06_glucose_low_anaerobic;07_sucrose_low_aerobic;07_sucrose_low_anaerobic;08_glutamate_aerobic;09_glutamine_aerobic;10_gaba_aerobic;11_galacturonate_aerobic;11_galacturonate_anaerobic;12_xylose_aerobic;12_xylose_anaerobic;13_arabinose_aerobic;14_maltose_aerobic;14_maltose_anaerobic;15_mixed_aa_aerobic;15_mixed_aa_anaerobic;16_pre_infection_mix_aerobic;16_pre_infection_mix_anaerobic;17_biotrophic_mix_aerobic;17_biotrophic_mix_anaerobic;18_necrotrophic_mix_aerobic;18_necrotrophic_mix_anaerobic	0.101115	0.308582		
SK_cpd02701_c0	Sink for S-Adenosyl-4-methylthio-2-oxobutanoate_c0		S-Adenosyl-4-methylthio-2-oxobutanoate_c0 --> 	29	01_trehalose_aerobic;01_trehalose_anaerobic;02_glycerol_aerobic;02_glycerol_anaerobic;03_palmitate_aerobic;04_oleate_aerobic;05_hexacosanoate_aerobic;06_glucose_low_aerobic;06_glucose_low_anaerobic;07_sucrose_low_aerobic;07_sucrose_low_anaerobic;08_glutamate_aerobic;09_glutamine_aerobic;10_gaba_aerobic;11_galacturonate_aerobic;11_galacturonate_anaerobic;12_xylose_aerobic;12_xylose_anaerobic;13_arabinose_aerobic;14_maltose_aerobic;14_maltose_anaerobic;15_mixed_aa_aerobic;15_mixed_aa_anaerobic;16_pre_infection_mix_aerobic;16_pre_infection_mix_anaerobic;17_biotrophic_mix_aerobic;17_biotrophic_mix_anaerobic;18_necrotrophic_mix_aerobic;18_necrotrophic_mix_anaerobic	0.101115	0.308582		
EX_cpd00048_e0	Exchange for Sulfate_e0		Sulfate_e0 <=> 	29	01_trehalose_aerobic;01_trehalose_anaerobic;02_glycerol_aerobic;02_glycerol_anaerobic;03_palmitate_aerobic;04_oleate_aerobic;05_hexacosanoate_aerobic;06_glucose_low_aerobic;06_glucose_low_anaerobic;07_sucrose_low_aerobic;07_sucrose_low_anaerobic;08_glutamate_aerobic;09_glutamine_aerobic;10_gaba_aerobic;11_galacturonate_aerobic;11_galacturonate_anaerobic;12_xylose_aerobic;12_xylose_anaerobic;13_arabinose_aerobic;14_maltose_aerobic;14_maltose_anaerobic;15_mixed_aa_aerobic;15_mixed_aa_anaerobic;16_pre_infection_mix_aerobic;16_pre_infection_mix_anaerobic;17_biotrophic_mix_aerobic;17_biotrophic_mix_anaerobic;18_necrotrophic_mix_aerobic;18_necrotrophic_mix_anaerobic	0.091691	0.382631		
rxn00546_c0	D-Mannitol-1-phosphate 5-dehydrogenase (NADP), fungal	mannitol biosynthesis (compatible solute, NADPH sink)	NADP + cpd27436_c0 <=> NADPH + H+ + D-fructose-6-phosphate	29	01_trehalose_aerobic;01_trehalose_anaerobic;02_glycerol_aerobic;02_glycerol_anaerobic;03_palmitate_aerobic;04_oleate_aerobic;05_hexacosanoate_aerobic;06_glucose_low_aerobic;06_glucose_low_anaerobic;07_sucrose_low_aerobic;07_sucrose_low_anaerobic;08_glutamate_aerobic;09_glutamine_aerobic;10_gaba_aerobic;11_galacturonate_aerobic;11_galacturonate_anaerobic;12_xylose_aerobic;12_xylose_anaerobic;13_arabinose_aerobic;14_maltose_aerobic;14_maltose_anaerobic;15_mixed_aa_aerobic;15_mixed_aa_anaerobic;16_pre_infection_mix_aerobic;16_pre_infection_mix_anaerobic;17_biotrophic_mix_aerobic;17_biotrophic_mix_anaerobic;18_necrotrophic_mix_aerobic;18_necrotrophic_mix_anaerobic	0.089107	0.508408		
rxn01560_c0	D-Mannitol-1-phosphate phosphohydrolase	mannitol biosynthesis (compatible solute)	H2O + cpd27436_c0 <=> Phosphate + cpd00314_c0	29	01_trehalose_aerobic;01_trehalose_anaerobic;02_glycerol_aerobic;02_glycerol_anaerobic;03_palmitate_aerobic;04_oleate_aerobic;05_hexacosanoate_aerobic;06_glucose_low_aerobic;06_glucose_low_anaerobic;07_sucrose_low_aerobic;07_sucrose_low_anaerobic;08_glutamate_aerobic;09_glutamine_aerobic;10_gaba_aerobic;11_galacturonate_aerobic;11_galacturonate_anaerobic;12_xylose_aerobic;12_xylose_anaerobic;13_arabinose_aerobic;14_maltose_aerobic;14_maltose_anaerobic;15_mixed_aa_aerobic;15_mixed_aa_anaerobic;16_pre_infection_mix_aerobic;16_pre_infection_mix_anaerobic;17_biotrophic_mix_aerobic;17_biotrophic_mix_anaerobic;18_necrotrophic_mix_aerobic;18_necrotrophic_mix_anaerobic	0.089107	0.508408		
rxn09584_c0	mannose-inositol phosphorylceramide synthase (ceramide-2, 26C), yeast-specific_c0		GDP-mannose_c0 + 0.01 Inositol phosphorylceramide, ceramide-2 (26C), yeast-specific_c0 --> GDP + H+ + 0.01 mannose-inositol phosphorylceramide, ceramide-2 (26C), yeast-specific_c0	29	01_trehalose_aerobic;01_trehalose_anaerobic;02_glycerol_aerobic;02_glycerol_anaerobic;03_palmitate_aerobic;04_oleate_aerobic;05_hexacosanoate_aerobic;06_glucose_low_aerobic;06_glucose_low_anaerobic;07_sucrose_low_aerobic;07_sucrose_low_anaerobic;08_glutamate_aerobic;09_glutamine_aerobic;10_gaba_aerobic;11_galacturonate_aerobic;11_galacturonate_anaerobic;12_xylose_aerobic;12_xylose_anaerobic;13_arabinose_aerobic;14_maltose_aerobic;14_maltose_anaerobic;15_mixed_aa_aerobic;15_mixed_aa_anaerobic;16_pre_infection_mix_aerobic;16_pre_infection_mix_anaerobic;17_biotrophic_mix_aerobic;17_biotrophic_mix_anaerobic;18_necrotrophic_mix_aerobic;18_necrotrophic_mix_anaerobic	0.01194	0.068127		
rxn09583_c0	mannose-inositol phosphorylceramide synthase (ceramide-3, 24C), yeast-specific_c0		GDP-mannose_c0 + 0.01 Inositol phosphorylceramide, ceramide-3 (24C), yeast-specific_c0 --> GDP + H+ + 0.01 mannose-inositol phosphorylceramide, ceramide-3 (24C), yeast-specific_c0	29	01_trehalose_aerobic;01_trehalose_anaerobic;02_glycerol_aerobic;02_glycerol_anaerobic;03_palmitate_aerobic;04_oleate_aerobic;05_hexacosanoate_aerobic;06_glucose_low_aerobic;06_glucose_low_anaerobic;07_sucrose_low_aerobic;07_sucrose_low_anaerobic;08_glutamate_aerobic;09_glutamine_aerobic;10_gaba_aerobic;11_galacturonate_aerobic;11_galacturonate_anaerobic;12_xylose_aerobic;12_xylose_anaerobic;13_arabinose_aerobic;14_maltose_aerobic;14_maltose_anaerobic;15_mixed_aa_aerobic;15_mixed_aa_anaerobic;16_pre_infection_mix_aerobic;16_pre_infection_mix_anaerobic;17_biotrophic_mix_aerobic;17_biotrophic_mix_anaerobic;18_necrotrophic_mix_aerobic;18_necrotrophic_mix_anaerobic	0.011851	0.067618		
rxn09586_c0	mannose-inositol phosphorylceramide synthase (ceramide-1, 26C), yeast-specific_c0		GDP-mannose_c0 + 0.01 Inositol phosphorylceramide, ceramide-1 (26C), yeast-specific_c0 --> GDP + H+ + 0.01 mannose-inositol phosphorylceramide, ceramide-1 (26C), yeast-specific_c0	29	01_trehalose_aerobic;01_trehalose_anaerobic;02_glycerol_aerobic;02_glycerol_anaerobic;03_palmitate_aerobic;04_oleate_aerobic;05_hexacosanoate_aerobic;06_glucose_low_aerobic;06_glucose_low_anaerobic;07_sucrose_low_aerobic;07_sucrose_low_anaerobic;08_glutamate_aerobic;09_glutamine_aerobic;10_gaba_aerobic;11_galacturonate_aerobic;11_galacturonate_anaerobic;12_xylose_aerobic;12_xylose_anaerobic;13_arabinose_aerobic;14_maltose_aerobic;14_maltose_anaerobic;15_mixed_aa_aerobic;15_mixed_aa_anaerobic;16_pre_infection_mix_aerobic;16_pre_infection_mix_anaerobic;17_biotrophic_mix_aerobic;17_biotrophic_mix_anaerobic;18_necrotrophic_mix_aerobic;18_necrotrophic_mix_anaerobic	0.011807	0.067364		
rxn09585_c0	mannose-inositol phosphorylceramide synthase (ceramide-2, 24C), yeast-specific_c0		GDP-mannose_c0 + 0.01 Inositol phosphorylceramide, ceramide-2 (24C), yeast-specific_c0 --> GDP + H+ + 0.01 mannose-inositol phosphorylceramide, ceramide-2 (24C), yeast-specific_c0	29	01_trehalose_aerobic;01_trehalose_anaerobic;02_glycerol_aerobic;02_glycerol_anaerobic;03_palmitate_aerobic;04_oleate_aerobic;05_hexacosanoate_aerobic;06_glucose_low_aerobic;06_glucose_low_anaerobic;07_sucrose_low_aerobic;07_sucrose_low_anaerobic;08_glutamate_aerobic;09_glutamine_aerobic;10_gaba_aerobic;11_galacturonate_aerobic;11_galacturonate_anaerobic;12_xylose_aerobic;12_xylose_anaerobic;13_arabinose_aerobic;14_maltose_aerobic;14_maltose_anaerobic;15_mixed_aa_aerobic;15_mixed_aa_anaerobic;16_pre_infection_mix_aerobic;16_pre_infection_mix_anaerobic;17_biotrophic_mix_aerobic;17_biotrophic_mix_anaerobic;18_necrotrophic_mix_aerobic;18_necrotrophic_mix_anaerobic	0.011673	0.066601		
rxn09587_c0	mannose-inositiol phophorylceramide synthase (ceramide-1, 24C), yeast-specific_c0		GDP-mannose_c0 + 0.01 Inositol phosphorylceramide, ceramide-1 (24C), yeast-specific_c0 --> GDP + H+ + 0.01 mannose-inositol phosphorylceramide, ceramide-1 (24C), yeast-specific_c0	29	01_trehalose_aerobic;01_trehalose_anaerobic;02_glycerol_aerobic;02_glycerol_anaerobic;03_palmitate_aerobic;04_oleate_aerobic;05_hexacosanoate_aerobic;06_glucose_low_aerobic;06_glucose_low_anaerobic;07_sucrose_low_aerobic;07_sucrose_low_anaerobic;08_glutamate_aerobic;09_glutamine_aerobic;10_gaba_aerobic;11_galacturonate_aerobic;11_galacturonate_anaerobic;12_xylose_aerobic;12_xylose_anaerobic;13_arabinose_aerobic;14_maltose_aerobic;14_maltose_anaerobic;15_mixed_aa_aerobic;15_mixed_aa_anaerobic;16_pre_infection_mix_aerobic;16_pre_infection_mix_anaerobic;17_biotrophic_mix_aerobic;17_biotrophic_mix_anaerobic;18_necrotrophic_mix_aerobic;18_necrotrophic_mix_anaerobic	0.011539	0.065839		
rxn09680_c0	RXN0-1683.ce.maizeexp.GLYCOLALDEHYDE_GLYCOLALDEHYDE_c0		Glycolaldehyde_e0 <=> Glycolaldehyde_c0	29	01_trehalose_aerobic;01_trehalose_anaerobic;02_glycerol_aerobic;02_glycerol_anaerobic;03_palmitate_aerobic;04_oleate_aerobic;05_hexacosanoate_aerobic;06_glucose_low_aerobic;06_glucose_low_anaerobic;07_sucrose_low_aerobic;07_sucrose_low_anaerobic;08_glutamate_aerobic;09_glutamine_aerobic;10_gaba_aerobic;11_galacturonate_aerobic;11_galacturonate_anaerobic;12_xylose_aerobic;12_xylose_anaerobic;13_arabinose_aerobic;14_maltose_aerobic;14_maltose_anaerobic;15_mixed_aa_aerobic;15_mixed_aa_anaerobic;16_pre_infection_mix_aerobic;16_pre_infection_mix_anaerobic;17_biotrophic_mix_aerobic;17_biotrophic_mix_anaerobic;18_necrotrophic_mix_aerobic;18_necrotrophic_mix_anaerobic	0.008813	0.057045		
EX_cpd00229_e0	Exchange for Glycolaldehyde_e0		Glycolaldehyde_e0 --> 	29	01_trehalose_aerobic;01_trehalose_anaerobic;02_glycerol_aerobic;02_glycerol_anaerobic;03_palmitate_aerobic;04_oleate_aerobic;05_hexacosanoate_aerobic;06_glucose_low_aerobic;06_glucose_low_anaerobic;07_sucrose_low_aerobic;07_sucrose_low_anaerobic;08_glutamate_aerobic;09_glutamine_aerobic;10_gaba_aerobic;11_galacturonate_aerobic;11_galacturonate_anaerobic;12_xylose_aerobic;12_xylose_anaerobic;13_arabinose_aerobic;14_maltose_aerobic;14_maltose_anaerobic;15_mixed_aa_aerobic;15_mixed_aa_anaerobic;16_pre_infection_mix_aerobic;16_pre_infection_mix_anaerobic;17_biotrophic_mix_aerobic;17_biotrophic_mix_anaerobic;18_necrotrophic_mix_aerobic;18_necrotrophic_mix_anaerobic	0.008813	0.057045		
rxn09768_c0	Dihydropteroate mitochondrial transport via diffusion_m0		Dihydropteroate_c0 <=> Dihydropteroate_m0	29	01_trehalose_aerobic;01_trehalose_anaerobic;02_glycerol_aerobic;02_glycerol_anaerobic;03_palmitate_aerobic;04_oleate_aerobic;05_hexacosanoate_aerobic;06_glucose_low_aerobic;06_glucose_low_anaerobic;07_sucrose_low_aerobic;07_sucrose_low_anaerobic;08_glutamate_aerobic;09_glutamine_aerobic;10_gaba_aerobic;11_galacturonate_aerobic;11_galacturonate_anaerobic;12_xylose_aerobic;12_xylose_anaerobic;13_arabinose_aerobic;14_maltose_aerobic;14_maltose_anaerobic;15_mixed_aa_aerobic;15_mixed_aa_anaerobic;16_pre_infection_mix_aerobic;16_pre_infection_mix_anaerobic;17_biotrophic_mix_aerobic;17_biotrophic_mix_anaerobic;18_necrotrophic_mix_aerobic;18_necrotrophic_mix_anaerobic	0.007129	0.040673		
4ABZtm_c0	4-Aminobenzoate mitochondrial transport via diffusion_m0		ABEE_c0 <=> ABEE_m0	29	01_trehalose_aerobic;01_trehalose_anaerobic;02_glycerol_aerobic;02_glycerol_anaerobic;03_palmitate_aerobic;04_oleate_aerobic;05_hexacosanoate_aerobic;06_glucose_low_aerobic;06_glucose_low_anaerobic;07_sucrose_low_aerobic;07_sucrose_low_anaerobic;08_glutamate_aerobic;09_glutamine_aerobic;10_gaba_aerobic;11_galacturonate_aerobic;11_galacturonate_anaerobic;12_xylose_aerobic;12_xylose_anaerobic;13_arabinose_aerobic;14_maltose_aerobic;14_maltose_anaerobic;15_mixed_aa_aerobic;15_mixed_aa_anaerobic;16_pre_infection_mix_aerobic;16_pre_infection_mix_anaerobic;17_biotrophic_mix_aerobic;17_biotrophic_mix_anaerobic;18_necrotrophic_mix_aerobic;18_necrotrophic_mix_anaerobic	0.007129	0.040673		
GCALDtm_c0	RXN0-1683.ce.maizeexp.GLYCOLALDEHYDE_GLYCOLALDEHYDE_m0		Glycolaldehyde_c0 <=> Glycolaldehyde_m0	29	01_trehalose_aerobic;01_trehalose_anaerobic;02_glycerol_aerobic;02_glycerol_anaerobic;03_palmitate_aerobic;04_oleate_aerobic;05_hexacosanoate_aerobic;06_glucose_low_aerobic;06_glucose_low_anaerobic;07_sucrose_low_aerobic;07_sucrose_low_anaerobic;08_glutamate_aerobic;09_glutamine_aerobic;10_gaba_aerobic;11_galacturonate_aerobic;11_galacturonate_anaerobic;12_xylose_aerobic;12_xylose_anaerobic;13_arabinose_aerobic;14_maltose_aerobic;14_maltose_anaerobic;15_mixed_aa_aerobic;15_mixed_aa_anaerobic;16_pre_infection_mix_aerobic;16_pre_infection_mix_anaerobic;17_biotrophic_mix_aerobic;17_biotrophic_mix_anaerobic;18_necrotrophic_mix_aerobic;18_necrotrophic_mix_anaerobic	0.007129	0.040673		
rxn09769_c0	dhnpt mitochondrial transport_m0		Dihydroneopterin_c0 <=> Dihydroneopterin_m0	29	01_trehalose_aerobic;01_trehalose_anaerobic;02_glycerol_aerobic;02_glycerol_anaerobic;03_palmitate_aerobic;04_oleate_aerobic;05_hexacosanoate_aerobic;06_glucose_low_aerobic;06_glucose_low_anaerobic;07_sucrose_low_aerobic;07_sucrose_low_anaerobic;08_glutamate_aerobic;09_glutamine_aerobic;10_gaba_aerobic;11_galacturonate_aerobic;11_galacturonate_anaerobic;12_xylose_aerobic;12_xylose_anaerobic;13_arabinose_aerobic;14_maltose_aerobic;14_maltose_anaerobic;15_mixed_aa_aerobic;15_mixed_aa_anaerobic;16_pre_infection_mix_aerobic;16_pre_infection_mix_anaerobic;17_biotrophic_mix_aerobic;17_biotrophic_mix_anaerobic;18_necrotrophic_mix_aerobic;18_necrotrophic_mix_anaerobic	0.007129	0.040673		
rxn09457_c0	Oleoyl-CoA desaturase (n-C18:1CoA -> n-C18:2CoA)_c0		NADPH + O2 + H+ + Octadecenoyl-CoA_c0 --> 2 H2O + NADP + Octadecynoyl-CoA_c0	29	01_trehalose_aerobic;01_trehalose_anaerobic;02_glycerol_aerobic;02_glycerol_anaerobic;03_palmitate_aerobic;04_oleate_aerobic;05_hexacosanoate_aerobic;06_glucose_low_aerobic;06_glucose_low_anaerobic;07_sucrose_low_aerobic;07_sucrose_low_anaerobic;08_glutamate_aerobic;09_glutamine_aerobic;10_gaba_aerobic;11_galacturonate_aerobic;11_galacturonate_anaerobic;12_xylose_aerobic;12_xylose_anaerobic;13_arabinose_aerobic;14_maltose_aerobic;14_maltose_anaerobic;15_mixed_aa_aerobic;15_mixed_aa_anaerobic;16_pre_infection_mix_aerobic;16_pre_infection_mix_anaerobic;17_biotrophic_mix_aerobic;17_biotrophic_mix_anaerobic;18_necrotrophic_mix_aerobic;18_necrotrophic_mix_anaerobic	0.005213	0.029742		
rxn09790_c0	5-Aminolevulinate mitochondrial transport_m0		5-Aminolevulinate_c0 <=> 5-Aminolevulinate_m0	29	01_trehalose_aerobic;01_trehalose_anaerobic;02_glycerol_aerobic;02_glycerol_anaerobic;03_palmitate_aerobic;04_oleate_aerobic;05_hexacosanoate_aerobic;06_glucose_low_aerobic;06_glucose_low_anaerobic;07_sucrose_low_aerobic;07_sucrose_low_anaerobic;08_glutamate_aerobic;09_glutamine_aerobic;10_gaba_aerobic;11_galacturonate_aerobic;11_galacturonate_anaerobic;12_xylose_aerobic;12_xylose_anaerobic;13_arabinose_aerobic;14_maltose_aerobic;14_maltose_anaerobic;15_mixed_aa_aerobic;15_mixed_aa_anaerobic;16_pre_infection_mix_aerobic;16_pre_infection_mix_anaerobic;17_biotrophic_mix_aerobic;17_biotrophic_mix_anaerobic;18_necrotrophic_mix_aerobic;18_necrotrophic_mix_anaerobic	0.001426	0.008135		
O2tm_c0	TRANS-RXNAVI-26568.ce_m0		O2 <=> O2	28	01_trehalose_aerobic;01_trehalose_anaerobic;02_glycerol_aerobic;03_palmitate_aerobic;04_oleate_aerobic;05_hexacosanoate_aerobic;06_glucose_low_aerobic;06_glucose_low_anaerobic;07_sucrose_low_aerobic;07_sucrose_low_anaerobic;08_glutamate_aerobic;09_glutamine_aerobic;10_gaba_aerobic;11_galacturonate_aerobic;11_galacturonate_anaerobic;12_xylose_aerobic;12_xylose_anaerobic;13_arabinose_aerobic;14_maltose_aerobic;14_maltose_anaerobic;15_mixed_aa_aerobic;15_mixed_aa_anaerobic;16_pre_infection_mix_aerobic;16_pre_infection_mix_anaerobic;17_biotrophic_mix_aerobic;17_biotrophic_mix_anaerobic;18_necrotrophic_mix_aerobic;18_necrotrophic_mix_anaerobic	14.311207	82.344042		
rxn09648_c0	6-phospho-D-glucono-1,5-lactone endoplasmic reticular transport via diffusion_g0		6-phospho-D-glucono-1-5-lactone <=> 6-phospho-D-glucono-1-5-lactone_r0	28	01_trehalose_aerobic;01_trehalose_anaerobic;02_glycerol_aerobic;02_glycerol_anaerobic;03_palmitate_aerobic;04_oleate_aerobic;06_glucose_low_aerobic;06_glucose_low_anaerobic;07_sucrose_low_aerobic;07_sucrose_low_anaerobic;08_glutamate_aerobic;09_glutamine_aerobic;10_gaba_aerobic;11_galacturonate_aerobic;11_galacturonate_anaerobic;12_xylose_aerobic;12_xylose_anaerobic;13_arabinose_aerobic;14_maltose_aerobic;14_maltose_anaerobic;15_mixed_aa_aerobic;15_mixed_aa_anaerobic;16_pre_infection_mix_aerobic;16_pre_infection_mix_anaerobic;17_biotrophic_mix_aerobic;17_biotrophic_mix_anaerobic;18_necrotrophic_mix_aerobic;18_necrotrophic_mix_anaerobic	5.166596	27.088771		
rxn00604_r0	D-glucose-6-phosphate:NADP+ 1-oxidoreductase_r0		NADP_r0 + D-glucose-6-phosphate_r0 --> NADPH_r0 + H+_r0 + 6-phospho-D-glucono-1-5-lactone_r0	28	01_trehalose_aerobic;01_trehalose_anaerobic;02_glycerol_aerobic;02_glycerol_anaerobic;03_palmitate_aerobic;04_oleate_aerobic;06_glucose_low_aerobic;06_glucose_low_anaerobic;07_sucrose_low_aerobic;07_sucrose_low_anaerobic;08_glutamate_aerobic;09_glutamine_aerobic;10_gaba_aerobic;11_galacturonate_aerobic;11_galacturonate_anaerobic;12_xylose_aerobic;12_xylose_anaerobic;13_arabinose_aerobic;14_maltose_aerobic;14_maltose_anaerobic;15_mixed_aa_aerobic;15_mixed_aa_anaerobic;16_pre_infection_mix_aerobic;16_pre_infection_mix_anaerobic;17_biotrophic_mix_aerobic;17_biotrophic_mix_anaerobic;18_necrotrophic_mix_aerobic;18_necrotrophic_mix_anaerobic	5.166596	27.088771		
rxn08570_c0	glucose 6-phosphate transport via diffusion (extracellular to periplasm)_g0		D-glucose-6-phosphate <=> D-glucose-6-phosphate_r0	28	01_trehalose_aerobic;01_trehalose_anaerobic;02_glycerol_aerobic;02_glycerol_anaerobic;03_palmitate_aerobic;04_oleate_aerobic;06_glucose_low_aerobic;06_glucose_low_anaerobic;07_sucrose_low_aerobic;07_sucrose_low_anaerobic;08_glutamate_aerobic;09_glutamine_aerobic;10_gaba_aerobic;11_galacturonate_aerobic;11_galacturonate_anaerobic;12_xylose_aerobic;12_xylose_anaerobic;13_arabinose_aerobic;14_maltose_aerobic;14_maltose_anaerobic;15_mixed_aa_aerobic;15_mixed_aa_anaerobic;16_pre_infection_mix_aerobic;16_pre_infection_mix_anaerobic;17_biotrophic_mix_aerobic;17_biotrophic_mix_anaerobic;18_necrotrophic_mix_aerobic;18_necrotrophic_mix_anaerobic	5.166596	27.088771		
TRP_sphinganine_r0c0	Sphinganine transport r0→c0		Sphinganine_r0 <=> Sphinganine_c0	28	01_trehalose_aerobic;01_trehalose_anaerobic;02_glycerol_aerobic;02_glycerol_anaerobic;03_palmitate_aerobic;04_oleate_aerobic;06_glucose_low_aerobic;06_glucose_low_anaerobic;07_sucrose_low_aerobic;07_sucrose_low_anaerobic;08_glutamate_aerobic;09_glutamine_aerobic;10_gaba_aerobic;11_galacturonate_aerobic;11_galacturonate_anaerobic;12_xylose_aerobic;12_xylose_anaerobic;13_arabinose_aerobic;14_maltose_aerobic;14_maltose_anaerobic;15_mixed_aa_aerobic;15_mixed_aa_anaerobic;16_pre_infection_mix_aerobic;16_pre_infection_mix_anaerobic;17_biotrophic_mix_aerobic;17_biotrophic_mix_anaerobic;18_necrotrophic_mix_aerobic;18_necrotrophic_mix_anaerobic	0.523592	1.533269		
rxn13236_c0	ceramide-1 (C26) endoplasmic reticular transport_g0		Ceramide-1 Sphinganine:n-C26:0)_c0 <=> Ceramide-1 Sphinganine:n-C26:0)_r0	28	01_trehalose_aerobic;01_trehalose_anaerobic;02_glycerol_aerobic;02_glycerol_anaerobic;03_palmitate_aerobic;04_oleate_aerobic;06_glucose_low_aerobic;06_glucose_low_anaerobic;07_sucrose_low_aerobic;07_sucrose_low_anaerobic;08_glutamate_aerobic;09_glutamine_aerobic;10_gaba_aerobic;11_galacturonate_aerobic;11_galacturonate_anaerobic;12_xylose_aerobic;12_xylose_anaerobic;13_arabinose_aerobic;14_maltose_aerobic;14_maltose_anaerobic;15_mixed_aa_aerobic;15_mixed_aa_anaerobic;16_pre_infection_mix_aerobic;16_pre_infection_mix_anaerobic;17_biotrophic_mix_aerobic;17_biotrophic_mix_anaerobic;18_necrotrophic_mix_aerobic;18_necrotrophic_mix_anaerobic	0.488529	1.349428		
rxn13235_c0	ceramide-1 (C24) endoplasmic reticular transport_g0		Ceramide-1 Sphinganine:n-C24:0)_c0 <=> Ceramide-1 Sphinganine:n-C24:0)_r0	28	01_trehalose_aerobic;01_trehalose_anaerobic;02_glycerol_aerobic;02_glycerol_anaerobic;03_palmitate_aerobic;04_oleate_aerobic;06_glucose_low_aerobic;06_glucose_low_anaerobic;07_sucrose_low_aerobic;07_sucrose_low_anaerobic;08_glutamate_aerobic;09_glutamine_aerobic;10_gaba_aerobic;11_galacturonate_aerobic;11_galacturonate_anaerobic;12_xylose_aerobic;12_xylose_anaerobic;13_arabinose_aerobic;14_maltose_aerobic;14_maltose_anaerobic;15_mixed_aa_aerobic;15_mixed_aa_anaerobic;16_pre_infection_mix_aerobic;16_pre_infection_mix_anaerobic;17_biotrophic_mix_aerobic;17_biotrophic_mix_anaerobic;18_necrotrophic_mix_aerobic;18_necrotrophic_mix_anaerobic	0.035064	0.18384		
rxn05093_c0	sulfur:oxygen oxidoreductase (hydrogen-sulfide- and sulfite-forming)_c0		4 H2O + O2 + 4 S_c0 <-- 4 H+ + 2 Sulfite_c0 + 2 H2S_c0	28	01_trehalose_aerobic;01_trehalose_anaerobic;02_glycerol_aerobic;03_palmitate_aerobic;04_oleate_aerobic;05_hexacosanoate_aerobic;06_glucose_low_aerobic;06_glucose_low_anaerobic;07_sucrose_low_aerobic;07_sucrose_low_anaerobic;08_glutamate_aerobic;09_glutamine_aerobic;10_gaba_aerobic;11_galacturonate_aerobic;11_galacturonate_anaerobic;12_xylose_aerobic;12_xylose_anaerobic;13_arabinose_aerobic;14_maltose_aerobic;14_maltose_anaerobic;15_mixed_aa_aerobic;15_mixed_aa_anaerobic;16_pre_infection_mix_aerobic;16_pre_infection_mix_anaerobic;17_biotrophic_mix_aerobic;17_biotrophic_mix_anaerobic;18_necrotrophic_mix_aerobic;18_necrotrophic_mix_anaerobic	0.000891	0.005083		
rxn09640_c0	Squalene-2,3-epoxide endoplamic reticular transport_g0		Squalene 2,3-oxide_r0 <=> Squalene 2,3-oxide_c0	28	01_trehalose_aerobic;01_trehalose_anaerobic;02_glycerol_aerobic;03_palmitate_aerobic;04_oleate_aerobic;05_hexacosanoate_aerobic;06_glucose_low_aerobic;06_glucose_low_anaerobic;07_sucrose_low_aerobic;07_sucrose_low_anaerobic;08_glutamate_aerobic;09_glutamine_aerobic;10_gaba_aerobic;11_galacturonate_aerobic;11_galacturonate_anaerobic;12_xylose_aerobic;12_xylose_anaerobic;13_arabinose_aerobic;14_maltose_aerobic;14_maltose_anaerobic;15_mixed_aa_aerobic;15_mixed_aa_anaerobic;16_pre_infection_mix_aerobic;16_pre_infection_mix_anaerobic;17_biotrophic_mix_aerobic;17_biotrophic_mix_anaerobic;18_necrotrophic_mix_aerobic;18_necrotrophic_mix_anaerobic	0.000757	0.004321		
O2ter_c0	TRANS-RXNAVI-26568.ce_g0		O2 <=> O2_r0	28	01_trehalose_aerobic;01_trehalose_anaerobic;02_glycerol_aerobic;03_palmitate_aerobic;04_oleate_aerobic;05_hexacosanoate_aerobic;06_glucose_low_aerobic;06_glucose_low_anaerobic;07_sucrose_low_aerobic;07_sucrose_low_anaerobic;08_glutamate_aerobic;09_glutamine_aerobic;10_gaba_aerobic;11_galacturonate_aerobic;11_galacturonate_anaerobic;12_xylose_aerobic;12_xylose_anaerobic;13_arabinose_aerobic;14_maltose_aerobic;14_maltose_anaerobic;15_mixed_aa_aerobic;15_mixed_aa_anaerobic;16_pre_infection_mix_aerobic;16_pre_infection_mix_anaerobic;17_biotrophic_mix_aerobic;17_biotrophic_mix_anaerobic;18_necrotrophic_mix_aerobic;18_necrotrophic_mix_anaerobic	0.000757	0.004321		
rxn09639_c0	squalene endoplamic reticular transport_g0		Supraene_c0 <=> Supraene_r0	28	01_trehalose_aerobic;01_trehalose_anaerobic;02_glycerol_aerobic;03_palmitate_aerobic;04_oleate_aerobic;05_hexacosanoate_aerobic;06_glucose_low_aerobic;06_glucose_low_anaerobic;07_sucrose_low_aerobic;07_sucrose_low_anaerobic;08_glutamate_aerobic;09_glutamine_aerobic;10_gaba_aerobic;11_galacturonate_aerobic;11_galacturonate_anaerobic;12_xylose_aerobic;12_xylose_anaerobic;13_arabinose_aerobic;14_maltose_aerobic;14_maltose_anaerobic;15_mixed_aa_aerobic;15_mixed_aa_anaerobic;16_pre_infection_mix_aerobic;16_pre_infection_mix_anaerobic;17_biotrophic_mix_aerobic;17_biotrophic_mix_anaerobic;18_necrotrophic_mix_aerobic;18_necrotrophic_mix_anaerobic	0.000757	0.004321		
rxn11972_c0	R02962	Melanin biosynthesis/tyrosine metabolism	cpd00612_c0 --> cpd03330_c0	28	01_trehalose_aerobic;01_trehalose_anaerobic;02_glycerol_aerobic;03_palmitate_aerobic;04_oleate_aerobic;05_hexacosanoate_aerobic;06_glucose_low_aerobic;06_glucose_low_anaerobic;07_sucrose_low_aerobic;07_sucrose_low_anaerobic;08_glutamate_aerobic;09_glutamine_aerobic;10_gaba_aerobic;11_galacturonate_aerobic;11_galacturonate_anaerobic;12_xylose_aerobic;12_xylose_anaerobic;13_arabinose_aerobic;14_maltose_aerobic;14_maltose_anaerobic;15_mixed_aa_aerobic;15_mixed_aa_anaerobic;16_pre_infection_mix_aerobic;16_pre_infection_mix_anaerobic;17_biotrophic_mix_aerobic;17_biotrophic_mix_anaerobic;18_necrotrophic_mix_aerobic;18_necrotrophic_mix_anaerobic	0.000446	0.002542	gene_12715;gene_1985;gene_2006	3.41;3.41;3.41
rxn02609_c0	R03672	Melanin biosynthesis/tyrosine metabolism	H+ + cpd00291_c0 + cpd01169_c0 <-- cpd00612_c0 + cpd03330_c0	28	01_trehalose_aerobic;01_trehalose_anaerobic;02_glycerol_aerobic;03_palmitate_aerobic;04_oleate_aerobic;05_hexacosanoate_aerobic;06_glucose_low_aerobic;06_glucose_low_anaerobic;07_sucrose_low_aerobic;07_sucrose_low_anaerobic;08_glutamate_aerobic;09_glutamine_aerobic;10_gaba_aerobic;11_galacturonate_aerobic;11_galacturonate_anaerobic;12_xylose_aerobic;12_xylose_anaerobic;13_arabinose_aerobic;14_maltose_aerobic;14_maltose_anaerobic;15_mixed_aa_aerobic;15_mixed_aa_anaerobic;16_pre_infection_mix_aerobic;16_pre_infection_mix_anaerobic;17_biotrophic_mix_aerobic;17_biotrophic_mix_anaerobic;18_necrotrophic_mix_aerobic;18_necrotrophic_mix_anaerobic	0.000446	0.002542	gene_12715;gene_1985;gene_2006	3.41;3.41;3.41
rxn02611_c0	R03674	Melanin biosynthesis/tyrosine metabolism	H+ + cpd01169_c0 --> CO2 + cpd03308_c0	28	01_trehalose_aerobic;01_trehalose_anaerobic;02_glycerol_aerobic;03_palmitate_aerobic;04_oleate_aerobic;05_hexacosanoate_aerobic;06_glucose_low_aerobic;06_glucose_low_anaerobic;07_sucrose_low_aerobic;07_sucrose_low_anaerobic;08_glutamate_aerobic;09_glutamine_aerobic;10_gaba_aerobic;11_galacturonate_aerobic;11_galacturonate_anaerobic;12_xylose_aerobic;12_xylose_anaerobic;13_arabinose_aerobic;14_maltose_aerobic;14_maltose_anaerobic;15_mixed_aa_aerobic;15_mixed_aa_anaerobic;16_pre_infection_mix_aerobic;16_pre_infection_mix_anaerobic;17_biotrophic_mix_aerobic;17_biotrophic_mix_anaerobic;18_necrotrophic_mix_aerobic;18_necrotrophic_mix_anaerobic	0.000446	0.002542	gene_12715;gene_1985;gene_2006	3.41;3.41;3.41
rxn06809_c0	rxn06809	Melanin biosynthesis/tyrosine metabolism	O2 + cpd03309_c0 --> H2O + cpd12744_c0	28	01_trehalose_aerobic;01_trehalose_anaerobic;02_glycerol_aerobic;03_palmitate_aerobic;04_oleate_aerobic;05_hexacosanoate_aerobic;06_glucose_low_aerobic;06_glucose_low_anaerobic;07_sucrose_low_aerobic;07_sucrose_low_anaerobic;08_glutamate_aerobic;09_glutamine_aerobic;10_gaba_aerobic;11_galacturonate_aerobic;11_galacturonate_anaerobic;12_xylose_aerobic;12_xylose_anaerobic;13_arabinose_aerobic;14_maltose_aerobic;14_maltose_anaerobic;15_mixed_aa_aerobic;15_mixed_aa_anaerobic;16_pre_infection_mix_aerobic;16_pre_infection_mix_anaerobic;17_biotrophic_mix_aerobic;17_biotrophic_mix_anaerobic;18_necrotrophic_mix_aerobic;18_necrotrophic_mix_anaerobic	0.000446	0.002542	gene_12715;gene_1985;gene_2006	3.41;3.41;3.41
rxn09785_c0	Transport of S-adenosyl-L-homocysteine, mitochondrial_m0		S-Adenosyl-homocysteine_c0 <=> S-Adenosyl-homocysteine_m0	28	01_trehalose_aerobic;01_trehalose_anaerobic;02_glycerol_aerobic;03_palmitate_aerobic;04_oleate_aerobic;05_hexacosanoate_aerobic;06_glucose_low_aerobic;06_glucose_low_anaerobic;07_sucrose_low_aerobic;07_sucrose_low_anaerobic;08_glutamate_aerobic;09_glutamine_aerobic;10_gaba_aerobic;11_galacturonate_aerobic;11_galacturonate_anaerobic;12_xylose_aerobic;12_xylose_anaerobic;13_arabinose_aerobic;14_maltose_aerobic;14_maltose_anaerobic;15_mixed_aa_aerobic;15_mixed_aa_anaerobic;16_pre_infection_mix_aerobic;16_pre_infection_mix_anaerobic;17_biotrophic_mix_aerobic;17_biotrophic_mix_anaerobic;18_necrotrophic_mix_aerobic;18_necrotrophic_mix_anaerobic	0.000267	0.001525		
EX_cpd10515_e0	Exchange for Fe2+_e0		Fe2+_e0 <=> 	28	01_trehalose_aerobic;01_trehalose_anaerobic;02_glycerol_aerobic;03_palmitate_aerobic;04_oleate_aerobic;05_hexacosanoate_aerobic;06_glucose_low_aerobic;06_glucose_low_anaerobic;07_sucrose_low_aerobic;07_sucrose_low_anaerobic;08_glutamate_aerobic;09_glutamine_aerobic;10_gaba_aerobic;11_galacturonate_aerobic;11_galacturonate_anaerobic;12_xylose_aerobic;12_xylose_anaerobic;13_arabinose_aerobic;14_maltose_aerobic;14_maltose_anaerobic;15_mixed_aa_aerobic;15_mixed_aa_anaerobic;16_pre_infection_mix_aerobic;16_pre_infection_mix_anaerobic;17_biotrophic_mix_aerobic;17_biotrophic_mix_anaerobic;18_necrotrophic_mix_aerobic;18_necrotrophic_mix_anaerobic	0.000178	0.001017		
rxn08475_c0	iron (II) transport via diffusion (extracellular to periplasm)_c0		Fe2+_e0 --> Fe2+	28	01_trehalose_aerobic;01_trehalose_anaerobic;02_glycerol_aerobic;03_palmitate_aerobic;04_oleate_aerobic;05_hexacosanoate_aerobic;06_glucose_low_aerobic;06_glucose_low_anaerobic;07_sucrose_low_aerobic;07_sucrose_low_anaerobic;08_glutamate_aerobic;09_glutamine_aerobic;10_gaba_aerobic;11_galacturonate_aerobic;11_galacturonate_anaerobic;12_xylose_aerobic;12_xylose_anaerobic;13_arabinose_aerobic;14_maltose_aerobic;14_maltose_anaerobic;15_mixed_aa_aerobic;15_mixed_aa_anaerobic;16_pre_infection_mix_aerobic;16_pre_infection_mix_anaerobic;17_biotrophic_mix_aerobic;17_biotrophic_mix_anaerobic;18_necrotrophic_mix_aerobic;18_necrotrophic_mix_anaerobic	0.000178	0.001017		
rxn30054_c0	pyrimidine phosphatase_c0		H2O + 5-Amino-6--5-phosphoribitylaminouracil_c0 --> Phosphate + 4-(1-D-Ribitylamino)-5-aminouracil_c0	28	01_trehalose_aerobic;01_trehalose_anaerobic;02_glycerol_aerobic;03_palmitate_aerobic;04_oleate_aerobic;05_hexacosanoate_aerobic;06_glucose_low_aerobic;06_glucose_low_anaerobic;07_sucrose_low_aerobic;07_sucrose_low_anaerobic;08_glutamate_aerobic;09_glutamine_aerobic;10_gaba_aerobic;11_galacturonate_aerobic;11_galacturonate_anaerobic;12_xylose_aerobic;12_xylose_anaerobic;13_arabinose_aerobic;14_maltose_aerobic;14_maltose_anaerobic;15_mixed_aa_aerobic;15_mixed_aa_anaerobic;16_pre_infection_mix_aerobic;16_pre_infection_mix_anaerobic;17_biotrophic_mix_aerobic;17_biotrophic_mix_anaerobic;18_necrotrophic_mix_aerobic;18_necrotrophic_mix_anaerobic	0.000134	0.000762		
rxn13388_c0	spermidine:oxygen oxidoreductase (spermidine-forming)_c0		H2O + O2 + Spermine_c0 --> H2O2 + Spermidine_c0 + 3-Aminopropanal_c0	28	01_trehalose_aerobic;01_trehalose_anaerobic;02_glycerol_aerobic;03_palmitate_aerobic;04_oleate_aerobic;05_hexacosanoate_aerobic;06_glucose_low_aerobic;06_glucose_low_anaerobic;07_sucrose_low_aerobic;07_sucrose_low_anaerobic;08_glutamate_aerobic;09_glutamine_aerobic;10_gaba_aerobic;11_galacturonate_aerobic;11_galacturonate_anaerobic;12_xylose_aerobic;12_xylose_anaerobic;13_arabinose_aerobic;14_maltose_aerobic;14_maltose_anaerobic;15_mixed_aa_aerobic;15_mixed_aa_anaerobic;16_pre_infection_mix_aerobic;16_pre_infection_mix_anaerobic;17_biotrophic_mix_aerobic;17_biotrophic_mix_anaerobic;18_necrotrophic_mix_aerobic;18_necrotrophic_mix_anaerobic	0.000134	0.000762		
rxn01138_c0	Adenosine:phosphate alpha-D-ribosyltransferase_c0		Phosphate + Adenosine <=> Adenine_c0 + Ribose 1-phosphate	28	01_trehalose_aerobic;01_trehalose_anaerobic;02_glycerol_aerobic;03_palmitate_aerobic;04_oleate_aerobic;05_hexacosanoate_aerobic;06_glucose_low_aerobic;06_glucose_low_anaerobic;07_sucrose_low_aerobic;07_sucrose_low_anaerobic;08_glutamate_aerobic;09_glutamine_aerobic;10_gaba_aerobic;11_galacturonate_aerobic;11_galacturonate_anaerobic;12_xylose_aerobic;12_xylose_anaerobic;13_arabinose_aerobic;14_maltose_aerobic;14_maltose_anaerobic;15_mixed_aa_aerobic;15_mixed_aa_anaerobic;16_pre_infection_mix_aerobic;16_pre_infection_mix_anaerobic;17_biotrophic_mix_aerobic;17_biotrophic_mix_anaerobic;18_necrotrophic_mix_aerobic;18_necrotrophic_mix_anaerobic	0.000134	0.000762		
rxn10506_c0	2,5-diamino-6-ribitylamino-4(3H)-pyrimidinone 5'-phosphate deaminase_c0		H2O + H+ + 2,5-diamino-6-ribitylamino-4(3H)-pyrimidinone 5'-phosphate_c0 --> NH3 + 5-Amino-6--5-phosphoribitylaminouracil_c0	28	01_trehalose_aerobic;01_trehalose_anaerobic;02_glycerol_aerobic;03_palmitate_aerobic;04_oleate_aerobic;05_hexacosanoate_aerobic;06_glucose_low_aerobic;06_glucose_low_anaerobic;07_sucrose_low_aerobic;07_sucrose_low_anaerobic;08_glutamate_aerobic;09_glutamine_aerobic;10_gaba_aerobic;11_galacturonate_aerobic;11_galacturonate_anaerobic;12_xylose_aerobic;12_xylose_anaerobic;13_arabinose_aerobic;14_maltose_aerobic;14_maltose_anaerobic;15_mixed_aa_aerobic;15_mixed_aa_anaerobic;16_pre_infection_mix_aerobic;16_pre_infection_mix_anaerobic;17_biotrophic_mix_aerobic;17_biotrophic_mix_anaerobic;18_necrotrophic_mix_aerobic;18_necrotrophic_mix_anaerobic	0.000134	0.000762		
rxn00438_c0	ATP:thiamin-phosphate phosphotransferase_c0		ATP + Thiamine phosphate_c0 <=> ADP + TPP	28	01_trehalose_aerobic;01_trehalose_anaerobic;02_glycerol_aerobic;03_palmitate_aerobic;04_oleate_aerobic;05_hexacosanoate_aerobic;06_glucose_low_aerobic;06_glucose_low_anaerobic;07_sucrose_low_aerobic;07_sucrose_low_anaerobic;08_glutamate_aerobic;09_glutamine_aerobic;10_gaba_aerobic;11_galacturonate_aerobic;11_galacturonate_anaerobic;12_xylose_aerobic;12_xylose_anaerobic;13_arabinose_aerobic;14_maltose_aerobic;14_maltose_anaerobic;15_mixed_aa_aerobic;15_mixed_aa_anaerobic;16_pre_infection_mix_aerobic;16_pre_infection_mix_anaerobic;17_biotrophic_mix_aerobic;17_biotrophic_mix_anaerobic;18_necrotrophic_mix_aerobic;18_necrotrophic_mix_anaerobic	8.9e-05	0.000508		
rxn09721_c0	protoporphyrinogen IX mitochondrial transport_m0		ProtoporphyrinogenIX_c0 <=> ProtoporphyrinogenIX_m0	28	01_trehalose_aerobic;01_trehalose_anaerobic;02_glycerol_aerobic;03_palmitate_aerobic;04_oleate_aerobic;05_hexacosanoate_aerobic;06_glucose_low_aerobic;06_glucose_low_anaerobic;07_sucrose_low_aerobic;07_sucrose_low_anaerobic;08_glutamate_aerobic;09_glutamine_aerobic;10_gaba_aerobic;11_galacturonate_aerobic;11_galacturonate_anaerobic;12_xylose_aerobic;12_xylose_anaerobic;13_arabinose_aerobic;14_maltose_aerobic;14_maltose_anaerobic;15_mixed_aa_aerobic;15_mixed_aa_anaerobic;16_pre_infection_mix_aerobic;16_pre_infection_mix_anaerobic;17_biotrophic_mix_aerobic;17_biotrophic_mix_anaerobic;18_necrotrophic_mix_aerobic;18_necrotrophic_mix_anaerobic	8.9e-05	0.000508		
FE2utm_c0	iron (II) transport via diffusion (extracellular to periplasm)_m0		Fe2+ --> Fe2+_m0	28	01_trehalose_aerobic;01_trehalose_anaerobic;02_glycerol_aerobic;03_palmitate_aerobic;04_oleate_aerobic;05_hexacosanoate_aerobic;06_glucose_low_aerobic;06_glucose_low_anaerobic;07_sucrose_low_aerobic;07_sucrose_low_anaerobic;08_glutamate_aerobic;09_glutamine_aerobic;10_gaba_aerobic;11_galacturonate_aerobic;11_galacturonate_anaerobic;12_xylose_aerobic;12_xylose_anaerobic;13_arabinose_aerobic;14_maltose_aerobic;14_maltose_anaerobic;15_mixed_aa_aerobic;15_mixed_aa_anaerobic;16_pre_infection_mix_aerobic;16_pre_infection_mix_anaerobic;17_biotrophic_mix_aerobic;17_biotrophic_mix_anaerobic;18_necrotrophic_mix_aerobic;18_necrotrophic_mix_anaerobic	8.9e-05	0.000508		
PStm_SC_c0	Phosphatidylserine mitochondrial  transport  yeast specific		ps_BS_c0 <=> ps_BS_m0	28	01_trehalose_aerobic;01_trehalose_anaerobic;02_glycerol_aerobic;03_palmitate_aerobic;04_oleate_aerobic;05_hexacosanoate_aerobic;06_glucose_low_aerobic;06_glucose_low_anaerobic;07_sucrose_low_aerobic;07_sucrose_low_anaerobic;08_glutamate_aerobic;09_glutamine_aerobic;10_gaba_aerobic;11_galacturonate_aerobic;11_galacturonate_anaerobic;12_xylose_aerobic;12_xylose_anaerobic;13_arabinose_aerobic;14_maltose_aerobic;14_maltose_anaerobic;15_mixed_aa_aerobic;15_mixed_aa_anaerobic;16_pre_infection_mix_aerobic;16_pre_infection_mix_anaerobic;17_biotrophic_mix_aerobic;17_biotrophic_mix_anaerobic;18_necrotrophic_mix_aerobic;18_necrotrophic_mix_anaerobic	8.9e-05	0.000508		
PEtm_SC_c0	Phosphatidylethanolamine mitochondrial transport  yeast specific		psetha_BS_c0 <=> psetha_BS_m0	28	01_trehalose_aerobic;01_trehalose_anaerobic;02_glycerol_aerobic;03_palmitate_aerobic;04_oleate_aerobic;05_hexacosanoate_aerobic;06_glucose_low_aerobic;06_glucose_low_anaerobic;07_sucrose_low_aerobic;07_sucrose_low_anaerobic;08_glutamate_aerobic;09_glutamine_aerobic;10_gaba_aerobic;11_galacturonate_aerobic;11_galacturonate_anaerobic;12_xylose_aerobic;12_xylose_anaerobic;13_arabinose_aerobic;14_maltose_aerobic;14_maltose_anaerobic;15_mixed_aa_aerobic;15_mixed_aa_anaerobic;16_pre_infection_mix_aerobic;16_pre_infection_mix_anaerobic;17_biotrophic_mix_aerobic;17_biotrophic_mix_anaerobic;18_necrotrophic_mix_aerobic;18_necrotrophic_mix_anaerobic	8.9e-05	0.000508		
rxn02175_c0	ATP:pantetheine-4'-phosphate adenylyltransferase_c0		ATP + H+ + Phosphopantetheine_c0 --> PPi + Dephospho-CoA_c0	28	01_trehalose_aerobic;01_trehalose_anaerobic;02_glycerol_aerobic;03_palmitate_aerobic;04_oleate_aerobic;05_hexacosanoate_aerobic;06_glucose_low_aerobic;06_glucose_low_anaerobic;07_sucrose_low_aerobic;07_sucrose_low_anaerobic;08_glutamate_aerobic;09_glutamine_aerobic;10_gaba_aerobic;11_galacturonate_aerobic;11_galacturonate_anaerobic;12_xylose_aerobic;12_xylose_anaerobic;13_arabinose_aerobic;14_maltose_aerobic;14_maltose_anaerobic;15_mixed_aa_aerobic;15_mixed_aa_anaerobic;16_pre_infection_mix_aerobic;16_pre_infection_mix_anaerobic;17_biotrophic_mix_aerobic;17_biotrophic_mix_anaerobic;18_necrotrophic_mix_aerobic;18_necrotrophic_mix_anaerobic	8.9e-05	0.000508		
rxn13290_c0	farnesyl diphosphate transport (mitochondrial)_m0		Farnesyldiphosphate_c0 <=> Farnesyldiphosphate_m0	28	01_trehalose_aerobic;01_trehalose_anaerobic;02_glycerol_aerobic;03_palmitate_aerobic;04_oleate_aerobic;05_hexacosanoate_aerobic;06_glucose_low_aerobic;06_glucose_low_anaerobic;07_sucrose_low_aerobic;07_sucrose_low_anaerobic;08_glutamate_aerobic;09_glutamine_aerobic;10_gaba_aerobic;11_galacturonate_aerobic;11_galacturonate_anaerobic;12_xylose_aerobic;12_xylose_anaerobic;13_arabinose_aerobic;14_maltose_aerobic;14_maltose_anaerobic;15_mixed_aa_aerobic;15_mixed_aa_anaerobic;16_pre_infection_mix_aerobic;16_pre_infection_mix_anaerobic;17_biotrophic_mix_aerobic;17_biotrophic_mix_anaerobic;18_necrotrophic_mix_aerobic;18_necrotrophic_mix_anaerobic	8.9e-05	0.000531		
rxn13332_c0	Isopentenyl diphosphate transport, mitochondrial_m0		Isopentenyldiphosphate_c0 <=> Isopentenyldiphosphate_m0	28	01_trehalose_aerobic;01_trehalose_anaerobic;02_glycerol_aerobic;03_palmitate_aerobic;04_oleate_aerobic;05_hexacosanoate_aerobic;06_glucose_low_aerobic;06_glucose_low_anaerobic;07_sucrose_low_aerobic;07_sucrose_low_anaerobic;08_glutamate_aerobic;09_glutamine_aerobic;10_gaba_aerobic;11_galacturonate_aerobic;11_galacturonate_anaerobic;12_xylose_aerobic;12_xylose_anaerobic;13_arabinose_aerobic;14_maltose_aerobic;14_maltose_anaerobic;15_mixed_aa_aerobic;15_mixed_aa_anaerobic;16_pre_infection_mix_aerobic;16_pre_infection_mix_anaerobic;17_biotrophic_mix_aerobic;17_biotrophic_mix_anaerobic;18_necrotrophic_mix_aerobic;18_necrotrophic_mix_anaerobic	8.9e-05	0.000554		
rxn05469_m0	Pyruvate transport via proton symport_m0		Pyruvate + H+ <=> Pyruvate + H+	27	01_trehalose_aerobic;01_trehalose_anaerobic;02_glycerol_aerobic;02_glycerol_anaerobic;04_oleate_aerobic;05_hexacosanoate_aerobic;06_glucose_low_aerobic;06_glucose_low_anaerobic;07_sucrose_low_aerobic;07_sucrose_low_anaerobic;08_glutamate_aerobic;09_glutamine_aerobic;11_galacturonate_aerobic;11_galacturonate_anaerobic;12_xylose_aerobic;12_xylose_anaerobic;13_arabinose_aerobic;14_maltose_aerobic;14_maltose_anaerobic;15_mixed_aa_aerobic;15_mixed_aa_anaerobic;16_pre_infection_mix_aerobic;16_pre_infection_mix_anaerobic;17_biotrophic_mix_aerobic;17_biotrophic_mix_anaerobic;18_necrotrophic_mix_aerobic;18_necrotrophic_mix_anaerobic	2.831245	16.687459		
rxn02374_c0	R03314_c0		L-Glutamate5-semialdehyde_c0 <=> H2O + H+ + 1-Pyrroline-5-carboxylate_c0	27	01_trehalose_aerobic;01_trehalose_anaerobic;02_glycerol_aerobic;02_glycerol_anaerobic;03_palmitate_aerobic;04_oleate_aerobic;05_hexacosanoate_aerobic;06_glucose_low_aerobic;06_glucose_low_anaerobic;07_sucrose_low_aerobic;07_sucrose_low_anaerobic;08_glutamate_aerobic;09_glutamine_aerobic;10_gaba_aerobic;11_galacturonate_aerobic;11_galacturonate_anaerobic;12_xylose_aerobic;12_xylose_anaerobic;13_arabinose_aerobic;14_maltose_aerobic;14_maltose_anaerobic;15_mixed_aa_aerobic;16_pre_infection_mix_aerobic;16_pre_infection_mix_anaerobic;17_biotrophic_mix_aerobic;17_biotrophic_mix_anaerobic;18_necrotrophic_mix_aerobic	0.477114	0.910912		
rxn13195_c0	2obut transporter (mitochondrial)_m0		2-Oxobutyrate <=> 2-Oxobutyrate_m0	27	01_trehalose_aerobic;01_trehalose_anaerobic;02_glycerol_aerobic;02_glycerol_anaerobic;03_palmitate_aerobic;04_oleate_aerobic;05_hexacosanoate_aerobic;06_glucose_low_aerobic;06_glucose_low_anaerobic;07_sucrose_low_aerobic;07_sucrose_low_anaerobic;08_glutamate_aerobic;09_glutamine_aerobic;10_gaba_aerobic;11_galacturonate_aerobic;11_galacturonate_anaerobic;12_xylose_aerobic;12_xylose_anaerobic;13_arabinose_aerobic;14_maltose_aerobic;14_maltose_anaerobic;15_mixed_aa_aerobic;16_pre_infection_mix_aerobic;16_pre_infection_mix_anaerobic;17_biotrophic_mix_aerobic;17_biotrophic_mix_anaerobic;18_necrotrophic_mix_aerobic	0.07018	0.375658		
rxn13199_c0	3-Hexaprenyl-4,5-dihydroxybenzoate transport, mitochondrial_m0		3-Hexaprenyl-4,5-dihydroxybenzoate_c0 <=> 3-Hexaprenyl-4,5-dihydroxybenzoate_m0	27	01_trehalose_aerobic;01_trehalose_anaerobic;02_glycerol_aerobic;04_oleate_aerobic;05_hexacosanoate_aerobic;06_glucose_low_aerobic;06_glucose_low_anaerobic;07_sucrose_low_aerobic;07_sucrose_low_anaerobic;08_glutamate_aerobic;09_glutamine_aerobic;10_gaba_aerobic;11_galacturonate_aerobic;11_galacturonate_anaerobic;12_xylose_aerobic;12_xylose_anaerobic;13_arabinose_aerobic;14_maltose_aerobic;14_maltose_anaerobic;15_mixed_aa_aerobic;15_mixed_aa_anaerobic;16_pre_infection_mix_aerobic;16_pre_infection_mix_anaerobic;17_biotrophic_mix_aerobic;17_biotrophic_mix_anaerobic;18_necrotrophic_mix_aerobic;18_necrotrophic_mix_anaerobic	8.9e-05	0.000486		
3OPHB_5tm_c0	3 Octaprenyl 4 hydroxybenzoate mitochondrial transport		3 Hexaprenyl 4 hydroxybenzoate C37H53O3 <=> 3 Hexaprenyl 4 hydroxybenzoate C37H53O3	27	01_trehalose_aerobic;01_trehalose_anaerobic;02_glycerol_aerobic;04_oleate_aerobic;05_hexacosanoate_aerobic;06_glucose_low_aerobic;06_glucose_low_anaerobic;07_sucrose_low_aerobic;07_sucrose_low_anaerobic;08_glutamate_aerobic;09_glutamine_aerobic;10_gaba_aerobic;11_galacturonate_aerobic;11_galacturonate_anaerobic;12_xylose_aerobic;12_xylose_anaerobic;13_arabinose_aerobic;14_maltose_aerobic;14_maltose_anaerobic;15_mixed_aa_aerobic;15_mixed_aa_anaerobic;16_pre_infection_mix_aerobic;16_pre_infection_mix_anaerobic;17_biotrophic_mix_aerobic;17_biotrophic_mix_anaerobic;18_necrotrophic_mix_aerobic;18_necrotrophic_mix_anaerobic	8.9e-05	0.000486		
rxn05287_c0	geranylgeranyl-diphosphate:isopentenyl-diphosphate transtransferase_c0		Isopentenyldiphosphate_c0 + Geranylgeranyl diphosphate_c0 --> PPi + pendp_c0	27	01_trehalose_aerobic;01_trehalose_anaerobic;02_glycerol_aerobic;04_oleate_aerobic;05_hexacosanoate_aerobic;06_glucose_low_aerobic;06_glucose_low_anaerobic;07_sucrose_low_aerobic;07_sucrose_low_anaerobic;08_glutamate_aerobic;09_glutamine_aerobic;10_gaba_aerobic;11_galacturonate_aerobic;11_galacturonate_anaerobic;12_xylose_aerobic;12_xylose_anaerobic;13_arabinose_aerobic;14_maltose_aerobic;14_maltose_anaerobic;15_mixed_aa_aerobic;15_mixed_aa_anaerobic;16_pre_infection_mix_aerobic;16_pre_infection_mix_anaerobic;17_biotrophic_mix_aerobic;17_biotrophic_mix_anaerobic;18_necrotrophic_mix_aerobic;18_necrotrophic_mix_anaerobic	8.9e-05	0.000486		
3OPHB5Hm_c0	3 Hexaprenyl 4 5 dihydroxybenzoate hydroxylase  mitochondrial		3 Hexaprenyl 4 hydroxybenzoate C37H53O3 + 0.5 O2 --> 3-Hexaprenyl-4,5-dihydroxybenzoate_c0	27	01_trehalose_aerobic;01_trehalose_anaerobic;02_glycerol_aerobic;04_oleate_aerobic;05_hexacosanoate_aerobic;06_glucose_low_aerobic;06_glucose_low_anaerobic;07_sucrose_low_aerobic;07_sucrose_low_anaerobic;08_glutamate_aerobic;09_glutamine_aerobic;10_gaba_aerobic;11_galacturonate_aerobic;11_galacturonate_anaerobic;12_xylose_aerobic;12_xylose_anaerobic;13_arabinose_aerobic;14_maltose_aerobic;14_maltose_anaerobic;15_mixed_aa_aerobic;15_mixed_aa_anaerobic;16_pre_infection_mix_aerobic;16_pre_infection_mix_anaerobic;17_biotrophic_mix_aerobic;17_biotrophic_mix_anaerobic;18_necrotrophic_mix_aerobic;18_necrotrophic_mix_anaerobic	8.9e-05	0.000486		
rxn13376_c0	all-trans-Pentaprenyl diphosphate transport, mitochondrial_m0		pendp_c0 <=> pendp_m0	27	01_trehalose_aerobic;01_trehalose_anaerobic;02_glycerol_aerobic;04_oleate_aerobic;05_hexacosanoate_aerobic;06_glucose_low_aerobic;06_glucose_low_anaerobic;07_sucrose_low_aerobic;07_sucrose_low_anaerobic;08_glutamate_aerobic;09_glutamine_aerobic;10_gaba_aerobic;11_galacturonate_aerobic;11_galacturonate_anaerobic;12_xylose_aerobic;12_xylose_anaerobic;13_arabinose_aerobic;14_maltose_aerobic;14_maltose_anaerobic;15_mixed_aa_aerobic;15_mixed_aa_anaerobic;16_pre_infection_mix_aerobic;16_pre_infection_mix_anaerobic;17_biotrophic_mix_aerobic;17_biotrophic_mix_anaerobic;18_necrotrophic_mix_aerobic;18_necrotrophic_mix_anaerobic	8.9e-05	0.000486		
rxn09633_c0	4-amino-5-hydroxymethyl-2-methylpyrimidine synthetase_c0		2 H+ + AIR_c0 --> Phosphate + Glycolaldehyde_c0 + Toxopyrimidine_c0	26	01_trehalose_aerobic;01_trehalose_anaerobic;02_glycerol_aerobic;02_glycerol_anaerobic;03_palmitate_aerobic;04_oleate_aerobic;05_hexacosanoate_aerobic;06_glucose_low_aerobic;06_glucose_low_anaerobic;07_sucrose_low_aerobic;07_sucrose_low_anaerobic;08_glutamate_aerobic;09_glutamine_aerobic;10_gaba_aerobic;11_galacturonate_aerobic;11_galacturonate_anaerobic;12_xylose_aerobic;12_xylose_anaerobic;13_arabinose_aerobic;14_maltose_aerobic;14_maltose_anaerobic;15_mixed_aa_aerobic;16_pre_infection_mix_aerobic;16_pre_infection_mix_anaerobic;17_biotrophic_mix_aerobic;17_biotrophic_mix_anaerobic	0.002986	0.016373		
rxn20661_c0	quinolinate synthase_c0		Glycerone-phosphate + Iminoaspartate_c0 --> 2 H2O + Phosphate + Quinolinate_c0	26	01_trehalose_aerobic;01_trehalose_anaerobic;02_glycerol_aerobic;03_palmitate_aerobic;04_oleate_aerobic;05_hexacosanoate_aerobic;06_glucose_low_aerobic;06_glucose_low_anaerobic;07_sucrose_low_aerobic;07_sucrose_low_anaerobic;08_glutamate_aerobic;09_glutamine_aerobic;10_gaba_aerobic;11_galacturonate_aerobic;11_galacturonate_anaerobic;12_xylose_aerobic;12_xylose_anaerobic;13_arabinose_aerobic;14_maltose_aerobic;14_maltose_anaerobic;15_mixed_aa_anaerobic;16_pre_infection_mix_aerobic;16_pre_infection_mix_anaerobic;17_biotrophic_mix_aerobic;17_biotrophic_mix_anaerobic;18_necrotrophic_mix_anaerobic	0.000146	0.000781		
ASPOcm_c0	Aspartate oxidase		FAD + L-Aspartate --> H+ + FADH2 + Iminoaspartate_c0	26	01_trehalose_aerobic;01_trehalose_anaerobic;02_glycerol_aerobic;03_palmitate_aerobic;04_oleate_aerobic;05_hexacosanoate_aerobic;06_glucose_low_aerobic;06_glucose_low_anaerobic;07_sucrose_low_aerobic;07_sucrose_low_anaerobic;08_glutamate_aerobic;09_glutamine_aerobic;10_gaba_aerobic;11_galacturonate_aerobic;11_galacturonate_anaerobic;12_xylose_aerobic;12_xylose_anaerobic;13_arabinose_aerobic;14_maltose_aerobic;14_maltose_anaerobic;15_mixed_aa_anaerobic;16_pre_infection_mix_aerobic;16_pre_infection_mix_anaerobic;17_biotrophic_mix_aerobic;17_biotrophic_mix_anaerobic;18_necrotrophic_mix_anaerobic	0.000146	0.000781		
rxn09121_m0	Inorganic phosphate transporter		Phosphate <=> Phosphate	25	01_trehalose_aerobic;01_trehalose_anaerobic;02_glycerol_aerobic;03_palmitate_aerobic;04_oleate_aerobic;05_hexacosanoate_aerobic;06_glucose_low_aerobic;07_sucrose_low_aerobic;07_sucrose_low_anaerobic;08_glutamate_aerobic;09_glutamine_aerobic;10_gaba_aerobic;11_galacturonate_aerobic;11_galacturonate_anaerobic;12_xylose_aerobic;13_arabinose_aerobic;14_maltose_aerobic;14_maltose_anaerobic;15_mixed_aa_aerobic;15_mixed_aa_anaerobic;16_pre_infection_mix_aerobic;16_pre_infection_mix_anaerobic;17_biotrophic_mix_aerobic;18_necrotrophic_mix_aerobic;18_necrotrophic_mix_anaerobic	6.368628	18.732221		
rxn09799_c0	Transport of (R)-2-oxoisovalerate, mitochondrial_m0		3-Methyl-2-oxobutanoate_c0 <=> 3-Methyl-2-oxobutanoate_m0	25	01_trehalose_aerobic;01_trehalose_anaerobic;02_glycerol_aerobic;02_glycerol_anaerobic;03_palmitate_aerobic;04_oleate_aerobic;05_hexacosanoate_aerobic;06_glucose_low_aerobic;06_glucose_low_anaerobic;07_sucrose_low_aerobic;07_sucrose_low_anaerobic;08_glutamate_aerobic;09_glutamine_aerobic;10_gaba_aerobic;11_galacturonate_aerobic;11_galacturonate_anaerobic;12_xylose_aerobic;12_xylose_anaerobic;13_arabinose_aerobic;14_maltose_aerobic;14_maltose_anaerobic;16_pre_infection_mix_aerobic;16_pre_infection_mix_anaerobic;17_biotrophic_mix_aerobic;17_biotrophic_mix_anaerobic	0.11567	0.644554		
HACNHm_m0	CustomReaction_m0		H2O + 3-carboxyhex-2-enedioate <=> Homoisocitrate C7H7O7	25	01_trehalose_aerobic;01_trehalose_anaerobic;02_glycerol_aerobic;02_glycerol_anaerobic;03_palmitate_aerobic;04_oleate_aerobic;05_hexacosanoate_aerobic;06_glucose_low_aerobic;06_glucose_low_anaerobic;07_sucrose_low_aerobic;07_sucrose_low_anaerobic;08_glutamate_aerobic;09_glutamine_aerobic;10_gaba_aerobic;11_galacturonate_aerobic;11_galacturonate_anaerobic;12_xylose_aerobic;12_xylose_anaerobic;13_arabinose_aerobic;14_maltose_aerobic;14_maltose_anaerobic;16_pre_infection_mix_aerobic;16_pre_infection_mix_anaerobic;17_biotrophic_mix_aerobic;17_biotrophic_mix_anaerobic	0.104232	0.530687		
rxn09803_c0	Transport of 2-oxoadipate, mitochondrial_m0		2-Oxoadipate_m0 --> 2-Oxoadipate_c0	25	01_trehalose_aerobic;01_trehalose_anaerobic;02_glycerol_aerobic;02_glycerol_anaerobic;03_palmitate_aerobic;04_oleate_aerobic;05_hexacosanoate_aerobic;06_glucose_low_aerobic;06_glucose_low_anaerobic;07_sucrose_low_aerobic;07_sucrose_low_anaerobic;08_glutamate_aerobic;09_glutamine_aerobic;10_gaba_aerobic;11_galacturonate_aerobic;11_galacturonate_anaerobic;12_xylose_aerobic;12_xylose_anaerobic;13_arabinose_aerobic;14_maltose_aerobic;14_maltose_anaerobic;16_pre_infection_mix_aerobic;16_pre_infection_mix_anaerobic;17_biotrophic_mix_aerobic;17_biotrophic_mix_anaerobic	0.104232	0.530687		
rxn30391_m0	homocitrate synthase_m0		H2O + Acetyl-CoA + 2-Oxoglutarate --> CoA + H+ + Homocitrate	25	01_trehalose_aerobic;01_trehalose_anaerobic;02_glycerol_aerobic;02_glycerol_anaerobic;03_palmitate_aerobic;04_oleate_aerobic;05_hexacosanoate_aerobic;06_glucose_low_aerobic;06_glucose_low_anaerobic;07_sucrose_low_aerobic;07_sucrose_low_anaerobic;08_glutamate_aerobic;09_glutamine_aerobic;10_gaba_aerobic;11_galacturonate_aerobic;11_galacturonate_anaerobic;12_xylose_aerobic;12_xylose_anaerobic;13_arabinose_aerobic;14_maltose_aerobic;14_maltose_anaerobic;16_pre_infection_mix_aerobic;16_pre_infection_mix_anaerobic;17_biotrophic_mix_aerobic;17_biotrophic_mix_anaerobic	0.104232	0.530687		
ORNt3m_c0	Ornithine mitochondrial transport via proton antiport		H+ + cpd19016_m0 <=> H+ + Ornithine_c0	25	01_trehalose_aerobic;01_trehalose_anaerobic;02_glycerol_aerobic;02_glycerol_anaerobic;03_palmitate_aerobic;04_oleate_aerobic;05_hexacosanoate_aerobic;06_glucose_low_aerobic;06_glucose_low_anaerobic;07_sucrose_low_aerobic;07_sucrose_low_anaerobic;08_glutamate_aerobic;09_glutamine_aerobic;10_gaba_aerobic;11_galacturonate_aerobic;11_galacturonate_anaerobic;12_xylose_aerobic;12_xylose_anaerobic;13_arabinose_aerobic;14_maltose_aerobic;14_maltose_anaerobic;16_pre_infection_mix_aerobic;16_pre_infection_mix_anaerobic;17_biotrophic_mix_aerobic;17_biotrophic_mix_anaerobic	0.058526	0.323595		
rxn03175_c0	N-(5'-Phospho-D-ribosylformimino)-5-amino-1- (5''-phospho-D-ribosyl)-4-imidazolecarboxamide ketol-isomerase_c0		phosphoribosylformiminoaicar-phosphate_c0 --> phosphoribulosylformimino-AICAR-phosphate_c0	25	01_trehalose_aerobic;01_trehalose_anaerobic;02_glycerol_aerobic;02_glycerol_anaerobic;03_palmitate_aerobic;04_oleate_aerobic;05_hexacosanoate_aerobic;06_glucose_low_aerobic;06_glucose_low_anaerobic;07_sucrose_low_aerobic;07_sucrose_low_anaerobic;08_glutamate_aerobic;09_glutamine_aerobic;10_gaba_aerobic;11_galacturonate_aerobic;11_galacturonate_anaerobic;12_xylose_aerobic;12_xylose_anaerobic;13_arabinose_aerobic;14_maltose_aerobic;14_maltose_anaerobic;16_pre_infection_mix_aerobic;16_pre_infection_mix_anaerobic;17_biotrophic_mix_aerobic;17_biotrophic_mix_anaerobic	0.021233	0.108103		
rxn09743_c0	Transport of (S)-3-hydroxy-3-methylglutaryl-CoA, mitochondrial_m0		HMG-CoA_c0 <=> HMG-CoA_m0	25	01_trehalose_aerobic;01_trehalose_anaerobic;02_glycerol_aerobic;02_glycerol_anaerobic;06_glucose_low_aerobic;06_glucose_low_anaerobic;07_sucrose_low_aerobic;07_sucrose_low_anaerobic;08_glutamate_aerobic;09_glutamine_aerobic;10_gaba_aerobic;11_galacturonate_aerobic;11_galacturonate_anaerobic;12_xylose_aerobic;12_xylose_anaerobic;13_arabinose_aerobic;14_maltose_aerobic;14_maltose_anaerobic;15_mixed_aa_aerobic;15_mixed_aa_anaerobic;16_pre_infection_mix_anaerobic;17_biotrophic_mix_aerobic;17_biotrophic_mix_anaerobic;18_necrotrophic_mix_aerobic;18_necrotrophic_mix_anaerobic	0.005346	0.024295		
rxn05217_c0	TRANS-RXNBWI-115637.ce.maizeexp.L-ASPARTATE_L-ASPARTATE_m0		L-Aspartate + H+ <=> L-Aspartate + H+	24	01_trehalose_aerobic;01_trehalose_anaerobic;02_glycerol_aerobic;02_glycerol_anaerobic;04_oleate_aerobic;05_hexacosanoate_aerobic;06_glucose_low_aerobic;06_glucose_low_anaerobic;07_sucrose_low_aerobic;07_sucrose_low_anaerobic;08_glutamate_aerobic;09_glutamine_aerobic;11_galacturonate_aerobic;11_galacturonate_anaerobic;12_xylose_aerobic;12_xylose_anaerobic;13_arabinose_aerobic;14_maltose_aerobic;14_maltose_anaerobic;15_mixed_aa_aerobic;16_pre_infection_mix_aerobic;16_pre_infection_mix_anaerobic;17_biotrophic_mix_anaerobic;18_necrotrophic_mix_aerobic	2.378222	8.169383		
rxn09792_c0	4-Hydroxybenzoate mitochondrial transport_m0		4-Hydroxybenzoate_c0 <=> 4-Hydroxybenzoate_m0	24	01_trehalose_aerobic;01_trehalose_anaerobic;02_glycerol_aerobic;03_palmitate_aerobic;04_oleate_aerobic;05_hexacosanoate_aerobic;06_glucose_low_aerobic;06_glucose_low_anaerobic;07_sucrose_low_aerobic;07_sucrose_low_anaerobic;08_glutamate_aerobic;09_glutamine_aerobic;10_gaba_aerobic;11_galacturonate_aerobic;11_galacturonate_anaerobic;12_xylose_aerobic;12_xylose_anaerobic;13_arabinose_aerobic;14_maltose_aerobic;14_maltose_anaerobic;16_pre_infection_mix_aerobic;16_pre_infection_mix_anaerobic;17_biotrophic_mix_aerobic;17_biotrophic_mix_anaerobic	7.3e-05	0.000371		
rxn00966_c0	chorismate pyruvate-lyase (4-hydroxybenzoate-forming)_c0		Chorismate_c0 --> Pyruvate + 4-Hydroxybenzoate_c0	24	01_trehalose_aerobic;01_trehalose_anaerobic;02_glycerol_aerobic;03_palmitate_aerobic;04_oleate_aerobic;05_hexacosanoate_aerobic;06_glucose_low_aerobic;06_glucose_low_anaerobic;07_sucrose_low_aerobic;07_sucrose_low_anaerobic;08_glutamate_aerobic;09_glutamine_aerobic;10_gaba_aerobic;11_galacturonate_aerobic;11_galacturonate_anaerobic;12_xylose_aerobic;12_xylose_anaerobic;13_arabinose_aerobic;14_maltose_aerobic;14_maltose_anaerobic;16_pre_infection_mix_aerobic;16_pre_infection_mix_anaerobic;17_biotrophic_mix_aerobic;17_biotrophic_mix_anaerobic	7.3e-05	0.000371		
ERGSTter_c0	ergosterol endoplasmic reticular transport_g0		Ergosterol_r0 <=> Ergosterol_c0	24	01_trehalose_aerobic;01_trehalose_anaerobic;02_glycerol_aerobic;03_palmitate_aerobic;04_oleate_aerobic;05_hexacosanoate_aerobic;06_glucose_low_aerobic;07_sucrose_low_aerobic;08_glutamate_aerobic;09_glutamine_aerobic;10_gaba_aerobic;11_galacturonate_aerobic;11_galacturonate_anaerobic;12_xylose_aerobic;12_xylose_anaerobic;13_arabinose_aerobic;14_maltose_aerobic;14_maltose_anaerobic;15_mixed_aa_aerobic;15_mixed_aa_anaerobic;16_pre_infection_mix_aerobic;17_biotrophic_mix_aerobic;18_necrotrophic_mix_aerobic;18_necrotrophic_mix_anaerobic	4.5e-05	0.000251		
rxn09645_c0	Ergosta-5,6,22,24,(28)-tetraen-3beta-ol endoplamic reticular transport_g0		5,7,22,24(28)-Ergostatetraenol_c0 <=> 5,7,22,24(28)-Ergostatetraenol_r0	24	01_trehalose_aerobic;01_trehalose_anaerobic;02_glycerol_aerobic;03_palmitate_aerobic;04_oleate_aerobic;05_hexacosanoate_aerobic;06_glucose_low_aerobic;07_sucrose_low_aerobic;08_glutamate_aerobic;09_glutamine_aerobic;10_gaba_aerobic;11_galacturonate_aerobic;11_galacturonate_anaerobic;12_xylose_aerobic;12_xylose_anaerobic;13_arabinose_aerobic;14_maltose_aerobic;14_maltose_anaerobic;15_mixed_aa_aerobic;15_mixed_aa_anaerobic;16_pre_infection_mix_aerobic;17_biotrophic_mix_aerobic;18_necrotrophic_mix_aerobic;18_necrotrophic_mix_anaerobic	4.5e-05	0.000251		
3C3HMPtm_c0	Transport of 2-isopropylmalate, mitochondrial_m0		2-Isopropylmalate_c0 <=> 2-Isopropylmalate_m0	21	01_trehalose_aerobic;01_trehalose_anaerobic;02_glycerol_aerobic;02_glycerol_anaerobic;06_glucose_low_aerobic;06_glucose_low_anaerobic;07_sucrose_low_aerobic;07_sucrose_low_anaerobic;08_glutamate_aerobic;09_glutamine_aerobic;10_gaba_aerobic;11_galacturonate_aerobic;11_galacturonate_anaerobic;12_xylose_aerobic;12_xylose_anaerobic;13_arabinose_aerobic;14_maltose_aerobic;14_maltose_anaerobic;16_pre_infection_mix_anaerobic;17_biotrophic_mix_aerobic;17_biotrophic_mix_anaerobic	0.107947	0.396238		
rxn09806_c0	2-Dehydropantoate mitochondrial transport_m0		2-Dehydropantoate_c0 <=> 2-Dehydropantoate_m0	20	01_trehalose_anaerobic;03_palmitate_aerobic;04_oleate_aerobic;05_hexacosanoate_aerobic;06_glucose_low_anaerobic;07_sucrose_low_anaerobic;08_glutamate_aerobic;09_glutamine_aerobic;11_galacturonate_aerobic;11_galacturonate_anaerobic;12_xylose_anaerobic;13_arabinose_aerobic;14_maltose_anaerobic;15_mixed_aa_aerobic;15_mixed_aa_anaerobic;16_pre_infection_mix_aerobic;16_pre_infection_mix_anaerobic;17_biotrophic_mix_aerobic;17_biotrophic_mix_anaerobic;18_necrotrophic_mix_anaerobic	6.2e-05	0.000411		
rxn09728_c0	pantothenate mitochondrial transport_m0		Pantoate_c0 <=> Pantoate_m0	20	01_trehalose_anaerobic;03_palmitate_aerobic;04_oleate_aerobic;05_hexacosanoate_aerobic;06_glucose_low_anaerobic;07_sucrose_low_anaerobic;08_glutamate_aerobic;09_glutamine_aerobic;11_galacturonate_aerobic;11_galacturonate_anaerobic;12_xylose_anaerobic;13_arabinose_aerobic;14_maltose_anaerobic;15_mixed_aa_aerobic;15_mixed_aa_anaerobic;16_pre_infection_mix_aerobic;16_pre_infection_mix_anaerobic;17_biotrophic_mix_aerobic;17_biotrophic_mix_anaerobic;18_necrotrophic_mix_anaerobic	6.2e-05	0.000411		
GLXtp_c0	glyoxylate transport, peroxisomal_x0		Glyoxalate_c0 <=> Glyoxalate	19	01_trehalose_aerobic;03_palmitate_aerobic;04_oleate_aerobic;05_hexacosanoate_aerobic;06_glucose_low_aerobic;07_sucrose_low_aerobic;08_glutamate_aerobic;09_glutamine_aerobic;11_galacturonate_aerobic;12_xylose_aerobic;13_arabinose_aerobic;14_maltose_aerobic;15_mixed_aa_aerobic;15_mixed_aa_anaerobic;16_pre_infection_mix_aerobic;17_biotrophic_mix_aerobic;17_biotrophic_mix_anaerobic;18_necrotrophic_mix_aerobic;18_necrotrophic_mix_anaerobic	1.04125	5.303507		
rxn05468_c0	TRANS-RXNAVI-26568.ce_c0		O2 <=> O2	18	01_trehalose_aerobic;02_glycerol_aerobic;03_palmitate_aerobic;04_oleate_aerobic;05_hexacosanoate_aerobic;06_glucose_low_aerobic;07_sucrose_low_aerobic;08_glutamate_aerobic;09_glutamine_aerobic;10_gaba_aerobic;11_galacturonate_aerobic;12_xylose_aerobic;13_arabinose_aerobic;14_maltose_aerobic;15_mixed_aa_aerobic;16_pre_infection_mix_aerobic;17_biotrophic_mix_aerobic;18_necrotrophic_mix_aerobic	15.324197	99.431641		
EX_cpd00007_e0	Exchange for O2		O2 <=> 	18	01_trehalose_aerobic;02_glycerol_aerobic;03_palmitate_aerobic;04_oleate_aerobic;05_hexacosanoate_aerobic;06_glucose_low_aerobic;07_sucrose_low_aerobic;08_glutamate_aerobic;09_glutamine_aerobic;10_gaba_aerobic;11_galacturonate_aerobic;12_xylose_aerobic;13_arabinose_aerobic;14_maltose_aerobic;15_mixed_aa_aerobic;16_pre_infection_mix_aerobic;17_biotrophic_mix_aerobic;18_necrotrophic_mix_aerobic	15.324197	99.431641		
NH4tm_c0	TRANS-RXN-173.ce_m0		NH3 <=> NH3_m0	18	01_trehalose_anaerobic;02_glycerol_aerobic;02_glycerol_anaerobic;06_glucose_low_anaerobic;07_sucrose_low_anaerobic;08_glutamate_aerobic;09_glutamine_aerobic;10_gaba_aerobic;11_galacturonate_anaerobic;12_xylose_anaerobic;14_maltose_anaerobic;15_mixed_aa_aerobic;15_mixed_aa_anaerobic;16_pre_infection_mix_anaerobic;17_biotrophic_mix_aerobic;17_biotrophic_mix_anaerobic;18_necrotrophic_mix_aerobic;18_necrotrophic_mix_anaerobic	0.785505	5.31153		
rxn05307_c0	TRANS-RXNBWI-115637.ce.maizeexp.SER_SER_m0		L-Serine_c0 + H+ <=> L-Serine_m0 + H+	18	01_trehalose_anaerobic;02_glycerol_aerobic;02_glycerol_anaerobic;06_glucose_low_anaerobic;07_sucrose_low_anaerobic;08_glutamate_aerobic;09_glutamine_aerobic;10_gaba_aerobic;11_galacturonate_anaerobic;12_xylose_anaerobic;14_maltose_anaerobic;15_mixed_aa_aerobic;15_mixed_aa_anaerobic;16_pre_infection_mix_anaerobic;17_biotrophic_mix_aerobic;17_biotrophic_mix_anaerobic;18_necrotrophic_mix_aerobic;18_necrotrophic_mix_anaerobic	0.785505	5.31153		
rxn09177_c0	(R)-4'-Phosphopantothenate:L-cysteine ligase_c0		CTP_c0 + L-Cysteine_c0 + 4-phosphopantothenate_c0 --> PPi + CMP_c0 + H+ + (R)-4'-Phosphopantothenoyl-L-cysteine_c0	18	01_trehalose_aerobic;01_trehalose_anaerobic;02_glycerol_aerobic;05_hexacosanoate_aerobic;06_glucose_low_aerobic;06_glucose_low_anaerobic;07_sucrose_low_aerobic;07_sucrose_low_anaerobic;11_galacturonate_anaerobic;12_xylose_aerobic;12_xylose_anaerobic;13_arabinose_aerobic;14_maltose_aerobic;14_maltose_anaerobic;16_pre_infection_mix_aerobic;16_pre_infection_mix_anaerobic;17_biotrophic_mix_anaerobic;18_necrotrophic_mix_anaerobic	7.3e-05	0.000267		
rxn13238_c0	ceramide-2 (C26) endoplasmic reticular transport_g0		Ceramide-2 Phytosphingosine:n-C26:0)_c0 <=> Ceramide-2 Phytosphingosine:n-C26:0)_r0	17	01_trehalose_aerobic;01_trehalose_anaerobic;04_oleate_aerobic;06_glucose_low_anaerobic;07_sucrose_low_anaerobic;09_glutamine_aerobic;10_gaba_aerobic;11_galacturonate_aerobic;11_galacturonate_anaerobic;12_xylose_anaerobic;14_maltose_aerobic;14_maltose_anaerobic;15_mixed_aa_anaerobic;16_pre_infection_mix_anaerobic;17_biotrophic_mix_aerobic;17_biotrophic_mix_anaerobic;18_necrotrophic_mix_anaerobic	0.389687	1.211956		
TRP_phytosphingosine_r0c0	Phytosphingosine transport r0→c0		Phytosphingosine_r0 <=> Phytosphingosine_c0	17	01_trehalose_aerobic;01_trehalose_anaerobic;04_oleate_aerobic;06_glucose_low_anaerobic;07_sucrose_low_anaerobic;09_glutamine_aerobic;10_gaba_aerobic;11_galacturonate_aerobic;11_galacturonate_anaerobic;12_xylose_anaerobic;14_maltose_aerobic;14_maltose_anaerobic;15_mixed_aa_anaerobic;16_pre_infection_mix_anaerobic;17_biotrophic_mix_aerobic;17_biotrophic_mix_anaerobic;18_necrotrophic_mix_anaerobic	0.389687	1.211956		
THZPSN2_SC_c0	Thiazole phosphate synthesis  ribose 5 phosphate   yeast specifc		Glycine_c0 + H+ + L-Cysteine_c0 + O-Acetyl-L-homoserine_c0 + alpha-D-Ribose 5-phosphate --> 3 H2O + CO2 + NH3 + Pyruvate + Acetate + GABA + 4-Methyl-5--2-phosphoethyl-thiazole_c0	16	01_trehalose_aerobic;01_trehalose_anaerobic;02_glycerol_aerobic;06_glucose_low_anaerobic;07_sucrose_low_aerobic;07_sucrose_low_anaerobic;12_xylose_aerobic;13_arabinose_aerobic;14_maltose_aerobic;14_maltose_anaerobic;15_mixed_aa_anaerobic;16_pre_infection_mix_aerobic;16_pre_infection_mix_anaerobic;17_biotrophic_mix_aerobic;17_biotrophic_mix_anaerobic;18_necrotrophic_mix_anaerobic	7.3e-05	0.000226		
EX_cpd00067_e0	Exchange for H+		H+ <=> 	13	02_glycerol_anaerobic;06_glucose_low_anaerobic;08_glutamate_aerobic;09_glutamine_aerobic;10_gaba_aerobic;11_galacturonate_aerobic;11_galacturonate_anaerobic;12_xylose_anaerobic;15_mixed_aa_aerobic;17_biotrophic_mix_aerobic;17_biotrophic_mix_anaerobic;18_necrotrophic_mix_aerobic;18_necrotrophic_mix_anaerobic	6.620026	23.382472		
rxn30341_m0	CustomReaction_m0		CoA + S-Succinyldihydrolipoamide --> Succinyl-CoA + Dihydrolipoamide	13	01_trehalose_aerobic;06_glucose_low_aerobic;07_sucrose_low_aerobic;08_glutamate_aerobic;09_glutamine_aerobic;11_galacturonate_aerobic;12_xylose_aerobic;14_maltose_aerobic;15_mixed_aa_aerobic;15_mixed_aa_anaerobic;17_biotrophic_mix_aerobic;17_biotrophic_mix_anaerobic;18_necrotrophic_mix_aerobic	2.167536	11.519624		
rxn08747_c0	L-isoleucine transport via diffusion (extracellular to periplasm)_m0		L-Isoleucine_m0 --> L-Isoleucine_c0	13	01_trehalose_anaerobic;03_palmitate_aerobic;04_oleate_aerobic;05_hexacosanoate_aerobic;06_glucose_low_anaerobic;07_sucrose_low_anaerobic;08_glutamate_aerobic;09_glutamine_aerobic;11_galacturonate_anaerobic;12_xylose_anaerobic;14_maltose_anaerobic;16_pre_infection_mix_anaerobic;17_biotrophic_mix_anaerobic	1.153487	1.279568		
3MOPtm_c0	Transport of 3-methyl-2-oxopentanoate, mitochondrial_m0		3MOP_c0 <=> 3MOP_m0	13	01_trehalose_aerobic;02_glycerol_aerobic;02_glycerol_anaerobic;06_glucose_low_aerobic;07_sucrose_low_aerobic;09_glutamine_aerobic;10_gaba_aerobic;11_galacturonate_aerobic;12_xylose_aerobic;13_arabinose_aerobic;14_maltose_aerobic;16_pre_infection_mix_aerobic;17_biotrophic_mix_aerobic	1.143315	1.364377		
PIt2r_c0	Inorganic phosphate transporter_c0		Phosphate + H+ <=> Phosphate + H+	12	01_trehalose_aerobic;02_glycerol_anaerobic;06_glucose_low_anaerobic;07_sucrose_low_aerobic;10_gaba_aerobic;11_galacturonate_aerobic;12_xylose_anaerobic;14_maltose_aerobic;15_mixed_aa_anaerobic;16_pre_infection_mix_aerobic;17_biotrophic_mix_anaerobic;18_necrotrophic_mix_aerobic	5.473639	13.801031		
rxn08428_c0	ethanol transport via diffusion (extracellular to periplasm)_c0		Ethanol <=> Ethanol	11	01_trehalose_anaerobic;02_glycerol_anaerobic;06_glucose_low_anaerobic;07_sucrose_low_anaerobic;11_galacturonate_anaerobic;12_xylose_anaerobic;14_maltose_anaerobic;15_mixed_aa_anaerobic;16_pre_infection_mix_anaerobic;17_biotrophic_mix_anaerobic;18_necrotrophic_mix_anaerobic	15.885653	46.765226		
EX_cpd00363_e0	Exchange for Ethanol		Ethanol --> 	11	01_trehalose_anaerobic;02_glycerol_anaerobic;06_glucose_low_anaerobic;07_sucrose_low_anaerobic;11_galacturonate_anaerobic;12_xylose_anaerobic;14_maltose_anaerobic;15_mixed_aa_anaerobic;16_pre_infection_mix_anaerobic;17_biotrophic_mix_anaerobic;18_necrotrophic_mix_anaerobic	15.885653	46.765226		
rxn00088_c0	NADP+ 2'-phosphohydrolase_c0		H2O + NADP --> NAD + Phosphate	11	01_trehalose_anaerobic;04_oleate_aerobic;05_hexacosanoate_aerobic;06_glucose_low_anaerobic;07_sucrose_low_anaerobic;11_galacturonate_aerobic;13_arabinose_aerobic;14_maltose_anaerobic;15_mixed_aa_aerobic;16_pre_infection_mix_aerobic;17_biotrophic_mix_aerobic	2.662684	11.423892		
rxn05654_c0	Transport of succinate, extracellular_c0		Succinate_e0 + H+ <=> Succinate + H+	11	01_trehalose_anaerobic;02_glycerol_anaerobic;06_glucose_low_anaerobic;07_sucrose_low_anaerobic;11_galacturonate_anaerobic;12_xylose_anaerobic;14_maltose_anaerobic;15_mixed_aa_anaerobic;16_pre_infection_mix_anaerobic;17_biotrophic_mix_anaerobic;18_necrotrophic_mix_anaerobic	1.574984	3.811659		
EX_cpd00036_e0	Exchange for Succinate_e0		Succinate_e0 --> 	11	01_trehalose_anaerobic;02_glycerol_anaerobic;06_glucose_low_anaerobic;07_sucrose_low_anaerobic;11_galacturonate_anaerobic;12_xylose_anaerobic;14_maltose_anaerobic;15_mixed_aa_anaerobic;16_pre_infection_mix_anaerobic;17_biotrophic_mix_anaerobic;18_necrotrophic_mix_anaerobic	1.574984	3.811659		
rxn09689_c0	Transport of 7,8-diaminononanoate, extracellular_c0		H+ + 7-8-Diaminononanoate_e0 <=> H+ + 7-8-Diaminononanoate_c0	11	01_trehalose_anaerobic;02_glycerol_anaerobic;06_glucose_low_anaerobic;07_sucrose_low_anaerobic;11_galacturonate_anaerobic;12_xylose_anaerobic;14_maltose_anaerobic;15_mixed_aa_anaerobic;16_pre_infection_mix_anaerobic;17_biotrophic_mix_anaerobic;18_necrotrophic_mix_anaerobic	0.100408	0.288245		
EX_cpd00764_e0	Exchange for 7-8-Diaminononanoate_e0		7-8-Diaminononanoate_e0 --> 	11	01_trehalose_anaerobic;02_glycerol_anaerobic;06_glucose_low_anaerobic;07_sucrose_low_anaerobic;11_galacturonate_anaerobic;12_xylose_anaerobic;14_maltose_anaerobic;15_mixed_aa_anaerobic;16_pre_infection_mix_anaerobic;17_biotrophic_mix_anaerobic;18_necrotrophic_mix_anaerobic	0.100408	0.288245		
rxn09807_c0	2-Dehydro-3-deoxy-D-arabino-heptonate7-phohsphate mitochondrial transport via diffusion_m0		DAHP_c0 <=> DAHP_m0	11	01_trehalose_aerobic;02_glycerol_aerobic;03_palmitate_aerobic;06_glucose_low_aerobic;07_sucrose_low_aerobic;08_glutamate_aerobic;09_glutamine_aerobic;11_galacturonate_aerobic;12_xylose_aerobic;13_arabinose_aerobic;14_maltose_aerobic	0.067893	0.234617		
rxn09765_c0	D-erythrose 4-phosphate mtiochondrial transport via diffusion_m0		D-Erythrose4-phosphate <=> D-Erythrose4-phosphate	11	01_trehalose_aerobic;02_glycerol_aerobic;03_palmitate_aerobic;06_glucose_low_aerobic;07_sucrose_low_aerobic;08_glutamate_aerobic;09_glutamine_aerobic;11_galacturonate_aerobic;12_xylose_aerobic;13_arabinose_aerobic;14_maltose_aerobic	0.067893	0.234617		
rxn40448_c0	NUDIX 		H2O +  <=> AMP + 2.0 H+ + 	11	03_palmitate_aerobic;04_oleate_aerobic;05_hexacosanoate_aerobic;08_glutamate_aerobic;09_glutamine_aerobic;10_gaba_aerobic;11_galacturonate_aerobic;11_galacturonate_anaerobic;12_xylose_anaerobic;15_mixed_aa_aerobic;18_necrotrophic_mix_aerobic	8.9e-05	0.000275		
rxn09802_c0	3-(4-hydroxyphenyl)pyruvate mitochondrial transport via proton symport_m0		H+ + p-hydroxyphenylpyruvate_c0 <=> H+ + p-hydroxyphenylpyruvate_m0	10	01_trehalose_anaerobic;04_oleate_aerobic;08_glutamate_aerobic;09_glutamine_aerobic;10_gaba_aerobic;15_mixed_aa_aerobic;15_mixed_aa_anaerobic;17_biotrophic_mix_anaerobic;18_necrotrophic_mix_aerobic;18_necrotrophic_mix_anaerobic	1.14961	2.734067		
EX_cpd00281_e0	Exchange for GABA_e0		GABA_e0 --> 	9	01_trehalose_anaerobic;06_glucose_low_anaerobic;07_sucrose_low_anaerobic;10_gaba_aerobic;14_maltose_anaerobic;15_mixed_aa_anaerobic;16_pre_infection_mix_anaerobic;17_biotrophic_mix_anaerobic;18_necrotrophic_mix_anaerobic	2.0	2.000044		
rxn01646_c0	N-Ribosylnicotinamide:orthophosphate ribosyltransferase_c0		Phosphate + N-Ribosylnicotinamide_c0 <=> H+ + Nicotinamide_c0 + Ribose 1-phosphate	9	03_palmitate_aerobic;04_oleate_aerobic;05_hexacosanoate_aerobic;08_glutamate_aerobic;09_glutamine_aerobic;10_gaba_aerobic;11_galacturonate_aerobic;11_galacturonate_anaerobic;12_xylose_anaerobic	4.1e-05	0.000158		
rxn05301_c0	TRANS-RXNBWI-115637.ce.maizeexp.TYR_TYR_m0		H+ + L-Tyrosine_c0 <=> H+ + L-Tyrosine_m0	8	01_trehalose_anaerobic;04_oleate_aerobic;08_glutamate_aerobic;09_glutamine_aerobic;10_gaba_aerobic;15_mixed_aa_anaerobic;17_biotrophic_mix_anaerobic;18_necrotrophic_mix_anaerobic	1.14961	2.733929		
EX_cpd00023_e0	Exchange for L-Glutamate_e0		L-Glutamate_e0 --> 	7	08_glutamate_aerobic;15_mixed_aa_aerobic;15_mixed_aa_anaerobic;17_biotrophic_mix_aerobic;17_biotrophic_mix_anaerobic;18_necrotrophic_mix_aerobic;18_necrotrophic_mix_anaerobic	2.0	4.4		
EX_cpd00053_e0	Exchange for L-Glutamine_e0		L-Glutamine_e0 --> 	7	09_glutamine_aerobic;15_mixed_aa_aerobic;15_mixed_aa_anaerobic;17_biotrophic_mix_aerobic;17_biotrophic_mix_anaerobic;18_necrotrophic_mix_aerobic;18_necrotrophic_mix_anaerobic	2.0	4.4		
rxn08063_c0	Acetate transport via diffusion (extracellular to periplasm)_m0		Acetate <=> Acetate	7	02_glycerol_aerobic;02_glycerol_anaerobic;03_palmitate_aerobic;04_oleate_aerobic;05_hexacosanoate_aerobic;10_gaba_aerobic;16_pre_infection_mix_aerobic	0.533515	0.997223		
rxn09681_c0	D-fructose transport in via proton symport_c0		H+ + D-Fructose --> H+ + D-Fructose	6	07_sucrose_low_aerobic;07_sucrose_low_anaerobic;17_biotrophic_mix_aerobic;17_biotrophic_mix_anaerobic;18_necrotrophic_mix_aerobic;18_necrotrophic_mix_anaerobic	2.0	5.4		
EX_cpd00076_e0	Exchange for Sucrose		Sucrose --> 	6	07_sucrose_low_aerobic;07_sucrose_low_anaerobic;17_biotrophic_mix_aerobic;17_biotrophic_mix_anaerobic;18_necrotrophic_mix_aerobic;18_necrotrophic_mix_anaerobic	2.0	5.4		
EX_cpd00027_e0	Exchange for D-Glucose		D-Glucose <=> 	6	06_glucose_low_aerobic;06_glucose_low_anaerobic;15_mixed_aa_aerobic;15_mixed_aa_anaerobic;17_biotrophic_mix_aerobic;17_biotrophic_mix_anaerobic	1.0	3.6		
H2Otp_c0	TRANS-RXNBWI-115401.ce.maizeexp.OH_OH_x0		H2O <=> H2O_x0	5	03_palmitate_aerobic;04_oleate_aerobic;05_hexacosanoate_aerobic;16_pre_infection_mix_aerobic;16_pre_infection_mix_anaerobic	12.769759	33.010481		
tx_h_xc	H+ peroxisomal equilibration	peroxisomal cofactor transport	H+ <=> H+_x0	5	03_palmitate_aerobic;04_oleate_aerobic;05_hexacosanoate_aerobic;16_pre_infection_mix_aerobic;16_pre_infection_mix_anaerobic	12.769759	29.705698		
rxn13406_c0	oxidized thioredoxin peroxisomal transport via diffusion_x0		trdox <=> trdox_x0	5	03_palmitate_aerobic;04_oleate_aerobic;05_hexacosanoate_aerobic;16_pre_infection_mix_aerobic;16_pre_infection_mix_anaerobic	9.028508	22.395191		
rxn13407_c0	reduced thioredoxin peroxisomal transport via diffusion_x0		trdrd <=> trdrd_x0	5	03_palmitate_aerobic;04_oleate_aerobic;05_hexacosanoate_aerobic;16_pre_infection_mix_aerobic;16_pre_infection_mix_anaerobic	9.028508	22.395191		
tx_nad_xc	NAD peroxisomal equilibration	peroxisomal cofactor transport	NAD <=> NAD_x0	5	03_palmitate_aerobic;04_oleate_aerobic;05_hexacosanoate_aerobic;16_pre_infection_mix_aerobic;16_pre_infection_mix_anaerobic	9.028508	24.40757		
tx_nadh_xc	NADH peroxisomal equilibration	peroxisomal cofactor transport	NADH <=> NADH_x0	5	03_palmitate_aerobic;04_oleate_aerobic;05_hexacosanoate_aerobic;16_pre_infection_mix_aerobic;16_pre_infection_mix_anaerobic	9.028508	24.40757		
CRNCARtp_c0	Transport of L-carnitine and O-acyl-L-carnitine_x0		Carnitine_c0 + O-Acetylcarnitine_x0 --> Carnitine_x0 + O-Acetylcarnitine_c0	5	03_palmitate_aerobic;04_oleate_aerobic;05_hexacosanoate_aerobic;16_pre_infection_mix_aerobic;16_pre_infection_mix_anaerobic	6.197535	19.857085		
rxn05511_c0	Butanediol transport in/out via proton symport		H+ + BDOH <-- H+ + BDOH	5	01_trehalose_anaerobic;07_sucrose_low_anaerobic;14_maltose_anaerobic;16_pre_infection_mix_anaerobic;18_necrotrophic_mix_anaerobic	4.754561	11.026161		
rxn11322_c0	(R,R)-butanediol transport_c0		BDOH <=> BDOH	5	01_trehalose_anaerobic;07_sucrose_low_anaerobic;14_maltose_anaerobic;16_pre_infection_mix_anaerobic;18_necrotrophic_mix_anaerobic	4.754561	11.026161		
EX_cpd00035_e0	Exchange for L-Alanine_e0		L-Alanine_e0 --> 	5	15_mixed_aa_aerobic;15_mixed_aa_anaerobic;17_biotrophic_mix_anaerobic;18_necrotrophic_mix_aerobic;18_necrotrophic_mix_anaerobic	2.126345	3.541353		
rxn08032_m0	Acetaldehyde transport		Acetaldehyde <-- Acetaldehyde	5	02_glycerol_aerobic;02_glycerol_anaerobic;08_glutamate_aerobic;09_glutamine_aerobic;10_gaba_aerobic	0.284983	0.461125		
EX_cpd00280_e0	Exchange for D-Galacturonate_e0		D-Galacturonate_e0 --> 	4	11_galacturonate_aerobic;11_galacturonate_anaerobic;18_necrotrophic_mix_aerobic;18_necrotrophic_mix_anaerobic	5.0	12.0		
rxn07491_c0	D-galacturonate reductase (NADPH; GAR1, fungal)_c0	fungal Ashwell pathway	NADP + L-Galactonate_c0 <-- NADPH + H+ + cpd00280_c0	4	11_galacturonate_aerobic;11_galacturonate_anaerobic;18_necrotrophic_mix_aerobic;18_necrotrophic_mix_anaerobic	5.0	12.0	gene_11942	0.00
rxn21749_c0	L-galactonate dehydratase (LGD1)_c0	fungal Ashwell pathway	L-Galactonate_c0 --> H2O + 2-keto-3-deoxy-L-galactonate_c0	4	11_galacturonate_aerobic;11_galacturonate_anaerobic;18_necrotrophic_mix_aerobic;18_necrotrophic_mix_anaerobic	5.0	12.0	gene_11942	0.00
rxn21750_c0	2-keto-3-deoxy-L-galactonate aldolase (LGA1)_c0	fungal Ashwell pathway	2-keto-3-deoxy-L-galactonate_c0 --> Pyruvate + L-Glyceraldehyde_c0	4	11_galacturonate_aerobic;11_galacturonate_anaerobic;18_necrotrophic_mix_aerobic;18_necrotrophic_mix_anaerobic	5.0	12.0	gene_11942	0.00
rxn09385_c0	D-xylose transport via diffusion (extracellular to periplasm)_c0		Xylose_e0 <=> Xylose_c0	4	12_xylose_aerobic;12_xylose_anaerobic;18_necrotrophic_mix_aerobic;18_necrotrophic_mix_anaerobic	5.0	12.0		
EX_cpd00154_e0	Exchange for Xylose_e0		Xylose_e0 --> 	4	12_xylose_aerobic;12_xylose_anaerobic;18_necrotrophic_mix_aerobic;18_necrotrophic_mix_anaerobic	5.0	12.0		
rxn33066_c0	L-xylulose reductase_c0	L-arabinose assimilation (Penttilae)	NADP + Xylitol_c0 <=> NADPH + H+ + L-Lyxulose_c0	4	12_xylose_anaerobic;13_arabinose_aerobic;18_necrotrophic_mix_aerobic;18_necrotrophic_mix_anaerobic	5.0	9.308022	gene_8784	3.81
EX_cpd00179_e0	Exchange for Maltose_e0		Maltose_e0 --> 	4	14_maltose_aerobic;14_maltose_anaerobic;18_necrotrophic_mix_aerobic;18_necrotrophic_mix_anaerobic	5.0	14.0		
rxn09655_c0	TRANS-RXNAVI-26524.ce.brachyexp.TREHALOSE_TREHALOSE_c0		H+ + TRHL_e0 --> H+ + TRHL_c0	4	01_trehalose_aerobic;01_trehalose_anaerobic;16_pre_infection_mix_aerobic;16_pre_infection_mix_anaerobic	1.0	2.6		
EX_cpd00794_e0	Exchange for TRHL_e0		TRHL_e0 --> 	4	01_trehalose_aerobic;01_trehalose_anaerobic;16_pre_infection_mix_aerobic;16_pre_infection_mix_anaerobic	1.0	2.6		
EX_cpd00100_e0	Exchange for Glycerol_e0		Glycerol_e0 --> 	4	02_glycerol_aerobic;02_glycerol_anaerobic;16_pre_infection_mix_aerobic;16_pre_infection_mix_anaerobic	1.0	2.6		
tx_coa_xc	CoA peroxisomal equilibration	peroxisomal cofactor transport	CoA <=> CoA_x0	4	04_oleate_aerobic;05_hexacosanoate_aerobic;16_pre_infection_mix_aerobic;16_pre_infection_mix_anaerobic	0.994508	2.040045		
EX_cpd00132_e0	Exchange for L-Asparagine_e0		L-Asparagine_e0 --> 	4	15_mixed_aa_aerobic;15_mixed_aa_anaerobic;18_necrotrophic_mix_aerobic;18_necrotrophic_mix_anaerobic	0.5	1.4		
EX_cpd00033_e0	Exchange for Glycine_e0		Glycine_e0 --> 	4	15_mixed_aa_aerobic;15_mixed_aa_anaerobic;18_necrotrophic_mix_aerobic;18_necrotrophic_mix_anaerobic	0.5	1.4		
EX_cpd00041_e0	Exchange for L-Aspartate_e0		L-Aspartate_e0 --> 	4	15_mixed_aa_aerobic;15_mixed_aa_anaerobic;18_necrotrophic_mix_aerobic;18_necrotrophic_mix_anaerobic	0.5	1.4		
EX_cpd00066_e0	Exchange for L-Phenylalanine_e0		L-Phenylalanine_e0 --> 	4	15_mixed_aa_aerobic;15_mixed_aa_anaerobic;18_necrotrophic_mix_aerobic;18_necrotrophic_mix_anaerobic	0.5	0.713368		
EX_cpd00054_e0	Exchange for L-Serine_e0		L-Serine_e0 --> 	4	15_mixed_aa_aerobic;15_mixed_aa_anaerobic;18_necrotrophic_mix_aerobic;18_necrotrophic_mix_anaerobic	0.5	1.4		
EX_cpd00065_e0	Exchange for L-Tryptophan_e0		L-Tryptophan_e0 --> 	4	15_mixed_aa_aerobic;15_mixed_aa_anaerobic;18_necrotrophic_mix_aerobic;18_necrotrophic_mix_anaerobic	0.5	0.702835		
EX_cpd00322_e0	Exchange for L-Isoleucine_e0		L-Isoleucine_e0 --> 	4	15_mixed_aa_aerobic;15_mixed_aa_anaerobic;18_necrotrophic_mix_aerobic;18_necrotrophic_mix_anaerobic	0.5	0.719239		
EX_cpd00051_e0	Exchange for L-Arginine_e0		L-Arginine_e0 --> 	4	15_mixed_aa_aerobic;15_mixed_aa_anaerobic;18_necrotrophic_mix_aerobic;18_necrotrophic_mix_anaerobic	0.5	0.716044		
EX_cpd00156_e0	Exchange for L-Valine_e0		L-Valine_e0 --> 	4	15_mixed_aa_aerobic;15_mixed_aa_anaerobic;18_necrotrophic_mix_aerobic;18_necrotrophic_mix_anaerobic	0.5	0.726447		
EX_cpd00107_e0	Exchange for L-Leucine_e0		L-Leucine_e0 --> 	4	15_mixed_aa_aerobic;15_mixed_aa_anaerobic;18_necrotrophic_mix_aerobic;18_necrotrophic_mix_anaerobic	0.5	0.729592		
EX_cpd00129_e0	Exchange for L-Proline_e0		L-Proline_e0 --> 	4	15_mixed_aa_aerobic;15_mixed_aa_anaerobic;18_necrotrophic_mix_aerobic;18_necrotrophic_mix_anaerobic	0.5	0.716444		
EX_cpd00161_e0	Exchange for L-Threonine_e0		L-Threonine_e0 --> 	4	15_mixed_aa_aerobic;15_mixed_aa_anaerobic;18_necrotrophic_mix_aerobic;18_necrotrophic_mix_anaerobic	0.5	1.4		
EX_cpd00039_e0	Exchange for L-Lysine_e0		L-Lysine_e0 --> 	4	15_mixed_aa_aerobic;15_mixed_aa_anaerobic;18_necrotrophic_mix_aerobic;18_necrotrophic_mix_anaerobic	0.127512	0.196845		
EX_cpd00060_e0	Exchange for L-Methionine_e0		L-Methionine_e0 --> 	4	15_mixed_aa_aerobic;15_mixed_aa_anaerobic;18_necrotrophic_mix_aerobic;18_necrotrophic_mix_anaerobic	0.109059	0.180784		
EX_cpd00069_e0	Exchange for L-Tyrosine_e0		L-Tyrosine_e0 --> 	4	15_mixed_aa_aerobic;15_mixed_aa_anaerobic;18_necrotrophic_mix_aerobic;18_necrotrophic_mix_anaerobic	0.045979	0.07098		
EX_cpd00119_e0	Exchange for L-Histidine_e0		L-Histidine_e0 --> 	4	15_mixed_aa_aerobic;15_mixed_aa_anaerobic;18_necrotrophic_mix_aerobic;18_necrotrophic_mix_anaerobic	0.029628	0.04457		
EX_cpd00084_e0	Exchange for L-Cysteine_e0		L-Cysteine_e0 --> 	4	15_mixed_aa_aerobic;15_mixed_aa_anaerobic;18_necrotrophic_mix_aerobic;18_necrotrophic_mix_anaerobic	0.010782	0.016644		
rxn08525_c0	formate transport via diffusion (extracellular to periplasm)_c0		Formate_e0 <=> Formate_c0	4	11_galacturonate_anaerobic;15_mixed_aa_anaerobic;17_biotrophic_mix_anaerobic;18_necrotrophic_mix_anaerobic	0.00167	0.002451		
EX_cpd00047_e0	Exchange for Formate_e0		Formate_e0 --> 	4	11_galacturonate_anaerobic;15_mixed_aa_anaerobic;17_biotrophic_mix_anaerobic;18_necrotrophic_mix_anaerobic	0.00167	0.002451		
rxn13400_m0	3-(4-hydroxyphenyl)lactate hydro-lyase (4-coumarate-forming)_m0		HPL_m0 --> H2O + 4-Coumarate_m0	4	15_mixed_aa_aerobic;15_mixed_aa_anaerobic;18_necrotrophic_mix_aerobic;18_necrotrophic_mix_anaerobic	8.9e-05	0.000138		
rxn30328_m0	3-(4-hydroxyphenyl-)lactate formation_m0		NADH + H+ + p-hydroxyphenylpyruvate_m0 --> NAD + HPL_m0	4	15_mixed_aa_aerobic;15_mixed_aa_anaerobic;18_necrotrophic_mix_aerobic;18_necrotrophic_mix_anaerobic	8.9e-05	0.000138		
rxn13208_m0	4-hydroxybenzoate formation_m0		H2O + 4-hydroxybenoyl-CoA_m0 --> CoA + H+ + 4-Hydroxybenzoate_m0	4	15_mixed_aa_aerobic;15_mixed_aa_anaerobic;18_necrotrophic_mix_aerobic;18_necrotrophic_mix_anaerobic	8.9e-05	0.000138		
rxn13207_m0	4-hydroxybenzoyl-CoA formation_m0		H2O + NAD + CoA + 4-Coumaroyl-CoA_m0 --> NADH + Acetyl-CoA + H+ + 4-hydroxybenoyl-CoA_m0	4	15_mixed_aa_aerobic;15_mixed_aa_anaerobic;18_necrotrophic_mix_aerobic;18_necrotrophic_mix_anaerobic	8.9e-05	0.000138		
rxn09836_c0	malate/oxaloacetate shuttle_x0		Oxaloacetate + L-Malate_x0 <=> Oxaloacetate + L-Malate	3	04_oleate_aerobic;05_hexacosanoate_aerobic;16_pre_infection_mix_aerobic	3.74125	7.310507		
rxn00189_c0	L-Glutamine amidohydrolase_c0		H2O + L-Glutamine --> NH3 + L-Glutamate	3	09_glutamine_aerobic;15_mixed_aa_aerobic;17_biotrophic_mix_aerobic	1.946167	2.786745		
rxn09035_c0	Octadecenoate (n-C18:1) transport via facilitated irreversible diffusion (extracellular to periplasm)_c0		octadecenoate_e0 --> octadecenoate_c0	3	04_oleate_aerobic;16_pre_infection_mix_aerobic;16_pre_infection_mix_anaerobic	1.0	1.301087		
EX_cpd15269_e0	Exchange for octadecenoate_e0		octadecenoate_e0 --> 	3	04_oleate_aerobic;16_pre_infection_mix_aerobic;16_pre_infection_mix_anaerobic	1.0	1.301087		
PIt2p_c0	Inorganic phosphate transporter_x0		Phosphate + H+ <=> Phosphate_x0 + H+_x0	3	04_oleate_aerobic;16_pre_infection_mix_aerobic;16_pre_infection_mix_anaerobic	0.994508	1.292404		
rxn08142_c0	L-arabinose transport via diffusion (extracellular to periplasm)_c0		L-Arabinose_e0 <=> L-Arabinose_c0	2	13_arabinose_aerobic;18_necrotrophic_mix_aerobic	5.0	5.5		
EX_cpd00224_e0	Exchange for L-Arabinose_e0		L-Arabinose_e0 --> 	2	13_arabinose_aerobic;18_necrotrophic_mix_aerobic	5.0	5.5		
rxn05483_c0	RXN0-1683.ce.maizeexp.L-ARABITOL_L-ARABITOL_c0		L-Lyxitol_e0 <=> L-Lyxitol_c0	2	12_xylose_anaerobic;18_necrotrophic_mix_anaerobic	2.838911	3.808022		
EX_cpd00417_e0	Exchange for L-Lyxitol_e0		L-Lyxitol_e0 --> 	2	12_xylose_anaerobic;18_necrotrophic_mix_anaerobic	2.838911	3.808022		
rxn09193_c0	L-proline transport via diffusion (extracellular to periplasm)_m0		L-Proline_c0 <=> L-Proline_m0	2	15_mixed_aa_aerobic;18_necrotrophic_mix_aerobic	0.953659	1.208682		
rxn00503_m0	(S)-1-pyrroline-5-carboxylate:NAD+ oxidoreductase_m0		2 H2O + NAD + 1-Pyrroline-5-carboxylate_m0 --> NADH + L-Glutamate + H+	2	15_mixed_aa_aerobic;18_necrotrophic_mix_aerobic	0.953659	1.208682		
ID3ACALDtm_c0	indole-3-acetaldehyde mitochondrial transport via diffusion_m0		Indoleacetaldehyde <=> Indoleacetaldehyde_m0	2	02_glycerol_aerobic;02_glycerol_anaerobic	0.523199	0.78919		
rxn09741_c0	indole-3-acetate mitochondrial transport via diffusion_m0		Indoleacetate <=> Indoleacetate_m0	2	02_glycerol_aerobic;02_glycerol_anaerobic	0.523199	0.78919		
rxn05605_c0	Maltose permease MAL31_c0		H+ + L-Malate <=> H+ + L-Malate	2	17_biotrophic_mix_aerobic;17_biotrophic_mix_anaerobic	0.5	1.0		
EX_cpd00130_e0	Exchange for L-Malate		L-Malate --> 	2	17_biotrophic_mix_aerobic;17_biotrophic_mix_anaerobic	0.5	1.0		
rxn09742_c0	indole-3-acetaldehyde mitochondrial transport via diffusion_c0		Indoleacetaldehyde <=> Indoleacetaldehyde_e0	2	15_mixed_aa_aerobic;18_necrotrophic_mix_aerobic	0.49587	0.68295		
EX_cpd00486_e0	Exchange for Indoleacetaldehyde_e0		Indoleacetaldehyde_e0 --> 	2	15_mixed_aa_aerobic;18_necrotrophic_mix_aerobic	0.49587	0.68295		
rxn09061_c0	phenethylacetaldehyde transport via diffusion (extracellular to periplasm)_c0		alpha-Tolualdehyde_c0 <=> alpha-Tolualdehyde_e0	2	15_mixed_aa_aerobic;18_necrotrophic_mix_aerobic	0.480931	0.621274		
EX_cpd00464_e0	Exchange for alpha-Tolualdehyde_e0		alpha-Tolualdehyde_e0 --> 	2	15_mixed_aa_aerobic;18_necrotrophic_mix_aerobic	0.480931	0.621274		
EX_cpd00073_e0	Exchange for Urea_e0		Urea_e0 --> 	2	15_mixed_aa_aerobic;18_necrotrophic_mix_aerobic	0.477114	0.605517		
rxn09798_c0	Transport of 3-methyl-2-oxopentanoate, mitochondrial_c0		3MOP_e0 <=> 3MOP_c0	2	15_mixed_aa_aerobic;18_necrotrophic_mix_aerobic	0.472557	0.586703		
EX_cpd00508_e0	Exchange for 3MOP_e0		3MOP_e0 --> 	2	15_mixed_aa_aerobic;18_necrotrophic_mix_aerobic	0.472557	0.586703		
rxn13193_c0	2-methylpropanal transport (extracellular)_c0		2-methylpropanal_c0 <=> 2-methylpropanal_e0	2	15_mixed_aa_aerobic;18_necrotrophic_mix_aerobic	0.462275	0.544253		
EX_cpd16874_e0	Exchange for 2-methylpropanal_e0		2-methylpropanal_e0 --> 	2	15_mixed_aa_aerobic;18_necrotrophic_mix_aerobic	0.462275	0.544253		
rxn13201_c0	3-methylbutanal transport (extracellular)_c0		3-Methylbutanal_c0 <=> 3-Methylbutanal_e0	2	15_mixed_aa_aerobic;18_necrotrophic_mix_aerobic	0.457789	0.525732		
EX_cpd04534_e0	Exchange for 3-Methylbutanal_e0		3-Methylbutanal_e0 --> 	2	15_mixed_aa_aerobic;18_necrotrophic_mix_aerobic	0.457789	0.525732		
rxn13209_c0	RXN-7692.c_c0		H+ + 4MOP_c0 --> CO2 + 3-Methylbutanal_c0	2	15_mixed_aa_aerobic;18_necrotrophic_mix_aerobic	0.457789	0.525732		
rxn08428_m0	Ethanol transport		Ethanol <-- Ethanol	2	08_glutamate_aerobic;09_glutamine_aerobic	0.079187	0.152244		
rxn00898_m0	2,3-Dihydroxy-3-methylbutanoate hydro-lyase		 --> H2O + 3-Methyl-2-oxobutanoate_m0	2	08_glutamate_aerobic;10_gaba_aerobic	0.029598	0.057429		
rxn00835_c0	ATP:inosine 5'-phosphotransferase_c0		ATP + Inosine_c0 --> ADP + H+ + IMP_c0	2	15_mixed_aa_aerobic;18_necrotrophic_mix_aerobic	0.014034	0.01852		
rxn30407_m0	CustomReaction_m0		H2O + Oxaloacetate + Propionyl-CoA_m0 --> CoA + H+ + 2-Methylcitrate	2	15_mixed_aa_aerobic;18_necrotrophic_mix_aerobic	0.013901	0.018344		
rxn00741_c0	2-Hydroxybutyrate:NAD+ oxidoreductase_c0		NAD + 2-Hydroxybutyrate <=> NADH + H+ + 2-Oxobutyrate	2	15_mixed_aa_anaerobic;18_necrotrophic_mix_anaerobic	0.002757	0.003115		
rxn12585_c0	2-hydroxybutyrate cotransport with proton_c0		H+ + 2-Hydroxybutyrate_e0 <=> H+ + 2-Hydroxybutyrate	2	15_mixed_aa_anaerobic;18_necrotrophic_mix_anaerobic	0.002757	0.003115		
EX_cpd03561_e0	Exchange for 2-Hydroxybutyrate_e0		2-Hydroxybutyrate_e0 --> 	2	15_mixed_aa_anaerobic;18_necrotrophic_mix_anaerobic	0.002757	0.003115		
rxn02989_c0	R04293_c0		2-Amino-3-carboxymuconate semialdehyde_c0 --> H2O + H+ + Quinolinate_c0	2	15_mixed_aa_aerobic;18_necrotrophic_mix_aerobic	0.000267	0.000353		
rxn01927_c0	3-Hydroxyanthranilate:oxygen 3,4-oxidoreductase (decyclizing)_c0		O2 + 3-Hydroxyanthranilate_c0 --> H+ + 2-Amino-3-carboxymuconate semialdehyde_c0	2	15_mixed_aa_aerobic;18_necrotrophic_mix_aerobic	0.000267	0.000353		
EX_cpd00218_e0	Exchange for Niacin_e0		Niacin_e0 --> 	2	15_mixed_aa_aerobic;18_necrotrophic_mix_aerobic	8.9e-05	0.000118		
rxn05488_c0	acetate reversible transport via proton symport_c0		Acetate + H+ <=> Acetate + H+	1	11_galacturonate_anaerobic	4.07127	4.07127		
EX_cpd00029_e0	Exchange for Acetate		Acetate --> 	1	11_galacturonate_anaerobic	4.07127	4.07127		
HDCAt_c0	Hexadecanoate transport via facilitated irreversible diffusion (extracellular to periplasm)_c0		Palmitate_e0 --> Palmitate_c0	1	03_palmitate_aerobic	1.0	1.0		
EX_cpd00214_e0	Exchange for Palmitate_e0		Palmitate_e0 --> 	1	03_palmitate_aerobic	1.0	1.0		
rxn10638_c0	Hexacosanoic acid:CoA ligase (AMP-forming)_c0		ATP + CoA + hexacosanoate_c0 --> PPi + AMP + Hexacosanoyl-CoA_c0	1	05_hexacosanoate_aerobic	1.0	1.0		
EX_cpd15240_e0	Exchange for hexacosanoate_e0		hexacosanoate_e0 --> 	1	05_hexacosanoate_aerobic	1.0	1.0		
HXCAt	Hexacosanoate transport via facilitated diffusion (e0 -> c0)	VLCFA transport	hexacosanoate_e0 --> hexacosanoate_c0	1	05_hexacosanoate_aerobic	1.0	1.0		
rxn13312_c0	fatty acid intracellular transport_x0		Hexacosanoyl-CoA_c0 <=> Hexacosanoyl-CoA_x0	1	05_hexacosanoate_aerobic	0.804456	0.804456		
rxn08705_c0	Hexadecenoate transport via facilitated irreversible diffusion (extracellular to periplasm)_x0		hexadecenoate_c0 --> hexadecenoate_x0	1	03_palmitate_aerobic	0.719976	0.719976		
tx_ppi_xc	PPi peroxisomal export	peroxisomal cofactor transport	PPi_x0 <=> PPi	1	03_palmitate_aerobic	0.719976	0.719976		
rxn09606_c0	alkaline ceramidase (ceramide-1), endoplasmic reticulum_c0		Sphinganine_c0 + Hexacosanoyl-CoA_c0 --> CoA + 2 H+ + Ceramide-1 Sphinganine:n-C26:0)_c0	1	05_hexacosanoate_aerobic	0.225961	0.225961		
TTCCOAtx_c0	Fatty acid intracellular transport		tetracosanoyl-CoA  (n-C24:0CoA)_c0 <=> tetracosanoyl-CoA  (n-C24:0CoA)_x0	1	05_hexacosanoate_aerobic	0.056815	0.056815		
rxn08104_c0	L-alanine transport via diffusion (extracellular to periplasm)_m0		L-Alanine --> L-Alanine	1	03_palmitate_aerobic	0.048095	0.048095		
EXP_c24coa_r0c0	Tetracosanoyl-CoA (C24) export r0→c0		tetracosanoyl-CoA  (n-C24:0CoA)_r0 <=> tetracosanoyl-CoA  (n-C24:0CoA)_c0	1	05_hexacosanoate_aerobic	0.040597	0.040597		
TRP_hxccoa_r0c0	Hexacosanoyl-CoA r0→c0		Hexacosanoyl-CoA_r0 <=> Hexacosanoyl-CoA_c0	1	05_hexacosanoate_aerobic	0.030417	0.030417		
rxn08764_m0	ketol-acid reductoisomerase (2-Acetolactate)		NADPH + H+ +  <=> NADP + 	1	01_trehalose_aerobic	0.014037	0.014037		
rxn01268_c0	Prephenate:NAD+ oxidoreductase(decarboxylating)_c0		NAD + Prephenate_c0 --> NADH + CO2 + p-hydroxyphenylpyruvate_c0	1	10_gaba_aerobic	0.005107	0.005107		
rxn03392_m0	2-hexaprenyl-3-methyl-6-methoxy-1,4-benzoquinone monooxygenase, mitochondrial_m0		NADPH + O2 + 2-Hexaprenyl-3-methyl-6-methoxy-1,4-benzoquinone_m0 --> H2O + NADP + 2-Hexaprenyl-3-methyl-5-hydroxy-6-methoxy-1,4-benzoquinone_m0	1	03_palmitate_aerobic	2.3e-05	2.3e-05		
rxn09631_c0	thiazole phosphate synthesis (xylulose 5-phosphate), yeast-specific_c0		Glycine_c0 + H+ + L-Cysteine_c0 + D-Xylulose5-phosphate + O-Acetyl-L-homoserine_c0 --> 3 H2O + CO2 + NH3 + Pyruvate + Acetate + GABA + 4-Methyl-5--2-phosphoethyl-thiazole_c0	1	06_glucose_low_aerobic	7e-06	7e-06		
