rxn_id	name	subsystem	pathway	compartment_bucket
rxn00248_m0	(S)-malate:NAD+ oxidoreductase		TCA cycle	m0
rxn00506_m0			Other / unassigned	c0
rxn08067_c0	adentylate kinase (ITP)_c0		Other / unassigned	c0
rxn00062_c0			GAM / maintenance	c0
rxn00154_m0			Glycolysis / gluconeogenesis	m0
rxn00515_c0	ATP:IDP phosphotransferase_c0		Other / unassigned	c0
rxn00260_m0	L-Aspartate:2-oxoglutarate aminotransferase		TCA cycle	m0
rxn00507_c0			Other / unassigned	c0
rxn00247_c0			Glycolysis / gluconeogenesis	c0
rxn00505_m0	Isocitrate:NAD+ oxidoreductase (decarboxylating)		TCA cycle	m0
rxn00459_c0	2-phospho-D-glycerate hydro-lyase (phosphoenolpyruvate-forming)_c0		Glycolysis / gluconeogenesis	c0
rxn00198_m0	Isocitrate:NADP+ oxidoreductase (decarboxylating)		TCA cycle	m0
rxn00187_c0			Amino-acid metabolism	c0
rxn00006_c0			Other / unassigned	c0
rxn00168_c0			Glycolysis / gluconeogenesis	c0
rxn00781_c0	D-glyceraldehyde-3-phosphate:NAD+ oxidoreductase (phosphorylating)_c0		Glycolysis / gluconeogenesis	c0
rxn08617_c0	glucose transport via diffusion (extracellular to periplasm)_c0		Transport (inter-compartmental)	c0,e0
rxn01333_c0	sedoheptulose-7-phosphate:D-glyceraldehyde-3-phosphate glyceronetransferase_c0		Pentose phosphate pathway	c0
rxn30674_m0	Fumarase_m0		TCA cycle	m0
rxn00545_c0			Glycolysis / gluconeogenesis	c0
rxn00191_m0	L-Alanine:2-oxoglutarate aminotransferase_m0		TCA cycle	m0
rxn00134_c0			Other / unassigned	c0
rxn00191_c0	L-Alanine:2-oxoglutarate aminotransferase_c0		Amino-acid metabolism	c0
rxn00161_m0			TCA cycle	m0
rxn01115_c0			Pentose phosphate pathway	c0
rxn00192_m0			Amino-acid metabolism	m0
rxn00237_c0	ATP:GDP phosphotransferase_c0		Other / unassigned	c0
rxn01116_c0	D-Ribulose-5-phosphate 3-epimerase_c0		Pentose phosphate pathway	c0
rxn00559_c0	D-mannose-6-phosphate aldose-ketose-isomerase_c0		Glycolysis / gluconeogenesis	c0
rxn00285_m0	Succinate:CoA ligase (ADP-forming)_m0		TCA cycle	m0
rxn00786_c0	D-fructose-1,6-bisphosphate D-glyceraldehyde-3-phosphate-lyase (glycerone-phosphate-forming)_c0		Glycolysis / gluconeogenesis	c0
rxn00248_c0	S)-malate:NAD+ oxidoreductase		TCA cycle	c0,x0
rxn00704_c0	alpha-D-Glucose 1-phosphate 1,6-phosphomutase_c0		Glycolysis / gluconeogenesis	c0
rxn01053_c0			Other / unassigned	c0
rxn00547_c0			Glycolysis / gluconeogenesis	c0
rxn01100_c0	ATP:3-phospho-D-glycerate 1-phosphotransferase_c0		Glycolysis / gluconeogenesis	c0
rxn00558_c0	D-glucose-6-phosphate aldose-ketose-isomerase_c0		Glycolysis / gluconeogenesis	c0
rxn09882_c0	RXN-5581.c.metaexp.NADP_c0		Cofactor / vitamin biosynthesis	c0
rxn00250_c0			Glycolysis / gluconeogenesis	c0
rxn00509_c0			Other / unassigned	c0
rxn00973_c0	citrate hydroxymutase		Other / unassigned	c0
rxn00216_c0			Glycolysis / gluconeogenesis	c0
rxn01977_c0	alpha-D-Glucose 6-phosphate ketol-isomerase_c0		Glycolysis / gluconeogenesis	c0
rxn01106_c0	2-Phospho-D-glycerate 2,3-phosphomutase_c0		Glycolysis / gluconeogenesis	c0
rxn01731_m0	Itaconate:CoA ligase (ADP-forming)_m0		Other / unassigned	m0
rxn00741_c0	2-Hydroxybutyrate:NAD+ oxidoreductase_c0		Cofactor / vitamin biosynthesis	c0
rxn34273_c0	Sedoheptulose-7-phosphate:D-glyceraldehyde-3-phosphate glycolaldehyde transferase_c0		Glycolysis / gluconeogenesis	c0
rxn09417_m0	Succinic dehydrogenase_m0		TCA cycle	m0
rxn00198_c0	Isocitrate:NADP+ oxidoreductase (decarboxylating)		Cofactor / vitamin biosynthesis	c0
rxn30206_m0	2-Hydroxybutane-1,2,4-tricarboxylate hydro-lyase_m0		Other / unassigned	m0
rxn01241_m0	Dihydrolipoamide:NAD+ oxidoreductase		Cofactor / vitamin biosynthesis	m0
rxn15115_c0	D-Ribose 1,5-phosphomutase_c0		Other / unassigned	c0
rxn00507_m0			Other / unassigned	m0
rxn01870_c0	D-Fructose 1-phosphate D-glyceraldehyde-3-phosphate-lyase_c0		Other / unassigned	c0
rxn01243_m0	 succinyltransferase]-lipoyllysine 2-oxidoreductase (decarboxylating)_m0		TCA cycle	m0
rxn00575_e0			Glycolysis / gluconeogenesis	e0
rxn09523_m0	Mitochondrial matrix NADH dehydrogenase		Cofactor / vitamin biosynthesis	m0
rxn00973_m0	citrate hydroxymutase_m0		TCA cycle	m0
rxn01334_c0	Sedoheptulose 1,7-bisphosphate D-glyceraldehyde-3-phosphate-lyase_c0		Pentose phosphate pathway	c0
rxn02380_c0	beta-D-Glucose 6-phosphate ketol-isomerase_c0		Glycolysis / gluconeogenesis	c0
rxn00288_m0	[Succinate:(acceptor) oxidoreductase_m0		TCA cycle	m0
rxn09522_m0	sn-Glycerol-3-phosphate:(acceptor) 2-oxidoreductase; (succinate dehydrogenase (ubiquinone-6), mitochondrial)		Other / unassigned	m0
rxn05745_m0	aconitase, mitochondrial		Other / unassigned	m0
rxn08032_c0	acetaldehyde transport via diffusion (extracellular to periplasm)		Transport (inter-compartmental)	c0,e0
rxn05469_c0	pyruvate reversible transport via proton symport_c0		Transport (inter-compartmental)	c0,e0
rxn08428_c0	ethanol transport via diffusion (extracellular to periplasm)_c0		Transport (inter-compartmental)	c0,e0
rxn13377_c0	Phenethyl acetate transport (extracellular)_c0		Transport (inter-compartmental)	c0,e0
PIt2r_c0	Inorganic phosphate transporter_c0		Transport (inter-compartmental)	c0,e0
rxn00001_c0	diphosphate phosphohydrolase_c0		Other / unassigned	c0
rxn00001_m0	CustomReaction_m0		Other / unassigned	m0
rxn00014_m0	CustomReaction_m0		Other / unassigned	m0
rxn00068_c0	Fe2+:NAD+ oxidoreductase_c0		Cofactor / vitamin biosynthesis	c0
rxn00077_c0	ATP:NAD+ 2'-phosphotransferase_c0		Cofactor / vitamin biosynthesis	c0
rxn00077_m0	ATP:NAD+ 2'-phosphotransferase_m0		Cofactor / vitamin biosynthesis	m0
rxn00078_c0	NADH kinase		Cofactor / vitamin biosynthesis	c0
rxn00078_m0	NADH kinase mitochondrial		Cofactor / vitamin biosynthesis	m0
rxn00097_c0	ATP:AMP phosphotransferase_c0		Other / unassigned	c0
rxn00097_m0	CustomReaction_m0		Other / unassigned	m0
rxn00146_m0	CustomReaction_m0		Glycolysis / gluconeogenesis	m0
rxn00159_m0	CustomReaction_m0		TCA cycle	m0
rxn00175_c0	Acetate:CoA ligase (AMP-forming)_c0		Other / unassigned	c0
rxn00175_m0	CustomReaction_m0		Other / unassigned	m0
rxn00179_c0	ATP:L-glutamate 5-phosphotransferase_c0		Amino-acid metabolism	c0
rxn00184_c0	L-Glutamate:NADP+ oxidoreductase (deaminating)_c0		Amino-acid metabolism	c0
rxn00213_c0	UTP:alpha-D-glucose-1-phosphate uridylyltransferase_c0		Nucleotide metabolism	c0
rxn00289_m0	CustomReaction_m0		TCA cycle	m0
rxn00336_c0	isocitrate glyoxylate-lyase (succinate-forming)_c0		Pentose phosphate pathway	c0,x0
rxn00355_c0	UTP:alpha-D-galactose-1-phosphate uridylyltransferase_c0		Nucleotide metabolism	c0
rxn00371_c0	Formate:NAD+ oxidoreductase_c0		Cofactor / vitamin biosynthesis	c0
rxn00543_c0	ethanol:NAD+ oxidoreductase_c0		Cofactor / vitamin biosynthesis	c0
rxn00543_m0	CustomReaction_m0		Other / unassigned	m0
rxn00549_c0	D-Fructose-1,6-bisphosphate 1-phosphohydrolase_c0		Glycolysis / gluconeogenesis	c0
rxn00604_c0	D-glucose-6-phosphate:NADP+ 1-oxidoreductase_c0		Glycolysis / gluconeogenesis	c0
rxn00605_c0	UDP-glucose:D-glucose-6-phosphate 1-alpha-D-glucosyltransferase_c0		Glycolysis / gluconeogenesis	c0
rxn00609_c0	myo-Inositol-1-phosphate synthase_c0		Glycolysis / gluconeogenesis	c0
rxn00616_m0	CustomReaction_m0		Glycolysis / gluconeogenesis	m0
rxn00634_c0	D-Glucitol:NAD+ 2-oxidoreductase_c0		Cofactor / vitamin biosynthesis	c0
rxn00641_c0	GTP:alpha-D-mannose-1-phosphate guanylyltransferase_c0		Other / unassigned	c0
rxn00701_c0	UDP-glucose:alpha-D-galactose-1-phosphate uridylyltransferase_c0		Glycolysis / gluconeogenesis	c0
rxn00747_c0	D-glyceraldehyde-3-phosphate aldose-ketose-isomerase_c0		Glycolysis / gluconeogenesis	c0
rxn00785_c0	D-Fructose 6-phosphate:D-glyceraldehyde-3-phosphate glycolaldehyde transferase_c0		Pentose phosphate pathway	c0
rxn00881_c0	1D-myo-Inositol 1-phosphate phosphohydrolase_c0		Other / unassigned	c0
rxn00908_m0	CustomReaction_m0		Amino-acid metabolism	m0
rxn01101_c0	3-Phospho-D-glycerate:NAD+ 2-oxidoreductase_c0		Glycolysis / gluconeogenesis	c0
rxn01274_c0	(R)-S-Lactoylglutathione hydrolase_c0		Other / unassigned	c0
rxn01332_c0	Phosphoenolpyruvate:D-erythrose-4-phosphate C-(1-carboxyvinyl)transferase (phosphate hydrolysing, 2-carboxy-2-oxoethyl-forming)_c0		Pentose phosphate pathway	c0
rxn01332_m0	CustomReaction_m0		Pentose phosphate pathway	m0
rxn01343_c0	ATP:Sedoheptulose 7-phosphate 1-phosphotransferase_c0		Other / unassigned	c0
rxn01476_c0	6-Phospho-D-glucono-1,5-lactone lactonohydrolase_c0		Pentose phosphate pathway	c0
rxn01492_c0	ATP:D-fructose-1-phosphate 6-phosphotransferase_c0		Other / unassigned	c0
rxn01618_c0	(S)-Lactaldehyde:NADP+ oxidoreductase_c0		Cofactor / vitamin biosynthesis	c0
rxn01834_c0	(R)-S-Lactoylglutathione methylglyoxal-lyase (isomerizing)_c0		Other / unassigned	c0
rxn01851_m0	Aminobutyraldehyde dehydrogenase		Other / unassigned	c0
rxn02004_c0	Trehalose-6-phosphate phosphohydrolase_c0		Storage (glycogen / trehalose)	c0
rxn03956_c0	3-Methylbutanol:NADP oxidoreductase_c0		Cofactor / vitamin biosynthesis	c0
rxn05232_c0	2'-Deoxyadenosine 5'-triphosphate:oxydized-thioredoxin 2'-oxidoreductase_c0		Other / unassigned	c0
rxn05236_c0	2'-Deoxyuridine 5'-triphosphate:oxydized-thioredoxin 2'-oxidoreductase_c0		Nucleotide metabolism	c0
rxn05289_c0	NADPH:oxidized-thioredoxin oxidoreductase_c0		Cofactor / vitamin biosynthesis	c0
rxn05468_c0	TRANS-RXNAVI-26568.ce_c0		Other / unassigned	c0,e0
rxn09243_c0	D-sorbitol transport via diffusion (extracellular to periplasm)_c0		Transport (inter-compartmental)	c0,e0
rxn09397_c0	CustomReaction_c0		Other / unassigned	c0
rxn09399_c0	CustomReaction_c0		Storage (glycogen / trehalose)	c0
rxn09400_c0	CustomReaction_c0		Cell-wall polysaccharide	c0
rxn09753_c0	CustomReaction_c0		TCA cycle	c0,m0
rxn12777_m0	CustomReaction_m0		Other / unassigned	m0
rxn13222_m0	CustomReaction_m0		Other / unassigned	m0
rxn13223_c0	aldehyde dehydrogenase (2-methylbutanol, NADP)_c0		Cofactor / vitamin biosynthesis	c0
rxn13224_m0	CustomReaction_m0		Other / unassigned	m0
rxn13225_c0	aldehyde dehydrogenase (isobutyl alcohol, NADP)_c0		Cofactor / vitamin biosynthesis	c0
rxn13300_c0	CustomReaction_c0		Storage (glycogen / trehalose)	c0
rxn18921_x0	CustomReaction_x0		Amino-acid metabolism	x0
rxn19316_m0	CustomReaction_m0		TCA cycle	m0
rxn20162_c0	acetyl-CoA:glyoxylate C-acetyltransferase (thioester-hydrolysing, carboxymethyl-forming)_c0		Pentose phosphate pathway	c0,x0
rxn28352_m0	CustomReaction_m0		Other / unassigned	m0
rxn30081_m0	CustomReaction_m0		Amino-acid metabolism	m0
rxn30381_c0	sn-Glycerol-3-phosphate:NAD+ 2-oxidoreductase_c0		Glycolysis / gluconeogenesis	c0
rxn30674_c0	(S)-malate hydro-lyase (fumarate-forming)_c0		TCA cycle	c0
rxn32754_c0	D-mannose 6-phosphate 1,6-phosphomutase_c0		Other / unassigned	c0
rxn35242_c0	ATP:pyruvate 2-O-phosphotransferase_c0		Glycolysis / gluconeogenesis	c0
ACALDCD_c0	CustomReaction_c0		Other / unassigned	c0
ACtr_c0	Acetate transport via diffusion (extracellular to periplasm)_c0		Transport (inter-compartmental)	c0,e0
H2Otm_c0	TRANS-RXNBWI-115401.ce.maizeexp.OH_OH_m0		Other / unassigned	c0,m0
HACNHm_m0	CustomReaction_m0		Other / unassigned	m0
bio1_m0	CustomReaction_m0		Biomass	m0
bio2_m0	CustomReaction_m0		Biomass	m0
rxn05211_c0	Transport of citrate, extracellular_c0		Transport (inter-compartmental)	c0,e0
rxn05319_c0	TRANS-RXNBWI-115401.ce.maizeexp.OH_OH_c0		Other / unassigned	c0,e0
rxn05467_c0	CO2 transporter via diffusion_c0		Transport (inter-compartmental)	c0,e0
rxn05488_c0	acetate reversible transport via proton symport_c0		Transport (inter-compartmental)	c0,e0
rxn05561_c0	Transport of dicarboxylates, extracellular_c0		Transport (inter-compartmental)	c0,e0
rxn05605_c0	Maltose permease MAL31_c0		Other / unassigned	c0,e0
rxn09681_c0	D-fructose transport in via proton symport_c0		Transport (inter-compartmental)	c0,e0
rxn30341_m0	CustomReaction_m0		Other / unassigned	m0
rxn30407_m0	CustomReaction_m0		TCA cycle	m0
frxn35348_m0	ubiquinol-cytochrome c oxidoreductase Complex III		Oxidative phosphorylation / ETC	c0,m0
rxn35347_m0	cytochrome c oxidase Complex IV		Oxidative phosphorylation / ETC	c0,m0
rxn05469_m0	Pyruvate transport via proton symport_m0		Transport (inter-compartmental)	c0,m0
rxn08428_m0	Ethanol transport		Transport (inter-compartmental)	c0,m0
rxn08032_m0	Acetaldehyde transport		Transport (inter-compartmental)	c0,m0
rxn00145_m0	(S)-Lactate:ferricytochrome-c 2-oxidoreductase		Oxidative phosphorylation / ETC	c0,m0
frxn13726_m0	NADH dehydrogenase-Complex-I (ubiquinone-6)		Oxidative phosphorylation / ETC	c0,m0
rxn00083_m0	NADPH:NAD+ oxidoreductase_m0		Cofactor / vitamin biosynthesis	m0
rxn00102_c0	carbonate hydro-lyase (carbon-dioxide-forming)[c0]		Other / unassigned	c0
rxn00102_m0	carbonate hydro-lyase (carbon-dioxide-forming)[m0]		Other / unassigned	m0
rxn00003_m0	pyruvate:pyruvate acetaldehydetransferase (decarboxylating)_m0		Glycolysis / gluconeogenesis	m0
rxn00003_c0	pyruvate:pyruvate acetaldehydetransferase (decarboxylating)		Glycolysis / gluconeogenesis	c0
rxn08350_m0	D-Lactate-proton symporter		Oxidative phosphorylation / ETC	c0,m0
rxn19316_x0	citrate condensing enzyme		TCA cycle	c0,x0
rxn09780_c0	ADP/ATP transporter, mitochondrial_c0		Transport (inter-compartmental)	c0,m0
rxn09779_c0	Tricarboxylate transport protein_c0		Transport (inter-compartmental)	c0,m0
rxn09777_c0	Tricarboxylate transport protein_c0		Transport (inter-compartmental)	c0,m0
rxn09733_c0	Mitochondrial oxaloacetate transport protein_c0		Transport (inter-compartmental)	c0,m0
rxn08173_m0	F(1)-ATPase		Oxidative phosphorylation / ETC	c0,m0
rxn09273_c0	TRANS-RXN-106.cp		TCA cycle	c0,m0
rxn13211_c0	Acetaldehyde condensation[c0]		Other / unassigned	c0
rxn11219_c0	Acetolate conversion to Diacetyl		Other / unassigned	c0
rxn11319_c0	ACTN transporter		Transport (inter-compartmental)	c0,e0
rxn05511_c0	Butanediol transport in/out via proton symport		Transport (inter-compartmental)	c0,e0
rxn09121_m0	Inorganic phosphate transporter		Transport (inter-compartmental)	e0,m0
rxn02185_c0	2-Acetolactate pyruvate-lyase (carboxylating)		Glycolysis / gluconeogenesis	c0
rxn02113_c0	2-Acetolactate carboxy-lyase		Other / unassigned	c0
rxn09121_c0	phosphate transport cytosol/mito		Transport (inter-compartmental)	c0,m0
bio1	Biomass		Biomass	c0
bio2	Biomass		Biomass	c0,m0
EX_cpd00076_e0	Exchange for Sucrose		Exchange	e0
EX_cpd00027_e0	Exchange for D-Glucose		Exchange	e0
EX_cpd00082_e0	Exchange for D-Fructose		Exchange	e0
EX_cpd00130_e0	Exchange for L-Malate		Exchange	e0
EX_cpd00007_e0	Exchange for O2		Exchange	e0
EX_cpd00067_e0	Exchange for H+		Exchange	e0
EX_cpd00029_e0	Exchange for Acetate		Exchange	e0
EX_cpd00588_e0	Exchange for Sorbitol		Exchange	e0
EX_cpd00361_e0	Exchange for ACTN		Exchange	e0
EX_cpd00363_e0	Exchange for Ethanol		Exchange	e0
EX_cpd00011_e0	Exchange for CO2		Exchange	e0
EX_cpd00001_e0	Exchange for H2O		Exchange	e0
EX_cpd00020_e0	Exchange for Pyruvate		Exchange	e0
EX_cpd00009_e0	Exchange for Phosphate		Exchange	e0
EX_cpd00137_e0	Exchange for Citrate		Exchange	e0
EX_cpd00071_e0	Exchange for Acetaldehyde		Exchange	e0
EX_cpd09075_e0	Exchange for Phenethyl acetate		Exchange	e0
EX_cpd00106_e0	Exchange for Fumarate		Exchange	e0
EX_cpd01947_e0	Exchange for BDOH		Exchange	e0
SK_cpd11416_c0	Sink for Biomass		Biomass	c0
rxn01256_c0	Chorismate pyruvatemutase_c0		Other / unassigned	c0
rxn00832_c0	IMP 1,2-hydrolase (decyclizing)_c0		Other / unassigned	c0
rxn00737_m0	L-threonine ammonia-lyase (2-oxobutanoate-forming)_m0		Amino-acid metabolism	m0
rxn02175_m0	ATP:pantetheine-4'-phosphate adenylyltransferase_m0		Other / unassigned	m0
rxn13307_c0	GTP/GDP translocase, mitochondrial (electroneutral)_m0		Oxidative phosphorylation / ETC	c0,m0
rxn01740_c0	Shikimate:NADP+ 3-oxidoreductase_c0		Cofactor / vitamin biosynthesis	c0
rxn01671_c0	ATP:N-ribosylnicotinamide 5'-phosphotransferase_c0		Other / unassigned	c0
rxn00236_c0	GDP phosphohydrolase_c0		Other / unassigned	c0
rxn00002_c0	urea-1-carboxylate amidohydrolase_c0		Sulfur / nitrogen assimilation	c0
rxn09541_c0	phosphatidylinositol-3-phosphate 4-kinase, yeast-specific_c0		Lipid / membrane	c0
rxn09771_c0	Transport of glycerone phosphate, mitochondrial_m0		Transport (inter-compartmental)	c0,m0
rxn09730_c0	Mitochondrial 2-oxodicarboxylate carrier 1_m0		TCA cycle	c0,m0
rxn00860_c0	S-adenosyl-L-methionine:L-histidine N-methyltransferase_c0		Amino-acid metabolism	c0
rxn09036_c0	Octanoate transport via diffusion (extracellular to periplasm)_x0		Transport (inter-compartmental)	c0,x0
ASPt2r_c0	TRANS-RXNBWI-115637.ce.maizeexp.L-ASPARTATE_L-ASPARTATE_c0		Amino-acid metabolism	c0,e0
rxn09540_c0	1-phosphatidylinositol-4,5-bisphosphate phosphodiesterase, yeast-specific_c0		Lipid / membrane	c0
rxn09564_c0	5',5'''-P-1,P-4-tetraphosphate phosphorylase_c0		Other / unassigned	c0
rxn06437_c0	L-Glutamine:tRNA(Gln) ligase (AMP-forming)_c0		Amino-acid metabolism	c0
rxn20661_c0	quinolinate synthase_c0		Other / unassigned	c0
rxn00170_m0	Acetyl-CoA hydrolase_m0		Other / unassigned	m0
FACOAL240p_x0	Fatty acid  CoA ligase  n C240   peroxisomal		Other / unassigned	x0
rxn01521_c0	2'-Deoxyuridine 5'-monophosphate phosphohydrolase_c0		Other / unassigned	c0
rxn05645_c0	riboflavin transport in via proton symport_c0		Transport (inter-compartmental)	c0,e0
rxn03423_c0	N4-Acetylaminobutanal:NAD+ oxidoreductase_c0		Cofactor / vitamin biosynthesis	c0
CITtap_c0	Tricarboxylate transport protein_x0		Transport (inter-compartmental)	c0,x0
rxn30330_m0	L-4-hydroxyglutamate semialdehyde dehydrogenase, mitochondrial_m0		Other / unassigned	m0
rxn03446_c0	O-Phospho-4-hydroxy-L-threonine phospho-lyase (adding water)_c0		Other / unassigned	c0
rxn09657_c0	Thiamine transporter_c0		Transport (inter-compartmental)	c0,e0
rxn20474_x0	3-hydroxyacyl-CoA dehydrogenase (3-oxohexadecanoyl-CoA), peroxisomal_x0		β-oxidation (peroxisomal)	x0
rxn00438_c0	ATP:thiamin-phosphate phosphotransferase_c0		Cofactor / vitamin biosynthesis	c0
rxn00239_c0	ATP:GMP phosphotransferase_c0		Nucleotide metabolism	c0
rxn00364_c0	ATP:CMP phosphotransferase_c0		Nucleotide metabolism	c0
rxn05736_x0	acyl-coenzyme A ligase_x0		Cofactor / vitamin biosynthesis	x0
rxn10505_c0	2,5-diamino-6-(5-phospho-D-ribitylamino)pyrimidin-4(3H)-one:NADP+ 1'-oxidoreductase_c0		Cofactor / vitamin biosynthesis	c0
rxn09670_c0	Transport of nicotinamide mononucleotide, extracellular_c0		Transport (inter-compartmental)	c0,e0
rxn05466_c0	TRANS-RXN-173.ce_c0		Other / unassigned	c0,e0
rxn13096_c0	thiamine diphosphate transport  (Mitochondrial membrane)_m0		Transport (inter-compartmental)	c0,m0
rxn05611_c0	D-mannose transport in via proton symport_c0		Transport (inter-compartmental)	c0,e0
rxn00939_c0	S-Adenosyl-L-methionine:nicotinamide N-methyltransferase_c0		Other / unassigned	c0
rxn09177_c0	(R)-4'-Phosphopantothenate:L-cysteine ligase_c0		Amino-acid metabolism	c0
rxn09331_c0	Tetradecanoate transport via facilitated irreversible diffusion (extracellular to periplasm)_x0		Transport (inter-compartmental)	c0,x0
PYRt2p_c0	pyruvate reversible transport via proton symport_x0		Transport (inter-compartmental)	c0,x0
rxn01145_c0	Thymidylate 5'-phosphohydrolase_c0		Other / unassigned	c0
rxn13326_c0	inositol phosphorylceramide, ceramide-1 (24C) phospholipase C_c0		Other / unassigned	c0
rxn09851_x0	fatty acid peroxisomal transport via ABC system_x0		Transport (inter-compartmental)	c0,x0
rxn28356_m0	RXN-7700.d_m0		Other / unassigned	m0
rxn30043_c0	ornithine carbamoyltransferase_c0		Other / unassigned	c0
rxn02826_c0	N-Acetylputrescine:oxygen oxidoreductase(deaminating)(flavin-containing)_c0		Other / unassigned	c0
rxn09760_c0	fatty-acyl-ACP mitochondrial transport_m0		Transport (inter-compartmental)	c0,m0
rxn08633_c0	L-glutamate transport via diffusion (extracellular to periplasm)_m0		Transport (inter-compartmental)	c0,m0
rxn03091_c0	S-Adenosyl-L-methionine:2-(3-carboxy-3-aminopropyl)-L-histidine methyltransferase_c0		Other / unassigned	c0
rxn13406_c0	oxidized thioredoxin peroxisomal transport via diffusion_x0		Transport (inter-compartmental)	c0,x0
rxn13222_c0	aldehyde dehydrogenase (2-methylbutanol, NAD)_c0		Cofactor / vitamin biosynthesis	c0
rxn08376_c0	TRANS-RXN-108F.cp_c0		Other / unassigned	c0,e0
rxn30037_c0	5-methylthioribose-1-phosphate isomerase_c0		Other / unassigned	c0
rxn00953_c0	L-Serine hydro-lyase (adding homocysteine)_c0		Cell-wall polysaccharide	c0
rxn05303_c0	TRANS-RXNBWI-115637.ce.maizeexp.ARG_ARG_m0		Oxidative phosphorylation / ETC	c0,m0
rxn01268_c0	Prephenate:NAD+ oxidoreductase(decarboxylating)_c0		Cofactor / vitamin biosynthesis	c0
rxn12916_c0	3-keto-steroid reductase_c0		Other / unassigned	c0
rxn09755_c0	Mitochondrial FAD carrier protein FLX1_m0		Other / unassigned	c0,m0
rxn01137_c0	Adenosine aminohydrolase_c0		Other / unassigned	c0
rxn09445_x0	fatty-acid--CoA ligase (n-C26:0), peroxisomal_x0		β-oxidation (peroxisomal)	x0
rxn02304_m0	protoporphyrinogen-IX:oxygen oxidoreductase_m0		Other / unassigned	m0
rxn02134_c0	Sphinganine:NADP+ 3-oxidoreductase_c0		Cofactor / vitamin biosynthesis	c0
AGAT_SC_c0	1 Acyl glycerol 3 phosphate acyltransferase  yeast specific		Other / unassigned	c0
NMNt2m_c0	Transport of nicotinamide mononucleotide, extracellular_m0		Transport (inter-compartmental)	c0,m0
rxn05239_c0	adenosine 3',5'-bisphosphate,sulfite:oxidized-thioredoxin oxidoreductase (3'-phosphoadenosine-5'-phosphosulfate -forming)_c0		Other / unassigned	c0
rxn13316_c0	isoamyl alcohol transport (extracellular)_c0		Transport (inter-compartmental)	c0,e0
PIN3K_SC_c0	1 phosphatidylinositol 3 kinase  yeast specific		Lipid / membrane	c0
rxn09648_c0	6-phospho-D-glucono-1,5-lactone endoplasmic reticular transport via diffusion_g0		Transport (inter-compartmental)	c0,r0
rxn09511_r0	Dolichyl-phosphate-mannose--protein mannosyltransferase 1_r0		Cell-wall polysaccharide	r0
rxn02302_c0	O-Acetyl-L-homoserine succinate-lyase (adding cysteine)_c0		Amino-acid metabolism	c0
rxn01353_c0	ATP:dGDP phosphotransferase_c0		Other / unassigned	c0
rxn08455_c0	fatty-acid-CoA ligase (octadecenoate transport via vectoral Co-A coupling)_c0		Transport (inter-compartmental)	c0
ASNt2r_c0	TRANS-RXNBWI-115637.ce.maizeexp.ASN_ASN_c0		Amino-acid metabolism	c0,e0
rxn09462_x0	fatty acid oxidation (octanoyl-CoA), peroxisomal_x0		Other / unassigned	x0
rxn09308_c0	thymine transport out via proton antiport (periplasm)_c0		Transport (inter-compartmental)	c0,e0
rxn00137_c0	Adenosine 3',5'-bisphosphate 3'-phosphohydrolase_c0		Other / unassigned	c0
ASPGLUtp_c0	aspartate-glutamate peroxisomal shuttle_x0		Amino-acid metabolism	c0,x0
rxn08213_c0	TRANS-RXN-99.cp_c0		Other / unassigned	c0,e0
rxn13193_c0	2-methylpropanal transport (extracellular)_c0		Transport (inter-compartmental)	c0,e0
rxn01003_c0	phenylpyruvate carboxy-lyase (phenylacetaldehyde-forming)_c0		Other / unassigned	c0
rxn01517_c0	ATP:dUMP phosphotransferase_c0		Other / unassigned	c0
ERGSTter_c0	ergosterol endoplasmic reticular transport_g0		Transport (inter-compartmental)	c0,r0
rxn13357_c0	Mannose-inositol phosphorylceramide, ceramide-3 (24C) phospholipase C_c0		Other / unassigned	c0
rxn00555_c0	L-glutamine:D-fructose-6-phosphate isomerase (deaminating)_c0		Amino-acid metabolism	c0
rxn08554_c0	glycero-3-phosphocholine transport via diffusion (extracellular to periplasm)_c0		Transport (inter-compartmental)	c0,e0
rxn13379_c0	phosphatidylinositol-3-phosphate 5-kinase, yeast-specfic_c0		Lipid / membrane	c0
rxn09844_x0	fatty acyl-CoA peroxisomal transport via ABC system_x0		Transport (inter-compartmental)	c0,x0
rxn30091_c0	Ornithine aminotransferase_c0		Amino-acid metabolism	c0
rxn15018_c0	AMP phosphoribohydrolase_c0		Other / unassigned	c0
rxn03084_c0	5'-Phosphoribosylformylglycinamide:L-glutamine amido-ligase (ADP-forming)_c0		Amino-acid metabolism	c0
rxn00693_c0	5-Methyltetrahydrofolate:L-homocysteine S-methyltransferase_c0		Cell-wall polysaccharide	c0
rxn09841_c0	fatty acid peroxisomal transport_x0		Transport (inter-compartmental)	c0,x0
PIt2p_c0	Inorganic phosphate transporter_x0		Transport (inter-compartmental)	c0,x0
rxn03004_c0	10-Formyltetrahydrofolate:5'-phosphoribosylglycinamide formyltransferase_c0		Cofactor / vitamin biosynthesis	c0
rxn06446_c0	L-Serine:tRNA(Ser) ligase (AMP-forming)_c0		Amino-acid metabolism	c0
rxn00105_c0	ATP:nicotinamide-nucleotide adenylyltransferase_c0		Other / unassigned	c0
rxn01520_c0	5,10-Methylenetetrahydrofolate:dUMP C-methyltransferase_c0		Cofactor / vitamin biosynthesis	c0
rxn13318_c0	Isobutyl acetate transport (extracellular)_c0		Transport (inter-compartmental)	c0,e0
TTDCAtr_c0	Tetradecanoate transport via facilitated irreversible diffusion (extracellular to periplasm)_c0		Transport (inter-compartmental)	c0,e0
rxn04376_r0	3-sn-phosphatidate phosphohydrolase_r0		Other / unassigned	r0
rxn01385_c0	Xylitol:NAD+ 2-oxidoreductase (D-xylulose-forming)_c0		Pentose-sugar catabolism	c0
rxn08454_c0	fatty-acid-CoA ligase (octadecanoate transport via vectoral Co-A coupling)_c0		Transport (inter-compartmental)	c0
rxn00300_c0	GTP 7,8-8,9-dihydrolase (diphosphate-forming)_c0		Other / unassigned	c0
rxn02895_c0	5-Phospho-D-ribosylamine:glycine ligase (ADP-forming)_c0		Amino-acid metabolism	c0
rxn13352_c0	Mannose-(inositol-P)2-ceramide, ceramide-3 (26C) phospholipase C_c0		Other / unassigned	c0
rxn01485_c0	D-Glucosamine 1-phosphate 1,6-phosphomutase_c0		Other / unassigned	c0
rxn05564_c0	Proline-specific permease_c0		Other / unassigned	c0,e0
D_LACDcm_c0	D lactate dehydrogenase  cytosolicmitochondrial		Glycolysis / gluconeogenesis	c0,m0
rxn13356_c0	Mannose-inositol phosphorylceramide, ceramide-2 (26C) phospholipase C_c0		Other / unassigned	c0
rxn30431_c0	ribonucleoside-diphosphate reductase (UDP), nuclear_c0		Other / unassigned	c0
rxn00224_m0	protoheme ferro-lyase (protoporphyrin-forming)_m0		Other / unassigned	m0
rxn09602_r0	Ceramide-2 synthase (phytosphingosine + C26:0-CoA), ER_r0		Lipid / membrane	r0
rxn02748_c0	(3S)-3-Methyl-2-oxopentanoate carboxy-lyase_c0		Other / unassigned	c0
rxn30403_m0	ketol-acid reductoisomerase (2-Aceto-2-hydroxybutanoate), mitochondrial_m0		Other / unassigned	m0
rxn00075_m0	NAD nucleosidase, mitochondrial_m0		Cofactor / vitamin biosynthesis	m0
rxn12510_c0	ATP:pantothenate 4'-phosphotransferase_c0		Cofactor / vitamin biosynthesis	c0
PLBP1I_SCe_e0	Phospholipase B  phosphatidylinositol   yeast specific  extracellular 		Fatty-acid biosynthesis	e0
rxn08449_x0	fatty-acid-CoA ligase (dodecanoate transport via vectoral Co-A coupling)_x0		Transport (inter-compartmental)	x0
rxn00182_c0	L-glutamate:NAD+ oxidoreductase (deaminating)_c0		Amino-acid metabolism	c0
rxn00065_c0	ATP diphosphate-lyase (cyclizing; 3',5'-cyclic-AMP-forming)_c0		Other / unassigned	c0
IPCS124_SC_c0	Inositol phosphorylceramide synthase  ceramide 1  24C   yeast specific		Other / unassigned	c0
rxn05204_c0	TRANS-RXNBWI-115572.ce.maizeexp.GUANOSINE_GUANOSINE_c0		Other / unassigned	c0,e0
rxn09743_c0	Transport of (S)-3-hydroxy-3-methylglutaryl-CoA, mitochondrial_m0		Transport (inter-compartmental)	c0,m0
rxn00710_c0	orotidine-5'-phosphate carboxy-lyase (UMP-forming)_c0		Other / unassigned	c0
FACOAL182_c0	Fatty acid  CoA ligase  octadecynoate 		Other / unassigned	c0
PIN4K_SC_c0	Phosphatidylinositol 4 kinase  yeast specific		Lipid / membrane	c0
rxn01454_c0	acetyl-CoA:acetoacetyl-CoA C-acetyltransferase (thioester-hydrolysing, carboxymethyl-forming)_c0		Other / unassigned	c0
rxn09490_c0	Chitin synthase 1_c0		Cell-wall polysaccharide	c0
rxn13199_c0	3-Hexaprenyl-4,5-dihydroxybenzoate transport, mitochondrial_m0		Transport (inter-compartmental)	c0,m0
rxn00483_c0	L-Tryptophan:2-oxoglutarate aminotransferase_c0		Amino-acid metabolism	c0
rxn00440_c0	ATP:thiamine diphosphotransferase_c0		Cofactor / vitamin biosynthesis	c0
rxn09502_c0	Glucokinase_c0		Glycolysis / gluconeogenesis	c0
rxn09475_x0	acyl-CoA oxidase_x0		β-oxidation (peroxisomal)	x0
FAS181ACPm_m0	Fatty acyl ACP synthase  n C181ACP   mitochondrial		Fatty-acid biosynthesis	m0
FA182ACPH_c0	Fatty acyl ACP hydrolase		Fatty-acid biosynthesis	c0
rxn00748_c0	glycerone-phosphate phosphate-lyase (methylglyoxal-forming)_c0		Other / unassigned	c0
CDPDGPm_SC_m0	CDP diacylglycerol  serine O phosphatidyltransferae  yeast specific  mitochondrial		Glycolysis / gluconeogenesis	m0
rxn09686_c0	TRANS-RXNAVI-26378.ce.brachyexp.TTP_TTP_c0		Other / unassigned	c0,e0
rxn00412_c0	UTP:L-glutamine amido-ligase (ADP-forming)_c0		Amino-acid metabolism	c0
rxn03167_c0	2-Amino-4-hydroxy-6-(erythro-1,2,3-trihydroxypropyl) dihydropteridine triphosphate phosphohydrolase (alkaline optimum)_c0		Other / unassigned	c0
rxn05669_c0	TRANS-RXNBWI-115637.ce.maizeexp.VAL_VAL_m0		Oxidative phosphorylation / ETC	c0,m0
IPCS224_SC_c0	Inositol phosphorylceramide synthase  ceramide 2  24C   yeast specific		Other / unassigned	c0
rxn05200_c0	Transport of thymidine, extracellular_c0		Transport (inter-compartmental)	c0,e0
rxn09651_c0	TRANS-RXNAVI-26433.ce.brachyexp.XYLITOL_XYLITOL_c0		Pentose-sugar catabolism	c0,e0
rxn18921_c0	4-hydroxy-L-glutamate:2-oxoglutarate aminotransferase_c0		Amino-acid metabolism	c0
rxn01960_c0	D-arabinono-1,4-lactone oxidase_c0		Other / unassigned	c0
rxn09266_c0	spermidine transport via diffusion (extracellular to periplasm)_c0		Transport (inter-compartmental)	c0,e0
rxn00299_c0	GTP 7,8-8,9-dihydrolase_c0		Other / unassigned	c0
rxn00361_c0	ATP:adenylylsulfate 3'-phosphotransferase_c0		Other / unassigned	c0
rxn09626_c0	C-3 sterol dehydrogenase (4-methylzymosterol)_c0		Lipid / membrane	c0
rxn13400_m0	3-(4-hydroxyphenyl)lactate hydro-lyase (4-coumarate-forming)_m0		Other / unassigned	m0
rxn28352_c0	RXN-7693.d_c0		Other / unassigned	c0
rxn01423_c0	L-2-aminoadipate:2-oxoglutarate aminotransferase_c0		Amino-acid metabolism	c0
rxn09579_r0	Sphingosine-1-phosphate phosphatase 1_r0		Lipid / membrane	r0
rxn06445_c0	L-proline:tRNA(Pro) ligase (AMP-forming)_c0		Amino-acid metabolism	c0
rxn13351_c0	Mannose-(inositol-P)2-ceramide, ceramide-3 (24C) phospholipase C_c0		Other / unassigned	c0
rxn09562_c0	Guanylate kinase_c0		Other / unassigned	c0
rxn01938_m0	indole-3-ethanol:NAD+ oxidoreductase_m0		Cofactor / vitamin biosynthesis	m0
rxn01219_c0	ATP:dCMP phosphotransferase_c0		Nucleotide metabolism	c0
rxn04137_c0	L-serine:NADP+ 3-oxidoreductase_c0		Amino-acid metabolism	c0
rxn05595_c0	TRANS-RXN-3.ce_c0		Other / unassigned	c0,e0
rxn01807_c0	ATP:pyridoxal 5'-phosphotransferase_c0		Cofactor / vitamin biosynthesis	c0
rxn02212_c0	2-Dehydro-3-deoxy-D-arabino-heptonate 7-phosphate phosphate-lyase (cyclyzing)_c0		Other / unassigned	c0
rxn09865_c0	aspartate-glutamate peroxisomal shuttle_m0		Amino-acid metabolism	c0,m0
rxn01672_c0	dCTP aminohydrolase_c0		Other / unassigned	c0
rxn09551_c0	diacylglycerol pyrophosphate phosphatase, yeast-specific_c0		Other / unassigned	c0
rxn03391_m0	R04983_m0		Other / unassigned	m0
rxn00533_c0	Acetyl-CoA:carbon-dioxide ligase (ADP-forming)_c0		Other / unassigned	c0
rxn01790_m0	(R)-Pantoate:NADP+ 2-oxidoreductase_m0		Cofactor / vitamin biosynthesis	m0
rxn09468_x0	Fatty acid oxidation_x0		Other / unassigned	x0
rxn09837_c0	Homocysteine peroxisomal transport via proton symport_x0		Transport (inter-compartmental)	c0,x0
rxn02303_c0	Coproporphyrinogen:oxygen oxidoreductase(decarboxylating)_c0		Other / unassigned	c0
rxn13330_c0	inositol phosphorylceramide, ceramide-3 (24C) phospholipase C_c0		Other / unassigned	c0
rxn09412_c0	glutamate-5-semialdehyde dehydrogenase_c0		Other / unassigned	c0
rxn09498_m0	glycine-cleavage system (lipoamide) irreversible, mitochondrial_m0		Other / unassigned	m0
rxn08767_x0	3-ketoacyl-CoA thiolase_x0		β-oxidation (peroxisomal)	x0
rxn13319_c0	isobutyl alcohol transport (extracellular)_c0		Transport (inter-compartmental)	c0,e0
IPCS226_SC_c0	Inositol phosphoryceramide synthase  ceramide 2  26C   yeast specific		Other / unassigned	c0
2MBTOHtm_c0	2-methyl-1-butanol transport (extracellular)_m0		Transport (inter-compartmental)	c0,m0
rxn00272_c0	L-Alanine:glyoxylate aminotransferase_c0		Amino-acid metabolism	c0
rxn01726_x0	Acetyl-CoA:carnitine O-acetyltransferase_x0		Other / unassigned	x0
rxn13355_c0	Mannose-inositol phosphorylceramide, ceramide-2 (24C) phospholipase C_c0		Other / unassigned	c0
rxn09519_c0	alpha-Aminopropiononitrile aminohydrolase_c0		Amino-acid metabolism	c0
rxn01678_c0	ATP:dUDP phosphotransferase_c0		Other / unassigned	c0
rxn01454_m0	acetyl-CoA:acetoacetyl-CoA C-acetyltransferase (thioester-hydrolysing, carboxymethyl-forming)_m0		Other / unassigned	m0
rxn13237_c0	ceramide-2 (C24) endoplasmic reticular transport_g0		Transport (inter-compartmental)	c0,r0
rxn01646_c0	N-Ribosylnicotinamide:orthophosphate ribosyltransferase_c0		Other / unassigned	c0
rxn00728_c0	L-Kynurenine hydrolase_c0		Amino-acid metabolism	c0
rxn09478_x0	acyl-CoA oxidase_x0		β-oxidation (peroxisomal)	x0
rxn00377_c0	S-Formylglutathione hydrolase_c0		Other / unassigned	c0
rxn08451_x0	fatty-acid-CoA ligase (tetradecenoate transport via vectoral Co-A coupling)_x0		Transport (inter-compartmental)	x0
rxn05496_c0	TRANS-RXNBWI-115637.ce.maizeexp.L-ALPHA-ALANINE_L-ALPHA-ALANINE_c0		Amino-acid metabolism	c0,e0
rxn09458_c0	stearoyl-CoA desaturase (n-C18:0CoA -> n-C18:1CoA)_c0		Other / unassigned	c0
rxn00416_c0	L-aspartate:L-glutamine amido-ligase (AMP-forming)_c0		Amino-acid metabolism	c0
rxn00391_e0	riboflavin-5-phosphate phosphohydrolase (acid optimum)_e0		Cofactor / vitamin biosynthesis	e0
rxn09532_x0	acyl carrier protein synthase, mitochondrial_x0		Fatty-acid biosynthesis	x0
rxn13218_c0	trans-aconitate 3-methyltransferase_c0		Other / unassigned	c0
rxn30090_c0	Arginase_c0		Amino-acid metabolism	c0
rxn08437_c0	fatty-acyl-ACP hydrolase_c0		Fatty-acid biosynthesis	c0
rxn00342_e0	L-Asparagine amidohydrolase_e0		Amino-acid metabolism	e0
CYSTtp_c0	Cystathione peroxisomal transport		Transport (inter-compartmental)	c0,x0
rxn09645_c0	Ergosta-5,6,22,24,(28)-tetraen-3beta-ol endoplamic reticular transport_g0		Transport (inter-compartmental)	c0,r0
rxn09721_c0	protoporphyrinogen IX mitochondrial transport_m0		Transport (inter-compartmental)	c0,m0
rxn09788_c0	Transport of O-acetylcarnitine, mitochondrial_m0		Transport (inter-compartmental)	c0,m0
rxn09521_c0	g-glutamyltransferase_c0		Amino-acid metabolism	c0
rxn01466_c0	Geranyl-diphosphate:isopentenyl-diphosphate geranyltrans-transferase_c0		Other / unassigned	c0
3OPHB_5tm_c0	3 Octaprenyl 4 hydroxybenzoate mitochondrial transport		Transport (inter-compartmental)	c0,m0
rxn00927_c0	Adenosine ribohydrolase_c0		Other / unassigned	c0
rxn00835_c0	ATP:inosine 5'-phosphotransferase_c0		Other / unassigned	c0
rxn09614_c0	Mevalonate kinase_c0		Nucleotide metabolism	c0
rxn01987_c0	R02750_c0		Other / unassigned	c0
rxn05920_c0	CTP:dolichol O-phosphotransferase_c0		Other / unassigned	c0
PAPtm_c0	Transport of adenosine 3',5'-bisphosphate, extracellular_m0		Transport (inter-compartmental)	c0,m0
TRPt2r_c0	TRANS-RXNBWI-115637.ce.maizeexp.TRP_TRP_c0		Amino-acid metabolism	c0,e0
rxn01300_c0	ATP:L-homoserine O-phosphotransferase_c0		Pentose phosphate pathway	c0
rxn05197_c0	Uracil permease_c0		Other / unassigned	c0,e0
rxn09722_c0	phosphate transport via hydroxide ion symport, mitochondrial_m0		Transport (inter-compartmental)	c0,m0
rxn00708_c0	Uridine 5'-monophosphate phosphohydrolase_c0		Other / unassigned	c0
rxn05108_c0	R07396_c0		Amino-acid metabolism	c0
rxn00141_c0	S-Adenosyl-L-homocysteine hydrolase_c0		Cell-wall polysaccharide	c0
rxn27940_m0	L-1-pyrroline-3-hydroxy-5-carboxylate dehydrogenase_m0		Other / unassigned	m0
rxn09524_c0	NADH dehydrogenase, cytosolic/mitochondrial_m0		Oxidative phosphorylation / ETC	c0,m0
rxn00205_c0	glutathione:hydrogen-peroxide oxidoreductase_c0		Other / unassigned	c0
rxn09547_c0	glycerol 3-phosphate acyltransferase (glycerone phosphate), yeast-specific_c0		Other / unassigned	c0
FE2utm_c0	iron (II) transport via diffusion (extracellular to periplasm)_m0		Transport (inter-compartmental)	c0,m0
GLNt2r_c0	TRANS-RXNBWI-115637.ce.maizeexp.GLN_GLN_c0		Amino-acid metabolism	c0,e0
PStm_SC_c0	Phosphatidylserine mitochondrial  transport  yeast specific		Transport (inter-compartmental)	c0,m0
rxn01199_c0	ATP:D-xylulose 5-phosphotransferase_c0		Other / unassigned	c0
rxn02358_c0	trans-4-Hydroxy-L-proline:NADP+ 5-oxidoreductase_c0		Cofactor / vitamin biosynthesis	c0
rxn09673_c0	TRANS-RXNAVI-26524.ce.brachyexp.CPD-3609_CPD-3609_c0		Glycolysis / gluconeogenesis	c0,e0
rxn00806_c0	L-Leucine:2-oxoglutarate aminotransferase_c0		Amino-acid metabolism	c0
rxn30365_m0	CDP-Diacylglycerol synthetase, yeast-specific, mitochondrial_m0		Other / unassigned	m0
rxn03630_c0	Taurine, 2-oxoglutarate:O2 oxidoreductase (sulfite-forming)_c0		TCA cycle	c0
rxn09655_c0	TRANS-RXNAVI-26524.ce.brachyexp.TREHALOSE_TREHALOSE_c0		Storage (glycogen / trehalose)	c0,e0
rxn32134_c0	-_m0		Other / unassigned	c0,m0
rxn06438_c0	glycine:tRNA(Gly) ligase (AMP-forming)_c0		Amino-acid metabolism	c0
rxn00859_c0	L-Histidinol:NAD+ oxidoreductase_c0		Amino-acid metabolism	c0
rxn05593_c0	Myo-inositol transporter 1_c0		Transport (inter-compartmental)	c0,e0
rxn33415_c0	4-acetamidobutanoate amidohydrolase_c0		Other / unassigned	c0
rxn01726_m0	Acetyl-CoA:carnitine O-acetyltransferase_m0		Other / unassigned	m0
rxn01182_m0	4-Coumarate:CoA ligase (AMP-forming)_m0		Other / unassigned	m0
rxn01938_c0	indole-3-ethanol:NAD+ oxidoreductase_c0		Cofactor / vitamin biosynthesis	c0
rxn00711_c0	UMP:diphosphate phospho-alpha-D-ribosyltransferase_c0		Other / unassigned	c0
rxn08343_c0	TRANS-RXN-108E.cp_c0		Other / unassigned	c0,e0
rxn09439_m0	fatty-acyl-ACP synthase (n-C12:0ACP), mitochondrial_m0		Fatty-acid biosynthesis	m0
rxn09768_c0	Dihydropteroate mitochondrial transport via diffusion_m0		Transport (inter-compartmental)	c0,m0
ACRNtp_c0	Transport of O-acetylcarnitine, mitochondrial_x0		Transport (inter-compartmental)	c0,x0
rxn15108_c0	ATP:D-ribose-5-phosphate diphosphotransferase_c0		Other / unassigned	c0
CRNtp_c0	L-carnitine transport via diffusion (extracellular to periplasm)_x0		Transport (inter-compartmental)	c0,x0
rxn13188_c0	2-methylbutyl transport (extracellular)_c0		Transport (inter-compartmental)	c0,e0
rxn00646_c0	L-glutamate:L-cysteine gamma-ligase (ADP-forming)_c0		Amino-acid metabolism	c0
4ABZtm_c0	4-Aminobenzoate mitochondrial transport via diffusion_m0		Transport (inter-compartmental)	c0,m0
rxn01512_c0	ATP:dTDP phosphotransferase_c0		Other / unassigned	c0
rxn05465_m0	Malonyl-CoA:[acyl-carrier-protein] S-malonyltransferase_m0		Fatty-acid biosynthesis	m0
rxn13195_c0	2obut transporter (mitochondrial)_m0		Transport (inter-compartmental)	c0,m0
METt2r_c0	TRANS-RXNBWI-115637.ce.maizeexp.MET_MET_c0		Amino-acid metabolism	c0,e0
rxn13253_e0	Endopolygalacturonase (extracellular)_e0		Pectin / D-galacturonate (Ashwell)	e0
rxn00075_c0	NAD nucleosidase, mitochondrial_c0		Cofactor / vitamin biosynthesis	c0
rxn08104_c0	L-alanine transport via diffusion (extracellular to periplasm)_m0		Transport (inter-compartmental)	c0,m0
rxn05299_c0	TRANS-RXNBWI-115637.ce.maizeexp.HIS_HIS_m0		Oxidative phosphorylation / ETC	c0,m0
rxn06937_c0	L-glutamate:tRNA(Glu) ligase (AMP-forming)_c0		Amino-acid metabolism	c0
rxn00834_c0	IMP:NAD+ oxidoreductase_c0		Cofactor / vitamin biosynthesis	c0
rxn30328_m0	3-(4-hydroxyphenyl-)lactate formation_m0		Other / unassigned	m0
rxn09623_c0	3-keto-steroid reductase_c0		Other / unassigned	c0
rxn13255_e0	episterol ester hydrolase, yeast-specific_e0		Fatty-acid biosynthesis	e0
FAS160ACPm_m0	Fatty acyl ACP synthase  n C160ACP   mitochondrial		Fatty-acid biosynthesis	m0
3MBALDtm_c0	3-methylbutanal transport (extracellular)_m0		Transport (inter-compartmental)	c0,m0
rxn01483_c0	acetyl-CoA:D-glucosamine-6-phosphate N-acetyltransferase_c0		Other / unassigned	c0
rxn31870_c0	5,10-methylenetetrahydrofolate reductase (FADH)-(NADP)_c0		Cofactor / vitamin biosynthesis	c0
rxn13407_c0	reduced thioredoxin peroxisomal transport via diffusion_x0		Transport (inter-compartmental)	c0,x0
rxn01827_c0	4-Hydroxyphenylpyruvate:oxygen oxidoreductase (hydroxylating,decarboxylating)_c0		Other / unassigned	c0
rxn09441_c0	fatty acyl-CoA synthase (n-C10:0CoA)_c0		Other / unassigned	c0
rxn00742_c0	L-cystathionine cysteine-lyase (deaminating; 2-oxobutanoate-forming)_c0		Amino-acid metabolism	c0
FORtm_c0	formate transport via diffusion (extracellular to periplasm)_m0		Transport (inter-compartmental)	c0,m0
rxn13358_c0	Mannose-inositol phosphorylceramide, ceramide-3 (26C) phospholipase C_c0		Other / unassigned	c0
rxn09802_c0	3-(4-hydroxyphenyl)pyruvate mitochondrial transport via proton symport_m0		Transport (inter-compartmental)	c0,m0
rxn02811_c0	3-Isopropylmalate hydro-lyase_c0		Other / unassigned	c0
rxn00138_c0	deamido-NAD+:ammonia ligase (AMP-forming)_c0		Cofactor / vitamin biosynthesis	c0
rxn08441_x0	myristoyl-CoA hydrolase_x0		Other / unassigned	x0
rxn00806_m0	L-Leucine:2-oxoglutarate aminotransferase_m0		TCA cycle	m0
rxn00717_c0	Cytosine aminohydrolase_c0		Other / unassigned	c0
FAO240p_x0	Fatty acid oxidation  tetradecansoyl CoA   peroxisomal		Other / unassigned	x0
rxn08564_c0	glycero-3-phospho-1-inositol transport via diffusion (extracellular to periplasm)_c0		Transport (inter-compartmental)	c0,e0
rxn00604_r0	D-glucose-6-phosphate:NADP+ 1-oxidoreductase_r0		Glycolysis / gluconeogenesis	r0
rxn09672_c0	TRANS-RXNBWI-115637.ce.maizeexp.MET_MET_m0		Oxidative phosphorylation / ETC	c0,m0
rxn09531_c0	biotin synthase_c0		Cofactor / vitamin biosynthesis	c0
rxn02133_c0	ATP:sphinganine 1-phosphotransferase_c0		Other / unassigned	c0
rxn05198_c0	Transport of cytidine, extracellular_c0		Transport (inter-compartmental)	c0,e0
rxn00205_m0	glutathione:hydrogen-peroxide oxidoreductase_m0		Other / unassigned	m0
rxn09794_c0	4-Aminobenzoate mitochondrial transport via diffusion_c0		Transport (inter-compartmental)	c0,e0
rxn00541_c0	L-threonine acetaldehyde-lyase (glycine-forming)_c0		Amino-acid metabolism	c0
rxn08677_c0	glutathione transport via diffusion (extracellular to periplasm)_c0		Transport (inter-compartmental)	c0,e0
rxn09611_c0	R06204_c0		Cell-wall polysaccharide	c0
PEtm_SC_c0	Phosphatidylethanolamine mitochondrial transport  yeast specific		Transport (inter-compartmental)	c0,m0
rxn08854_c0	TRANS-RXN-58.cp_m0		Oxidative phosphorylation / ETC	c0,m0
rxn01269_c0	Prephenate:NADP+ oxidoreductase(decarboxylating)_c0		Cofactor / vitamin biosynthesis	c0
rxn09759_c0	fatty-acyl-ACP mitochondrial transport_m0		Transport (inter-compartmental)	c0,m0
rxn01069_c0	O-phospho-L-homoserine phosphate-lyase (adding water;L-threonine-forming)_c0		Amino-acid metabolism	c0
rxn13350_c0	Mannose-(inositol-P)2-ceramide, ceramide-2 (26C) phospholipase C_c0		Other / unassigned	c0
rxn06377_m0	glycine:lipoylprotein oxidoreductase (decarboxylating and acceptor-aminomethylating)_m0		Amino-acid metabolism	m0
rxn13315_c0	Isoamyl acetate transport (extracellular)_c0		Transport (inter-compartmental)	c0,e0
rxn09792_c0	4-Hydroxybenzoate mitochondrial transport_m0		Transport (inter-compartmental)	c0,m0
rxn13255_c0	episterol ester hydrolase, yeast-specific_c0		Fatty-acid biosynthesis	c0
rxn13208_m0	4-hydroxybenzoate formation_m0		Other / unassigned	m0
rxn05217_c0	TRANS-RXNBWI-115637.ce.maizeexp.L-ASPARTATE_L-ASPARTATE_m0		Oxidative phosphorylation / ETC	c0,m0
rxn06449_c0	L-Valine:tRNAVal ligase (AMP-forming)_c0		Amino-acid metabolism	c0
rxn13324_c0	Tryptophol transport (extracellular_c0		Transport (inter-compartmental)	c0,e0
rxn06440_c0	L-Isoleucine:tRNA(Ile) ligase (AMP-forming)_c0		Amino-acid metabolism	c0
H2Oter_c0	TRANS-RXNBWI-115401.ce.maizeexp.OH_OH_g0		Other / unassigned	c0,r0
GCALDtm_c0	RXN0-1683.ce.maizeexp.GLYCOLALDEHYDE_GLYCOLALDEHYDE_m0		Other / unassigned	c0,m0
rxn08142_c0	L-arabinose transport via diffusion (extracellular to periplasm)_c0		Transport (inter-compartmental)	c0,e0
rxn09563_c0	dihydoorotic acid (ubiquinone-6), irreversible_m0		Other / unassigned	c0,m0
rxn09640_c0	Squalene-2,3-epoxide endoplamic reticular transport_g0		Transport (inter-compartmental)	c0,r0
rxn13238_c0	ceramide-2 (C26) endoplasmic reticular transport_g0		Transport (inter-compartmental)	c0,r0
rxn03075_c0	ATP:4-methyl-5-(2-hydroxyethyl)-thiazole 2-phosphotransferase_c0		Other / unassigned	c0
rxn09611_e0	R06204_e0		Cell-wall polysaccharide	e0
rxn01726_c0	Acetyl-CoA:carnitine O-acetyltransferase_c0		Other / unassigned	c0
ASPOcm_c0	Aspartate oxidase		Oxidative phosphorylation / ETC	c0,m0
rxn05205_c0	Transport of deoxycytidine, extracellular_c0		Transport (inter-compartmental)	c0,e0
rxn09470_x0	Fatty acid oxidation_x0		Other / unassigned	x0
rxn02504_m0	2-amino-4-hydroxy-6-(D-erythro-1,2,3-trihydroxypropyl)-7,8-dihydropteridine glycolaldehyde-lyase_m0		Other / unassigned	m0
rxn08705_c0	Hexadecenoate transport via facilitated irreversible diffusion (extracellular to periplasm)_x0		Transport (inter-compartmental)	c0,x0
NH4tm_c0	TRANS-RXN-173.ce_m0		Other / unassigned	c0,m0
rxn05104_c0	S-methyl-5-thio-D-ribulose-1-phosphate hydro-lyase_c0		Other / unassigned	c0
rxn00689_c0	Tetrahydrofolate:L-glutamate gamma-ligase (ADP-forming)_c0		Amino-acid metabolism	c0
rxn09061_c0	phenethylacetaldehyde transport via diffusion (extracellular to periplasm)_c0		Transport (inter-compartmental)	c0,e0
rxn02358_m0	trans-4-Hydroxy-L-proline:NADP+ 5-oxidoreductase_m0		Cofactor / vitamin biosynthesis	m0
AKGt2r_c0	Transport of a-ketoglutarate, extracellular_c0		Transport (inter-compartmental)	c0,e0
rxn09680_c0	RXN0-1683.ce.maizeexp.GLYCOLALDEHYDE_GLYCOLALDEHYDE_c0		Other / unassigned	c0,e0
IND3ETHtm_c0	Tryptophol transport (extracellular_m0		Transport (inter-compartmental)	c0,m0
rxn05792_c0	Acetyl-CoA:peptide Nalpha-acetyltransferase_c0		Other / unassigned	c0
rxn00952_c0	O-acetyl-L-homoserine:hydrogen sulfide S-(3-amino-3-carboxypropyl)transferase_c0		Cell-wall polysaccharide	c0
rxn00790_c0	5-phosphoribosylamine:diphosphate phospho-alpha-D-ribosyltransferase (glutamate-amidating)_c0		Amino-acid metabolism	c0
rxn05238_c0	TRANS-RXNBWI-115353.ce_c0		Other / unassigned	c0,e0
rxn06441_m0	L-Leucine:tRNA(Leu) ligase (AMP-forming)_m0		Amino-acid metabolism	m0
rxn05465_c0	Malonyl-CoA:[acyl-carrier-protein] S-malonyltransferase_c0		Fatty-acid biosynthesis	c0
rxn09464_x0	Fatty acid oxidation_x0		Other / unassigned	x0
rxn06440_m0	L-Isoleucine:tRNA(Ile) ligase (AMP-forming)_m0		Amino-acid metabolism	m0
rxn08570_c0	glucose 6-phosphate transport via diffusion (extracellular to periplasm)_g0		Transport (inter-compartmental)	c0,r0
rxn09216_c0	putrescine transport via diffusion (extracellular to periplasm)_c0		Transport (inter-compartmental)	c0,e0
rxn09658_c0	TRANS-RXNAVI-26524.ce.brachyexp.SUCROSE_SUCROSE_c0		Other / unassigned	c0,e0
rxn09434_m0	fatty-acyl-ACP synthase (n-C14:1ACP), mitochondrial_m0		Fatty-acid biosynthesis	m0
rxn34726_c0	oleoyl-[acyl-carrier-protein] hydrolase ((11Z)-n-C18:1)_c0		Fatty-acid biosynthesis	c0
rxn09793_c0	4-hydroxy-2-oxoglutarate mitochondrial transport via diffusion_m0		Transport (inter-compartmental)	c0,m0
rxn01791_c0	(R)-Pantoate:beta-alanine ligase (AMP-forming)_c0		Other / unassigned	c0
PHEt2r_c0	TRANS-RXNBWI-115637.ce.maizeexp.PHE_PHE_c0		Amino-acid metabolism	c0,e0
rxn13260_c0	UDP-glucose:ergosterol glucosyltransferase_c0		Lipid / membrane	c0
rxn09461_x0	3-hydroxyacyl-CoA dehydrogenase (3-oxohexacosyl-CoA), peroxisomal_x0		β-oxidation (peroxisomal)	x0
rxn00392_m0	ATP:riboflavin 5'-phosphotransferase_m0		Cofactor / vitamin biosynthesis	m0
rxn39076_c0	fatty-acyl-ACP mitochondrial transport_m0		Transport (inter-compartmental)	c0,m0
rxn00088_m0	NADP+ 2'-phosphohydrolase_m0		Cofactor / vitamin biosynthesis	m0
rxn01211_m0	5,10-Methenyltetrahydrofolate 5-hydrolase (decyclizing)_m0		Cofactor / vitamin biosynthesis	m0
rxn09784_c0	TRANS-RXNBWI-115551.cm_m0		Other / unassigned	c0,m0
rxn13200_c0	3-Isopropylmalate 3-methyltransferase_c0		Other / unassigned	c0
rxn01637_m0	N2-Acetyl-L-ornithine:2-oxoglutarate aminotransferase_m0		TCA cycle	m0
rxn06444_c0	L-Phenylalanine:tRNA(Ala) ligase (AMP-forming)_c0		Amino-acid metabolism	c0
rxn09697_c0	Allantoate permease_c0		Other / unassigned	c0,e0
PACALDtm_c0	phenethylacetaldehyde transport via diffusion (extracellular to periplasm)_m0		Transport (inter-compartmental)	c0,m0
rxn09601_c0	Ceramide-3 synthase (24C)_c0		Other / unassigned	c0
rxn09491_c0	triglycerol synthesis_c0		Other / unassigned	c0
rxn01368_c0	Cytidine aminohydrolase_c0		Other / unassigned	c0
rxn13363_c0	N-formyltyrosine oxidase_c0		Other / unassigned	c0
rxn10832_c0	CoA transporter_m0		Transport (inter-compartmental)	c0,m0
rxn12585_c0	2-hydroxybutyrate cotransport with proton_c0		Transport (inter-compartmental)	c0,e0
rxn30333_m0	2-aceto-2-hydroxybutanoate synthase, mitochondrial_m0		Glycolysis / gluconeogenesis	m0
rxn03062_c0	3-Isopropylmalate:NAD+ oxidoreductase_c0		Cofactor / vitamin biosynthesis	c0
rxn09699_c0	a-ketoglutarate/malate translocator, extracellular_c0		TCA cycle	c0,e0
2MBALDtm_c0	2-Methylbutanal transport (extracellular)_m0		Transport (inter-compartmental)	c0,m0
rxn00214_c0	UDP-glucose 4-epimerase_c0		Other / unassigned	c0
rxn00119_c0	ATP:UMP phosphotransferase_c0		Nucleotide metabolism	c0
rxn30365_c0	CDP-Diacylglycerol synthetase, yeast-specific, mitochondrial_c0		Other / unassigned	c0
OCDCYAt_c0	Octadecynoate  n C182  transport in via uniport		Transport (inter-compartmental)	c0,e0
rxn00510_c0	N6-(L-1,3-Dicarboxypropyl)-L-lysine:NAD+ oxidoreductase (L-lysine-forming)_c0		Amino-acid metabolism	c0
rxn08857_c0	Lysyl-tRNA synthetase_c0		Amino-acid metabolism	c0
rxn00907_m0	5,10-methylenetetrahydrofolate:NADP+ oxidoreductase_m0		Cofactor / vitamin biosynthesis	m0
rxn09756_c0	fatty-acyl-ACP mitochondrial transport_m0		Transport (inter-compartmental)	c0,m0
rxn08747_c0	L-isoleucine transport via diffusion (extracellular to periplasm)_m0		Transport (inter-compartmental)	c0,m0
rxn00737_c0	L-threonine ammonia-lyase (2-oxobutanoate-forming)_c0		Amino-acid metabolism	c0
rxn01396_c0	ATP:pyridoxine 5'-phosphotransferase_c0		Other / unassigned	c0
rxn05235_c0	2'-Deoxyuridine 5'-triphosphate:oxydized-thioredoxin 2'-oxidoreductase_c0		Other / unassigned	c0
rxn02937_c0	2-(Formamido)-N1-(5-phosphoribosyl)acetamidine cyclo-ligase (ADP-forming)_c0		Other / unassigned	c0
rxn00260_c0	L-Aspartate:2-oxoglutarate aminotransferase_c0		TCA cycle	c0
rxn09473_x0	3-hydroxyacyl-CoA dehydratase (3-hydroxyhexacosyl-CoA), peroxisomal_x0		β-oxidation (peroxisomal)	x0
rxn09457_c0	Oleoyl-CoA desaturase (n-C18:1CoA -> n-C18:2CoA)_c0		Other / unassigned	c0
rxn08424_c0	ethanolamine transport via diffusion (extracellular)_c0		Transport (inter-compartmental)	c0,e0
rxn00130_c0	AMP aminohydrolase_c0		Other / unassigned	c0
rxn00363_c0	Cytidine-5'-monophosphate phosphohydrolase_c0		Other / unassigned	c0
rxn01507_c0	2'-Deoxyadenosine 5'-monophosphate phosphohydrolase_c0		Other / unassigned	c0
rxn01301_c0	L-Homoserine:NAD+ oxidoreductase_c0		Pentose phosphate pathway	c0
rxn09661_c0	L-sorbitol transport via passive diffusion_c0		Transport (inter-compartmental)	c0,e0
rxn21082_c0	myristoyl-ACP hydrolase activity_c0		Fatty-acid biosynthesis	c0
rxn27497_c0	3-carboxy-3-hydroxy-4-methylpentanoate 3-methyl-2-oxobutanoate-lyase (CoA-acetylating)_c0		Other / unassigned	c0
rxn00194_c0	L-glutamate 1-carboxy-lyase (4-aminobutanoate-forming)_c0		Amino-acid metabolism	c0
rxn00369_c0	GTP:cytidine 5'-phosphotransferase_c0		Nucleotide metabolism	c0
rxn00351_c0	gamma-L-glutamyl-L-cysteine:glycine ligase (ADP-forming)_c0		Amino-acid metabolism	c0
rxn00127_c0	S-adenosyl-L-methionine carboxy-lyase [(5-deoxy-5-adenosyl)(3-aminopropyl)methylsulfonium-forming]_c0		Other / unassigned	c0
rxn09799_c0	Transport of (R)-2-oxoisovalerate, mitochondrial_m0		Transport (inter-compartmental)	c0,m0
rxn01673_c0	ATP:dCDP phosphotransferase_c0		Other / unassigned	c0
rxn00917_c0	Xanthosine-5'-phosphate:L-glutamine amido-ligase (AMP-forming)_c0		Amino-acid metabolism	c0
rxn00409_c0	ATP:CDP phosphotransferase_c0		Other / unassigned	c0
rxn01917_m0	ATP:N-acetyl-L-glutamate 5-phosphotransferase_m0		Other / unassigned	m0
rxn00132_c0	Adenosine 5'-monophosphate phosphohydrolase_c0		Other / unassigned	c0
rxn09689_c0	Transport of 7,8-diaminononanoate, extracellular_c0		Transport (inter-compartmental)	c0,e0
rxn13203_c0	3-Methyl-2-oxobutanoate decarboxylase_c0		Other / unassigned	c0
rxn13189_c0	2-Methylbutanal transport (extracellular)_c0		Transport (inter-compartmental)	c0,e0
rxn09546_c0	lipid phosphate phosphatase, yeast-specific_c0		Other / unassigned	c0
TYRt2r_c0	TRANS-RXNBWI-115637.ce.maizeexp.TYR_TYR_c0		Amino-acid metabolism	c0,e0
rxn13186_m0	S-adenosyl-L-methionine:2-hexaprenyl-3-methyl-5-hydroxy-6-methoxy-1,4-benzoquinone 3-O-methyltransferase_m0		Other / unassigned	m0
rxn05499_c0	Transport of arabinose (low affinity), extracellular_c0		Transport (inter-compartmental)	c0,e0
rxn06441_c0	L-Leucine:tRNA(Leu) ligase (AMP-forming)_c0		Amino-acid metabolism	c0
PETOHM_SC_c0	Phosphatidylethanolamine N methyltransferase  yeast specific		Lipid / membrane	c0
rxn02374_m0	R03314_m0		Other / unassigned	m0
rxn00126_c0	ATP:L-methionine S-adenosyltransferase_c0		Amino-acid metabolism	c0
rxn01209_c0	5-Formyltetrahydrofolate:10-Formyltetrahydrofolate isomerase_c0		Cofactor / vitamin biosynthesis	c0
PGPPAm_SC_m0	Phosphatidylglycerol phosphate phosphatase A  yeast specific  mitochondrial		Lipid / membrane	m0
rxn09758_c0	Acyl-[acyl-carrier-protein] transporter, mitochondrial_m0		Transport (inter-compartmental)	c0,m0
PLBPC_SC_c0	Phospholipase B  phosphatidylcholine   yeast specific		Fatty-acid biosynthesis	c0
rxn02175_c0	ATP:pantetheine-4'-phosphate adenylyltransferase_c0		Other / unassigned	c0
rxn06300_c0	L-Alanine:tRNA(Ala) ligase (AMP-forming)_c0		Amino-acid metabolism	c0
rxn09559_c0	3',5'-cyclic-nucleotide phosphodiesterase 2_c0		Other / unassigned	c0
rxn09690_c0	TRANS-RXNBWI-115637.ce.maizeexp.CYS_CYS_c0		Amino-acid metabolism	c0,e0
rxn06600_m0	S-aminomethyldihydrolipoylprotein:(6S)-tetrahydrofolate aminomethyltransferase (ammonia-forming)_m0		Cofactor / vitamin biosynthesis	m0
rxn00088_c0	NADP+ 2'-phosphohydrolase_c0		Cofactor / vitamin biosynthesis	c0
rxn13930_c0	FMN reductase_c0		Cofactor / vitamin biosynthesis	c0
rxn08265_c0	L-carnitine transport via diffusion (extracellular to periplasm)_c0		Transport (inter-compartmental)	c0,e0
rxn01362_c0	Orotidine-5'-phosphate:diphosphate phospho-alpha-D-ribosyl-transferase_c0		Other / unassigned	c0
rxn08440_x0	lauroyl-CoA hydrolase_x0		Other / unassigned	x0
rxn00452_c0	S-Adenosyl-L-methionine:L-homocysteine S-methyltransferase_c0		Cell-wall polysaccharide	c0
rxn03137_c0	10-Formyltetrahydrofolate:5'-phosphoribosyl-5-amino-4-imidazolecarboxamide formyltransferase_c0		Cofactor / vitamin biosynthesis	c0
SACCD1_c0	Saccharopine dehydrogenase  NADP  L glutamate forming 		Amino-acid metabolism	c0
rxn09467_x0	Fatty acid oxidation_x0		Other / unassigned	x0
rxn09647_c0	dolichol phosphate endoplasmic reticular transport via proton symport_g0		Transport (inter-compartmental)	c0,r0
rxn13234_c0	C-22 sterol desaturase (NAD)_c0		Cofactor / vitamin biosynthesis	c0
rxn05568_c0	Transport of D-glucosamine 6-phosphate, extracellular_c0		Transport (inter-compartmental)	c0,e0
rxn08436_c0	RXN-9549.c_c0		Fatty-acid biosynthesis	c0
rxn09460_c0	Myristicoyl-CoA desaturase (n-C14:0CoA -> n-C14:1CoA)_c0		Other / unassigned	c0
rxn05318_c0	TRANS-RXN-203.ce_c0		Other / unassigned	c0,e0
rxn09442_m0	fatty-acyl-ACP synthase (n-C10:0ACP), mitochondrial_m0		Fatty-acid biosynthesis	m0
rxn27497_m0	3-carboxy-3-hydroxy-4-methylpentanoate 3-methyl-2-oxobutanoate-lyase (CoA-acetylating)_m0		Other / unassigned	m0
rxn06449_m0	L-Valine:tRNAVal ligase (AMP-forming)_m0		Amino-acid metabolism	m0
rxn01450_c0	3-(indol-3-yl)pyruvate carboxy-lyase [(2-indol-3-yl)acetaldehyde-forming]_c0		Other / unassigned	c0
rxn00929_m0	L-Proline:NAD+ 5-oxidoreductase_m0		Amino-acid metabolism	m0
rxn09385_c0	D-xylose transport via diffusion (extracellular to periplasm)_c0		Transport (inter-compartmental)	c0,e0
rxn02911_x0	(S)-3-Hydroxydodecanoyl-CoA hydro-lyase_x0		Other / unassigned	x0
rxn09845_x0	fatty acyl-CoA transport via ABC system_x0		Transport (inter-compartmental)	c0,x0
rxn13380_c0	1-phosphatidylinositol-4,5-bisphosphate 5-phosphatase, yeast-specific_c0		Lipid / membrane	c0
rxn30050_c0	Phosphofructokinase_c0		Other / unassigned	c0
CRNtim_c0	L-carnitine transport via diffusion (extracellular to periplasm)_m0		Transport (inter-compartmental)	c0,m0
rxn09770_c0	Transport of dihydrofolate, mitochondrial_m0		Transport (inter-compartmental)	c0,m0
HDCAt_c0	Hexadecanoate transport via facilitated irreversible diffusion (extracellular to periplasm)_c0		Transport (inter-compartmental)	c0,e0
rxn09477_x0	acyl-CoA oxidase_x0		β-oxidation (peroxisomal)	x0
rxn00920_c0	Guanosine 3',5'-cyclic phosphate 5'-nucleotidohydrolase_c0		Other / unassigned	c0
rxn09435_c0	fatty-acyl-CoA synthase (n-C14:0CoA)_c0		Other / unassigned	c0
rxn02200_m0	2-amino-4-hydroxy-6-hydroxymethyl-7,8-dihydropteridine:4-aminobenzoate 2-amino-4-hydroxydihydropteridine-6-methenyltransferase_m0		Other / unassigned	m0
rxn04680_m0	R06866_m0		Other / unassigned	m0
rxn09750_c0	Transport of glutamate, mitochondrial_m0		Transport (inter-compartmental)	c0,m0
4H2OGLTtp_c0	4-hydroxy-2-oxoglutarate mitochondrial transport via diffusion_x0		Transport (inter-compartmental)	c0,x0
rxn06556_c0	Dodecanoyl-[acyl-carrier-protein] hydrolase_c0		Other / unassigned	c0
C14STR_c0	C 14 sterol reductase		Other / unassigned	c0
rxn09296_x0	hydrogen peroxide reductase (thioredoxin)_x0		Other / unassigned	x0
rxn00414_c0	hydrogen-carbonate:L-glutamine amido-ligase (ADP-forming, carbamate-phosphorylating)_c0		Amino-acid metabolism	c0
rxn05317_c0	Transport of deoxyadenosine, extracellular_c0		Transport (inter-compartmental)	c0,e0
rxn01652_m0	S-Aminomethyldihydrolipoylprotein:(6S)-tetrahydrofolate aminomethyltransferase (ammonia-forming)_m0		Cofactor / vitamin biosynthesis	m0
rxn01653_m0	5-Formyltetrahydrofolate cyclo-ligase (ADP-forming)_m0		Cofactor / vitamin biosynthesis	m0
rxn00241_c0	GTP phosphohydrolase_c0		Other / unassigned	c0
ID3ACALDtm_c0	indole-3-acetaldehyde mitochondrial transport via diffusion_m0		Transport (inter-compartmental)	c0,m0
rxn09801_c0	Transport of 2-isopropylmalate, mitochondrial_c0		Transport (inter-compartmental)	c0,e0
IPCS126_SC_c0	Inositol phosphorylceramide synthase  ceramide 1  26C   yeast specific		Other / unassigned	c0
ACtp_c0	Acetate transport via diffusion (extracellular to periplasm)_x0		Transport (inter-compartmental)	c0,x0
rxn00800_c0	N6-(1,2-dicarboxyethyl)AMP AMP-lyase (fumarate-forming)_c0		Other / unassigned	c0
rxn01255_c0	5-O-(1-Carboxyvinyl)-3-phosphoshikimate phosphate-lyase (chorismate-forming)_c0		Other / unassigned	c0
rxn09713_c0	Mitochondrial dicarboxylate transporter_m0		Transport (inter-compartmental)	c0,m0
rxn09560_c0	3',5'-cyclic-nucleotide phosphodiesterase 2_c0		Other / unassigned	c0
rxn06493_m0	dihydrolipoylprotein:NAD+ oxidoreductase_m0		Cofactor / vitamin biosynthesis	m0
rxn19830_c0	GLUTAMIDOTRANS-RXN.d_c0		Amino-acid metabolism	c0
rxn09774_c0	Transport of L-carnitine and O-acyl-L-carnitine_m0		Transport (inter-compartmental)	c0,m0
rxn07328_c0	R07497_c0		Other / unassigned	c0
rxn09719_c0	Transport of 5-phospho-alpha-D-ribose 1-diphosphate, mitochondrial_m0		Transport (inter-compartmental)	c0,m0
rxn09035_c0	Octadecenoate (n-C18:1) transport via facilitated irreversible diffusion (extracellular to periplasm)_c0		Transport (inter-compartmental)	c0,e0
rxn02305_c0	2-methyl-4-amino-5-hydroxymethylpyrimidine-diphosphate:4-methyl-5-(2-phosphoethyl)-thiazole 2-methyl-4-aminopyridine-5-methenyltransferase_c0		Other / unassigned	c0
rxn09421_c0	fatty acyl-CoA synthase (n-C8:0CoA), lumped reaction_c0		Other / unassigned	c0
rxn13312_c0	fatty acid intracellular transport_x0		Transport (inter-compartmental)	c0,x0
rxn09800_c0	3-Carboxy-4-methyl-2-oxopentanoate transport, diffusion, mitochondrial_m0		Transport (inter-compartmental)	c0,m0
H2Otp_c0	TRANS-RXNBWI-115401.ce.maizeexp.OH_OH_x0		Other / unassigned	c0,x0
rxn09296_m0	hydrogen peroxide reductase (thioredoxin)_m0		Other / unassigned	m0
rxn05300_c0	TRANS-RXNBWI-115637.ce.maizeexp.THR_THR_m0		Oxidative phosphorylation / ETC	c0,m0
GLYt2r_c0	TRANS-RXNBWI-115637.ce.maizeexp.GLY_GLY_c0		Amino-acid metabolism	c0,e0
rxn13251_c0	Fumarate dependent DHORD_c0		TCA cycle	c0
rxn01252_c0	Pyridoxine:oxygen oxidoreductase (deaminating)_c0		Other / unassigned	c0
rxn13299_c0	glycogen phosphorylase_c0		Storage (glycogen / trehalose)	c0
rxn13288_e0	fecosterol ester hydrolase, yeast-specific_e0		Fatty-acid biosynthesis	e0
rxn15114_c0	D-ribose-5-phosphate aldose-ketose-isomerase_c0		Pentose phosphate pathway	c0
rxn02275_c0	4-Guanidinobutanamide amidohydrolase_c0		Other / unassigned	c0
AASAD1_c0	L aminoadipate semialdehyde dehydrogenase  NADPH 		Cofactor / vitamin biosynthesis	c0
rxn09616_c0	Mevalonate kinase_c0		Other / unassigned	c0
rxn01575_c0	L-Isoleucine:2-oxoglutarate aminotransferase_c0		Amino-acid metabolism	c0
ARGt2r_c0	TRANS-RXNBWI-115637.ce.maizeexp.ARG_ARG_c0		Amino-acid metabolism	c0,e0
IAMOHtm_c0	isoamyl alcohol transport (extracellular)_m0		Transport (inter-compartmental)	c0,m0
rxn13191_c0	2-methyl-1-butanol transport (extracellular)_c0		Transport (inter-compartmental)	c0,e0
rxn00478_c0	L-tryptophan:oxygen 2,3-oxidoreductase (decyclizing)_c0		Amino-acid metabolism	c0
rxn09472_x0	fatty acid oxidation_x0		Other / unassigned	x0
rxn13288_c0	fecosterol ester hydrolase, yeast-specific_c0		Fatty-acid biosynthesis	c0
rxn09769_c0	dhnpt mitochondrial transport_m0		Transport (inter-compartmental)	c0,m0
rxn00139_c0	AMP:diphosphate phospho-D-ribosyltransferase_c0		Other / unassigned	c0
rxn30417_c0	2-oxo-4-methyl-3-carboxypentanoate decarboxylation_c0		Other / unassigned	c0
rxn02322_c0	ATP:(R)-5-phosphomevalonate phosphotransferase_c0		Other / unassigned	c0
rxn02356_m0	trans-4-Hydroxy-L-proline:NAD+ 5-oxidoreductase_m0		Cofactor / vitamin biosynthesis	m0
rxn00140_c0	adenosine 3',5'-phosphate 5'-nucleotidohydrolase_c0		Other / unassigned	c0
rxn03070_m0	R04443_m0		Other / unassigned	m0
rxn05120_m0	protoheme IX farnesyltransferase_m0		Other / unassigned	m0
rxn02341_c0	N-[(R)-4'-Phosphopantothenoyl]-L-cysteine carboxy-lyase_c0		Other / unassigned	c0
rxn13214_c0	acetic ester transport (extracellular)_c0		Transport (inter-compartmental)	c0,e0
rxn09525_c0	formate  dehydrogenase, cytosolic/mitochondrial_m0		Oxidative phosphorylation / ETC	c0,m0
3MOPtm_c0	Transport of 3-methyl-2-oxopentanoate, mitochondrial_m0		Transport (inter-compartmental)	c0,m0
rxn09378_c0	xanthine transport via diffusion (extracellular to periplasm)_c0		Transport (inter-compartmental)	c0,e0
rxn02288_c0	Uroporphyrinogen-III carboxy-lyase_c0		Other / unassigned	c0
rxn01607_c0	ATP:(R)-mevalonate 5-phosphotransferase_c0		Other / unassigned	c0
2PHETOHtm_c0	2-phenylethanol reversible transport_m0		Transport (inter-compartmental)	c0,m0
rxn09796_c0	4-aminobutanal mitochondrial transport via diffusion_m0		Transport (inter-compartmental)	c0,m0
rxn00092_c0	ADP phosphohydrolase_c0		Other / unassigned	c0
rxn02476_c0	Phosphoenolpyruvate:3-phosphoshikimate 5-O-(1-carboxyvinyl)-transferase_c0		Glycolysis / gluconeogenesis	c0
rxn00260_x0	L-Aspartate:2-oxoglutarate aminotransferase_x0		TCA cycle	x0
HDCEAt_c0	Hexadecenoate transport via facilitated irreversible diffusion (extracellular to periplasm)_c0		Transport (inter-compartmental)	c0,e0
rxn00831_c0	Inosine 5'-monophosphate phosphohydrolase_c0		Other / unassigned	c0
rxn13341_c0	cytochrome P450 lanosterol 14-alpha-demethylase (NAD)_c0		Cofactor / vitamin biosynthesis	c0
rxn00938_c0	Nicotinamide amidohydrolase_c0		Other / unassigned	c0
rxn30066_c0	tryptophan synthase (indoleglycerol phosphate)_c0		Amino-acid metabolism	c0
rxn09741_c0	indole-3-acetate mitochondrial transport via diffusion_m0		Transport (inter-compartmental)	c0,m0
rxn05306_c0	TRANS-RXNBWI-115637.ce.maizeexp.PHE_PHE_m0		Oxidative phosphorylation / ETC	c0,m0
rxn30390_x0	3-Hydroxyacyl-CoA dehydrogenase (3-oxotetradecanoyl-CoA), peroxisomal_x0		β-oxidation (peroxisomal)	x0
rxn08323_c0	deoxyguanosine transport in via proton symport (periplasm)_c0		Transport (inter-compartmental)	c0,e0
rxn12918_c0	RXN3O-218.c_c0		Other / unassigned	c0
rxn13353_c0	Mannose-inositol phosphorylceramide, ceramide-1 (24C) phospholipase C_c0		Other / unassigned	c0
rxn09778_c0	Tricarboxylate transport protein_m0		Transport (inter-compartmental)	c0,m0
rxn09619_c0	cholestenol delta-isomerase, lumped reaction_c0		Other / unassigned	c0
rxn02374_c0	R03314_c0		Other / unassigned	c0
rxn00178_m0	Acetyl-CoA:acetyl-CoA C-acetyltransferase_m0		Other / unassigned	m0
rxn06448_c0	L-Tryptophan -tRNA(Trp) ligase (AMP-forming)_c0		Amino-acid metabolism	c0
rxn01000_c0	prephenate hydro-lyase (decarboxylating; phenylpyruvate-forming)_c0		Other / unassigned	c0
rxn05312_c0	Inorganic phosphate transporter_m0		Transport (inter-compartmental)	c0,m0
KARA1im_m0	Acetohydroxy acid isomeroreductase  mitochondrial		Other / unassigned	m0
rxn13290_c0	farnesyl diphosphate transport (mitochondrial)_m0		Transport (inter-compartmental)	c0,m0
rxn09625_c0	C-3 sterol dehydrogenase (zymosterol)_c0		Lipid / membrane	c0
rxn01961_c0	Xanthosine 5'-phosphate phosphohydrolase_c0		Other / unassigned	c0
rxn30425_m0	phosphatidylserine decarboxylase, yeast-specific, mitochondrial_m0		Lipid / membrane	m0
ORNt2r_c0	Orntithine reversible transport in via proton symport		Transport (inter-compartmental)	c0,e0
rxn00791_c0	N-(5-Phospho-D-ribosyl)anthranilate:pyrophosphate phosphoribosyl-transferase_c0		Other / unassigned	c0
rxn05349_c0	acetyl-CoA:[acyl-carrier-protein] S-acetyltransferase_c0		Other / unassigned	c0
rxn13258_c0	ergosterol ester hydrolase, yeast-specific_c0		Fatty-acid biosynthesis	c0
rxn00906_c0	5,10-methylenetetrahydrofolate:NAD+ oxidoreductase_c0		Cofactor / vitamin biosynthesis	c0
rxn10075_c0	2,3-diketo-5-methylthio-1-phosphopentane degradation reaction_c0		Other / unassigned	c0
rxn13349_c0	Mannose-(inositol-P)2-ceramide, ceramide-2 (24C) phospholipase C_c0		Other / unassigned	c0
rxn00122_c0	ATP:FMN adenylyltransferase_c0		Cofactor / vitamin biosynthesis	c0
THZPSN2_SC_c0	Thiazole phosphate synthesis  ribose 5 phosphate   yeast specifc		Amino-acid metabolism	c0
rxn30035_c0	indole-3-glycerol-phosphate synthase_c0		Other / unassigned	c0
rxn02503_m0	ATP:2-amino-4-hydroxy-6-hydroxymethyl-7,8-dihydropteridine 6'-pyrophosphotransferase_m0		Other / unassigned	m0
HICITDm_m0	Homoisocitrate dehydrogenase		Other / unassigned	m0
TYRt2p_c0	TRANS-RXNBWI-115637.ce.maizeexp.TYR_TYR_x0		Amino-acid metabolism	c0,x0
rxn00808_c0	ATP:D-galactose 1-phosphotransferase_c0		Glycolysis / gluconeogenesis	c0
rxn01843_c0	2-phenylacetamide amidohydrolase_c0		Other / unassigned	c0
rxn06444_m0	L-Phenylalanine:tRNA(Ala) ligase (AMP-forming)_m0		Amino-acid metabolism	m0
rxn06439_m0	L-Histidine:tRNA(His) ligase (AMP-forming)_m0		Amino-acid metabolism	m0
rxn05654_c0	Transport of succinate, extracellular_c0		Transport (inter-compartmental)	c0,e0
rxn00379_c0	ATP:sulfate adenylyltransferase_c0		Sulfur / nitrogen assimilation	c0
rxn09785_c0	Transport of S-adenosyl-L-homocysteine, mitochondrial_m0		Transport (inter-compartmental)	c0,m0
rxn01204_c0	4-aminobutanoate:2-oxoglutarate aminotransferase_c0		Amino-acid metabolism	c0
rxn09642_c0	mannan endoplasmic reticulum transport via diffusion_g0		Transport (inter-compartmental)	c0,r0
rxn30054_c0	pyrimidine phosphatase_c0		Other / unassigned	c0
rxn35572_c0	Adenylosuccinate lyase_c0		Other / unassigned	c0
HBZOPT6m_m0	Hydroxybenzoate octaprenyltransferase  mitochondrial		Other / unassigned	m0
rxn01143_c0	ATP:thymidine 5'-phosphotransferase_c0		Nucleotide metabolism	c0
rxn00690_m0	Formate:tetrahydrofolate ligase (ADP-forming)_m0		Cofactor / vitamin biosynthesis	m0
rxn09438_c0	fatty-acyl-CoA synthase (n-C12:0CoA)_c0		Other / unassigned	c0
rxn01018_c0	carbamoyl-phosphate:L-aspartate carbamoyltransferase_c0		Amino-acid metabolism	c0
rxn01575_m0	L-Isoleucine:2-oxoglutarate aminotransferase_m0		TCA cycle	m0
rxn01518_c0	ATP:deoxyuridine 5'-phosphotransferase_c0		Other / unassigned	c0
rxn03913_r0	ergosterol:NADP+ Delta24(24(1))-oxidoreductase_r0		Cofactor / vitamin biosynthesis	r0
rxn13417_c0	zymosterol ester hydrolase, yeast-specific_c0		Fatty-acid biosynthesis	c0
L_LACtm_c0	L-lactate reversible transport via proton symport_m0		Transport (inter-compartmental)	c0,m0
rxn00938_m0	Nicotinamide amidohydrolase_m0		Other / unassigned	m0
ADHAPR_SC_c0	Acyldihydroxyacetonephosphate reductase  yeast specific		Other / unassigned	c0
rxn01971_c0	ATP:D-fructose-6-phosphate 2-phosphotransferase_c0		Glycolysis / gluconeogenesis	c0
rxn09516_c0	nucleoside triphosphate phosphohydrolase_c0		Other / unassigned	c0
rxn01303_c0	Acetyl-CoA:L-homoserine O-acetyltransferase_c0		Pentose phosphate pathway	c0
rxn02213_c0	3-Dehydroquinate hydro-lyase_c0		Other / unassigned	c0
rxn00392_c0	ATP:riboflavin 5'-phosphotransferase_c0		Cofactor / vitamin biosynthesis	c0
rxn09664_c0	Peptide transporter PTR2_c0		Transport (inter-compartmental)	c0,e0
rxn05652_c0	spermidine transport in via proton antiport_c0		Transport (inter-compartmental)	c0,e0
rxn05040_c0	D-ribulose 5-phosphate formate-lyase (L-3,4-dihydroxybutan-2-one 4-phosphate-forming)_c0		Pentose phosphate pathway	c0
rxn00686_c0	5,6,7,8-tetrahydrofolate:NADP+ oxidoreductase_c0		Cofactor / vitamin biosynthesis	c0
rxn00751_c0	ATP:choline phosphotransferase_c0		Other / unassigned	c0
rxn13417_e0	zymosterol ester hydrolase, yeast-specific_e0		Fatty-acid biosynthesis	e0
rxn00060_c0	porphobilinogen:(4-[2-carboxyethyl]-3-[carboxymethyl]pyrrol-2-yl)methyltransferase (hydrolysing)_c0		Other / unassigned	c0
rxn01486_c0	trans,trans-Farnesyl-diphosphate:isopentenyl-diphosphate farnesyltranstransferase_c0		Other / unassigned	c0
rxn09476_x0	acyl-CoA oxidase_x0		β-oxidation (peroxisomal)	x0
rxn13207_m0	4-hydroxybenzoyl-CoA formation_m0		Other / unassigned	m0
rxn05680_c0	TRANS-RXNBWI-115572.ce.maizeexp.XANTHOSINE_XANTHOSINE_c0		Other / unassigned	c0,e0
rxn01420_m0	(1R,2S)-1-hydroxybutane-1,2,4-tricarboxylate:NAD+ oxidoreductase (decarboxylating)_m0		Cofactor / vitamin biosynthesis	m0
rxn30417_m0	2-oxo-4-methyl-3-carboxypentanoate decarboxylation_m0		Other / unassigned	m0
rxn02834_c0	Phosphoribosyl-ATP pyrophosphohydrolase_c0		Other / unassigned	c0
rxn30427_x0	peroxisomal acyl-CoA thioesterase_x0		β-oxidation (peroxisomal)	x0
rxn00117_c0	ATP:UDP phosphotransferase_c0		Nucleotide metabolism	c0
rxn09621_c0	C-4 sterol methyl oxidase (4-methylzymosterol)_c0		Lipid / membrane	c0
rxn05491_c0	TRANS-RXN-198.ce_c0		Other / unassigned	c0,e0
rxn09726_c0	phosphatidate reversible transport, mitochondrial, yeast-specific_m0		Transport (inter-compartmental)	c0,m0
rxn08643_c0	Glycerol-3-phosphate transport via diffusion (extracellular to periplasm)_m0		Transport (inter-compartmental)	c0,m0
rxn00380_c0	ADP:sulfate adenylyltransferase_c0		Sulfur / nitrogen assimilation	c0
rxn09459_c0	Palmitoyl-CoA desaturase (n-C16:0CoA -> n-C16:1CoA)_c0		Other / unassigned	c0
rxn05287_c0	geranylgeranyl-diphosphate:isopentenyl-diphosphate transtransferase_c0		Other / unassigned	c0
rxn01930_c0	3-Hydroxy-L-kynurenine hydrolase_c0		Amino-acid metabolism	c0
rxn05566_c0	D-galactose transport in via proton symport_c0		Transport (inter-compartmental)	c0,e0
rxn08674_c0	glutathione (ox) transport via diffusion (extracellular to periplasm)_c0		Transport (inter-compartmental)	c0,e0
rxn02989_c0	R04293_c0		Other / unassigned	c0
rxn09608_c0	Ceramide-1 hydroxylase (26C)_c0		Other / unassigned	c0
rxn00410_c0	UTP:ammonia ligase (ADP-forming)_c0		Nucleotide metabolism	c0
rxn01217_c0	dCMP aminohydrolase_c0		Other / unassigned	c0
rxn05638_c0	TRANS-RXNBWI-115637.ce.maizeexp.PRO_PRO_c0		Amino-acid metabolism	c0,e0
rxn06439_c0	L-Histidine:tRNA(His) ligase (AMP-forming)_c0		Amino-acid metabolism	c0
rxn01739_c0	ATP:shikimate 3-phosphotransferase_c0		Other / unassigned	c0
rxn05349_m0	acetyl-CoA:[acyl-carrier-protein] S-acetyltransferase_m0		Other / unassigned	m0
rxn06432_c0	L-Arginine:tRNA(Arg) ligase (AMP-forming)_c0		Amino-acid metabolism	c0
rxn04381_c0	Sphinganine, NADPH: oxygen oxidoreductase (4-hydroxylating)_c0		Cofactor / vitamin biosynthesis	c0
rxn00209_c0	Pyridoxine 5-phosphate:oxygen oxidoreductase_c0		Other / unassigned	c0
rxn13362_c0	N,N-bisformyl-dityrosine transport (extracellular)_c0		Transport (inter-compartmental)	c0,e0
rxn13336_c0	lanosterol ester hydrolase, yeast-specific_c0		Fatty-acid biosynthesis	c0
rxn00789_c0	1-(5-phospho-D-ribosyl)-ATP:diphosphate phospho-alpha-D-ribosyl-transferase_c0		Other / unassigned	c0
GLUt2r_c0	TRANS-RXNBWI-115637.ce.maizeexp.GLT_GLT_c0		Amino-acid metabolism	c0,e0
rxn13336_e0	lanosterol ester hydrolase, yeast-specific_e0		Fatty-acid biosynthesis	e0
rxn00178_c0	Acetyl-CoA:acetyl-CoA C-acetyltransferase_c0		Other / unassigned	c0
rxn09665_c0	Transport of adenosine 3',5'-bisphosphate, extracellular_c0		Transport (inter-compartmental)	c0,e0
rxn06936_c0	L-Aspartate:tRNA(Asp) ligase (AMP-forming)_c0		Amino-acid metabolism	c0
rxn02473_c0	D-erythro-1-(Imidazol-4-yl)glycerol 3-phosphate hydro-lyase_c0		Other / unassigned	c0
rxn00912_c0	5,10-Methylenetetrahydrofolate:3-methyl-2-oxobutanoate hydroxymethyltransferase_c0		Cofactor / vitamin biosynthesis	c0
VALt2r_c0	TRANS-RXNBWI-115637.ce.maizeexp.VAL_VAL_c0		Amino-acid metabolism	c0,e0
rxn13398_c0	spermine transport via proton antiport irreversible_c0		Transport (inter-compartmental)	c0,e0
3OPHB5Hm_c0	3 Hexaprenyl 4 5 dihydroxybenzoate hydroxylase  mitochondrial		Other / unassigned	c0
rxn01479_c0	CTP:ethanolamine-phosphate cytidylyltransferase_c0		Other / unassigned	c0
rxn01274_m0	(R)-S-Lactoylglutathione hydrolase_m0		Other / unassigned	m0
rxn02264_c0	Hydroxymethylbilane hydro-lyase(cyclizing)_c0		Other / unassigned	c0
TAGL_SC_c0	Triacylglycerol lipase  yeast specific		Fatty-acid biosynthesis	c0
rxn15467_m0	(R)-2,3-Dihydroxy-3-methylbutanoate hydro-lyase_m0		Other / unassigned	m0
rxn09839_c0	glyoxylate transport, peroxisomal_c0		Transport (inter-compartmental)	c0,e0
rxn13258_e0	ergosterol ester hydrolase, yeast-specific_e0		Fatty-acid biosynthesis	e0
HISt2r_c0	TRANS-RXNBWI-115637.ce.maizeexp.HIS_HIS_c0		Amino-acid metabolism	c0,e0
rxn03240_x0	(S)-3-Hydroxyhexadecanoyl-CoA hydro-lyase_x0		Other / unassigned	x0
rxn28987_c0	sirohydrochlorin ferrochelatase_c0		Other / unassigned	c0
rxn00947_x0	Palmitate:CoA ligase (AMP-forming)_x0		β-oxidation (peroxisomal)	x0
rxn00560_c0	Urea:carbon-dioxide ligase (ADP-forming)_c0		Other / unassigned	c0
rxn09296_c0	hydrogen peroxide reductase (thioredoxin)_c0		Other / unassigned	c0
NMNt2p_c0	Transport of nicotinamide mononucleotide, extracellular_x0		Transport (inter-compartmental)	c0,x0
rxn00839_c0	ATP:dADP phosphotransferase_c0		Other / unassigned	c0
rxn00189_c0	L-Glutamine amidohydrolase_c0		Amino-acid metabolism	c0
rxn06443_m0	L-Methionine:tRNAMet ligase (AMP-forming)_m0		Amino-acid metabolism	m0
rxn02789_c0	2-Isopropylmalate hydro-lyase_c0		Other / unassigned	c0
MELIBt2_c0	Melibiose transport in via symport		Transport (inter-compartmental)	c0,e0
rxn09193_c0	L-proline transport via diffusion (extracellular to periplasm)_m0		Transport (inter-compartmental)	c0,m0
rxn00838_c0	IMP:L-aspartate ligase (GDP-forming)_c0		Amino-acid metabolism	c0
rxn09842_c0	fatty acid peroxisomal transport_x0		Transport (inter-compartmental)	c0,x0
rxn01406_c0	S-adenosylmethioninamine:putrescine 3-aminopropyltransferase_c0		Other / unassigned	c0
IPCS326_SC_c0	Inositol phosphorylceramide synthase  ceramide 3  26C   yeast specific		Other / unassigned	c0
rxn05234_c0	2'-Deoxyguanosine 5'-triphosphate:oxydized-thioredoxin 2'-oxidoreductase_c0		Other / unassigned	c0
rxn27926_c0	Histidinol-phosphate aminotransferase_c0		Amino-acid metabolism	c0
rxn08063_c0	Acetate transport via diffusion (extracellular to periplasm)_m0		Transport (inter-compartmental)	c0,m0
O2ter_c0	TRANS-RXNAVI-26568.ce_g0		Other / unassigned	c0,r0
rxn13390_c0	phytosphinganine 1-phosphate endoplasmic reticular transport_g0		Transport (inter-compartmental)	c0,r0
rxn03974_c0	FMNH2:NAD+ oxidoreductase_c0		Cofactor / vitamin biosynthesis	c0
rxn30433_c0	D-sorbitol reductase_c0		Glycolysis / gluconeogenesis	c0
rxn08066_c0	adentylate kinase (GTP)_c0		Other / unassigned	c0
rxn09633_c0	4-amino-5-hydroxymethyl-2-methylpyrimidine synthetase_c0		Other / unassigned	c0
rxn01748_c0	Allantoin amidohydrolase_c0		Other / unassigned	c0
rxn09798_c0	Transport of 3-methyl-2-oxopentanoate, mitochondrial_c0		Transport (inter-compartmental)	c0,e0
rxn05199_c0	Uridine permease_c0		Other / unassigned	c0,e0
rxn01302_c0	L-homoserine:NADP+ oxidoreductase_c0		Pentose phosphate pathway	c0
rxn08439_x0	decanoyl-CoA hydrolase_x0		Other / unassigned	x0
rxn05602_c0	L-lactate reversible transport via proton symport_c0		Transport (inter-compartmental)	c0,e0
rxn06549_c0	Tetradecanoyl-CoA:glycylpeptide N-tetradecanoyltransferase_c0		Other / unassigned	c0
rxn13226_c0	phenylacetaldehyde reductase_c0		Other / unassigned	c0
rxn02290_c0	(S)-2,3-Epoxysqualene mutase (cyclizing, lanosterol-forming)_c0		Lipid / membrane	c0
rxn06937_m0	L-glutamate:tRNA(Glu) ligase (AMP-forming)_m0		Amino-acid metabolism	m0
rxn13313_c0	all-trans-hexaprenyl diphosphate transport, mitochondrial_m0		Transport (inter-compartmental)	c0,m0
IBUTOHtm_c0	isobutyl alcohol transport (extracellular)_m0		Transport (inter-compartmental)	c0,m0
rxn09653_c0	Urea active transporter_c0		Transport (inter-compartmental)	c0,e0
rxn08447_x0	fatty-acid-CoA thioesterase (octanoate)_x0		Other / unassigned	x0
PMI12346PS_c0	5 diphosphoinositol 1 2 3 4 6 pentakisphosphate synthase		Other / unassigned	c0
PINOS_SC_c0	Phosphatidylinositol synthase  yeast specific		Lipid / membrane	c0
rxn04147_c0	squalene synthase_c0		Other / unassigned	c0
rxn08413_x0	3-hydroxyacyl-CoA dehydratase (3-hydroxyoctadecanoyl-CoA)_x0		β-oxidation (peroxisomal)	x0
rxn13414_c0	ATP diphosphohydrolase (phosphate-forming)_c0		Nucleotide metabolism	c0
rxn05243_c0	TRANS-RXNBWI-115637.ce.maizeexp.LEU_LEU_c0		Amino-acid metabolism	c0,e0
rxn00493_c0	L-Phenylalanine:2-oxoglutarate aminotransferase_c0		Amino-acid metabolism	c0
rxn09791_c0	trans-4-hydroxy-L-proline mitochondrial transport via diffusion_m0		Transport (inter-compartmental)	c0,m0
rxn09466_x0	Fatty acid oxidation_x0		Other / unassigned	x0
rxn00327_c0	(S)-ureidoglycolate amidohydrolase (decarboxylating)_c0		Pentose phosphate pathway	c0
TTCCOAtx_c0	Fatty acid intracellular transport		Transport (inter-compartmental)	c0,x0
CLPNSm_SC_m0	Cardiolipin synthase  yeast specific  mitochondrial		Lipid / membrane	m0
rxn00423_c0	acetyl-CoA:L-serine O-acetyltransferase_c0		Amino-acid metabolism	c0
rxn13348_c0	Mannose-(inositol-P)2-ceramide, ceramide-1 (26C) phospholipase C_c0		Other / unassigned	c0
rxn02402_m0	Nicotinate-nucleotide:pyrophosphate phosphoribosyltransferase (carboxylating)_m0		Other / unassigned	m0
rxn00007_c0	alpha,alpha-trehalose glucohydrolase_c0		Storage (glycogen / trehalose)	c0
rxn09836_c0	malate/oxaloacetate shuttle_x0		TCA cycle	c0,x0
rxn00552_c0	D-glucosamine-6-phosphate aminohydrolase (ketol isomerizing)_c0		Glycolysis / gluconeogenesis	c0
rxn30058_c0	ribokinase_c0		Other / unassigned	c0
rxn00931_c0	L-Proline:NADP+ 5-oxidoreductase_c0		Amino-acid metabolism	c0
rxn09414_c0	deoxyhypusine synthase, cytosolic/mitochondrial_m0		Other / unassigned	c0,m0
rxn13376_c0	all-trans-Pentaprenyl diphosphate transport, mitochondrial_m0		Transport (inter-compartmental)	c0,m0
rxn09427_c0	fatty-acyl-CoA synthase (n-C18:0CoA)_c0		Other / unassigned	c0
rxn02222_c0	Indole-3-acetamide amidohydrolase_c0		Other / unassigned	c0
rxn09479_x0	acyl-CoA oxidase_x0		β-oxidation (peroxisomal)	x0
rxn09428_m0	fatty-acyl-ACP synthase (n-C18:0ACP), mitochondrial_m0		Fatty-acid biosynthesis	m0
rxn13297_c0	glucan 1,4-alpha-glucosidase, vacuole_c0		Storage (glycogen / trehalose)	c0
rxn09763_c0	Acyl-[acyl-carrier-protein] transporter, mitochondrial_m0		Transport (inter-compartmental)	c0,m0
rxn00337_c0	ATP:L-aspartate 4-phosphotransferase_c0		Amino-acid metabolism	c0
rxn00122_m0	ATP:FMN adenylyltransferase_m0		Cofactor / vitamin biosynthesis	m0
rxn09880_c0	RXN-9939.c_c0		Other / unassigned	c0
rxn13125_c0	Transport of sorbose, extracellular_c0		Transport (inter-compartmental)	c0,e0
rxn09847_x0	fatty acyl-CoA peroxisomal transport via ABC system_x0		Transport (inter-compartmental)	c0,x0
rxn32133_c0	Glutathione reductase (NADPH)_c0		Cofactor / vitamin biosynthesis	c0
rxn05527_c0	TRANS-RXN-199.ce_c0		Other / unassigned	c0,e0
rxn00453_c0	O-acetyl-L-homoserine:methanethiol 3-amino-3-carboxypropyltransferase_c0		Amino-acid metabolism	c0
rxn02276_c0	4-Maleylacetoacetate cis-trans-isomerase_c0		Other / unassigned	c0
AASAD2_c0	L aminoadipate semialdehyde dehydrogenase  NADH 		Cofactor / vitamin biosynthesis	c0
rxn30013_c0	Dihydroneopterin monophosphate dephosphorylase_c0		Other / unassigned	c0
rxn13235_c0	ceramide-1 (C24) endoplasmic reticular transport_g0		Transport (inter-compartmental)	c0,r0
rxn02219_c0	3-Indoleacetonitrile aminohydrolase_c0		Other / unassigned	c0
rxn09716_c0	Transport of pyridine-2,3-dicarboxylate, mitochondrial_m0		Transport (inter-compartmental)	c0,m0
rxn02287_c0	S-adenosyl-L-methionine:uroporphyrin-III C-methyltransferase_c0		Other / unassigned	c0
rxn13399_r0	Squalene epoxidase, endoplasmic reticular (NAD)_r0		Cofactor / vitamin biosynthesis	r0
rxn01603_c0	7,8-dihydropteroate:L-glutamate ligase (ADP-forming)_c0		Amino-acid metabolism	c0
rxn06443_c0	L-Methionine:tRNAMet ligase (AMP-forming)_c0		Amino-acid metabolism	c0
rxn20162_x0	malate synthase_x0		Pentose phosphate pathway	x0
rxn20478_x0	3-hydroxyacyl-CoA dehydrogenase (3-oxodecanoyl-CoA), peroxisomal_x0		β-oxidation (peroxisomal)	x0
rxn01380_c0	CTP:choline-phosphate cytidylyltransferase_c0		Other / unassigned	c0
rxn06435_c0	L-Cysteine:tRNA(Cys) ligase (AMP-forming)_c0		Amino-acid metabolism	c0
rxn05231_c0	2'-Deoxyadenosine 5'-diphosphate:oxidized-thioredoxin 2'-oxidoreductase_c0		Other / unassigned	c0
rxn01437_c0	N-Formyl-L-kynurenine amidohydrolase_c0		Other / unassigned	c0
rxn13187_m0	2-hexaprenyl-3-methyl-6-methoxy-1,4-benzoquinone monooxygenase, mitochondrial_m0		Other / unassigned	m0
rxn34008_c0	Sulfite Reductase (NADPH)_c0		Cofactor / vitamin biosynthesis	c0
rxn08350_c0	D-lactate transport via proton symport (periplasm)_c0		Transport (inter-compartmental)	c0,e0
rxn15049_c0	Cytidine-5'-monophosphate phosphoribohydrolase_c0		Other / unassigned	c0
rxn30672_c0	FUMARYLACETOACETASE-RXN_c0		Other / unassigned	c0
GAT1_SC_c0	Glycerol 3 phosphate acyltransferase  glycerol 3 phosphate   yeast specific		Glycolysis / gluconeogenesis	c0
rxn00764_c0	glycerol:NADP+ 2-oxidoreductase (glycerone-forming)_c0		Pentose phosphate pathway	c0
rxn02356_c0	trans-4-Hydroxy-L-proline:NAD+ 5-oxidoreductase_c0		Cofactor / vitamin biosynthesis	c0
rxn05581_c0	RXN0-1683.ce.maizeexp.GLYCEROL_GLYCEROL_c0		Glycolysis / gluconeogenesis	c0,e0
rxn08453_c0	fatty-acid-CoA ligase (hexadecenoate transport via vectoral Co-A coupling)_c0		Transport (inter-compartmental)	c0
rxn02402_c0	Nicotinate-nucleotide:pyrophosphate phosphoribosyltransferase (carboxylating)_c0		Other / unassigned	c0
rxn04142_c0	L-Allothreonine acetaldehyde-lyase_c0		Amino-acid metabolism	c0
rxn00503_m0	(S)-1-pyrroline-5-carboxylate:NAD+ oxidoreductase_m0		Amino-acid metabolism	m0
rxn05316_c0	TRANS-RXNBWI-115572.ce.maizeexp.INOSINE_INOSINE_c0		Other / unassigned	c0,e0
rxn06280_m0	L-Tyrosine:tRNA(Tyr) ligase (AMP-forming)_m0		Amino-acid metabolism	m0
rxn09034_c0	Octadecanoate transport via facilitated irreversible diffusion (extracellular to periplasm)_c0		Transport (inter-compartmental)	c0,e0
rxn09517_c0	NDPase_c0		Other / unassigned	c0
CRNCARtp_c0	Transport of L-carnitine and O-acyl-L-carnitine_x0		Transport (inter-compartmental)	c0,x0
rxn00599_m0	succinyl-CoA:glycine C-succinyltransferase (decarboxylating)_m0		Amino-acid metabolism	m0
rxn00713_c0	GTP:uridine 5'-phosphotransferase_c0		Nucleotide metabolism	c0
rxn01360_c0	(S)-dihydroorotate:fumarate oxidoreductase_c0		Other / unassigned	c0
rxn30145_m0	Dihydroxy-acid dehydratase, mitochondrial_m0		Other / unassigned	m0
rxn01445_c0	2'-Deoxyguanosine 5'-monophosphate phosphohydrolase_c0		Other / unassigned	c0
rxn06434_c0	L-Asparagine:tRNA(Asn) ligase (AMP-forming)_c0		Amino-acid metabolism	c0
rxn03052_c0	5-Methyltetrahydropteroyltri-L-glutamate:L-homocysteine S-methyltransferase_c0		Cell-wall polysaccharide	c0
rxn03063_c0	S-Adenosyl-L-methionine:zymosterol C-methyltransferase_c0		Lipid / membrane	c0
rxn08066_m0	adentylate kinase (GTP)_m0		Other / unassigned	m0
CERS124er_r0	Ceramide-1 synthase (24C)_r0		Other / unassigned	r0
rxn01377_c0	gamma-Amino-gamma-cyanobutanoate aminohydrolase_c0		Amino-acid metabolism	c0
rxn05224_c0	Riboflavin permease_m0		Cofactor / vitamin biosynthesis	c0,m0
rxn01213_c0	GPPSYN-RXN_c0		Other / unassigned	c0
CYSTLp_x0	Cystathione b lyase  peroxisomal		Cell-wall polysaccharide	x0
FAS140ACPm_m0	Fatty acyl ACP synthase  n C140ACP   mitochondrial		Fatty-acid biosynthesis	m0
rxn08448_x0	fatty-acid-CoA ligase (decanoate transport via vectoral Co-A coupling)_x0		Transport (inter-compartmental)	x0
E4HGLUtp_c0	-_x0		Other / unassigned	c0,x0
rxn09806_c0	2-Dehydropantoate mitochondrial transport_m0		Transport (inter-compartmental)	c0,m0
rxn09790_c0	5-Aminolevulinate mitochondrial transport_m0		Transport (inter-compartmental)	c0,m0
rxn01537_c0	Thiamin hydrolase_c0		Cofactor / vitamin biosynthesis	c0
rxn13327_c0	inositol phosphorylceramide, ceramide-1 (26C) phospholipase C_c0		Other / unassigned	c0
rxn00966_c0	chorismate pyruvate-lyase (4-hydroxybenzoate-forming)_c0		Glycolysis / gluconeogenesis	c0
rxn09803_c0	Transport of 2-oxoadipate, mitochondrial_m0		Transport (inter-compartmental)	c0,m0
rxn05201_c0	TRANS-RXNBWI-115572.ce.maizeexp.HYPOXANTHINE_HYPOXANTHINE_c0		Other / unassigned	c0,e0
rxn00830_c0	Isopentenyl-diphosphate delta3-delta2-isomerase_c0		Other / unassigned	c0
rxn00903_c0	L-Valine:2-oxoglutarate aminotransferase_c0		Amino-acid metabolism	c0
rxn09332_c0	Tetradecenoate transport via facilitated irreversible diffusion (extracellular to periplasm)_x0		Transport (inter-compartmental)	c0,x0
rxn13328_c0	inositol phosphorylceramide, ceramide-2 (24C) phospholipase C_c0		Other / unassigned	c0
GLXtp_c0	glyoxylate transport, peroxisomal_x0		Transport (inter-compartmental)	c0,x0
rxn09544_c0	phosphatidate kinase, yeast-specific_c0		Other / unassigned	c0
rxn09600_c0	Ceramide-3 synthase (26C)_c0		Other / unassigned	c0
rxn09663_c0	TRANS-RXNAVI-26524.ce.brachyexp.CPD-10330_CPD-10330_c0		Other / unassigned	c0,e0
rxn13201_c0	3-methylbutanal transport (extracellular)_c0		Transport (inter-compartmental)	c0,e0
rxn30079_c0	5'-methylthioadenosine phosphorylase_c0		Other / unassigned	c0
rxn09425_m0	fatty-acyl-ACP synthase (n-C18:2ACP), mitochondrial_m0		Fatty-acid biosynthesis	m0
rxn05233_c0	2'-Deoxyguanosine 5'-diphosphate:oxidized-thioredoxin 2'-oxidoreductase_c0		Other / unassigned	c0
rxn00069_c0	L-glutamate:NAD+ oxidoreductase (transaminating)_c0		Amino-acid metabolism	c0
rxn08525_c0	formate transport via diffusion (extracellular to periplasm)_c0		Transport (inter-compartmental)	c0,e0
rxn01833_c0	aminoacetone:oxygen oxidoreductase(deaminating)_c0		Other / unassigned	c0
rxn33365_c0	XMP:pyrophosphate phosphoribosyltransferase_c0		Other / unassigned	c0
rxn03390_m0	R04982_m0		Other / unassigned	m0
rxn01366_c0	Uridine:phosphate alpha-D-ribosyltransferase_c0		Other / unassigned	c0
2MPPALtm_c0	2-methylpropanal transport (extracellular)_m0		Transport (inter-compartmental)	c0,m0
rxn01265_m0	Nicotinate D-ribonucleotide:diphosphate phosphoribosyltransferase_m0		Other / unassigned	m0
rxn09539_c0	phosphatidylinositol-4-phosphate 5-kinase, yeast-specfic_c0		Lipid / membrane	c0
rxn13387_c0	diphosphoinositol-1,3,4,6-tetrakisphosphate synthase_c0		Other / unassigned	c0
rxn00758_c0	sn-Glycero-3-phosphocholine glycerophosphohydrolase_c0		Glycolysis / gluconeogenesis	c0
rxn32133_m0	Glutathione reductase (NADPH)_m0		Cofactor / vitamin biosynthesis	m0
rxn00610_c0	sn-glycerol-3-phosphate phosphohydrolase_c0		Glycolysis / gluconeogenesis	c0
rxn00727_c0	Chorismate pyruvate-lyase (amino-accepting)_c0		Amino-acid metabolism	c0
rxn01465_c0	(S)-dihydroorotate amidohydrolase_c0		Other / unassigned	c0
THRt2r_c0	TRANS-RXNBWI-115637.ce.maizeexp.THR_THR_c0		Amino-acid metabolism	c0,e0
rxn05483_c0	RXN0-1683.ce.maizeexp.L-ARABITOL_L-ARABITOL_c0		Other / unassigned	c0,e0
rxn00208_c0	Pyridoxamine-5'-phosphate:oxygen oxidoreductase (deaminating)_c0		Other / unassigned	c0
rxn05307_c0	TRANS-RXNBWI-115637.ce.maizeexp.SER_SER_m0		Oxidative phosphorylation / ETC	c0,m0
rxn09566_c0	pyridoxal oxidase_c0		Cofactor / vitamin biosynthesis	c0
rxn01643_c0	L-Aspartate-4-semialdehyde:NADP+ oxidoreductase (phosphorylating)_c0		Cofactor / vitamin biosynthesis	c0
rxn13331_c0	inositol phosphorylceramide, ceramide-3 (26C) phospholipase C_c0		Other / unassigned	c0
rxn09807_c0	2-Dehydro-3-deoxy-D-arabino-heptonate7-phohsphate mitochondrial transport via diffusion_m0		Transport (inter-compartmental)	c0,m0
rxn01225_c0	Guanine aminohydrolase_c0		Other / unassigned	c0
rxn00948_c0	Palmitoyl-CoA:L-serine C-palmitoyltransferase (decarboxylating)_c0		Amino-acid metabolism	c0
rxn09486_c0	UDP-N-acetylglucosamine pyrophosphorylase_c0		Nucleotide metabolism	c0
rxn01858_c0	Deoxyadenosine aminohydrolase_c0		Other / unassigned	c0
rxn09728_c0	pantothenate mitochondrial transport_m0		Transport (inter-compartmental)	c0,m0
rxn13247_c0	D-lactate/pyruvate antiport, mitochondrial_m0		Glycolysis / gluconeogenesis	c0,m0
NH4tp_c0	TRANS-RXN-173.ce_x0		Other / unassigned	c0,x0
rxn09581_c0	phytosphingosine phosphate lyase_c0		Lipid / membrane	c0
rxn13224_c0	aldehyde dehydrogenase (isobutyl alcohol, NAD)_c0		Cofactor / vitamin biosynthesis	c0
rxn05301_c0	TRANS-RXNBWI-115637.ce.maizeexp.TYR_TYR_m0		Oxidative phosphorylation / ETC	c0,m0
rxn09609_c0	Ceramide-1 hydroxylase (24C)_c0		Other / unassigned	c0
rxn05244_c0	TRANS-RXNBWI-115637.ce.maizeexp.ILE_ILE_c0		Amino-acid metabolism	c0,e0
rxn00913_c0	Guanosine 5'-monophosphate phosphohydrolase_c0		Other / unassigned	c0
rxn02914_c0	3-Phosphoserine:2-oxoglutarate aminotransferase_c0		Amino-acid metabolism	c0
rxn05209_c0	TRANS-RXNBWI-115525.ce.maizeexp.NA+_NA+_c0		Other / unassigned	c0,e0
rxn12919_c0	RXN3O-227.c_c0		Other / unassigned	c0
rxn02063_r0	squalene,NADPH:oxygen oxidoreductase (2,3-epoxidizing)_r0		Cofactor / vitamin biosynthesis	r0
rxn20476_x0	3-hydroxyacyl-CoA dehydrogenase (3-oxooctadecanoyl-CoA), peroxisomal_x0		β-oxidation (peroxisomal)	x0
rxn06447_c0	L-Threonine:tRNA(Thr) ligase (AMP-forming)_c0		Amino-acid metabolism	c0
rxn00124_c0	ATP:pyridoxal 5'-phosphotransferase_c0		Cofactor / vitamin biosynthesis	c0
rxn13354_c0	Mannose-inositol phosphorylceramide, ceramide-1 (26C) phospholipase C_c0		Other / unassigned	c0
CO2tp_c0	CO2 transporter via diffusion_x0		Transport (inter-compartmental)	c0,x0
rxn13342_c0	Lyso-phosphatidylcholine acyltransferase acyltransferase, yeast-specific_c0		Lipid / membrane	c0
rxn08065_c0	adenine transport via diffusion (extracellular to periplasm)_m0		Transport (inter-compartmental)	c0,m0
rxn32479_c0	Glutamate-5-semialdehyde dehydrogenase_c0		Other / unassigned	c0
PMI12346PH_c0	5 diphosphoinositol 1 2 3 4 6 pentakisphosphate diphosphohydrolase		Other / unassigned	c0
O2tm_c0	TRANS-RXNAVI-26568.ce_m0		Other / unassigned	c0,m0
rxn03445_c0	O-Phospho-4-hydroxy-L-threonine:2-oxoglutarate aminotransferase_c0		Amino-acid metabolism	c0
rxn13236_c0	ceramide-1 (C26) endoplasmic reticular transport_g0		Transport (inter-compartmental)	c0,r0
rxn09617_c0	cytochrome P450 lanosterol 14-alpha-demethylase (NADP)_c0		Cofactor / vitamin biosynthesis	c0
rxn03892_m0	R05613_m0		Other / unassigned	m0
rxn01746_c0	Allantoate amidinohydrolase_c0		Other / unassigned	c0
PYRDC2_c0	Pyruvate decarboxylase  acetoin forming 		Glycolysis / gluconeogenesis	c0
rxn09853_x0	fatty acid peroxisomal transport via ABC system_x0		Transport (inter-compartmental)	c0,x0
rxn30430_c0	ribonucleoside-diphosphate reductase (CDP), nuclear_c0		Other / unassigned	c0
rxn13360_c0	NADP transporter_c0		Transport (inter-compartmental)	c0,e0
CO2tm_c0	CO2 transporter via diffusion_m0		Transport (inter-compartmental)	c0,m0
rxn06936_m0	L-Aspartate:tRNA(Asp) ligase (AMP-forming)_m0		Amino-acid metabolism	m0
rxn30391_m0	homocitrate synthase_m0		TCA cycle	m0
rxn09474_x0	acyl-CoA oxidase (hexacanoyl-CoA), peroxisomal_x0		β-oxidation (peroxisomal)	x0
rxn06280_c0	L-Tyrosine:tRNA(Tyr) ligase (AMP-forming)_c0		Amino-acid metabolism	c0
rxn13257_c0	Acyl-CoA:ergosterol acyltransferase, yeast-specific_c0		Lipid / membrane	c0
rxn02201_m0	2-amino-4-hydroxy-6-hydroxymethyl-7,8-dihydropteridine-diphosphate:4-aminobenzoate 2-amino-4-hydroxydihydropteridine-6-methenyltransferase_m0		Other / unassigned	m0
rxn02160_c0	L-Histidinol-phosphate phosphohydrolase_c0		Other / unassigned	c0
rxn02666_c0	R03758_c0		Other / unassigned	c0
rxn05582_c0	TRANS-RXNBWI-115637.ce.maizeexp.GLY_GLY_m0		Oxidative phosphorylation / ETC	c0,m0
rxn01501_c0	(R)-Mevalonate:NADP+ oxidoreductase (CoA acylating)_c0		Cofactor / vitamin biosynthesis	c0
rxn13410_c0	L-tyrosine N-formyltransferase_c0		Amino-acid metabolism	c0
rxn13311_m0	Heme O monooxygenase, mitochondrial_m0		Other / unassigned	m0
rxn09431_c0	fatty-acyl-CoA synthase (n-C16:0CoA)_c0		Other / unassigned	c0
GSNt2m_c0	TRANS-RXNBWI-115572.ce.maizeexp.GUANOSINE_GUANOSINE_m0		Oxidative phosphorylation / ETC	c0,m0
rxn09761_c0	fatty-acyl-ACP mitochondrial transport_m0		Transport (inter-compartmental)	c0,m0
rxn13395_c0	sirohydrochlorin dehydrogenase_c0		Other / unassigned	c0
rxn30044_c0	Ornithine Decarboxylase_c0		Other / unassigned	c0
rxn20480_x0	3-hydroxyacyl-CoA dehydrogenase (3-oxodecanoyl-CoA), peroxisomal_x0		β-oxidation (peroxisomal)	x0
ATPtp_H_c0	ADP/ATP transporter, mitochondrial_x0		Transport (inter-compartmental)	c0,x0
rxn08067_m0	adentylate kinase (ITP)_m0		Other / unassigned	m0
rxn05308_c0	Pantothenate reversible transport via proton symport_c0		Transport (inter-compartmental)	c0,e0
rxn30057_c0	riboflavin synthase_c0		Cofactor / vitamin biosynthesis	c0
rxn01265_c0	Nicotinate D-ribonucleotide:diphosphate phosphoribosyltransferase_c0		Other / unassigned	c0
rxn09487_m0	Delta-1-pyrroline-5-carboxylate dehydrogenase, mitochondrial_m0		Amino-acid metabolism	m0
rxn03245_x0	(S)-Hydroxydecanoyl-CoA hydro-lyase_x0		Other / unassigned	x0
rxn00649_c0	O3-acetyl-L-serine:hydrogen-sulfide 2-amino-2-carboxyethyltransferase_c0		Amino-acid metabolism	c0
rxn09286_c0	taurine transport via diffusion (extracellular to periplasm)_c0		Transport (inter-compartmental)	c0,e0
rxn09456_c0	R08163_c0		Other / unassigned	c0
rxn29991_c0	argininosuccinate synthase_c0		Amino-acid metabolism	c0
rxn01291_c0	L-Arabitol:NADP+ 1-oxidoreductase_c0		Pentose-sugar catabolism	c0
rxn00061_c0	ATP diphosphohydrolase (phosphate-forming)_c0		Other / unassigned	c0
rxn03241_x0	(S)-3-Hydroxytetradecanoyl-CoA hydro-lyase_x0		Other / unassigned	x0
LYSt2r_c0	TRANS-RXN-58.cp_c0		Amino-acid metabolism	c0,e0
rxn09561_c0	3',5'-cyclic-nucleotide phosphodiesterase 2_c0		Other / unassigned	c0
rxn00022_c0	maltose glucohydrolase_c0		Glycolysis / gluconeogenesis	c0
rxn00116_c0	UDP phosphohydrolase_c0		Other / unassigned	c0
rxn00792_c0	biotin:CoA ligase (AMP-forming)_c0		Cofactor / vitamin biosynthesis	c0
rxn06538_m0	10-Formyltetrahydrofolate:L-methionyl-tRNA N-formyltransferase_m0		Cofactor / vitamin biosynthesis	m0
rxn09578_c0	Sphingoid long chain base kinase 4_c0		Lipid / membrane	c0
FA181ACPtm_c0	Fatty acyl ACP mitochondrial transport		Transport (inter-compartmental)	c0,m0
rxn29990_c0	argininosuccinate lyase_c0		Amino-acid metabolism	c0
rxn13365_c0	Oxaloacetate transport_c0		Transport (inter-compartmental)	c0,e0
rxn00437_c0	ATP:thiamine-diphosphate phosphotransferase_c0		Cofactor / vitamin biosynthesis	c0
rxn00914_c0	ATP:guanosine 5'-phosphotransferase_c0		Nucleotide metabolism	c0
rxn13196_c0	2-phenylethanol reversible transport_c0		Transport (inter-compartmental)	c0,e0
rxn09639_c0	squalene endoplamic reticular transport_g0		Transport (inter-compartmental)	c0,r0
rxn13396_c0	sphinganine 1-phosphate endoplasmic reticular transport_g0		Transport (inter-compartmental)	c0,r0
rxn09765_c0	D-erythrose 4-phosphate mtiochondrial transport via diffusion_m0		Transport (inter-compartmental)	c0,m0
rxn10791_c0	GTP diphosphohydrolase_c0		Nucleotide metabolism	c0
rxn03224_m0	S-adenosyl-L-methionine:3-hexaprenyl-4,5-dihydroxylate O-methyltransferase_m0		Other / unassigned	m0
rxn01043_c0	xylitol:NADP+ oxidoreductase_c0		Pentose-sugar catabolism	c0
rxn00100_m0	ATP:dephospho-CoA 3'-phosphotransferase_m0		Other / unassigned	m0
rxn13329_c0	inositol phosphorylceramide, ceramide-2 (26C) phospholipase C_c0		Other / unassigned	c0
rxn13332_c0	Isopentenyl diphosphate transport, mitochondrial_m0		Transport (inter-compartmental)	c0,m0
rxn00686_m0	5,6,7,8-tetrahydrofolate:NADP+ oxidoreductase_m0		Cofactor / vitamin biosynthesis	m0
rxn08318_c0	Fatty acid (dodecanoate) transport via facilitated irreversible diffusion (extracellular to periplasm)_x0		Transport (inter-compartmental)	c0,x0
rxn09849_x0	fatty acyl-CoA peroxisomal transport via ABC system_x0		Transport (inter-compartmental)	c0,x0
rxn01513_c0	ATP:dTMP phosphotransferase_c0		Nucleotide metabolism	c0
rxn01505_c0	N-Acetyl-D-glucosamine 1-phosphate 1,6-phosphomutase_c0		Other / unassigned	c0
rxn09606_r0	Ceramide-1 synthase (sphinganine + C26:0-CoA), ER_r0		Other / unassigned	r0
rxn08314_c0	Decanoate transport via diffusion (extracellular to periplasm)_x0		Transport (inter-compartmental)	c0,x0
rxn00765_c0	Glycerol:NADP+ oxidoreductase_c0		Glycolysis / gluconeogenesis	c0
rxn09631_c0	thiazole phosphate synthesis (xylulose 5-phosphate), yeast-specific_c0		Amino-acid metabolism	c0
rxn08451_c0	fatty-acid-CoA ligase (tetradecenoate transport via vectoral Co-A coupling)_c0		Transport (inter-compartmental)	c0
34HPPt2p_c0	3-(4-hydroxyphenyl)pyruvate mitochondrial transport via proton symport_x0		Transport (inter-compartmental)	c0,x0
FAS161ACPm_m0	Fatty acyl ACP synthase  n C161ACP   mitochondrial		Fatty-acid biosynthesis	m0
rxn09218_c0	pyruvate transport via diffusion (extracellular to periplasm)_c0		Transport (inter-compartmental)	c0,e0
rxn01218_c0	2'-Deoxycytidine 5'-monophosphate phosphohydrolase_c0		Other / unassigned	c0
rxn05663_c0	TRANS-RXNBWI-115637.ce.maizeexp.TRP_TRP_m0		Oxidative phosphorylation / ETC	c0,m0
CITtcp_c0	Tricarboxylate transport protein_x0		Transport (inter-compartmental)	c0,x0
rxn05203_c0	TRANS-RXNBWI-115572.ce.maizeexp.GUANINE_GUANINE_c0		Other / unassigned	c0,e0
rxn12529_c0	TRANS-RXNAVI-26524.ce.brachyexp.GLYCEROL_GLYCEROL_c0		Glycolysis / gluconeogenesis	c0,e0
rxn09565_c0	ATP adenylyltransferase_c0		Other / unassigned	c0
rxn00006_x0	hydrogen-peroxide:hydrogen-peroxide oxidoreductase_x0		Other / unassigned	x0
C4STMO1_c0	C 4 sterol methyl oxidase  4 4 dimethylzymosterol 		Lipid / membrane	c0
SERt2r_c0	TRANS-RXNBWI-115637.ce.maizeexp.SER_SER_c0		Amino-acid metabolism	c0,e0
rxn08457_x0	fatty-acid-CoA ligase (octanoate transport via vectoral Co-A coupling)_x0		Transport (inter-compartmental)	x0
rxn00926_c0	Adenine aminohydrolase_c0		Other / unassigned	c0
rxn13384_c0	phospholipase D, yeast-specific_c0		Other / unassigned	c0
IPCS324_SC_c0	Inositol phosphorylceramide synthase  ceramide 3  24C   yeast specific		Other / unassigned	c0
rxn39072_r0			Other / unassigned	r0
rxn00615_c0	ATP:glycerol 3-phosphotransferase_c0		Glycolysis / gluconeogenesis	c0
rxn13375_c0	phosphatidylcholine-diacylglycerol acyltransferase_c0		Lipid / membrane	c0
rxn00947_c0	Palmitate:CoA ligase (AMP-forming)_c0		Fatty-acid biosynthesis	c0
rxn09264_c0	SPERMACTRAN-RXN.c_c0		Other / unassigned	c0
rxn01783_c0	Sphinganine-1-phosphate pamlmitaldehyde-lyase_c0		Other / unassigned	c0
rxn00420_c0	O-phospho-L-serine phosphohydrolase_c0		Amino-acid metabolism	c0
rxn08435_c0	fatty-acyl-ACP hydrolase_c0		Fatty-acid biosynthesis	c0
rxn08682_c0	Guanine transport via diffusion (extracellular to periplasm)_m0		Transport (inter-compartmental)	c0,m0
rxn05736_c0	acyl-coenzyme A ligase_c0		Cofactor / vitamin biosynthesis	c0
rxn09465_x0	Fatty acid oxidation_x0		Other / unassigned	x0
rxn02835_c0	1-(5-phospho-D-ribosyl)-AMP 1,6-hydrolase_c0		Other / unassigned	c0
rxn01800_c0	Deoxycytidine aminohydrolase_c0		Other / unassigned	c0
rxn09422_m0	fatty acyl-ACP synthase (n-C8:0ACP), mitochondrial, lumped reaction_m0		Fatty-acid biosynthesis	m0
rxn06151_c0	Chitin amidohydrolase_c0		Cell-wall polysaccharide	c0
rxn08704_c0	Hexadecanoate transport via facilitated irreversible diffusion (extracellular to periplasm)_x0		Transport (inter-compartmental)	c0,x0
rxn01226_c0	Guanosine ribohydrolase_c0		Other / unassigned	c0
rxn02938_c0	1-(5-phospho-D-ribosyl)-5-amino-4-imidazolecarboxylate carboxy-lyase_c0		Other / unassigned	c0
rxn08444_x0	Stearoyl-CoA hydrolase_x0		Other / unassigned	x0
rxn30056_c0	riboflavin synthase_c0		Cofactor / vitamin biosynthesis	c0
rxn06434_m0	L-Asparagine:tRNA(Asn) ligase (AMP-forming)_m0		Amino-acid metabolism	m0
rxn09843_x0	fatty acyl-CoA peroxisomal transport via ABC system_x0		Transport (inter-compartmental)	c0,x0
rxn00943_x0	Palmitoyl-CoA hydrolase_x0		β-oxidation (peroxisomal)	x0
rxn09499_m0	glycine-cleavage complex (lipoamide), mitochondrial_m0		Amino-acid metabolism	m0
rxn00274_c0	Acetyl-CoA:glycine C-acetyltransferase_c0		Amino-acid metabolism	c0
rxn01808_c0	pyridoxamine-5'-phosphate phosphohydrolase_c0		Other / unassigned	c0
rxn09864_c0	AMP/ATP transporter, peroxisomal_x0		Transport (inter-compartmental)	c0,x0
rxn35571_c0	Phosphoribosylaminoimidazole-succinocarboxamide synthase_c0		Amino-acid metabolism	c0
rxn01825_c0	Homogentisate:oxygen 1,2-oxidoreductase (decyclizing)_c0		Other / unassigned	c0
rxn09742_c0	indole-3-acetaldehyde mitochondrial transport via diffusion_c0		Transport (inter-compartmental)	c0,e0
rxn15113_c0	uracil hydro-lyase (adding D-ribose 5-phosphate;pseudouridine-5'-phosphate-forming)_c0		Other / unassigned	c0
rxn09567_c0	NAD-linked formaldehyde dehydrogenase_c0		Cofactor / vitamin biosynthesis	c0
rxn09739_c0	Mitochondrial dicarboxylate transporter_m0		Transport (inter-compartmental)	c0,m0
rxn09469_x0	Fatty acid oxidation_x0		Other / unassigned	x0
rxn08453_x0	fatty-acid-CoA ligase (hexadecenoate transport via vectoral Co-A coupling)_x0		Transport (inter-compartmental)	x0
rxn01127_c0	ATP:dAMP phosphotransferase_c0		Nucleotide metabolism	c0
rxn09729_c0	Transport of pantetheine 4'-phosphate, mitochondrial_m0		Transport (inter-compartmental)	c0,m0
rxn00709_c0	ATP:uridine 5'-phosphotransferase_c0		Nucleotide metabolism	c0
rxn30439_c0	thiamin phosphatase, extracellular_c0		Cofactor / vitamin biosynthesis	c0
rxn00829_c0	ATP:(R)-5-diphosphomevalonate carboxy-lyase (adding ATP; isopentenyl-diphosphate-forming)_c0		Other / unassigned	c0
rxn11322_c0	(R,R)-butanediol transport_c0		Transport (inter-compartmental)	c0,e0
rxn13386_c0	diphosphoinositol-1,3,4,6-tetrakisphosphate diphosphohydrolase_c0		Other / unassigned	c0
rxn13378_c0	1-phosphatidylinositol-3,5-bisphosphate 5-phosphatase, yeast-specific_c0		Lipid / membrane	c0
rxn00029_c0	5-aminolevulinate hydro-lyase (adding 5-aminolevulinate and cyclizing; porphobilinogen-forming)_c0		Other / unassigned	c0
rxn09471_x0	Fatty acid oxidation_x0		Other / unassigned	x0
3C3HMPtm_c0	Transport of 2-isopropylmalate, mitochondrial_m0		Transport (inter-compartmental)	c0,m0
rxn30014_c0	Dihydroneopterin triphosphate pyrophosphatase_c0		Other / unassigned	c0
rxn09615_c0	Mevalonate kinase_c0		Other / unassigned	c0
rxn01509_c0	ATP:dGMP phosphotransferase_c0		Nucleotide metabolism	c0
rxn05310_c0	Nicotinate transport (Plasma membrane)_c0		Transport (inter-compartmental)	c0,e0
rxn08172_c0	L-allo-threonine dehydrogenase_c0		Other / unassigned	c0
rxn00100_c0	ATP:dephospho-CoA 3'-phosphotransferase_c0		Other / unassigned	c0
rxn05508_c0	TRANS-RXNBWI-115637.ce.maizeexp.ASN_ASN_m0		Oxidative phosphorylation / ETC	c0,m0
rxn13347_c0	Mannose-(inositol-P)2-ceramide, ceramide-1 (24C) phospholipase C_c0		Other / unassigned	c0
rxn28356_c0	RXN-7700.d_c0		Other / unassigned	c0
ACACT9p_x0	Acetyl CoA acyltransferase  tetracosanoyl CoA   peroxisomal		Other / unassigned	x0
rxn08028_c0	4-aminobutyrate transport via diffusion (extracellular to periplasm)_m0		Transport (inter-compartmental)	c0,m0
rxn01438_c0	L-Kynurenine,NADPH:oxygen oxidoreductase (3-hydroxylating)_c0		Cofactor / vitamin biosynthesis	c0
rxn01416_c0	thiosulfate:cyanide sulfurtranserase		Other / unassigned	c0
rxn02297_c0	6-Carboxyhexanoyl-CoA:L-alanine C-carboxyhexanoyltransferase (decarboxylating)_c0		Amino-acid metabolism	c0
rxn13149_c0	Hypothetical enzyme_c0		Other / unassigned	c0
rxn05093_c0	sulfur:oxygen oxidoreductase (hydrogen-sulfide- and sulfite-forming)_c0		Other / unassigned	c0
rxn05144_c0	Pyridoxal 5-phosphate synthase_c0		Amino-acid metabolism	c0
rxn09810_c0	phosphatidyl-1D-myo-insoitol nuclear transport, yeast-specific		Transport (inter-compartmental)	c0,e0
rxn09607_c0	alkaline ceramidase (ceramide-1), endoplasmic reticulum_c0		Other / unassigned	c0
rxn09606_c0	alkaline ceramidase (ceramide-1), endoplasmic reticulum_c0		Other / unassigned	c0
rxn11720_c0	R08185_c0		Other / unassigned	c0
rxn10638_c0	Hexacosanoic acid:CoA ligase (AMP-forming)_c0		Fatty-acid biosynthesis	c0
rxn05148_c0	Heme transport via ABC system_c0		Transport (inter-compartmental)	c0,e0
rxn05255_c0	folate transport via proton simport_c0		Transport (inter-compartmental)	c0,e0
rxn10147_c0	ABC-5-RXN.cp_c0		Other / unassigned	c0,e0
rxn05687_c0	Transport of putrescine, extracellular_c0		Transport (inter-compartmental)	c0,e0
rxn12666_c0	Pyridoxal transport_c0		Transport (inter-compartmental)	c0,e0
TRP_malcoa_c0r0	Malonyl-CoA transport c0→r0		Transport (inter-compartmental)	c0,r0
TRP_strcoa_c0r0	Stearoyl-CoA (C18) transport c0→r0		Transport (inter-compartmental)	c0,r0
TRP_nadh_c0r0	NADH transport c0→r0		Transport (inter-compartmental)	c0,r0
EXP_c20coa_r0c0	Icosanoyl-CoA (C20) export r0→c0		Other / unassigned	c0,r0
EXP_c22coa_r0c0	Behenoyl-CoA (C22) export r0→c0		Other / unassigned	c0,r0
EXP_c24coa_r0c0	Tetracosanoyl-CoA (C24) export r0→c0		Other / unassigned	c0,r0
TRP_sphinganine_r0c0	Sphinganine transport r0→c0		Transport (inter-compartmental)	c0,r0
TRP_phytosphingosine_r0c0	Phytosphingosine transport r0→c0		Transport (inter-compartmental)	c0,r0
TRP_hxccoa_r0c0	Hexacosanoyl-CoA r0→c0		Transport (inter-compartmental)	c0,r0
EX_cpd03847_e0	Exchange for Myristic acid_e0		Exchange	e0
EX_cpd00393_e0	Exchange for Folate_e0		Exchange	e0
EX_cpd16883_e0	Exchange for fecosterol ester, yeast-specific_e0		Exchange	e0
EX_cpd00006_e0	Exchange for NADP_e0		Exchange	e0
EX_cpd01499_e0	Exchange for 2-Methylbutanal_e0		Exchange	e0
EX_cpd03221_e0	Exchange for Zymosterol_e0		Exchange	e0
EX_cpd00032_e0	Exchange for Oxaloacetate_e0		Exchange	e0
EX_cpd00017_e0	Exchange for S-Adenosyl-L-methionine_e0		Exchange	e0
EX_ocdcya-e_e0	Exchange for Octadecadienoate  n C182  C18H31O2		Exchange	e0
EX_cpd00104_e0	Exchange for BIOT_e0		Exchange	e0
EX_cpd00264_e0	Exchange for Spermidine_e0		Exchange	e0
EX_cpd00119_e0	Exchange for L-Histidine_e0		Exchange	e0
EX_cpd00132_e0	Exchange for L-Asparagine_e0		Exchange	e0
EX_cpd00081_e0	Exchange for Sulfite_e0		Exchange	e0
EX_cpd00069_e0	Exchange for L-Tyrosine_e0		Exchange	e0
EX_cpd00306_e0	Exchange for Xylitol_e0		Exchange	e0
EX_cpd00033_e0	Exchange for Glycine_e0		Exchange	e0
EX_cpd00229_e0	Exchange for Glycolaldehyde_e0		Exchange	e0
EX_cpd00210_e0	Exchange for Taurine_e0		Exchange	e0
EX_cpd00507_e0	Exchange for Glycerophosphocholine_e0		Exchange	e0
EX_cpd16888_e0	Exchange for octadecadienoate (n-C18:2)_e0		Exchange	e0
EX_cpd15240_e0	Exchange for hexacosanoate_e0		Exchange	e0
EX_cpd00288_e0	Exchange for D-Glucosamine phosphate_e0		Exchange	e0
EX_cpd00438_e0	Exchange for Deoxyadenosine_e0		Exchange	e0
EX_cpd00040_e0	Exchange for Glyoxalate_e0		Exchange	e0
EX_cpd01080_e0	Exchange for ocdca_e0		Exchange	e0
EX_cpd00277_e0	Exchange for Deoxyguanosine_e0		Exchange	e0
EX_cpd09068_e0	Exchange for Isoamyl acetate_e0		Exchange	e0
EX_cpd01741_e0	Exchange for ddca_e0		Exchange	e0
EX_cpd00035_e0	Exchange for L-Alanine_e0		Exchange	e0
EX_cpd01170_e0	Exchange for Ergosterol_e0		Exchange	e0
EX_cpd00644_e0	Exchange for PAN_e0		Exchange	e0
EX_cpd00041_e0	Exchange for L-Aspartate_e0		Exchange	e0
EX_cpd00023_e0	Exchange for L-Glutamate_e0		Exchange	e0
EX_cpd16884_e0	Exchange for isobutyl acetate_e0		Exchange	e0
EX_cpd00508_e0	Exchange for 3MOP_e0		Exchange	e0
EX_cpd01092_e0	Exchange for Allantoin_e0		Exchange	e0
EX_cpd00151_e0	Exchange for Thymine_e0		Exchange	e0
EX_cpd00121_e0	Exchange for L-Inositol_e0		Exchange	e0
EX_cpd00220_e0	Exchange for Riboflavin_e0		Exchange	e0
EX_cpd00028_e0	Exchange for Heme_e0		Exchange	e0
EX_cpd00215_e0	Exchange for Pyridoxal_e0		Exchange	e0
EX_cpd00357_e0	Exchange for TTP_e0		Exchange	e0
EX_orn-e_e0	Exchange for Ornithine		Exchange	e0
EX_cpd00280_e0	Exchange for D-Galacturonate_e0		Exchange	e0
EX_cpd00307_e0	Exchange for Cytosine_e0		Exchange	e0
EX_cpd00128_e0	Exchange for Adenine_e0		Exchange	e0
EX_cpd16896_e0	Exchange for zymosterol ester, yeast-specific_e0		Exchange	e0
EX_cpd11966_e0	Exchange for Acetic ester_e0		Exchange	e0
EX_cpd11608_e0	Exchange for Peptide_e0		Exchange	e0
EX_cpd11601_e0	Exchange for Pectin_e0		Exchange	e0
EX_cpd03279_e0	Exchange for Deoxyinosine_e0		Exchange	e0
EX_cpd00053_e0	Exchange for L-Glutamine_e0		Exchange	e0
EX_cpd00098_e0	Exchange for Choline_e0		Exchange	e0
EX_cpd00214_e0	Exchange for Palmitate_e0		Exchange	e0
EX_cpd00108_e0	Exchange for Galactose_e0		Exchange	e0
EX_cpd00066_e0	Exchange for L-Phenylalanine_e0		Exchange	e0
EX_cpd00654_e0	Exchange for Deoxycytidine_e0		Exchange	e0
EX_cpd00054_e0	Exchange for L-Serine_e0		Exchange	e0
EX_cpd16885_e0	Exchange for lanosterol ester, yeast-specific_e0		Exchange	e0
EX_cpd16880_e0	Exchange for episterol ester, yeast-specific_e0		Exchange	e0
EX_cpd00417_e0	Exchange for L-Lyxitol_e0		Exchange	e0
EX_cpd16873_e0	Exchange for 2-methyl-1-butanol_e0		Exchange	e0
EX_cpd00558_e0	Exchange for Spermine_e0		Exchange	e0
EX_cpd00185_e0	Exchange for D-Arabinose_e0		Exchange	e0
EX_cpd02755_e0	Exchange for Fecosterol_e0		Exchange	e0
EX_cpd03198_e0	Exchange for Melibiose_e0		Exchange	e0
EX_cpd00218_e0	Exchange for Niacin_e0		Exchange	e0
EX_cpd03481_e0	Exchange for 2-phenylethanol_e0		Exchange	e0
EX_cpd04534_e0	Exchange for 3-Methylbutanal_e0		Exchange	e0
EX_cpd00092_e0	Exchange for Uracil_e0		Exchange	e0
EX_cpd00281_e0	Exchange for GABA_e0		Exchange	e0
EX_cpd00794_e0	Exchange for TRHL_e0		Exchange	e0
EX_cpd00226_e0	Exchange for HYXN_e0		Exchange	e0
EX_cpd00084_e0	Exchange for L-Cysteine_e0		Exchange	e0
EX_cpd11624_e0	Exchange for Lecithin_e0		Exchange	e0
EX_cpd00036_e0	Exchange for Succinate_e0		Exchange	e0
EX_cpd00902_e0	Exchange for sn-glycero-3-Phospho-1-inositol_e0		Exchange	e0
EX_cpd00338_e0	Exchange for 5-Aminolevulinate_e0		Exchange	e0
EX_cpd00138_e0	Exchange for D-Mannose_e0		Exchange	e0
EX_cpd16877_e0	Exchange for N,N-bisformyl-dityrosine_e0		Exchange	e0
EX_cpd10408_e0	Exchange for Isobutyl alcohol_e0		Exchange	e0
EX_cpd00704_e0	Exchange for Tryptophol_e0		Exchange	e0
EX_cpd01646_e0	Exchange for 2-Isopropylmalate_e0		Exchange	e0
EX_cpd00065_e0	Exchange for L-Tryptophan_e0		Exchange	e0
EX_cpd00367_e0	Exchange for Cytidine_e0		Exchange	e0
EX_cpd00154_e0	Exchange for Xylose_e0		Exchange	e0
EX_cpd00322_e0	Exchange for L-Isoleucine_e0		Exchange	e0
EX_cpd00388_e0	Exchange for Allantoate_e0		Exchange	e0
EX_cpd00764_e0	Exchange for 7-8-Diaminononanoate_e0		Exchange	e0
EX_cpd00073_e0	Exchange for Urea_e0		Exchange	e0
EX_cpd15269_e0	Exchange for octadecenoate_e0		Exchange	e0
EX_cpd16874_e0	Exchange for 2-methylpropanal_e0		Exchange	e0
EX_cpd00266_e0	Exchange for Carnitine_e0		Exchange	e0
EX_cpd00060_e0	Exchange for L-Methionine_e0		Exchange	e0
EX_cpd04533_e0	Exchange for Isoamyl alcohol_e0		Exchange	e0
EX_cpd01107_e0	Exchange for Decanoate_e0		Exchange	e0
EX_cpd00221_e0	Exchange for D-Lactate_e0		Exchange	e0
EX_cpd10515_e0	Exchange for Fe2+_e0		Exchange	e0
EX_cpd00056_e0	Exchange for TPP_e0		Exchange	e0
EX_cpd00971_e0	Exchange for Na+_e0		Exchange	e0
EX_cpd00118_e0	Exchange for Putrescine_e0		Exchange	e0
EX_cpd00246_e0	Exchange for Inosine_e0		Exchange	e0
EX_cpd00205_e0	Exchange for K+_e0		Exchange	e0
EX_cpd00635_e0	Exchange for Cbl_e0		Exchange	e0
EX_cpd00050_e0	Exchange for FMN_e0		Exchange	e0
EX_cpd00184_e0	Exchange for Thymidine_e0		Exchange	e0
EX_cpd15237_e0	Exchange for hexadecenoate_e0		Exchange	e0
EX_cpd00047_e0	Exchange for Formate_e0		Exchange	e0
EX_cpd00048_e0	Exchange for Sulfate_e0		Exchange	e0
EX_cpd00224_e0	Exchange for L-Arabinose_e0		Exchange	e0
EX_cpd00182_e0	Exchange for Adenosine_e0		Exchange	e0
EX_cpd11791_e0	Exchange for 1,3-beta-Glucan_e0		Exchange	e0
EX_cpd01217_e0	Exchange for Xanthosine_e0		Exchange	e0
EX_cpd00111_e0	Exchange for Oxidized glutathione_e0		Exchange	e0
EX_cpd00355_e0	Exchange for Nicotinamide ribonucleotide_e0		Exchange	e0
EX_cpd00051_e0	Exchange for L-Arginine_e0		Exchange	e0
EX_cpd00105_e0	Exchange for D-Ribose_e0		Exchange	e0
EX_cpd00309_e0	Exchange for XAN_e0		Exchange	e0
EX_cpd00156_e0	Exchange for L-Valine_e0		Exchange	e0
EX_cpd00013_e0	Exchange for NH3_e0		Exchange	e0
EX_cpd00311_e0	Exchange for Guanosine_e0		Exchange	e0
EX_cpd00100_e0	Exchange for Glycerol_e0		Exchange	e0
EX_cpd16872_e0	Exchange for 2-methylbutyl acetate_e0		Exchange	e0
EX_cpd00800_e0	Exchange for 8-Amino-7-oxononanoate_e0		Exchange	e0
EX_cpd00045_e0	Exchange for Adenosine 3-5-bisphosphate_e0		Exchange	e0
EX_cpd01187_e0	Exchange for D-Gulitol_e0		Exchange	e0
EX_cpd01031_e0	Exchange for Sorbose_e0		Exchange	e0
EX_cpd00443_e0	Exchange for ABEE_e0		Exchange	e0
EX_cpd14514_e0	Exchange for Episterol_e0		Exchange	e0
EX_cpd00039_e0	Exchange for L-Lysine_e0		Exchange	e0
EX_cpd03561_e0	Exchange for 2-Hydroxybutyrate_e0		Exchange	e0
EX_cpd11822_e0	Exchange for 1-Phosphatidyl-myo-inositol_e0		Exchange	e0
EX_cpd00179_e0	Exchange for Maltose_e0		Exchange	e0
EX_cpd16803_e0	Exchange for ergosterol-ester_e0		Exchange	e0
EX_cpd00107_e0	Exchange for L-Leucine_e0		Exchange	e0
EX_cpd01188_e0	Exchange for Lanosterol_e0		Exchange	e0
EX_cpd00793_e0	Exchange for Thiamine phosphate_e0		Exchange	e0
EX_cpd00129_e0	Exchange for L-Proline_e0		Exchange	e0
EX_cpd00024_e0	Exchange for 2-Oxoglutarate_e0		Exchange	e0
EX_cpd00042_e0	Exchange for GSH_e0		Exchange	e0
EX_cpd00464_e0	Exchange for alpha-Tolualdehyde_e0		Exchange	e0
EX_cpd00207_e0	Exchange for Guanine_e0		Exchange	e0
EX_cpd00305_e0	Exchange for Thiamin_e0		Exchange	e0
EX_cpd00162_e0	Exchange for Aminoethanol_e0		Exchange	e0
EX_cpd02027_e0	Exchange for S-Methyl-L-methionine_e0		Exchange	e0
EX_cpd00249_e0	Exchange for Uridine_e0		Exchange	e0
EX_ptd1ino-SC-e_e0	Exchange for Phosphatidyl 1D myo inositol  yeast specific C4140H7644O1300P100		Exchange	e0
EX_cpd00412_e0	Exchange for Deoxyuridine_e0		Exchange	e0
EX_cpd00161_e0	Exchange for L-Threonine_e0		Exchange	e0
EX_cpd00486_e0	Exchange for Indoleacetaldehyde_e0		Exchange	e0
SK_cpd02701_c0	Sink for S-Adenosyl-4-methylthio-2-oxobutanoate_c0		Sink / demand	c0
rxn00735_c0	(2R,3S)-3-methylmalate:NAD+ oxidoreductase		Cofactor / vitamin biosynthesis	c0
rxn08043_m0	pyruvate:2-oxobutanoate acetaldehydetransferase (decarboxylating)		Glycolysis / gluconeogenesis	m0
rxn08764_m0	ketol-acid reductoisomerase (2-Acetolactate)		Other / unassigned	m0
rxn03437_m0	(R)-2,3-Dihydroxy-3-methylpentanoate hydro-lyase		Other / unassigned	m0
rxn02186_m0	2,3-Dihydroxy-3-methylbutanoate:NADP+ oxidoreductase (isomerizing)		Cofactor / vitamin biosynthesis	m0
rxn00898_m0	2,3-Dihydroxy-3-methylbutanoate hydro-lyase		Other / unassigned	m0
rxn12193_c0	3-isopropylmalate dehydratase		Other / unassigned	c0
rxn00527_c0	tyrosine transaminase, irreversible (mitochondrial)		Amino-acid metabolism	c0
rxn00527_m0	tyrosine transaminase, irreversible (mitochondrial)		TCA cycle	m0
rxn00527_x0	tyrosine transaminase, irreversible (mitochondrial)		Amino-acid metabolism	x0
rxn02508_c0	N-(5-Phospho-beta-D-ribosyl)anthranilate ketol-isomerase_c0		Other / unassigned	c0
rxn01927_c0	3-Hydroxyanthranilate:oxygen 3,4-oxidoreductase (decyclizing)_c0		Other / unassigned	c0
rxn02465_m0	N-acetyl-L-glutamate-5-semialdehyde:NADP+ 5-oxidoreductase (phosphrylating)		Cofactor / vitamin biosynthesis	m0
rxn03175_c0	N-(5'-Phospho-D-ribosylformimino)-5-amino-1- (5''-phospho-D-ribosyl)-4-imidazolecarboxamide ketol-isomerase_c0		Other / unassigned	c0
rxn02466_m0	2-Hydroxybutane-1,2,4-tricarboxylate hydro-lyase		Other / unassigned	m0
rxn03034_m0	Homoisocitrate hydro-lyase		Other / unassigned	m0
rxn09638_c0	L-aminoadipate-semialdehyde dehydrogenase		Other / unassigned	c0
rxn01663_c0	 N6-(L-1,3-Dicarboxypropyl)-L-lysine:NADP+ oxidoreductase		Amino-acid metabolism	c0
rxn05035_c0	 O-phospho-L-serine:hydrogen-sulfide 2-amino-2-carboxyethyltransferase		Amino-acid metabolism	c0
rxn01816_c0	rxn01816 [R02508]		Amino-acid metabolism	c0
rxn00950_c0	Cystathionine L-homocysteine-lyase (deaminating)_c0		Cell-wall polysaccharide	c0
rxn08703_c0	S-methylmethionine homocysteine transmethylase		Cell-wall polysaccharide	c0
rxn00692_c0	 5,10-Methylenetetrahydrofolate:glycine hydroxymethyltransferase		Amino-acid metabolism	c0
rxn00692_m0	 5,10-Methylenetetrahydrofolate:glycine hydroxymethyltransferase		Amino-acid metabolism	m0
rxn11084_c0	spermidine synthase		Other / unassigned	c0
rxn05107_c0	5-(methylthio)-2,3-dioxopentyl-phosphate phosphohydrolase (isomerizing)		Other / unassigned	c0
rxn05091_c0	1,2-dihydroxy-5-(methylthio)pent-1-en-3-one:oxygen oxidoreductase (formate- and CO-forming)		Other / unassigned	c0
rxn05092_c0	1,2-dihydroxy-5-(methylthio)pent-1-en-3-one:oxygen oxidoreductase (formate-forming)		Other / unassigned	c0
rxn13209_c0	RXN-7692.c_c0		Other / unassigned	c0
rxn01840_c0	Phenylacetaldehyde:NAD+ oxidoreductase_c0		Cofactor / vitamin biosynthesis	c0
rxn00522_c0	L-Tyrosine:oxygen oxidoreductase (deaminating)		Amino-acid metabolism	c0
rxn01937_m0	Indole-3-acetaldehyde:NAD+ oxidoreductase_m0		Cofactor / vitamin biosynthesis	m0
rxn15507_c0	 [L-erythro-4-hydroxyglutamate:2-oxoglutarate aminotransferase]		Amino-acid metabolism	c0
rxn15507_m0	nan		TCA cycle	m0
rxn02061_c0	S-adenosylmethioninamine:spermidine 3-aminopropyltransferase_c0		Other / unassigned	c0
rxn00740_c0	O-Succinyl-L-homoserine succinate-lyase (deaminating; 2-oxobutanoate-forming)_c0		Other / unassigned	c0
rxn02752_c0	N1-acetylspermine:oxygen oxidoreductase (3-acetamidopropanal-forming)_c0		Other / unassigned	c0
rxn13388_c0	spermidine:oxygen oxidoreductase (spermidine-forming)_c0		Other / unassigned	c0
rxn09878_c0	Polyamine oxidase_c0		Other / unassigned	c0
rxn00165_c0	L-serine ammonia-lyase_c0		Amino-acid metabolism	c0
rxn22781_c0	RXN-12332.x_c0		Other / unassigned	c0
rxn00342_c0	L-Asparagine amidohydrolase_c0		Amino-acid metabolism	c0
rxn00623_c0	hydrogen-sulfide:NADP+ oxidoreductase		Cofactor / vitamin biosynthesis	c0
rxn03147_c0	 1-(5-Phosphoribosyl)-5-amino-4-carboxyimidazole:L-aspartate ligase (ADP-forming)		Amino-acid metabolism	c0
rxn03136_c0	1-(5'-Phosphoribosyl)-5-amino-4-(N-succinocarboxamide)-imidazole AMP-lyase		Other / unassigned	c0
rxn00836_c0	IMP:diphosphate phospho-D-ribosyltransferase_c0		Other / unassigned	c0
rxn00095_c0	P1,P4-bis(5'-adenosyl)-tetraphosphate nucleotidebisphosphohydrolase_c0		Other / unassigned	c0
rxn00096_c0	ADP:ATP adenylyltransferase_c0		Other / unassigned	c0
rxn01138_c0	Adenosine:phosphate alpha-D-ribosyltransferase_c0		Other / unassigned	c0
rxn01138_m0	Adenosine:phosphate alpha-D-ribosyltransferase_m0		Other / unassigned	m0
rxn01859_c0	Deoxyadenosine:orthophosphate ribosyltransferase_c0		Other / unassigned	c0
rxn01548_c0	guanosine:phosphate alpha-D-ribosyltransferase_c0		Other / unassigned	c0
rxn01548_m0	guanosine:phosphate alpha-D-ribosyltransferase_m0		Other / unassigned	m0
rxn01446_c0	Deoxyguanosine:orthophosphate ribosyltransferase_c0		Other / unassigned	c0
rxn32380_c0	diphosphate 5-phospho-alpha-D-ribosyltransferase_c0		Other / unassigned	c0
rxn01985_c0	Deoxyinosine:orthophosphate ribosyltransferase_c0		Other / unassigned	c0
rxn01649_c0	Xanthosine:orthophosphate ribosyltransferase_c0		Other / unassigned	c0
rxn01358_c0	inosine:phosphate alpha-D-ribosyltransferase_c0		Other / unassigned	c0
rxn01519_c0	dUTP nucleotidohydrolase_c0		Other / unassigned	c0
rxn01799_c0	deoxyuridine:orthophosphate 2-deoxy-D-ribosyltransferase_c0		Other / unassigned	c0
rxn01146_c0	thymidine:phosphate deoxy-alpha-D-ribosyltransferase_c0		Other / unassigned	c0
rxn05289_m0	NADPH:oxidized-thioredoxin oxidoreductase_m0		Cofactor / vitamin biosynthesis	m0
rxn13185_c0	RXN-12057.c_c0		Other / unassigned	c0
rxn02155_c0	ATP:nicotinamide-nucleotide adenylyltransferase_c0		Other / unassigned	c0
rxn02155_m0	ATP:nicotinamide-nucleotide adenylyltransferase_m0		Other / unassigned	m0
rxn00105_m0	ATP:nicotinamide-nucleotide adenylyltransferase_m0		Other / unassigned	m0
rxn00690_c0	Formate:tetrahydrofolate ligase (ADP-forming)_c0		Cofactor / vitamin biosynthesis	c0
rxn01211_c0	5,10-Methenyltetrahydrofolate 5-hydrolase (decyclizing)_c0		Cofactor / vitamin biosynthesis	c0
rxn00907_c0	5,10-methylenetetrahydrofolate:NADP+ oxidoreductase_c0		Cofactor / vitamin biosynthesis	c0
rxn40427_c0	SUICIDAL ENZYME		Amino-acid metabolism	c0
rxn27029_c0	 [RXNQT-4300.c]		Amino-acid metabolism	c0
rxn40448_c0	NUDIX 		Other / unassigned	c0
rxn40428_c0	  NMT1 protein [THI5]		Amino-acid metabolism	c0
rxn03108_c0	ATP:4-amino-2-methyl-5-phosphomethylpyrimidine phosphotransferase_c0		Other / unassigned	c0
rxn23042_c0	 thiamine-phosphate diphosphorylase (thiamine phosphate synthase)		Cofactor / vitamin biosynthesis	c0
rxn10506_c0	2,5-diamino-6-ribitylamino-4(3H)-pyrimidinone 5'-phosphate deaminase_c0		Other / unassigned	c0
rxn00048_c0	6,7-Dimethyl-8-(1-D-ribityl)lumazine:6,7-dimethyl-8-(1-D-ribityl)lumazine 2,3-butanediyltransferase		Other / unassigned	c0
rxn01251_c0	 Pyridoxamine:oxygen oxidoreductase (deaminating)		Other / unassigned	c0
rxn02277_m0	7,8-Diaminononanoate:carbon-dioxide cyclo-ligase_c0		Other / unassigned	c0
rxn02312_m0	S-Adenosyl-L-methionine:8-amino-7-oxononanoate aminotransferase_c0		Other / unassigned	c0
rxn05927_m0	 biotin synthase		Amino-acid metabolism	m0
rxn09532_c0	acyl carrier protein synthase, mitochondrial_m0		Fatty-acid biosynthesis	m0
rxn01790_c0	(R)-Pantoate:NADP+ 2-oxidoreductase_c0		Cofactor / vitamin biosynthesis	c0
rxn12512_c0	phosphopantothenate---cysteine ligase (ATP) 		Amino-acid metabolism	c0
rxn03894_m0	rxn03894 [R05616] (Hydroxybenzoate octaprenyltransferase mitochondrial)		Other / unassigned	m0
rxn13204_m0	 3-Hexaprenyl-4,5-dihydroxybenzoate hydroxylase, mitochondrial		Other / unassigned	m0
rxn03392_m0	2-hexaprenyl-3-methyl-6-methoxy-1,4-benzoquinone monooxygenase, mitochondrial_m0		Other / unassigned	m0
rxn01629_c0	(S)-4-Amino-5-oxopentanoate 4,5-aminomutase		Other / unassigned	c0
rxn00024_e0	 1,2-Benzenediol:oxygen oxidoreductase		Amino-acid metabolism	e0
rxn00036_e0	 3,4-dihydroxy-L-phenylalanine:oxygen oxidoreductase		Other / unassigned	e0
rxn11972_e0	rxn11972 [R02962]		Other / unassigned	e0
rxn02611_e0	rxn02611 [R03674]		Other / unassigned	e0
rxn02610_e0	 L-Dopachrome delta7-delta2-isomerase		Other / unassigned	e0
rxn03338_e0	 R04885		Other / unassigned	e0
rxn03337_e0	 5,6-dihydroxyindole:oxygen oxidoreductase		Other / unassigned	e0
rxn06809_e0	rxn06809 [rxn06809]		Other / unassigned	e0
rxn15499_e0	rxn15499 [R04886]		Other / unassigned	e0
rxn07120_e0	rxn07120 [rxn07120]		Other / unassigned	e0
rxn15819_e0	rxn15819 [R08848]		Amino-acid metabolism	e0
rxn44970_e0	rxn44970 []		Other / unassigned	e0
rxn22818_m0	RXN-12359.c		Other / unassigned	m0
rxn00076_x0	NAD+ phosphohydrolase_x0		Cofactor / vitamin biosynthesis	x0
rxn03841_c0	4-amino-4-deoxychorismate pyruvate-lyase_c0		Glycolysis / gluconeogenesis	c0
rxn01653_c0	5-Formyltetrahydrofolate cyclo-ligase (ADP-forming)_c0		Cofactor / vitamin biosynthesis	c0
rxn01257_c0	chorismate:L-glutamine aminotransferase_c0		Amino-acid metabolism	c0
rxn02484_c0	ATP:4-amino-5-hydroxymethyl-2-methylpyrimidine 5-phosphotransferase_c0		Other / unassigned	c0
rxn30439_e0	thiamin phosphatase, extracellular_e0		Cofactor / vitamin biosynthesis	e0
rxn09632_e0	thiamin diphosphatase, extracellular_e0		Cofactor / vitamin biosynthesis	e0
rxn00198_x0	Isocitrate:NADP+ oxidoreductase (decarboxylating)_x0		Cofactor / vitamin biosynthesis	x0
rxn06134_c0	 MGDG specific palmitate delta-7 desaturase SP:A8J015_CHLRE		Other / unassigned	c0
rxn42762_c0	palmitoyl-CoA Z11-desaturase 		Other / unassigned	c0
rxn10667_c0	fatty acid synthase (n-C18:1)_c0		Fatty-acid biosynthesis	c0
rxn08445_c0	fatty-acid-CoA thioesterase (octadecenoate)		Fatty-acid biosynthesis	c0
rxn08053_x0	acyl-CoA dehydrogenase (octadecanoyl-CoA)		β-oxidation (peroxisomal)	x0
rxn00946_x0	 Palmitoyl-CoA:oxygen 2-oxidoreductase		Other / unassigned	x0
rxn02804_x0	 myristoyl-CoA:acetylCoA C-myristoyltransferase		Other / unassigned	x0
rxn02803_x0	Tetradecanoyl-CoA:(acceptor) 2,3-oxidoreductase		Other / unassigned	x0
rxn02720_x0	 Lauroyl-CoA:(acceptor) 2,3-oxidoreductase		Other / unassigned	x0
rxn03253_x0	 Decanoyl-CoA:(acceptor) 2,3-oxidoreductase		Other / unassigned	x0
rxn09480_x0	acetyl-CoA acyltransferase (tetracosanoyl-CoA), peroxisomal		Other / unassigned	x0
rxn09463_x0	fatty acid oxidation (tetradecansoyl-CoA), peroxisomal		Other / unassigned	x0
rxn00533_m0	Acetyl-CoA:carbon-dioxide ligase (ADP-forming)_m0		Other / unassigned	m0
rxn23551_r0	3-oxo-arachidonyl-CoA-synthase		Other / unassigned	r0
rxn23534_r0	3-oxoarachidoyl-CoA-reductase		Other / unassigned	r0
rxn23565_r0	3-hydroxy-arachidoyl-CoA dehydratase		Other / unassigned	r0
rxn19046_r0	trans-arachidon-2-enoyl-CoA reductase		Other / unassigned	r0
rxn23554_r0	3-oxo-behenoyl-CoA-synthase		Other / unassigned	r0
rxn23531_r0	3-oxo-behenoyl-CoA-reductase		Other / unassigned	r0
rxn22098_r0	trans-arachidon-2-enoyl-CoA reductase		Other / unassigned	r0
rxn19044_r0	trans-docosan-2-enoyl-CoA reductase		Other / unassigned	r0
rxn23559_r0	3-oxo-lignoceronyl-CoA-synthase		Other / unassigned	r0
rxn23535_r0	3-oxo-lignoceronyl-CoA-reductase		Other / unassigned	r0
rxn22099_r0	3-hydroxy-lignoceroyl-CoA dehydratase		Other / unassigned	r0
rxn19045_r0	trans-lignocero-2-enoyl-CoA reductase		Other / unassigned	r0
rxn23557_r0	3-oxo-cerotoyl-CoA-synthase		Other / unassigned	r0
rxn23536_r0	3-hydroxy-lignoceroyl-CoA dehydratase		Other / unassigned	r0
rxn22100_r0	3-hydroxy-cerotoyl-CoA dehydratase		Other / unassigned	r0
rxn09599_c0	Inositol phosphorylceramide synthase (ceramide-1, 24C), yeast-specific		Other / unassigned	c0
rxn09598_c0	Inositol phosphorylceramide synthase (ceramide-1, 26C), yeast-specific		Other / unassigned	c0
rxn09597_c0	Inositol phosphorylceramide synthase (ceramide-2, 24C), yeast-specific		Other / unassigned	c0
rxn09596_c0	Inositol phosphoryceramide synthase (ceramide-2, 26C), yeast-specific		Other / unassigned	c0
rxn09595_c0	Inositol phosphorylceramide synthase (ceramide-3, 24C), yeast-specific		Other / unassigned	c0
rxn09594_c0	Inositol phosphorylceramide synthase (ceramide-3, 26C), yeast-specific		Other / unassigned	c0
rxn09593_c0	mannose-(inositol-P)2-ceramide synthase (ceramide-1, 24C), yeast-specific		Other / unassigned	c0
rxn09592_c0	mannose-(inositol-P)2-ceramide synthase (ceramide-1, 26C), yeast-specific		Other / unassigned	c0
rxn09591_c0	mannose-(inositol-P)2-ceramide synthase (ceramide-2, 26C), yeast specific		Other / unassigned	c0
rxn09590_c0	mannose-(inositol-P)2-ceramide synthase (ceramide-2, 24C), yeast-specific		Other / unassigned	c0
rxn09589_c0	mannose-(inositol-P)2-ceramide synthase (ceramide-3, 24C), yeast specific		Other / unassigned	c0
rxn09588_c0	mannose-(inositol-P)2-ceramide synthase (ceramide-3, 26C), yeast-specific		Other / unassigned	c0
rxn09548_c0	glycerol 3-phosphate acyltransferase (glycerol 3-phosphate), yeast-specific		Glycolysis / gluconeogenesis	c0
rxn09555_c0	 1-Acyl-glycerol-3-phosphate acyltransferase, yeast-specific		Other / unassigned	c0
rxn01071_c0	ATP:ethanolamine O-phosphotransferase_c0		Other / unassigned	c0
rxn09543_c0	Phosphatidylethanolamine N methyltransferase yeast specific		Lipid / membrane	c0
rxn09545_c0	methylene-fatty-acyl-phospholipid synthase, yeast-specific_c0		Other / unassigned	c0
rxn09535_c0	Phosphatidyl-N-methylethanolamine N-methyltransferase, yeast-specific_c0		Lipid / membrane	c0
rxn39089_c0	phosphatidylserine synthase, yeast-specific, mitochondrial_c0		Amino-acid metabolism	c0
rxn09552_c0	diacylglycerol cholinephosphotransferase, yeast-specific_c0		Other / unassigned	c0
rxn09536_c0	phosphatidylinositol synthase, yeast-specific		Lipid / membrane	c0
rxn09537_c0	phosphatidylinositol 4-kinase, yeast-specific		Lipid / membrane	c0
rxn09538_c0	1-phosphatidylinositol 3-kinase, yeast-specific		Lipid / membrane	c0
rxn16107_m0	 geranylgeranyl-diphosphate:isopentenyl-diphosphate transferase (adding 2 isopentenyl units)		Other / unassigned	m0
rxn13477_m0	(2E,6E)-farnesyl-diphosphate:isopentenyl-diphosphate farnesyltranstransferase (adding 3 isopentenyl units)		Other / unassigned	m0
rxn09622_c0	 C-4 sterol methyl oxidase (4,4-dimethylzymosterol)		Lipid / membrane	c0
rxn13416_c0	Acyl-CoA:zymosterol acyltransferase, yeast-specific_c0		Lipid / membrane	c0
rxn05918_c0	GDPmannose:dolichyl-phosphate O-beta-D-mannosyltransferase		Other / unassigned	c0
rxn08017_c0	acyl-[acyl-carrier-protein] synthetase (n-C16:1)		Other / unassigned	c0
rxn00175_x0	Acetate:CoA ligase (AMP-forming)_x0		Other / unassigned	x0
rxn19047_r0	trans-cerot-2-enoyl-CoA reductase		Other / unassigned	r0
rxn09549_c0	 Ethanolaminephosphotransferase, yeast-specific		Other / unassigned	c0
rxn50927_c0	nan		Other / unassigned	c0
rxn24251_c0	IP3/IP4 6-/3-kinase		Other / unassigned	c0
rxn09629_c0	 C-14 sterol reductase		Other / unassigned	c0
rxn15542_m0	(2E,6E)-farnesyl-diphosphate:isopentenyl-diphosphate cistransferase (adding 10-55 isopentenyl units)		Other / unassigned	m0
rxn35521_m0	dehydrodolichol diphosphate saturase		Other / unassigned	m0
rxn05913_m0	Dolichyl-diphosphate phosphohydrolase		Other / unassigned	m0
rxn13281_c0	fatty acid synthase (n-C14:1)_c0		Other / unassigned	c0
rxn10665_c0	fatty acid synthase (n-C16:1)_c0		Other / unassigned	c0
rxn09587_c0	mannose-inositiol phophorylceramide synthase (ceramide-1, 24C), yeast-specific_c0		Other / unassigned	c0
rxn09586_c0	mannose-inositol phosphorylceramide synthase (ceramide-1, 26C), yeast-specific_c0		Other / unassigned	c0
rxn09585_c0	mannose-inositol phosphorylceramide synthase (ceramide-2, 24C), yeast-specific_c0		Other / unassigned	c0
rxn09584_c0	mannose-inositol phosphorylceramide synthase (ceramide-2, 26C), yeast-specific_c0		Other / unassigned	c0
rxn09583_c0	mannose-inositol phosphorylceramide synthase (ceramide-3, 24C), yeast-specific_c0		Other / unassigned	c0
rxn09582_c0	mannose-inositol phosphorylceramide synthase (ceramide-3, 26C), yeast-specific_c0		Other / unassigned	c0
rxn00744_c0	ATP:glycerone phosphotransferase_c0		Pentose phosphate pathway	c0
rxn39089_m0	phosphatidylserine synthase, yeast-specific, mitochondrial_m0		Amino-acid metabolism	m0
rxn13287_c0	Acyl-CoA:fecosterol acyltransferase, yeast-specific_c0		Other / unassigned	c0
rxn13335_c0	Acyl-CoA:lanosterol acyltransferase, yeast-specific_c0		Lipid / membrane	c0
rxn13254_c0	Acyl-CoA:episterol acyltransferase, yeast-specific_c0		Other / unassigned	c0
rxn09510_c0	Dolichyl-phosphate D-mannosyltransferase_g0		Other / unassigned	c0,r0
rxn13381_e0	phospholipase B (phosphatidylinositol), yeast-specific (extracellular)		Fatty-acid biosynthesis	e0
ORNt3m_c0	Ornithine mitochondrial transport via proton antiport		Transport (inter-compartmental)	c0,m0
rxn08475_c0	iron (II) transport via diffusion (extracellular to periplasm)_c0		Transport (inter-compartmental)	c0,e0
TRP_coa_c0r0	CoA c0↔r0 transport (diffusion)		Transport (inter-compartmental)	c0,r0
TRP_co2_c0r0	CO2 c0↔r0 transport (diffusion)		Transport (inter-compartmental)	c0,r0
TRP_nadph_c0r0	NADPH c0↔r0 transport (diffusion)		Transport (inter-compartmental)	c0,r0
TRP_nadp_c0r0	NADP c0↔r0 transport (diffusion)		Transport (inter-compartmental)	c0,r0
bio_gsm	biomass [from GSM]		Biomass	c0,m0
rxn00024_c0	1,2-Benzenediol:oxygen oxidoreductase	Melanin biosynthesis/tyrosine metabolism	Melanin / DHN	c0
rxn00036_c0	3,4-dihydroxy-L-phenylalanine:oxygen oxidoreductase	Melanin biosynthesis/tyrosine metabolism	Melanin / DHN	c0
rxn11972_c0	R02962	Melanin biosynthesis/tyrosine metabolism	Melanin / DHN	c0
rxn02609_c0	R03672	Melanin biosynthesis/tyrosine metabolism	Melanin / DHN	c0
rxn02611_c0	R03674	Melanin biosynthesis/tyrosine metabolism	Melanin / DHN	c0
rxn03337_c0	5,6-dihydroxyindole:oxygen oxidoreductase	Melanin biosynthesis/tyrosine metabolism	Melanin / DHN	c0
rxn06809_c0	rxn06809	Melanin biosynthesis/tyrosine metabolism	Melanin / DHN	c0
rxn00293_c0	UTP:N-acetyl-alpha-D-glucosamine-1-phosphate uridylyltransferase	chitin synthesis/ amino sugar metabolism	Cell-wall polysaccharide	c0
rxn15558_c0	UDP-N-acetyl-D-glucosamine:chitin 4-beta-N-acetylglucosaminyl-transferase	chitin synthesis/ amino sugar metabolism	Cell-wall polysaccharide	c0
rxn01150_c0	D-Arabinose:NADP+ 1-oxidoreductase	Ascorbate and aldarate metabolism	Cofactor / vitamin biosynthesis	c0
rxn01150_m0	D-Arabinose:NADP+ 1-oxidoreductase	Ascorbate and aldarate metabolism	Cofactor / vitamin biosynthesis	m0
rxn00546_c0	D-Mannitol-1-phosphate 5-dehydrogenase (NADP), fungal	mannitol biosynthesis (compatible solute, NADPH sink)	Compatible solute / mannitol	c0
rxn01560_c0	D-Mannitol-1-phosphate phosphohydrolase	mannitol biosynthesis (compatible solute)	Compatible solute / mannitol	c0
rxn15561_c0	UDP-glucose:alpha-D-(1-3)-glucan 3-alpha-D-glucosyltransferase	cell wall polysaccharide / alpha-1,3-glucan	Cell-wall polysaccharide	c0
tx_cpd00496_mc	D-Arabinono-1,4-lactone transport (mito -> cyto)		Transport (inter-compartmental)	c0,m0
rxn02679_x0	Octanoyl-CoA:oxygen 2-oxidoreductase (C8)_x0	beta-oxidation (acyl-CoA oxidase)	β-oxidation (peroxisomal)	x0
rxn03251_x0	Hexanoyl-CoA:(acceptor) 2,3-oxidoreductase (C6)_x0	beta-oxidation (acyl-CoA oxidase)	β-oxidation (peroxisomal)	x0
rxn00868_x0	Butanoyl-CoA:(acceptor) 2,3-oxidoreductase (C4)_x0	beta-oxidation (acyl-CoA dehydrogenase)	β-oxidation (peroxisomal)	x0
rxn03247_x0	(S)-Hydroxyoctanoyl-CoA hydro-lyase (C8)_x0	beta-oxidation (enoyl-CoA hydratase)	β-oxidation (peroxisomal)	x0
rxn03250_x0	(S)-Hydroxyhexanoyl-CoA hydro-lyase (C6)_x0	beta-oxidation (enoyl-CoA hydratase)	β-oxidation (peroxisomal)	x0
rxn02167_x0	(S)-3-Hydroxybutanoyl-CoA hydro-lyase (C4)_x0	beta-oxidation (enoyl-CoA hydratase)	β-oxidation (peroxisomal)	x0
rxn03246_x0	(S)-hydroxyoctanoyl-CoA:NAD+ oxidoreductase (C8)_x0	beta-oxidation (3-OH-acyl-CoA DH)	β-oxidation (peroxisomal)	x0
rxn03249_x0	(S)-hydroxyhexanoyl-CoA:NAD+ oxidoreductase (C6)_x0	beta-oxidation (3-OH-acyl-CoA DH)	β-oxidation (peroxisomal)	x0
rxn03861_x0	(S)-3-Hydroxybutanoyl-CoA:NADP+ oxidoreductase (C4)_x0	beta-oxidation (acetoacetyl-CoA reductase)	β-oxidation (peroxisomal)	x0
rxn06510_x0	Lauroyl-CoA:acetyl-CoA C-acyltransferase (C14->C12)_x0	beta-oxidation (thiolase)	β-oxidation (peroxisomal)	x0
rxn03243_x0	Decanoyl-CoA:acetyl-CoA C-acyltransferase (C12->C10)_x0	beta-oxidation (thiolase)	β-oxidation (peroxisomal)	x0
rxn02680_x0	Octanoyl-CoA:acetyl-CoA C-acyltransferase (C10->C8)_x0	beta-oxidation (thiolase)	β-oxidation (peroxisomal)	x0
rxn03248_x0	Hexanoyl-CoA:acetyl-CoA C-acyltransferase (C8->C6)_x0	beta-oxidation (thiolase)	β-oxidation (peroxisomal)	x0
rxn00874_x0	butanoyl-CoA:acetyl-CoA C-butanoyltransferase (C6->C4)_x0	beta-oxidation (thiolase)	β-oxidation (peroxisomal)	x0
rxn00178_x0	Acetyl-CoA:acetyl-CoA C-acetyltransferase (C4->2 AcCoA)_x0	beta-oxidation (thiolase, terminal)	β-oxidation (peroxisomal)	x0
tx_atp_xc	ATP/AMP antiport (Ant1-like) peroxisomal	peroxisomal cofactor transport	β-oxidation (peroxisomal)	c0,x0
tx_ppi_xc	PPi peroxisomal export	peroxisomal cofactor transport	β-oxidation (peroxisomal)	c0,x0
tx_coa_xc	CoA peroxisomal equilibration	peroxisomal cofactor transport	β-oxidation (peroxisomal)	c0,x0
tx_nad_xc	NAD peroxisomal equilibration	peroxisomal cofactor transport	β-oxidation (peroxisomal)	c0,x0
tx_nadh_xc	NADH peroxisomal equilibration	peroxisomal cofactor transport	β-oxidation (peroxisomal)	c0,x0
tx_h_xc	H+ peroxisomal equilibration	peroxisomal cofactor transport	β-oxidation (peroxisomal)	c0,x0
rxn01391_c0	L-arabitol:NAD+ 4-oxidoreductase (L-xylulose-forming)_c0	L-arabinose assimilation (Penttilae)	Pentose-sugar catabolism	c0
rxn33066_c0	L-xylulose reductase_c0	L-arabinose assimilation (Penttilae)	Pentose-sugar catabolism	c0
rxn05673_c0	D-galacturonate transport via proton symport_c0	galU transport	Pectin / D-galacturonate (Ashwell)	c0,e0
rxn07491_c0	D-galacturonate reductase (NADPH; GAR1, fungal)_c0	fungal Ashwell pathway	Pectin / D-galacturonate (Ashwell)	c0
rxn21749_c0	L-galactonate dehydratase (LGD1)_c0	fungal Ashwell pathway	Pectin / D-galacturonate (Ashwell)	c0
rxn21750_c0	2-keto-3-deoxy-L-galactonate aldolase (LGA1)_c0	fungal Ashwell pathway	Pectin / D-galacturonate (Ashwell)	c0
rxn09954_c0	L-glyceraldehyde reductase (GLD1)_c0	fungal Ashwell pathway	Pectin / D-galacturonate (Ashwell)	c0
HXCAt	Hexacosanoate transport via facilitated diffusion (e0 -> c0)	VLCFA transport	β-oxidation (peroxisomal)	c0,e0
vlcfa_oxC24_x0	C24 acyl-CoA dehydrogenase (FAD)	beta-oxidation (VLCFA)	β-oxidation (peroxisomal)	x0
vlcfa_hyC24_x0	C24 enoyl-CoA hydratase	beta-oxidation (VLCFA)	β-oxidation (peroxisomal)	x0
vlcfa_dhC24_x0	C24 3-OH-acyl-CoA dehydrogenase (NAD)	beta-oxidation (VLCFA)	β-oxidation (peroxisomal)	x0
vlcfa_thC24_x0	3-ketoacyl-CoA thiolase (C24->C22)	beta-oxidation (VLCFA)	β-oxidation (peroxisomal)	x0
vlcfa_oxC22_x0	C22 acyl-CoA dehydrogenase (FAD)	beta-oxidation (VLCFA)	β-oxidation (peroxisomal)	x0
vlcfa_hyC22_x0	C22 enoyl-CoA hydratase	beta-oxidation (VLCFA)	β-oxidation (peroxisomal)	x0
vlcfa_dhC22_x0	C22 3-OH-acyl-CoA dehydrogenase (NAD)	beta-oxidation (VLCFA)	β-oxidation (peroxisomal)	x0
vlcfa_thC22_x0	3-ketoacyl-CoA thiolase (C22->C20)	beta-oxidation (VLCFA)	β-oxidation (peroxisomal)	x0
vlcfa_oxC20_x0	C20 acyl-CoA dehydrogenase (FAD)	beta-oxidation (VLCFA)	β-oxidation (peroxisomal)	x0
vlcfa_hyC20_x0	C20 enoyl-CoA hydratase	beta-oxidation (VLCFA)	β-oxidation (peroxisomal)	x0
vlcfa_dhC20_x0	C20 3-OH-acyl-CoA dehydrogenase (NAD)	beta-oxidation (VLCFA)	β-oxidation (peroxisomal)	x0
vlcfa_thC20_x0	3-ketoacyl-CoA thiolase (C20->C18)	beta-oxidation (VLCFA)	β-oxidation (peroxisomal)	x0
