gene_id	length	func
S1_only_classu|MSTRG.10012.1.p1	389	
S1_only_classu|MSTRG.10015.1.p1	434	
S1_only_classu|MSTRG.10017.1.p1	336	
S1_only_classu|MSTRG.1002.1.p1	416	
S1_only_classu|MSTRG.10022.1.p1	838	
S1_only_classu|MSTRG.10058.1.p1	476	
S1_only_classu|MSTRG.10058.1.p2	117	
S1_only_classu|MSTRG.10059.1.p1	207	
S1_only_classu|MSTRG.10060.1.p1	309	
S1_only_classu|MSTRG.10061.1.p1	855	
S1_only_classu|MSTRG.10076.1.p1	643	
S1_only_classu|MSTRG.10076.1.p4	243	
S1_only_classu|MSTRG.10079.1.p1	1167	
S1_only_classu|MSTRG.10079.1.p4	123	
S1_only_classu|MSTRG.1009.1.p1	299	
S1_only_classu|MSTRG.1009.1.p2	271	
S1_only_classu|MSTRG.1009.1.p3	196	
S1_only_classu|MSTRG.10098.1.p1	523	
S1_only_classu|MSTRG.10108.1.p1	738	
S1_only_classu|MSTRG.10108.1.p5	200	
S1_only_classu|MSTRG.10108.2.p1	356	
S1_only_classu|MSTRG.10110.1.p1	100	
S1_only_classu|MSTRG.10116.1.p2	485	
S1_only_classu|MSTRG.10124.1.p1	143	
S1_only_classu|MSTRG.10132.1.p1	171	
S1_only_classu|MSTRG.10133.1.p1	437	
S1_only_classu|MSTRG.10140.1.p1	354	
S1_only_classu|MSTRG.10163.1.p1	961	
S1_only_classu|MSTRG.10167.1.p1	733	
S1_only_classu|MSTRG.10171.1.p1	1143	
S1_only_classu|MSTRG.10171.1.p2	405	
S1_only_classu|MSTRG.10177.1.p1	346	
S1_only_classu|MSTRG.10177.1.p2	335	
S1_only_classu|MSTRG.10182.1.p1	248	
S1_only_classu|MSTRG.10185.1.p1	235	
S1_only_classu|MSTRG.10186.1.p1	543	
S1_only_classu|MSTRG.10186.1.p2	313	
S1_only_classu|MSTRG.10186.1.p5	100	
S1_only_classu|MSTRG.10194.1.p1	2960	
S1_only_classu|MSTRG.10206.1.p1	114	
S1_only_classu|MSTRG.10214.1.p1	1592	
S1_only_classu|MSTRG.10214.1.p2	352	
S1_only_classu|MSTRG.10219.1.p1	408	
S1_only_classu|MSTRG.10219.1.p2	238	
S1_only_classu|MSTRG.10219.1.p5	214	
S1_only_classu|MSTRG.10219.1.p6	213	
S1_only_classu|MSTRG.10229.1.p1	319	
S1_only_classu|MSTRG.10229.1.p2	187	
S1_only_classu|MSTRG.1024.1.p1	326	
S1_only_classu|MSTRG.10246.1.p1	598	
S1_only_classu|MSTRG.10252.1.p3	187	
S1_only_classu|MSTRG.10252.1.p4	145	
S1_only_classu|MSTRG.10252.1.p7	125	
S1_only_classu|MSTRG.1026.1.p1	529	
S1_only_classu|MSTRG.10270.1.p2	123	
S1_only_classu|MSTRG.10272.1.p1	840	
S1_only_classu|MSTRG.10272.1.p10	115	
S1_only_classu|MSTRG.10272.1.p3	407	
S1_only_classu|MSTRG.10294.1.p1	500	
S1_only_classu|MSTRG.10315.1.p1	296	
S1_only_classu|MSTRG.10315.1.p3	124	
S1_only_classu|MSTRG.10316.1.p1	289	
S1_only_classu|MSTRG.10340.1.p1	1441	
S1_only_classu|MSTRG.10355.1.p1	537	
S1_only_classu|MSTRG.10371.1.p1	363	
S1_only_classu|MSTRG.10371.1.p2	117	
S1_only_classu|MSTRG.10393.1.p2	128	
S1_only_classu|MSTRG.10393.2.p1	297	
S1_only_classu|MSTRG.10406.1.p1	625	
S1_only_classu|MSTRG.10406.1.p7	117	
S1_only_classu|MSTRG.10409.3.p1	198	
S1_only_classu|MSTRG.10409.3.p3	129	
S1_only_classu|MSTRG.10413.1.p1	461	
S1_only_classu|MSTRG.10413.1.p3	151	
S1_only_classu|MSTRG.10414.1.p1	890	
S1_only_classu|MSTRG.10419.1.p1	354	
S1_only_classu|MSTRG.10421.1.p1	217	
S1_only_classu|MSTRG.10422.1.p1	311	
S1_only_classu|MSTRG.10442.1.p1	383	
S1_only_classu|MSTRG.10442.1.p3	184	
S1_only_classu|MSTRG.10452.1.p2	208	
S1_only_classu|MSTRG.10452.1.p5	131	
S1_only_classu|MSTRG.10477.1.p3	101	
S1_only_classu|MSTRG.10478.1.p1	101	
S1_only_classu|MSTRG.10496.1.p1	227	
S1_only_classu|MSTRG.10496.2.p1	207	
S1_only_classu|MSTRG.105.1.p2	120	
S1_only_classu|MSTRG.10504.1.p1	1047	
S1_only_classu|MSTRG.10508.1.p2	114	
S1_only_classu|MSTRG.10531.1.p2	236	
S1_only_classu|MSTRG.10531.1.p6	123	
S1_only_classu|MSTRG.1054.1.p1	588	
S1_only_classu|MSTRG.10608.1.p2	169	
S1_only_classu|MSTRG.10608.1.p3	146	
S1_only_classu|MSTRG.10608.1.p6	107	
S1_only_classu|MSTRG.10608.2.p2	159	
S1_only_classu|MSTRG.10608.2.p3	146	
S1_only_classu|MSTRG.10608.2.p4	141	
S1_only_classu|MSTRG.10608.2.p7	107	
S1_only_classu|MSTRG.10611.1.p1	343	
S1_only_classu|MSTRG.1062.1.p1	892	
S1_only_classu|MSTRG.10641.1.p1	347	
S1_only_classu|MSTRG.10652.1.p1	411	
S1_only_classu|MSTRG.10652.1.p2	309	
S1_only_classu|MSTRG.10652.1.p5	158	
S1_only_classu|MSTRG.10728.1.p1	242	
S1_only_classu|MSTRG.10729.1.p1	246	
S1_only_classu|MSTRG.10748.1.p1	432	
S1_only_classu|MSTRG.10776.1.p2	212	
S1_only_classu|MSTRG.10776.1.p6	133	
S1_only_classu|MSTRG.10786.1.p1	652	
S1_only_classu|MSTRG.10795.1.p1	365	
S1_only_classu|MSTRG.10802.1.p1	567	
S1_only_classu|MSTRG.10810.1.p1	1309	
S1_only_classu|MSTRG.10821.1.p1	259	
S1_only_classu|MSTRG.10823.1.p1	161	
S1_only_classu|MSTRG.10841.1.p1	483	
S1_only_classu|MSTRG.10853.1.p1	399	
S1_only_classu|MSTRG.10853.1.p2	397	
S1_only_classu|MSTRG.10853.1.p3	320	
S1_only_classu|MSTRG.10859.1.p1	214	
S1_only_classu|MSTRG.1086.1.p1	817	
S1_only_classu|MSTRG.1086.1.p3	204	
S1_only_classu|MSTRG.1086.1.p8	109	
S1_only_classu|MSTRG.10862.1.p1	789	
S1_only_classu|MSTRG.10882.1.p1	308	
S1_only_classu|MSTRG.10894.1.p1	166	
S1_only_classu|MSTRG.10912.1.p1	479	
S1_only_classu|MSTRG.1092.1.p1	130	
S1_only_classu|MSTRG.10928.1.p1	1033	
S1_only_classu|MSTRG.10928.1.p2	347	
S1_only_classu|MSTRG.10933.1.p1	204	
S1_only_classu|MSTRG.10935.1.p2	270	
S1_only_classu|MSTRG.10935.1.p4	172	
S1_only_classu|MSTRG.10952.1.p1	4045	
S1_only_classu|MSTRG.10956.1.p1	449	
S1_only_classu|MSTRG.1097.1.p1	290	
S1_only_classu|MSTRG.10994.1.p1	243	
S1_only_classu|MSTRG.10996.1.p1	459	
S1_only_classu|MSTRG.10997.1.p1	343	
S1_only_classu|MSTRG.10999.1.p1	355	
S1_only_classu|MSTRG.11011.1.p1	576	
S1_only_classu|MSTRG.11032.1.p1	407	
S1_only_classu|MSTRG.11033.1.p2	344	
S1_only_classu|MSTRG.11061.1.p1	288	
S1_only_classu|MSTRG.11064.1.p1	119	
S1_only_classu|MSTRG.11067.1.p1	150	
S1_only_classu|MSTRG.11068.1.p2	159	
S1_only_classu|MSTRG.11068.1.p3	150	
S1_only_classu|MSTRG.11068.1.p4	135	
S1_only_classu|MSTRG.11068.1.p6	103	
S1_only_classu|MSTRG.11104.1.p1	510	
S1_only_classu|MSTRG.11105.1.p1	173	
S1_only_classu|MSTRG.11108.1.p1	223	
S1_only_classu|MSTRG.11165.1.p1	899	
S1_only_classu|MSTRG.11174.1.p1	416	
S1_only_classu|MSTRG.11197.1.p1	695	
S1_only_classu|MSTRG.11210.1.p1	908	
S1_only_classu|MSTRG.11225.1.p1	142	
S1_only_classu|MSTRG.11258.1.p1	780	
S1_only_classu|MSTRG.11270.1.p1	357	
S1_only_classu|MSTRG.11277.1.p1	795	
S1_only_classu|MSTRG.11293.1.p1	618	
S1_only_classu|MSTRG.11293.1.p3	197	
S1_only_classu|MSTRG.11312.1.p1	622	
S1_only_classu|MSTRG.11312.1.p7	121	
S1_only_classu|MSTRG.11326.1.p1	578	
S1_only_classu|MSTRG.11327.1.p3	166	
S1_only_classu|MSTRG.11327.1.p4	103	
S1_only_classu|MSTRG.11330.2.p2	147	
S1_only_classu|MSTRG.11332.1.p2	148	
S1_only_classu|MSTRG.11334.1.p1	362	
S1_only_classu|MSTRG.11350.1.p1	976	
S1_only_classu|MSTRG.11350.2.p1	976	
S1_only_classu|MSTRG.11365.1.p1	102	
S1_only_classu|MSTRG.11371.1.p1	299	
S1_only_classu|MSTRG.11374.2.p1	1711	
S1_only_classu|MSTRG.11379.1.p1	762	
S1_only_classu|MSTRG.1138.1.p1	268	
S1_only_classu|MSTRG.11414.1.p1	436	
S1_only_classu|MSTRG.11414.1.p2	175	
S1_only_classu|MSTRG.1142.1.p2	105	
S1_only_classu|MSTRG.11441.1.p1	747	
S1_only_classu|MSTRG.11451.1.p1	1696	
S1_only_classu|MSTRG.11451.1.p2	166	
S1_only_classu|MSTRG.11471.1.p1	203	
S1_only_classu|MSTRG.11504.1.p2	109	
S1_only_classu|MSTRG.11505.1.p1	302	
S1_only_classu|MSTRG.11516.2.p1	399	
S1_only_classu|MSTRG.11562.1.p1	349	
S1_only_classu|MSTRG.11617.1.p1	107	
S1_only_classu|MSTRG.11631.1.p1	452	
S1_only_classu|MSTRG.11639.1.p1	192	
S1_only_classu|MSTRG.11639.1.p2	140	
S1_only_classu|MSTRG.11639.1.p4	120	
S1_only_classu|MSTRG.11647.1.p1	313	
S1_only_classu|MSTRG.11655.1.p1	1201	
S1_only_classu|MSTRG.11666.1.p1	849	
S1_only_classu|MSTRG.11668.1.p1	192	
S1_only_classu|MSTRG.11690.1.p1	157	
S1_only_classu|MSTRG.11691.2.p1	273	
S1_only_classu|MSTRG.1171.1.p1	1031	
S1_only_classu|MSTRG.11717.1.p1	1590	
S1_only_classu|MSTRG.11717.2.p1	1590	
S1_only_classu|MSTRG.11757.1.p1	1256	
S1_only_classu|MSTRG.11766.1.p1	446	
S1_only_classu|MSTRG.11793.1.p1	1184	
S1_only_classu|MSTRG.11808.1.p1	235	
S1_only_classu|MSTRG.1183.1.p1	416	
S1_only_classu|MSTRG.11844.1.p1	549	
S1_only_classu|MSTRG.11846.1.p1	284	
S1_only_classu|MSTRG.11849.1.p1	622	
S1_only_classu|MSTRG.11849.1.p3	467	
S1_only_classu|MSTRG.11853.1.p2	313	
S1_only_classu|MSTRG.11874.1.p1	198	
S1_only_classu|MSTRG.11875.1.p1	445	
S1_only_classu|MSTRG.11875.1.p3	132	
S1_only_classu|MSTRG.11875.2.p1	152	
S1_only_classu|MSTRG.11879.1.p1	670	
S1_only_classu|MSTRG.11880.1.p1	643	
S1_only_classu|MSTRG.11880.1.p2	554	
S1_only_classu|MSTRG.11880.2.p1	643	
S1_only_classu|MSTRG.11880.2.p2	554	
S1_only_classu|MSTRG.11880.3.p1	554	
S1_only_classu|MSTRG.11884.1.p1	291	
S1_only_classu|MSTRG.11891.1.p1	504	
S1_only_classu|MSTRG.11891.1.p2	265	
S1_only_classu|MSTRG.11903.1.p1	358	
S1_only_classu|MSTRG.11903.1.p3	106	
S1_only_classu|MSTRG.11904.1.p1	200	
S1_only_classu|MSTRG.11909.1.p1	362	
S1_only_classu|MSTRG.1192.1.p4	135	
S1_only_classu|MSTRG.1192.1.p6	118	
S1_only_classu|MSTRG.11936.1.p1	714	
S1_only_classu|MSTRG.11936.1.p5	137	
S1_only_classu|MSTRG.11938.1.p1	349	
S1_only_classu|MSTRG.11940.1.p1	1171	
S1_only_classu|MSTRG.12011.1.p1	366	
S1_only_classu|MSTRG.12011.1.p2	185	
S1_only_classu|MSTRG.12028.1.p1	593	
S1_only_classu|MSTRG.12028.1.p3	175	
S1_only_classu|MSTRG.12028.1.p9	123	
S1_only_classu|MSTRG.12041.1.p1	493	
S1_only_classu|MSTRG.12075.1.p1	171	
S1_only_classu|MSTRG.12076.1.p1	149	
S1_only_classu|MSTRG.12090.1.p1	532	
S1_only_classu|MSTRG.12090.1.p2	202	
S1_only_classu|MSTRG.12106.1.p1	226	
S1_only_classu|MSTRG.12137.1.p1	679	
S1_only_classu|MSTRG.12150.1.p1	418	
S1_only_classu|MSTRG.12160.1.p1	712	
S1_only_classu|MSTRG.12167.1.p1	299	
S1_only_classu|MSTRG.12174.1.p1	1738	
S1_only_classu|MSTRG.12180.1.p1	173	
S1_only_classu|MSTRG.12183.1.p1	1032	
S1_only_classu|MSTRG.12183.1.p2	655	
S1_only_classu|MSTRG.12183.1.p6	124	
S1_only_classu|MSTRG.12199.1.p1	626	
S1_only_classu|MSTRG.12199.1.p12	109	
S1_only_classu|MSTRG.12199.1.p2	492	
S1_only_classu|MSTRG.12202.1.p1	925	
S1_only_classu|MSTRG.12210.1.p1	274	
S1_only_classu|MSTRG.12228.1.p1	627	
S1_only_classu|MSTRG.12242.1.p2	184	
S1_only_classu|MSTRG.12242.1.p5	130	
S1_only_classu|MSTRG.12267.1.p1	848	
S1_only_classu|MSTRG.12270.1.p1	120	
S1_only_classu|MSTRG.12271.1.p1	572	
S1_only_classu|MSTRG.12271.1.p2	325	
S1_only_classu|MSTRG.12271.1.p3	242	
S1_only_classu|MSTRG.12276.1.p1	304	
S1_only_classu|MSTRG.12276.1.p2	245	
S1_only_classu|MSTRG.12278.1.p3	140	
S1_only_classu|MSTRG.12298.1.p1	700	
S1_only_classu|MSTRG.12299.1.p1	1067	
S1_only_classu|MSTRG.12299.1.p11	113	
S1_only_classu|MSTRG.12299.1.p2	914	
S1_only_classu|MSTRG.12299.1.p3	512	
S1_only_classu|MSTRG.12301.1.p1	318	
S1_only_classu|MSTRG.1231.1.p1	992	
S1_only_classu|MSTRG.12319.1.p1	991	
S1_only_classu|MSTRG.12334.1.p1	92	
S1_only_classu|MSTRG.1234.1.p1	594	
S1_only_classu|MSTRG.1234.1.p5	125	
S1_only_classu|MSTRG.12340.1.p1	857	
S1_only_classu|MSTRG.12342.1.p1	678	
S1_only_classu|MSTRG.12342.1.p2	545	
S1_only_classu|MSTRG.12344.1.p1	844	
S1_only_classu|MSTRG.12344.1.p4	125	
S1_only_classu|MSTRG.12350.1.p1	309	
S1_only_classu|MSTRG.12350.1.p2	236	
S1_only_classu|MSTRG.12362.1.p1	125	
S1_only_classu|MSTRG.12362.1.p3	109	
S1_only_classu|MSTRG.12372.1.p1	760	
S1_only_classu|MSTRG.12383.1.p1	433	
S1_only_classu|MSTRG.12383.1.p2	282	
S1_only_classu|MSTRG.12395.1.p1	583	
S1_only_classu|MSTRG.12396.1.p1	456	
S1_only_classu|MSTRG.12396.1.p3	207	
S1_only_classu|MSTRG.12397.1.p1	741	
S1_only_classu|MSTRG.12397.1.p3	102	
S1_only_classu|MSTRG.12402.1.p1	295	
S1_only_classu|MSTRG.12404.1.p1	515	
S1_only_classu|MSTRG.12404.1.p2	256	
S1_only_classu|MSTRG.12404.1.p3	254	
S1_only_classu|MSTRG.12408.1.p1	837	
S1_only_classu|MSTRG.12419.1.p1	195	
S1_only_classu|MSTRG.12429.1.p1	888	
S1_only_classu|MSTRG.12432.1.p2	160	
S1_only_classu|MSTRG.12435.1.p1	797	
S1_only_classu|MSTRG.12439.1.p1	386	
S1_only_classu|MSTRG.12449.1.p1	604	
S1_only_classu|MSTRG.12470.1.p1	803	
S1_only_classu|MSTRG.12480.1.p1	2028	
S1_only_classu|MSTRG.12493.1.p2	105	
S1_only_classu|MSTRG.12500.1.p1	689	
S1_only_classu|MSTRG.12500.1.p4	123	
S1_only_classu|MSTRG.12502.1.p1	642	
S1_only_classu|MSTRG.12502.1.p2	420	
S1_only_classu|MSTRG.12502.1.p3	267	
S1_only_classu|MSTRG.12506.1.p1	554	
S1_only_classu|MSTRG.12509.1.p1	434	
S1_only_classu|MSTRG.12509.1.p5	106	
S1_only_classu|MSTRG.12513.1.p3	106	
S1_only_classu|MSTRG.12515.1.p1	531	
S1_only_classu|MSTRG.12515.1.p4	280	
S1_only_classu|MSTRG.12521.1.p1	140	
S1_only_classu|MSTRG.12522.1.p3	111	
S1_only_classu|MSTRG.12556.1.p2	184	
S1_only_classu|MSTRG.12556.1.p3	169	
S1_only_classu|MSTRG.1258.1.p1	320	
S1_only_classu|MSTRG.12591.1.p1	415	
S1_only_classu|MSTRG.12594.1.p1	116	
S1_only_classu|MSTRG.12596.1.p1	366	
S1_only_classu|MSTRG.12596.1.p2	306	
S1_only_classu|MSTRG.12609.1.p4	100	
S1_only_classu|MSTRG.12628.1.p2	144	
S1_only_classu|MSTRG.12628.1.p7	103	
S1_only_classu|MSTRG.12630.1.p1	271	
S1_only_classu|MSTRG.12630.1.p2	134	
S1_only_classu|MSTRG.12638.1.p1	524	
S1_only_classu|MSTRG.12638.1.p3	169	
S1_only_classu|MSTRG.12641.1.p1	543	
S1_only_classu|MSTRG.12655.1.p1	787	
S1_only_classu|MSTRG.12655.1.p2	665	
S1_only_classu|MSTRG.1266.1.p1	782	
S1_only_classu|MSTRG.12660.1.p1	237	
S1_only_classu|MSTRG.12663.1.p1	348	
S1_only_classu|MSTRG.1267.1.p1	569	
S1_only_classu|MSTRG.1267.1.p4	137	
S1_only_classu|MSTRG.12684.1.p1	790	
S1_only_classu|MSTRG.12684.1.p2	410	
S1_only_classu|MSTRG.12715.1.p1	275	
S1_only_classu|MSTRG.12716.1.p1	638	
S1_only_classu|MSTRG.12734.1.p1	265	
S1_only_classu|MSTRG.12748.1.p1	1109	
S1_only_classu|MSTRG.12777.1.p1	290	
S1_only_classu|MSTRG.12777.1.p5	137	
S1_only_classu|MSTRG.12780.1.p1	476	
S1_only_classu|MSTRG.12784.1.p2	137	
S1_only_classu|MSTRG.12786.1.p1	219	
S1_only_classu|MSTRG.12791.1.p1	238	
S1_only_classu|MSTRG.12795.1.p2	182	
S1_only_classu|MSTRG.12806.1.p1	416	
S1_only_classu|MSTRG.12816.1.p1	703	
S1_only_classu|MSTRG.12816.1.p2	455	
S1_only_classu|MSTRG.12832.1.p2	202	
S1_only_classu|MSTRG.12836.2.p1	518	
S1_only_classu|MSTRG.12845.1.p1	292	
S1_only_classu|MSTRG.1289.1.p1	1817	
S1_only_classu|MSTRG.12898.1.p1	180	
S1_only_classu|MSTRG.12898.1.p2	179	
S1_only_classu|MSTRG.12898.1.p4	103	
S1_only_classu|MSTRG.12934.1.p1	302	
S1_only_classu|MSTRG.12936.1.p1	507	
S1_only_classu|MSTRG.12942.1.p1	452	
S1_only_classu|MSTRG.12946.1.p1	747	
S1_only_classu|MSTRG.12962.1.p1	485	
S1_only_classu|MSTRG.12962.1.p2	329	
S1_only_classu|MSTRG.12971.1.p1	1241	
S1_only_classu|MSTRG.12971.1.p2	251	
S1_only_classu|MSTRG.12986.2.p1	118	
S1_only_classu|MSTRG.12988.1.p1	1157	
S1_only_classu|MSTRG.12988.1.p2	302	
S1_only_classu|MSTRG.12988.1.p6	112	
S1_only_classu|MSTRG.12988.3.p1	302	
S1_only_classu|MSTRG.12988.3.p4	112	
S1_only_classu|MSTRG.13002.1.p1	407	
S1_only_classu|MSTRG.13006.1.p1	973	
S1_only_classu|MSTRG.13006.1.p2	125	
S1_only_classu|MSTRG.13021.1.p1	134	
S1_only_classu|MSTRG.13023.1.p1	518	
S1_only_classu|MSTRG.13023.2.p1	518	
S1_only_classu|MSTRG.13049.2.p4	101	
S1_only_classu|MSTRG.13049.2.p5	101	
S1_only_classu|MSTRG.13065.1.p1	950	
S1_only_classu|MSTRG.1307.1.p1	120	
S1_only_classu|MSTRG.13076.1.p1	1784	
S1_only_classu|MSTRG.13077.1.p1	458	
S1_only_classu|MSTRG.13083.1.p1	277	
S1_only_classu|MSTRG.13092.1.p1	262	
S1_only_classu|MSTRG.13108.1.p1	957	
S1_only_classu|MSTRG.13108.1.p2	293	
S1_only_classu|MSTRG.13108.1.p3	135	
S1_only_classu|MSTRG.13131.1.p1	237	
S1_only_classu|MSTRG.1315.1.p2	142	
S1_only_classu|MSTRG.1319.1.p2	301	
S1_only_classu|MSTRG.1321.1.p1	994	
S1_only_classu|MSTRG.1321.1.p3	308	
S1_only_classu|MSTRG.13212.1.p1	972	
S1_only_classu|MSTRG.13212.1.p2	460	
S1_only_classu|MSTRG.13212.1.p9	102	
S1_only_classu|MSTRG.13222.1.p1	589	
S1_only_classu|MSTRG.13222.1.p2	201	
S1_only_classu|MSTRG.1323.1.p1	101	
S1_only_classu|MSTRG.13238.1.p1	367	
S1_only_classu|MSTRG.13238.1.p2	342	
S1_only_classu|MSTRG.13238.1.p3	261	
S1_only_classu|MSTRG.1324.1.p1	161	
S1_only_classu|MSTRG.13244.1.p1	629	
S1_only_classu|MSTRG.13244.1.p2	603	
S1_only_classu|MSTRG.1326.1.p1	1914	
S1_only_classu|MSTRG.1326.1.p2	398	
S1_only_classu|MSTRG.13274.1.p1	416	
S1_only_classu|MSTRG.13290.1.p1	511	
S1_only_classu|MSTRG.13290.1.p4	100	
S1_only_classu|MSTRG.13295.1.p1	459	
S1_only_classu|MSTRG.13295.1.p2	271	
S1_only_classu|MSTRG.13305.1.p1	602	
S1_only_classu|MSTRG.13307.1.p1	758	
S1_only_classu|MSTRG.13340.1.p1	469	
S1_only_classu|MSTRG.1335.1.p1	160	
S1_only_classu|MSTRG.13350.1.p1	407	
S1_only_classu|MSTRG.13362.1.p1	993	
S1_only_classu|MSTRG.13362.1.p14	117	
S1_only_classu|MSTRG.13362.1.p16	106	
S1_only_classu|MSTRG.13362.1.p2	686	
S1_only_classu|MSTRG.13367.1.p1	371	
S1_only_classu|MSTRG.1338.1.p2	107	
S1_only_classu|MSTRG.13404.1.p1	277	
S1_only_classu|MSTRG.13419.1.p1	389	
S1_only_classu|MSTRG.13420.1.p1	199	
S1_only_classu|MSTRG.1343.1.p1	152	
S1_only_classu|MSTRG.13430.1.p1	1427	
S1_only_classu|MSTRG.13439.1.p1	528	
S1_only_classu|MSTRG.13456.1.p1	167	
S1_only_classu|MSTRG.13456.1.p2	132	
S1_only_classu|MSTRG.13460.1.p1	386	
S1_only_classu|MSTRG.13483.1.p1	123	
S1_only_classu|MSTRG.13490.1.p1	245	
S1_only_classu|MSTRG.13497.1.p1	387	
S1_only_classu|MSTRG.13498.1.p1	141	
S1_only_classu|MSTRG.13499.1.p1	112	
S1_only_classu|MSTRG.13501.1.p1	750	
S1_only_classu|MSTRG.13501.1.p4	112	
S1_only_classu|MSTRG.13504.1.p1	573	
S1_only_classu|MSTRG.13509.1.p1	126	
S1_only_classu|MSTRG.13511.1.p2	193	
S1_only_classu|MSTRG.13511.1.p6	112	
S1_only_classu|MSTRG.13511.1.p9	103	
S1_only_classu|MSTRG.13511.2.p2	193	
S1_only_classu|MSTRG.13511.2.p9	103	
S1_only_classu|MSTRG.13511.3.p3	122	
S1_only_classu|MSTRG.13513.1.p1	512	
S1_only_classu|MSTRG.13513.1.p2	190	
S1_only_classu|MSTRG.13513.1.p8	104	
S1_only_classu|MSTRG.13518.1.p1	193	
S1_only_classu|MSTRG.13522.1.p1	696	
S1_only_classu|MSTRG.13522.1.p2	442	
S1_only_classu|MSTRG.13524.1.p1	269	
S1_only_classu|MSTRG.13524.1.p2	256	
S1_only_classu|MSTRG.13524.1.p5	102	
S1_only_classu|MSTRG.13528.1.p3	122	
S1_only_classu|MSTRG.1353.1.p2	267	
S1_only_classu|MSTRG.1353.1.p4	191	
S1_only_classu|MSTRG.13532.1.p1	567	
S1_only_classu|MSTRG.13537.1.p1	1161	
S1_only_classu|MSTRG.13542.1.p1	2012	
S1_only_classu|MSTRG.13546.1.p1	677	
S1_only_classu|MSTRG.13557.1.p1	540	
S1_only_classu|MSTRG.13568.1.p1	510	
S1_only_classu|MSTRG.13568.1.p2	500	
S1_only_classu|MSTRG.13570.1.p1	344	
S1_only_classu|MSTRG.1358.1.p1	239	
S1_only_classu|MSTRG.1358.1.p2	164	
S1_only_classu|MSTRG.13582.1.p1	478	
S1_only_classu|MSTRG.13588.1.p1	896	
S1_only_classu|MSTRG.13588.1.p4	141	
S1_only_classu|MSTRG.13591.1.p3	115	
S1_only_classu|MSTRG.13606.1.p1	506	
S1_only_classu|MSTRG.13606.1.p2	455	
S1_only_classu|MSTRG.13606.1.p9	126	
S1_only_classu|MSTRG.13626.1.p1	525	
S1_only_classu|MSTRG.13626.1.p2	378	
S1_only_classu|MSTRG.13627.1.p1	1185	
S1_only_classu|MSTRG.13627.1.p3	401	
S1_only_classu|MSTRG.13628.1.p1	787	
S1_only_classu|MSTRG.13653.1.p1	1204	
S1_only_classu|MSTRG.13653.1.p8	115	
S1_only_classu|MSTRG.13692.1.p1	683	
S1_only_classu|MSTRG.13702.1.p1	553	
S1_only_classu|MSTRG.13702.1.p3	122	
S1_only_classu|MSTRG.13727.1.p3	216	
S1_only_classu|MSTRG.13749.1.p1	631	
S1_only_classu|MSTRG.13749.1.p5	107	
S1_only_classu|MSTRG.13757.1.p1	394	
S1_only_classu|MSTRG.13760.1.p2	103	
S1_only_classu|MSTRG.13773.1.p1	1171	
S1_only_classu|MSTRG.13773.1.p2	455	
S1_only_classu|MSTRG.13778.1.p1	300	
S1_only_classu|MSTRG.13778.1.p6	111	
S1_only_classu|MSTRG.13789.1.p1	349	
S1_only_classu|MSTRG.13809.1.p2	173	
S1_only_classu|MSTRG.13815.1.p1	591	
S1_only_classu|MSTRG.13825.1.p1	1594	
S1_only_classu|MSTRG.13840.1.p1	1057	
S1_only_classu|MSTRG.13840.1.p2	415	
S1_only_classu|MSTRG.13841.1.p1	1568	
S1_only_classu|MSTRG.13887.1.p1	1738	
S1_only_classu|MSTRG.13888.1.p1	188	
S1_only_classu|MSTRG.13920.1.p1	467	
S1_only_classu|MSTRG.13929.1.p1	314	
S1_only_classu|MSTRG.13934.1.p1	146	
S1_only_classu|MSTRG.13937.1.p1	292	
S1_only_classu|MSTRG.13947.1.p1	510	
S1_only_classu|MSTRG.13947.1.p2	382	
S1_only_classu|MSTRG.13953.1.p1	1128	
S1_only_classu|MSTRG.13966.1.p1	512	
S1_only_classu|MSTRG.13974.1.p1	238	
S1_only_classu|MSTRG.13974.1.p4	146	
S1_only_classu|MSTRG.13990.1.p1	758	
S1_only_classu|MSTRG.13990.1.p3	150	
S1_only_classu|MSTRG.13996.1.p1	208	
S1_only_classu|MSTRG.14011.1.p1	450	
S1_only_classu|MSTRG.14017.1.p1	530	
S1_only_classu|MSTRG.14017.2.p1	530	
S1_only_classu|MSTRG.14017.3.p1	384	
S1_only_classu|MSTRG.1403.1.p1	255	
S1_only_classu|MSTRG.14032.1.p1	155	
S1_only_classu|MSTRG.14063.1.p1	334	
S1_only_classu|MSTRG.14097.1.p1	119	
S1_only_classu|MSTRG.14097.1.p2	106	
S1_only_classu|MSTRG.14098.2.p1	352	
S1_only_classu|MSTRG.14127.1.p2	108	
S1_only_classu|MSTRG.14136.1.p1	441	
S1_only_classu|MSTRG.14136.1.p10	100	
S1_only_classu|MSTRG.14138.1.p1	159	
S1_only_classu|MSTRG.14138.1.p6	100	
S1_only_classu|MSTRG.14140.1.p1	665	
S1_only_classu|MSTRG.14146.1.p1	431	
S1_only_classu|MSTRG.14146.1.p3	168	
S1_only_classu|MSTRG.14152.1.p1	1479	
S1_only_classu|MSTRG.14152.1.p10	113	
S1_only_classu|MSTRG.14152.1.p2	388	
S1_only_classu|MSTRG.14155.1.p1	367	
S1_only_classu|MSTRG.14155.1.p3	317	
S1_only_classu|MSTRG.14186.1.p1	353	
S1_only_classu|MSTRG.14188.1.p1	440	
S1_only_classu|MSTRG.14192.1.p1	346	
S1_only_classu|MSTRG.14192.1.p2	253	
S1_only_classu|MSTRG.14192.1.p3	249	
S1_only_classu|MSTRG.14192.2.p1	483	
S1_only_classu|MSTRG.14192.2.p2	249	
S1_only_classu|MSTRG.14242.1.p1	586	
S1_only_classu|MSTRG.14243.1.p2	194	
S1_only_classu|MSTRG.14245.1.p1	743	
S1_only_classu|MSTRG.14248.1.p1	146	
S1_only_classu|MSTRG.14251.1.p1	264	
S1_only_classu|MSTRG.14269.1.p1	341	
S1_only_classu|MSTRG.14271.1.p1	762	
S1_only_classu|MSTRG.14276.1.p1	499	
S1_only_classu|MSTRG.14276.2.p1	499	
S1_only_classu|MSTRG.14277.1.p1	360	
S1_only_classu|MSTRG.14277.1.p2	253	
S1_only_classu|MSTRG.14279.1.p1	371	
S1_only_classu|MSTRG.14288.1.p1	319	
S1_only_classu|MSTRG.1430.1.p1	697	
S1_only_classu|MSTRG.14311.1.p1	563	
S1_only_classu|MSTRG.14311.1.p2	181	
S1_only_classu|MSTRG.14312.1.p1	143	
S1_only_classu|MSTRG.14312.2.p1	124	
S1_only_classu|MSTRG.14340.1.p1	703	
S1_only_classu|MSTRG.14347.1.p1	245	
S1_only_classu|MSTRG.14351.1.p1	1449	
S1_only_classu|MSTRG.14352.1.p1	327	
S1_only_classu|MSTRG.14381.1.p1	587	
S1_only_classu|MSTRG.14381.1.p2	289	
S1_only_classu|MSTRG.14413.1.p1	1044	
S1_only_classu|MSTRG.14421.1.p6	107	
S1_only_classu|MSTRG.14421.2.p6	107	
S1_only_classu|MSTRG.14461.1.p1	558	
S1_only_classu|MSTRG.14461.1.p2	285	
S1_only_classu|MSTRG.14467.1.p1	501	
S1_only_classu|MSTRG.14471.1.p1	466	
S1_only_classu|MSTRG.14475.1.p1	2050	
S1_only_classu|MSTRG.14486.1.p1	510	
S1_only_classu|MSTRG.14515.1.p1	2235	
S1_only_classu|MSTRG.14515.1.p2	511	
S1_only_classu|MSTRG.14515.1.p3	441	
S1_only_classu|MSTRG.14516.1.p1	2256	
S1_only_classu|MSTRG.14516.1.p2	511	
S1_only_classu|MSTRG.14517.1.p1	594	
S1_only_classu|MSTRG.14517.1.p2	534	
S1_only_classu|MSTRG.14517.1.p7	134	
S1_only_classu|MSTRG.14529.1.p1	313	
S1_only_classu|MSTRG.14529.1.p2	159	
S1_only_classu|MSTRG.14546.1.p1	336	
S1_only_classu|MSTRG.14547.1.p1	275	
S1_only_classu|MSTRG.14547.1.p2	161	
S1_only_classu|MSTRG.14547.1.p4	121	
S1_only_classu|MSTRG.14547.1.p7	105	
S1_only_classu|MSTRG.14548.1.p1	533	
S1_only_classu|MSTRG.14549.1.p1	178	
S1_only_classu|MSTRG.14556.1.p1	153	
S1_only_classu|MSTRG.14568.1.p1	359	
S1_only_classu|MSTRG.14601.1.p1	141	
S1_only_classu|MSTRG.14601.1.p2	137	
S1_only_classu|MSTRG.1461.1.p1	378	
S1_only_classu|MSTRG.1461.1.p2	109	
S1_only_classu|MSTRG.14611.1.p1	641	
S1_only_classu|MSTRG.1463.1.p1	463	
S1_only_classu|MSTRG.14643.1.p1	209	
S1_only_classu|MSTRG.14664.1.p1	576	
S1_only_classu|MSTRG.147.1.p1	4350	
S1_only_classu|MSTRG.14701.1.p1	250	
S1_only_classu|MSTRG.14704.1.p2	128	
S1_only_classu|MSTRG.14722.1.p1	357	
S1_only_classu|MSTRG.14722.1.p3	135	
S1_only_classu|MSTRG.14737.1.p1	642	
S1_only_classu|MSTRG.14737.1.p2	186	
S1_only_classu|MSTRG.14745.1.p1	392	
S1_only_classu|MSTRG.14745.1.p3	172	
S1_only_classu|MSTRG.14746.1.p1	626	
S1_only_classu|MSTRG.14763.1.p2	516	
S1_only_classu|MSTRG.14768.1.p1	263	
S1_only_classu|MSTRG.14795.1.p2	634	
S1_only_classu|MSTRG.14795.1.p5	198	
S1_only_classu|MSTRG.14795.1.p6	173	
S1_only_classu|MSTRG.14796.1.p1	574	
S1_only_classu|MSTRG.14796.1.p2	380	
S1_only_classu|MSTRG.148.1.p1	296	
S1_only_classu|MSTRG.148.1.p2	185	
S1_only_classu|MSTRG.148.2.p1	296	
S1_only_classu|MSTRG.14822.1.p1	657	
S1_only_classu|MSTRG.14840.1.p1	482	
S1_only_classu|MSTRG.14845.1.p2	547	
S1_only_classu|MSTRG.14846.1.p1	150	
S1_only_classu|MSTRG.14850.1.p1	534	
S1_only_classu|MSTRG.14850.1.p2	392	
S1_only_classu|MSTRG.14851.1.p1	1524	
S1_only_classu|MSTRG.14867.1.p1	364	
S1_only_classu|MSTRG.14878.1.p1	293	
S1_only_classu|MSTRG.1488.1.p1	178	
S1_only_classu|MSTRG.1488.2.p1	223	
S1_only_classu|MSTRG.1488.2.p2	183	
S1_only_classu|MSTRG.1488.2.p3	170	
S1_only_classu|MSTRG.1488.3.p1	374	
S1_only_classu|MSTRG.1488.3.p2	183	
S1_only_classu|MSTRG.1489.1.p1	188	
S1_only_classu|MSTRG.14898.1.p2	105	
S1_only_classu|MSTRG.14908.1.p1	466	
S1_only_classu|MSTRG.14908.1.p2	262	
S1_only_classu|MSTRG.14909.1.p1	523	
S1_only_classu|MSTRG.14919.1.p1	960	
S1_only_classu|MSTRG.14919.1.p2	393	
S1_only_classu|MSTRG.14924.1.p1	715	
S1_only_classu|MSTRG.1494.1.p1	142	
S1_only_classu|MSTRG.14940.1.p1	1622	
S1_only_classu|MSTRG.1495.1.p1	889	
S1_only_classu|MSTRG.14951.1.p1	1038	
S1_only_classu|MSTRG.14953.1.p1	841	
S1_only_classu|MSTRG.14953.2.p1	553	
S1_only_classu|MSTRG.14953.2.p2	268	
S1_only_classu|MSTRG.14967.1.p1	841	
S1_only_classu|MSTRG.14968.1.p1	983	
S1_only_classu|MSTRG.14976.1.p5	103	
S1_only_classu|MSTRG.14979.1.p1	656	
S1_only_classu|MSTRG.14980.1.p1	1480	
S1_only_classu|MSTRG.14981.1.p1	610	
S1_only_classu|MSTRG.14982.1.p1	1109	
S1_only_classu|MSTRG.14982.1.p4	191	
S1_only_classu|MSTRG.14982.1.p5	185	
S1_only_classu|MSTRG.14983.1.p1	264	
S1_only_classu|MSTRG.14991.1.p1	610	
S1_only_classu|MSTRG.14991.1.p2	591	
S1_only_classu|MSTRG.14991.1.p3	457	
S1_only_classu|MSTRG.14991.1.p4	303	
S1_only_classu|MSTRG.15006.1.p1	224	
S1_only_classu|MSTRG.15015.1.p1	903	
S1_only_classu|MSTRG.15015.1.p3	132	
S1_only_classu|MSTRG.15016.1.p1	238	
S1_only_classu|MSTRG.1502.1.p1	171	
S1_only_classu|MSTRG.15027.1.p1	154	
S1_only_classu|MSTRG.1503.1.p2	123	
S1_only_classu|MSTRG.15036.1.p1	379	
S1_only_classu|MSTRG.15036.1.p2	270	
S1_only_classu|MSTRG.15040.1.p1	298	
S1_only_classu|MSTRG.15054.1.p1	1313	
S1_only_classu|MSTRG.15054.1.p2	389	
S1_only_classu|MSTRG.15072.1.p2	117	
S1_only_classu|MSTRG.15074.1.p1	861	
S1_only_classu|MSTRG.15077.1.p1	162	
S1_only_classu|MSTRG.15092.1.p1	1728	
S1_only_classu|MSTRG.15132.1.p1	402	
S1_only_classu|MSTRG.15134.1.p2	109	
S1_only_classu|MSTRG.15145.1.p2	202	
S1_only_classu|MSTRG.1515.1.p1	233	
S1_only_classu|MSTRG.1515.1.p2	229	
S1_only_classu|MSTRG.1515.1.p9	100	
S1_only_classu|MSTRG.15158.1.p2	118	
S1_only_classu|MSTRG.15175.1.p1	113	
S1_only_classu|MSTRG.15176.1.p1	224	
S1_only_classu|MSTRG.1518.1.p1	816	
S1_only_classu|MSTRG.15182.1.p1	534	
S1_only_classu|MSTRG.15185.1.p1	350	
S1_only_classu|MSTRG.1520.1.p1	644	
S1_only_classu|MSTRG.15226.1.p1	451	
S1_only_classu|MSTRG.15227.1.p1	472	
S1_only_classu|MSTRG.15227.1.p3	132	
S1_only_classu|MSTRG.15228.1.p1	255	
S1_only_classu|MSTRG.15228.1.p3	109	
S1_only_classu|MSTRG.15235.1.p1	524	
S1_only_classu|MSTRG.15235.1.p2	459	
S1_only_classu|MSTRG.15256.1.p1	529	
S1_only_classu|MSTRG.15256.1.p3	140	
S1_only_classu|MSTRG.15261.1.p1	189	
S1_only_classu|MSTRG.15265.1.p1	876	
S1_only_classu|MSTRG.15265.2.p1	929	
S1_only_classu|MSTRG.15266.1.p1	699	
S1_only_classu|MSTRG.15273.1.p1	774	
S1_only_classu|MSTRG.15278.1.p1	178	
S1_only_classu|MSTRG.15279.1.p1	293	
S1_only_classu|MSTRG.15288.1.p2	140	
S1_only_classu|MSTRG.1529.1.p1	365	
S1_only_classu|MSTRG.15295.1.p1	478	
S1_only_classu|MSTRG.15296.1.p1	227	
S1_only_classu|MSTRG.15308.1.p1	609	
S1_only_classu|MSTRG.15309.1.p1	524	
S1_only_classu|MSTRG.15312.1.p1	162	
S1_only_classu|MSTRG.15319.1.p1	402	
S1_only_classu|MSTRG.15319.1.p3	202	
S1_only_classu|MSTRG.1556.1.p1	288	
S1_only_classu|MSTRG.1556.1.p4	106	
S1_only_classu|MSTRG.1559.1.p2	242	
S1_only_classu|MSTRG.156.1.p1	557	
S1_only_classu|MSTRG.156.1.p3	175	
S1_only_classu|MSTRG.1586.1.p1	375	
S1_only_classu|MSTRG.1594.1.p1	255	
S1_only_classu|MSTRG.1619.1.p1	176	
S1_only_classu|MSTRG.1632.1.p1	445	
S1_only_classu|MSTRG.1638.1.p2	193	
S1_only_classu|MSTRG.1638.1.p3	150	
S1_only_classu|MSTRG.1639.1.p1	575	
S1_only_classu|MSTRG.1663.1.p1	594	
S1_only_classu|MSTRG.1664.1.p1	1005	
S1_only_classu|MSTRG.1685.1.p1	150	
S1_only_classu|MSTRG.1718.1.p1	534	
S1_only_classu|MSTRG.1732.1.p1	226	
S1_only_classu|MSTRG.1732.1.p3	123	
S1_only_classu|MSTRG.1744.1.p1	2439	
S1_only_classu|MSTRG.1750.1.p1	224	
S1_only_classu|MSTRG.1763.1.p1	564	
S1_only_classu|MSTRG.1781.1.p1	432	
S1_only_classu|MSTRG.1785.1.p1	267	
S1_only_classu|MSTRG.1808.1.p1	258	
S1_only_classu|MSTRG.1819.1.p3	111	
S1_only_classu|MSTRG.183.1.p3	128	
S1_only_classu|MSTRG.1840.1.p1	363	
S1_only_classu|MSTRG.1842.1.p2	316	
S1_only_classu|MSTRG.1843.1.p1	384	
S1_only_classu|MSTRG.1866.1.p1	469	
S1_only_classu|MSTRG.187.1.p1	386	
S1_only_classu|MSTRG.1882.1.p1	195	
S1_only_classu|MSTRG.1914.1.p1	748	
S1_only_classu|MSTRG.1914.1.p4	163	
S1_only_classu|MSTRG.1914.2.p1	748	
S1_only_classu|MSTRG.1916.1.p1	379	
S1_only_classu|MSTRG.1936.1.p1	484	
S1_only_classu|MSTRG.1937.1.p1	573	
S1_only_classu|MSTRG.1937.1.p3	105	
S1_only_classu|MSTRG.1937.1.p4	105	
S1_only_classu|MSTRG.1947.1.p1	542	
S1_only_classu|MSTRG.1953.1.p1	553	
S1_only_classu|MSTRG.1953.1.p2	370	
S1_only_classu|MSTRG.1967.1.p1	444	
S1_only_classu|MSTRG.1967.1.p2	366	
S1_only_classu|MSTRG.1967.1.p3	321	
S1_only_classu|MSTRG.1967.1.p5	207	
S1_only_classu|MSTRG.197.1.p1	311	
S1_only_classu|MSTRG.1977.1.p1	121	
S1_only_classu|MSTRG.1977.2.p2	113	
S1_only_classu|MSTRG.1978.1.p1	265	
S1_only_classu|MSTRG.1978.1.p2	231	
S1_only_classu|MSTRG.1978.1.p9	102	
S1_only_classu|MSTRG.1997.1.p1	849	
S1_only_classu|MSTRG.2038.1.p1	169	
S1_only_classu|MSTRG.2041.1.p2	180	
S1_only_classu|MSTRG.2041.1.p4	132	
S1_only_classu|MSTRG.2041.1.p5	107	
S1_only_classu|MSTRG.2051.1.p1	276	
S1_only_classu|MSTRG.2060.1.p1	411	
S1_only_classu|MSTRG.207.1.p1	326	
S1_only_classu|MSTRG.2084.1.p2	165	
S1_only_classu|MSTRG.209.1.p1	776	
S1_only_classu|MSTRG.209.1.p2	520	
S1_only_classu|MSTRG.209.1.p3	474	
S1_only_classu|MSTRG.211.1.p1	447	
S1_only_classu|MSTRG.212.1.p1	705	
S1_only_classu|MSTRG.2129.1.p1	1952	
S1_only_classu|MSTRG.2130.1.p1	111	
S1_only_classu|MSTRG.2131.1.p2	118	
S1_only_classu|MSTRG.2135.1.p1	298	
S1_only_classu|MSTRG.2135.1.p4	160	
S1_only_classu|MSTRG.2135.1.p7	109	
S1_only_classu|MSTRG.2136.1.p1	338	
S1_only_classu|MSTRG.2137.1.p1	372	
S1_only_classu|MSTRG.2145.1.p1	430	
S1_only_classu|MSTRG.2145.1.p2	277	
S1_only_classu|MSTRG.2169.1.p1	739	
S1_only_classu|MSTRG.2181.1.p1	340	
S1_only_classu|MSTRG.2186.1.p1	355	
S1_only_classu|MSTRG.222.1.p1	770	
S1_only_classu|MSTRG.2234.1.p1	625	
S1_only_classu|MSTRG.2260.1.p1	349	
S1_only_classu|MSTRG.2260.1.p14	102	
S1_only_classu|MSTRG.2260.1.p2	334	
S1_only_classu|MSTRG.2260.1.p3	331	
S1_only_classu|MSTRG.228.1.p1	296	
S1_only_classu|MSTRG.2313.1.p1	1143	
S1_only_classu|MSTRG.2313.1.p11	120	
S1_only_classu|MSTRG.2314.1.p1	222	
S1_only_classu|MSTRG.2353.1.p1	376	
S1_only_classu|MSTRG.2353.1.p3	244	
S1_only_classu|MSTRG.238.1.p1	296	
S1_only_classu|MSTRG.2403.1.p1	576	
S1_only_classu|MSTRG.2403.1.p2	375	
S1_only_classu|MSTRG.2416.1.p1	118	
S1_only_classu|MSTRG.2417.1.p1	202	
S1_only_classu|MSTRG.2417.1.p2	115	
S1_only_classu|MSTRG.2420.1.p1	433	
S1_only_classu|MSTRG.2420.1.p2	423	
S1_only_classu|MSTRG.2420.1.p6	102	
S1_only_classu|MSTRG.2425.1.p1	399	
S1_only_classu|MSTRG.2425.1.p2	349	
S1_only_classu|MSTRG.2435.1.p2	170	
S1_only_classu|MSTRG.2438.1.p1	346	
S1_only_classu|MSTRG.2441.1.p1	202	
S1_only_classu|MSTRG.2442.1.p1	433	
S1_only_classu|MSTRG.2449.1.p1	607	
S1_only_classu|MSTRG.2449.1.p3	271	
S1_only_classu|MSTRG.2468.1.p1	882	
S1_only_classu|MSTRG.2474.1.p1	1106	
S1_only_classu|MSTRG.2475.1.p1	201	
S1_only_classu|MSTRG.2500.1.p2	393	
S1_only_classu|MSTRG.2500.1.p6	110	
S1_only_classu|MSTRG.2508.1.p1	314	
S1_only_classu|MSTRG.2508.1.p3	212	
S1_only_classu|MSTRG.2508.1.p6	112	
S1_only_classu|MSTRG.2533.1.p1	387	
S1_only_classu|MSTRG.2535.1.p1	353	
S1_only_classu|MSTRG.2538.1.p1	1226	
S1_only_classu|MSTRG.2554.1.p1	99	
S1_only_classu|MSTRG.2562.1.p1	846	
S1_only_classu|MSTRG.2571.1.p2	101	
S1_only_classu|MSTRG.2589.1.p1	489	
S1_only_classu|MSTRG.2602.1.p1	995	
S1_only_classu|MSTRG.2602.1.p2	477	
S1_only_classu|MSTRG.2605.1.p1	356	
S1_only_classu|MSTRG.2605.1.p2	193	
S1_only_classu|MSTRG.261.1.p1	105	
S1_only_classu|MSTRG.2612.1.p1	549	
S1_only_classu|MSTRG.2615.1.p1	449	
S1_only_classu|MSTRG.2615.1.p2	299	
S1_only_classu|MSTRG.2619.1.p1	601	
S1_only_classu|MSTRG.262.1.p1	636	
S1_only_classu|MSTRG.2621.1.p1	2208	
S1_only_classu|MSTRG.2621.1.p4	128	
S1_only_classu|MSTRG.2621.2.p1	2227	
S1_only_classu|MSTRG.2621.2.p2	598	
S1_only_classu|MSTRG.2632.1.p1	335	
S1_only_classu|MSTRG.2636.1.p1	1232	
S1_only_classu|MSTRG.264.1.p1	933	
S1_only_classu|MSTRG.2640.1.p1	1026	
S1_only_classu|MSTRG.2641.1.p1	654	
S1_only_classu|MSTRG.2641.1.p2	453	
S1_only_classu|MSTRG.2641.1.p3	421	
S1_only_classu|MSTRG.2641.1.p5	314	
S1_only_classu|MSTRG.2642.1.p1	501	
S1_only_classu|MSTRG.2654.1.p1	407	
S1_only_classu|MSTRG.2654.1.p4	102	
S1_only_classu|MSTRG.2654.2.p1	580	
S1_only_classu|MSTRG.266.1.p1	237	
S1_only_classu|MSTRG.2660.1.p1	1189	
S1_only_classu|MSTRG.2660.1.p3	142	
S1_only_classu|MSTRG.2666.1.p1	239	
S1_only_classu|MSTRG.267.1.p1	269	
S1_only_classu|MSTRG.2674.1.p1	1701	
S1_only_classu|MSTRG.2687.1.p1	873	
S1_only_classu|MSTRG.270.1.p1	222	
S1_only_classu|MSTRG.2705.1.p1	715	
S1_only_classu|MSTRG.2712.1.p2	421	
S1_only_classu|MSTRG.2712.1.p4	138	
S1_only_classu|MSTRG.2713.1.p1	267	
S1_only_classu|MSTRG.2713.1.p4	127	
S1_only_classu|MSTRG.2714.1.p1	206	
S1_only_classu|MSTRG.2764.1.p1	956	
S1_only_classu|MSTRG.2766.1.p1	848	
S1_only_classu|MSTRG.277.1.p1	693	
S1_only_classu|MSTRG.2781.1.p1	422	
S1_only_classu|MSTRG.2781.1.p2	195	
S1_only_classu|MSTRG.2782.1.p1	175	
S1_only_classu|MSTRG.2818.1.p1	554	
S1_only_classu|MSTRG.282.1.p1	2331	
S1_only_classu|MSTRG.282.1.p13	109	
S1_only_classu|MSTRG.282.1.p7	144	
S1_only_classu|MSTRG.2824.1.p1	909	
S1_only_classu|MSTRG.283.1.p1	2261	
S1_only_classu|MSTRG.283.1.p8	140	
S1_only_classu|MSTRG.2850.1.p1	425	
S1_only_classu|MSTRG.2862.1.p1	168	
S1_only_classu|MSTRG.2862.1.p2	131	
S1_only_classu|MSTRG.2872.1.p1	679	
S1_only_classu|MSTRG.2897.1.p1	131	
S1_only_classu|MSTRG.2901.1.p1	338	
S1_only_classu|MSTRG.2919.1.p1	107	
S1_only_classu|MSTRG.2925.1.p1	171	
S1_only_classu|MSTRG.2967.1.p1	251	
S1_only_classu|MSTRG.2985.1.p1	206	
S1_only_classu|MSTRG.2993.1.p1	557	
S1_only_classu|MSTRG.3003.1.p1	153	
S1_only_classu|MSTRG.3003.1.p3	107	
S1_only_classu|MSTRG.3015.1.p1	214	
S1_only_classu|MSTRG.3044.1.p1	196	
S1_only_classu|MSTRG.3053.1.p1	1738	
S1_only_classu|MSTRG.3058.1.p1	362	
S1_only_classu|MSTRG.3072.1.p1	357	
S1_only_classu|MSTRG.3074.1.p1	535	
S1_only_classu|MSTRG.3094.1.p1	157	
S1_only_classu|MSTRG.3094.1.p3	104	
S1_only_classu|MSTRG.3098.1.p1	476	
S1_only_classu|MSTRG.3098.1.p2	206	
S1_only_classu|MSTRG.3100.1.p1	182	
S1_only_classu|MSTRG.3101.1.p1	703	
S1_only_classu|MSTRG.3106.2.p1	365	
S1_only_classu|MSTRG.3106.2.p3	113	
S1_only_classu|MSTRG.3110.1.p2	112	
S1_only_classu|MSTRG.3131.1.p1	412	
S1_only_classu|MSTRG.3131.1.p2	168	
S1_only_classu|MSTRG.3151.1.p1	615	
S1_only_classu|MSTRG.3156.1.p1	1193	
S1_only_classu|MSTRG.3156.1.p2	411	
S1_only_classu|MSTRG.3157.1.p1	316	
S1_only_classu|MSTRG.3166.1.p1	816	
S1_only_classu|MSTRG.3166.1.p2	354	
S1_only_classu|MSTRG.3171.1.p1	324	
S1_only_classu|MSTRG.3172.1.p1	412	
S1_only_classu|MSTRG.32.1.p1	883	
S1_only_classu|MSTRG.3202.1.p2	130	
S1_only_classu|MSTRG.3217.1.p2	194	
S1_only_classu|MSTRG.3217.1.p3	161	
S1_only_classu|MSTRG.3232.1.p1	481	
S1_only_classu|MSTRG.3232.1.p2	270	
S1_only_classu|MSTRG.3233.1.p1	481	
S1_only_classu|MSTRG.3244.1.p1	1361	
S1_only_classu|MSTRG.3250.1.p1	122	
S1_only_classu|MSTRG.3265.1.p1	545	
S1_only_classu|MSTRG.3265.1.p5	114	
S1_only_classu|MSTRG.3286.1.p1	372	
S1_only_classu|MSTRG.3286.1.p2	244	
S1_only_classu|MSTRG.3292.1.p1	318	
S1_only_classu|MSTRG.3296.1.p1	264	
S1_only_classu|MSTRG.3300.1.p1	195	
S1_only_classu|MSTRG.3306.1.p2	100	
S1_only_classu|MSTRG.3320.1.p1	420	
S1_only_classu|MSTRG.3345.1.p2	193	
S1_only_classu|MSTRG.3399.1.p1	102	
S1_only_classu|MSTRG.34.1.p1	130	
S1_only_classu|MSTRG.3400.1.p1	829	
S1_only_classu|MSTRG.3400.1.p2	683	
S1_only_classu|MSTRG.3400.1.p3	585	
S1_only_classu|MSTRG.3400.1.p4	412	
S1_only_classu|MSTRG.3400.1.p5	375	
S1_only_classu|MSTRG.3412.1.p1	553	
S1_only_classu|MSTRG.3412.1.p2	345	
S1_only_classu|MSTRG.3412.1.p4	142	
S1_only_classu|MSTRG.3424.1.p1	509	
S1_only_classu|MSTRG.3429.1.p1	236	
S1_only_classu|MSTRG.3481.1.p1	204	
S1_only_classu|MSTRG.3487.2.p1	483	
S1_only_classu|MSTRG.356.1.p1	343	
S1_only_classu|MSTRG.356.1.p2	243	
S1_only_classu|MSTRG.3576.1.p1	710	
S1_only_classu|MSTRG.3623.1.p1	1197	
S1_only_classu|MSTRG.3623.1.p3	180	
S1_only_classu|MSTRG.3647.1.p1	553	
S1_only_classu|MSTRG.3665.1.p1	344	
S1_only_classu|MSTRG.3665.1.p3	124	
S1_only_classu|MSTRG.3690.1.p1	561	
S1_only_classu|MSTRG.3697.1.p1	549	
S1_only_classu|MSTRG.3738.1.p1	329	
S1_only_classu|MSTRG.3742.1.p1	1284	
S1_only_classu|MSTRG.3742.1.p2	389	
S1_only_classu|MSTRG.3747.1.p3	105	
S1_only_classu|MSTRG.376.1.p1	584	
S1_only_classu|MSTRG.3764.1.p1	142	
S1_only_classu|MSTRG.3767.1.p1	213	
S1_only_classu|MSTRG.3769.1.p1	333	
S1_only_classu|MSTRG.3776.1.p1	328	
S1_only_classu|MSTRG.381.1.p1	652	
S1_only_classu|MSTRG.3811.1.p4	110	
S1_only_classu|MSTRG.3822.1.p1	422	
S1_only_classu|MSTRG.3827.1.p1	626	
S1_only_classu|MSTRG.3827.1.p5	139	
S1_only_classu|MSTRG.3855.1.p1	1511	
S1_only_classu|MSTRG.3858.1.p1	592	
S1_only_classu|MSTRG.3859.1.p1	214	
S1_only_classu|MSTRG.3866.1.p1	1274	
S1_only_classu|MSTRG.3866.1.p2	393	
S1_only_classu|MSTRG.3874.1.p1	431	
S1_only_classu|MSTRG.3876.1.p1	555	
S1_only_classu|MSTRG.3877.1.p1	111	
S1_only_classu|MSTRG.3885.1.p1	3269	
S1_only_classu|MSTRG.3885.1.p2	850	
S1_only_classu|MSTRG.3892.1.p1	421	
S1_only_classu|MSTRG.3892.1.p3	315	
S1_only_classu|MSTRG.3892.1.p4	255	
S1_only_classu|MSTRG.3892.1.p6	198	
S1_only_classu|MSTRG.390.1.p1	176	
S1_only_classu|MSTRG.3900.1.p1	289	
S1_only_classu|MSTRG.3924.1.p1	637	
S1_only_classu|MSTRG.3925.1.p3	128	
S1_only_classu|MSTRG.3936.1.p1	331	
S1_only_classu|MSTRG.3936.1.p2	211	
S1_only_classu|MSTRG.3938.1.p1	117	
S1_only_classu|MSTRG.3941.1.p1	229	
S1_only_classu|MSTRG.3941.2.p1	191	
S1_only_classu|MSTRG.3942.1.p1	1504	
S1_only_classu|MSTRG.3946.1.p1	1085	
S1_only_classu|MSTRG.3948.1.p1	570	
S1_only_classu|MSTRG.3950.1.p1	296	
S1_only_classu|MSTRG.3959.1.p1	476	
S1_only_classu|MSTRG.3973.1.p1	792	
S1_only_classu|MSTRG.3976.1.p2	121	
S1_only_classu|MSTRG.3986.1.p1	413	
S1_only_classu|MSTRG.3991.1.p1	157	
S1_only_classu|MSTRG.4007.1.p1	475	
S1_only_classu|MSTRG.4010.1.p1	904	
S1_only_classu|MSTRG.4010.1.p2	315	
S1_only_classu|MSTRG.4010.1.p3	282	
S1_only_classu|MSTRG.402.1.p2	120	
S1_only_classu|MSTRG.4029.1.p1	693	
S1_only_classu|MSTRG.403.1.p1	155	
S1_only_classu|MSTRG.4070.1.p1	754	
S1_only_classu|MSTRG.4087.1.p1	522	
S1_only_classu|MSTRG.4090.1.p1	867	
S1_only_classu|MSTRG.4123.1.p1	626	
S1_only_classu|MSTRG.4136.2.p1	291	
S1_only_classu|MSTRG.4136.2.p7	109	
S1_only_classu|MSTRG.4141.1.p1	140	
S1_only_classu|MSTRG.4153.1.p1	176	
S1_only_classu|MSTRG.4160.1.p1	1136	
S1_only_classu|MSTRG.4160.1.p2	399	
S1_only_classu|MSTRG.4160.1.p4	202	
S1_only_classu|MSTRG.4160.1.p9	134	
S1_only_classu|MSTRG.4178.1.p1	382	
S1_only_classu|MSTRG.4180.1.p1	442	
S1_only_classu|MSTRG.4208.2.p1	213	
S1_only_classu|MSTRG.4208.2.p2	154	
S1_only_classu|MSTRG.4220.1.p1	433	
S1_only_classu|MSTRG.4253.1.p1	226	
S1_only_classu|MSTRG.4253.1.p2	161	
S1_only_classu|MSTRG.4270.1.p1	751	
S1_only_classu|MSTRG.4274.1.p1	269	
S1_only_classu|MSTRG.4275.1.p1	586	
S1_only_classu|MSTRG.4279.1.p1	289	
S1_only_classu|MSTRG.4280.1.p1	493	
S1_only_classu|MSTRG.4286.1.p1	615	
S1_only_classu|MSTRG.4287.1.p1	751	
S1_only_classu|MSTRG.4294.1.p1	478	
S1_only_classu|MSTRG.4294.1.p2	211	
S1_only_classu|MSTRG.4310.1.p2	104	
S1_only_classu|MSTRG.4321.1.p1	584	
S1_only_classu|MSTRG.4324.1.p1	389	
S1_only_classu|MSTRG.4327.1.p2	215	
S1_only_classu|MSTRG.4355.1.p1	621	
S1_only_classu|MSTRG.4364.1.p1	317	
S1_only_classu|MSTRG.4364.1.p2	310	
S1_only_classu|MSTRG.4372.1.p1	263	
S1_only_classu|MSTRG.4372.1.p3	148	
S1_only_classu|MSTRG.4379.1.p1	486	
S1_only_classu|MSTRG.4382.1.p1	328	
S1_only_classu|MSTRG.4382.1.p2	270	
S1_only_classu|MSTRG.4390.1.p1	337	
S1_only_classu|MSTRG.4403.1.p1	315	
S1_only_classu|MSTRG.4409.1.p1	276	
S1_only_classu|MSTRG.4419.1.p1	465	
S1_only_classu|MSTRG.4419.1.p2	162	
S1_only_classu|MSTRG.4421.1.p1	605	
S1_only_classu|MSTRG.4431.1.p1	516	
S1_only_classu|MSTRG.4431.1.p3	105	
S1_only_classu|MSTRG.4443.1.p1	138	
S1_only_classu|MSTRG.4446.1.p1	312	
S1_only_classu|MSTRG.4448.1.p2	104	
S1_only_classu|MSTRG.4449.1.p1	443	
S1_only_classu|MSTRG.4449.1.p6	109	
S1_only_classu|MSTRG.4451.1.p1	400	
S1_only_classu|MSTRG.4460.1.p1	459	
S1_only_classu|MSTRG.4461.1.p1	181	
S1_only_classu|MSTRG.451.1.p1	688	
S1_only_classu|MSTRG.452.1.p1	337	
S1_only_classu|MSTRG.452.1.p2	144	
S1_only_classu|MSTRG.452.1.p3	106	
S1_only_classu|MSTRG.452.2.p1	337	
S1_only_classu|MSTRG.452.2.p3	119	
S1_only_classu|MSTRG.452.2.p4	106	
S1_only_classu|MSTRG.4555.1.p1	250	
S1_only_classu|MSTRG.4573.1.p3	102	
S1_only_classu|MSTRG.460.1.p1	390	
S1_only_classu|MSTRG.4617.1.p1	453	
S1_only_classu|MSTRG.4618.1.p2	105	
S1_only_classu|MSTRG.4619.1.p1	559	
S1_only_classu|MSTRG.4620.1.p2	200	
S1_only_classu|MSTRG.4620.1.p3	186	
S1_only_classu|MSTRG.4624.1.p1	533	
S1_only_classu|MSTRG.4645.1.p1	166	
S1_only_classu|MSTRG.4649.1.p1	259	
S1_only_classu|MSTRG.4651.1.p1	413	
S1_only_classu|MSTRG.4656.1.p1	252	
S1_only_classu|MSTRG.4665.1.p1	176	
S1_only_classu|MSTRG.4665.1.p2	120	
S1_only_classu|MSTRG.468.1.p1	605	
S1_only_classu|MSTRG.468.2.p1	605	
S1_only_classu|MSTRG.4680.1.p1	1127	
S1_only_classu|MSTRG.4698.1.p1	447	
S1_only_classu|MSTRG.470.1.p1	131	
S1_only_classu|MSTRG.4701.1.p1	548	
S1_only_classu|MSTRG.4701.1.p2	266	
S1_only_classu|MSTRG.4701.1.p7	103	
S1_only_classu|MSTRG.4709.1.p1	385	
S1_only_classu|MSTRG.4709.1.p2	285	
S1_only_classu|MSTRG.4709.1.p9	112	
S1_only_classu|MSTRG.4710.1.p1	601	
S1_only_classu|MSTRG.4720.1.p1	176	
S1_only_classu|MSTRG.4726.1.p1	667	
S1_only_classu|MSTRG.4726.1.p6	114	
S1_only_classu|MSTRG.4731.1.p1	754	
S1_only_classu|MSTRG.4744.1.p1	230	
S1_only_classu|MSTRG.4750.1.p1	662	
S1_only_classu|MSTRG.4750.1.p3	166	
S1_only_classu|MSTRG.4753.1.p1	290	
S1_only_classu|MSTRG.4756.1.p1	492	
S1_only_classu|MSTRG.4769.1.p1	108	
S1_only_classu|MSTRG.4777.1.p1	594	
S1_only_classu|MSTRG.4777.1.p2	557	
S1_only_classu|MSTRG.4777.1.p3	348	
S1_only_classu|MSTRG.478.1.p1	519	
S1_only_classu|MSTRG.4793.2.p1	583	
S1_only_classu|MSTRG.4798.1.p1	902	
S1_only_classu|MSTRG.4800.1.p5	118	
S1_only_classu|MSTRG.4850.1.p1	1207	
S1_only_classu|MSTRG.4850.1.p2	972	
S1_only_classu|MSTRG.4856.1.p1	492	
S1_only_classu|MSTRG.4857.1.p1	448	
S1_only_classu|MSTRG.4858.1.p3	117	
S1_only_classu|MSTRG.4859.1.p1	827	
S1_only_classu|MSTRG.4867.1.p1	827	
S1_only_classu|MSTRG.4867.2.p1	339	
S1_only_classu|MSTRG.4877.1.p1	433	
S1_only_classu|MSTRG.4877.1.p2	264	
S1_only_classu|MSTRG.4886.1.p1	540	
S1_only_classu|MSTRG.4886.1.p5	172	
S1_only_classu|MSTRG.4890.1.p1	341	
S1_only_classu|MSTRG.4890.1.p2	336	
S1_only_classu|MSTRG.4890.1.p3	190	
S1_only_classu|MSTRG.4903.1.p1	612	
S1_only_classu|MSTRG.4915.1.p1	1397	
S1_only_classu|MSTRG.4915.1.p6	133	
S1_only_classu|MSTRG.4932.1.p1	1253	
S1_only_classu|MSTRG.4932.1.p2	531	
S1_only_classu|MSTRG.4932.1.p7	146	
S1_only_classu|MSTRG.4953.1.p1	832	
S1_only_classu|MSTRG.4953.1.p4	130	
S1_only_classu|MSTRG.4996.1.p1	269	
S1_only_classu|MSTRG.4996.1.p2	208	
S1_only_classu|MSTRG.5010.1.p1	186	
S1_only_classu|MSTRG.5013.1.p1	352	
S1_only_classu|MSTRG.5023.1.p1	392	
S1_only_classu|MSTRG.5028.1.p2	186	
S1_only_classu|MSTRG.5030.1.p1	602	
S1_only_classu|MSTRG.5030.1.p2	260	
S1_only_classu|MSTRG.5030.1.p6	154	
S1_only_classu|MSTRG.5065.1.p1	239	
S1_only_classu|MSTRG.5076.1.p1	244	
S1_only_classu|MSTRG.5076.1.p2	220	
S1_only_classu|MSTRG.5091.1.p1	486	
S1_only_classu|MSTRG.5099.1.p1	348	
S1_only_classu|MSTRG.5099.1.p4	176	
S1_only_classu|MSTRG.5104.1.p1	303	
S1_only_classu|MSTRG.5144.1.p1	650	
S1_only_classu|MSTRG.5145.1.p1	186	
S1_only_classu|MSTRG.5146.1.p1	660	
S1_only_classu|MSTRG.5146.1.p2	469	
S1_only_classu|MSTRG.5149.1.p1	692	
S1_only_classu|MSTRG.515.2.p1	441	
S1_only_classu|MSTRG.515.2.p2	162	
S1_only_classu|MSTRG.5151.1.p1	456	
S1_only_classu|MSTRG.5157.1.p1	445	
S1_only_classu|MSTRG.5174.1.p3	290	
S1_only_classu|MSTRG.5178.1.p1	639	
S1_only_classu|MSTRG.5178.1.p2	533	
S1_only_classu|MSTRG.5189.1.p1	214	
S1_only_classu|MSTRG.5191.1.p1	541	
S1_only_classu|MSTRG.5192.1.p1	709	
S1_only_classu|MSTRG.5192.1.p2	280	
S1_only_classu|MSTRG.5197.1.p1	531	
S1_only_classu|MSTRG.5200.1.p1	1032	
S1_only_classu|MSTRG.5207.1.p1	541	
S1_only_classu|MSTRG.5207.1.p5	102	
S1_only_classu|MSTRG.5212.1.p1	119	
S1_only_classu|MSTRG.5242.1.p1	410	
S1_only_classu|MSTRG.525.1.p1	752	
S1_only_classu|MSTRG.5289.1.p3	100	
S1_only_classu|MSTRG.5336.1.p1	549	
S1_only_classu|MSTRG.5337.1.p1	155	
S1_only_classu|MSTRG.5348.1.p1	287	
S1_only_classu|MSTRG.5368.1.p1	804	
S1_only_classu|MSTRG.5368.1.p4	224	
S1_only_classu|MSTRG.5369.1.p2	267	
S1_only_classu|MSTRG.5369.1.p3	233	
S1_only_classu|MSTRG.5372.1.p9	102	
S1_only_classu|MSTRG.5376.1.p1	484	
S1_only_classu|MSTRG.5379.2.p1	380	
S1_only_classu|MSTRG.5405.1.p1	578	
S1_only_classu|MSTRG.5405.1.p8	112	
S1_only_classu|MSTRG.5422.1.p1	700	
S1_only_classu|MSTRG.5427.1.p1	722	
S1_only_classu|MSTRG.5427.1.p2	558	
S1_only_classu|MSTRG.5448.1.p1	678	
S1_only_classu|MSTRG.5448.1.p2	509	
S1_only_classu|MSTRG.5458.1.p1	252	
S1_only_classu|MSTRG.5485.1.p1	446	
S1_only_classu|MSTRG.5488.1.p1	453	
S1_only_classu|MSTRG.5488.1.p3	328	
S1_only_classu|MSTRG.55.1.p2	129	
S1_only_classu|MSTRG.5517.1.p1	340	
S1_only_classu|MSTRG.5547.1.p1	1241	
S1_only_classu|MSTRG.5547.1.p2	466	
S1_only_classu|MSTRG.5547.1.p3	325	
S1_only_classu|MSTRG.5547.1.p6	147	
S1_only_classu|MSTRG.5549.1.p1	387	
S1_only_classu|MSTRG.5549.1.p3	185	
S1_only_classu|MSTRG.5554.1.p1	552	
S1_only_classu|MSTRG.5554.1.p3	104	
S1_only_classu|MSTRG.556.1.p1	547	
S1_only_classu|MSTRG.5566.1.p1	404	
S1_only_classu|MSTRG.5567.1.p1	227	
S1_only_classu|MSTRG.557.1.p1	249	
S1_only_classu|MSTRG.558.1.p1	804	
S1_only_classu|MSTRG.558.1.p2	266	
S1_only_classu|MSTRG.558.1.p6	125	
S1_only_classu|MSTRG.5585.1.p1	425	
S1_only_classu|MSTRG.559.1.p1	1734	
S1_only_classu|MSTRG.559.1.p2	133	
S1_only_classu|MSTRG.5596.1.p2	146	
S1_only_classu|MSTRG.5596.1.p4	106	
S1_only_classu|MSTRG.5598.1.p1	846	
S1_only_classu|MSTRG.5598.1.p2	509	
S1_only_classu|MSTRG.5599.1.p1	941	
S1_only_classu|MSTRG.560.1.p1	312	
S1_only_classu|MSTRG.5610.1.p1	112	
S1_only_classu|MSTRG.5622.1.p2	119	
S1_only_classu|MSTRG.5645.1.p1	428	
S1_only_classu|MSTRG.5645.1.p2	345	
S1_only_classu|MSTRG.5646.1.p2	234	
S1_only_classu|MSTRG.5646.1.p3	168	
S1_only_classu|MSTRG.5650.1.p1	271	
S1_only_classu|MSTRG.5678.1.p1	672	
S1_only_classu|MSTRG.5678.1.p2	286	
S1_only_classu|MSTRG.5679.1.p1	226	
S1_only_classu|MSTRG.5692.1.p1	305	
S1_only_classu|MSTRG.571.1.p1	182	
S1_only_classu|MSTRG.5716.1.p1	423	
S1_only_classu|MSTRG.5739.1.p5	139	
S1_only_classu|MSTRG.5745.1.p2	134	
S1_only_classu|MSTRG.5749.1.p1	731	
S1_only_classu|MSTRG.5749.1.p2	572	
S1_only_classu|MSTRG.5749.1.p5	159	
S1_only_classu|MSTRG.5749.2.p1	731	
S1_only_classu|MSTRG.5749.2.p2	579	
S1_only_classu|MSTRG.5749.2.p5	159	
S1_only_classu|MSTRG.5750.2.p1	102	
S1_only_classu|MSTRG.5768.1.p1	913	
S1_only_classu|MSTRG.5768.1.p3	184	
S1_only_classu|MSTRG.5768.2.p1	913	
S1_only_classu|MSTRG.5768.2.p3	184	
S1_only_classu|MSTRG.5770.1.p2	109	
S1_only_classu|MSTRG.5771.1.p1	516	
S1_only_classu|MSTRG.5771.1.p2	380	
S1_only_classu|MSTRG.5776.1.p1	444	
S1_only_classu|MSTRG.5781.1.p1	108	
S1_only_classu|MSTRG.5787.1.p1	237	
S1_only_classu|MSTRG.5788.1.p1	692	
S1_only_classu|MSTRG.5788.1.p2	182	
S1_only_classu|MSTRG.5792.1.p1	714	
S1_only_classu|MSTRG.5797.1.p1	1738	
S1_only_classu|MSTRG.58.1.p1	129	
S1_only_classu|MSTRG.580.1.p1	696	
S1_only_classu|MSTRG.580.2.p1	926	
S1_only_classu|MSTRG.5806.2.p1	234	
S1_only_classu|MSTRG.5809.1.p1	483	
S1_only_classu|MSTRG.5813.1.p1	231	
S1_only_classu|MSTRG.5814.1.p1	914	
S1_only_classu|MSTRG.5814.1.p2	234	
S1_only_classu|MSTRG.5820.1.p1	476	
S1_only_classu|MSTRG.5841.1.p1	249	
S1_only_classu|MSTRG.5847.1.p1	517	
S1_only_classu|MSTRG.5847.1.p2	419	
S1_only_classu|MSTRG.5847.1.p6	122	
S1_only_classu|MSTRG.5850.1.p1	369	
S1_only_classu|MSTRG.5850.1.p2	295	
S1_only_classu|MSTRG.5850.2.p1	295	
S1_only_classu|MSTRG.5850.2.p2	235	
S1_only_classu|MSTRG.5850.3.p1	295	
S1_only_classu|MSTRG.5876.1.p1	351	
S1_only_classu|MSTRG.5876.1.p5	129	
S1_only_classu|MSTRG.59.1.p1	399	
S1_only_classu|MSTRG.5908.1.p1	374	
S1_only_classu|MSTRG.5908.2.p1	374	
S1_only_classu|MSTRG.5909.1.p1	544	
S1_only_classu|MSTRG.5909.1.p2	428	
S1_only_classu|MSTRG.5910.1.p1	468	
S1_only_classu|MSTRG.5910.1.p2	300	
S1_only_classu|MSTRG.5914.1.p1	424	
S1_only_classu|MSTRG.5914.1.p5	125	
S1_only_classu|MSTRG.5917.1.p1	298	
S1_only_classu|MSTRG.5917.1.p3	116	
S1_only_classu|MSTRG.5920.1.p1	335	
S1_only_classu|MSTRG.5937.1.p1	313	
S1_only_classu|MSTRG.5937.1.p4	130	
S1_only_classu|MSTRG.5941.1.p1	277	
S1_only_classu|MSTRG.5951.2.p1	352	
S1_only_classu|MSTRG.5956.1.p1	440	
S1_only_classu|MSTRG.5972.1.p1	754	
S1_only_classu|MSTRG.5974.1.p1	205	
S1_only_classu|MSTRG.5974.1.p3	140	
S1_only_classu|MSTRG.5982.1.p1	106	
S1_only_classu|MSTRG.5997.1.p1	540	
S1_only_classu|MSTRG.600.1.p1	382	
S1_only_classu|MSTRG.6005.1.p1	324	
S1_only_classu|MSTRG.6022.1.p3	102	
S1_only_classu|MSTRG.6023.1.p3	122	
S1_only_classu|MSTRG.6028.1.p1	310	
S1_only_classu|MSTRG.6031.1.p1	195	
S1_only_classu|MSTRG.6035.1.p1	427	
S1_only_classu|MSTRG.6036.1.p1	1026	
S1_only_classu|MSTRG.6036.1.p5	169	
S1_only_classu|MSTRG.6045.1.p1	188	
S1_only_classu|MSTRG.6045.1.p4	110	
S1_only_classu|MSTRG.6062.1.p1	592	
S1_only_classu|MSTRG.6062.1.p5	105	
S1_only_classu|MSTRG.6077.2.p1	773	
S1_only_classu|MSTRG.6079.1.p1	980	
S1_only_classu|MSTRG.6079.1.p7	106	
S1_only_classu|MSTRG.6094.1.p1	1134	
S1_only_classu|MSTRG.6107.1.p1	121	
S1_only_classu|MSTRG.6110.1.p1	322	
S1_only_classu|MSTRG.6123.1.p1	114	
S1_only_classu|MSTRG.6143.1.p1	1195	
S1_only_classu|MSTRG.615.1.p1	389	
S1_only_classu|MSTRG.6156.1.p1	345	
S1_only_classu|MSTRG.6173.1.p1	629	
S1_only_classu|MSTRG.6173.1.p7	110	
S1_only_classu|MSTRG.6204.1.p1	226	
S1_only_classu|MSTRG.6217.2.p1	686	
S1_only_classu|MSTRG.6233.2.p1	107	
S1_only_classu|MSTRG.6245.1.p1	239	
S1_only_classu|MSTRG.6245.1.p2	173	
S1_only_classu|MSTRG.6252.1.p1	581	
S1_only_classu|MSTRG.629.1.p1	485	
S1_only_classu|MSTRG.629.1.p2	317	
S1_only_classu|MSTRG.629.1.p7	103	
S1_only_classu|MSTRG.6298.1.p1	433	
S1_only_classu|MSTRG.63.1.p1	408	
S1_only_classu|MSTRG.63.1.p4	116	
S1_only_classu|MSTRG.6306.1.p1	137	
S1_only_classu|MSTRG.632.1.p1	369	
S1_only_classu|MSTRG.632.2.p1	395	
S1_only_classu|MSTRG.6333.1.p1	674	
S1_only_classu|MSTRG.6336.1.p1	784	
S1_only_classu|MSTRG.6336.1.p2	290	
S1_only_classu|MSTRG.6337.1.p1	246	
S1_only_classu|MSTRG.6351.1.p1	190	
S1_only_classu|MSTRG.6351.1.p4	167	
S1_only_classu|MSTRG.6351.1.p5	149	
S1_only_classu|MSTRG.6362.1.p1	601	
S1_only_classu|MSTRG.6362.1.p5	146	
S1_only_classu|MSTRG.6400.1.p1	220	
S1_only_classu|MSTRG.6424.1.p1	344	
S1_only_classu|MSTRG.6429.1.p1	316	
S1_only_classu|MSTRG.6433.1.p1	517	
S1_only_classu|MSTRG.6433.1.p3	153	
S1_only_classu|MSTRG.6455.1.p1	378	
S1_only_classu|MSTRG.6455.2.p1	378	
S1_only_classu|MSTRG.6456.1.p1	118	
S1_only_classu|MSTRG.6463.1.p1	600	
S1_only_classu|MSTRG.6465.1.p1	968	
S1_only_classu|MSTRG.6465.1.p5	105	
S1_only_classu|MSTRG.6479.1.p1	508	
S1_only_classu|MSTRG.6479.1.p7	106	
S1_only_classu|MSTRG.648.1.p1	362	
S1_only_classu|MSTRG.648.2.p1	362	
S1_only_classu|MSTRG.6497.1.p1	957	
S1_only_classu|MSTRG.6508.1.p1	677	
S1_only_classu|MSTRG.6510.1.p1	696	
S1_only_classu|MSTRG.6513.1.p1	561	
S1_only_classu|MSTRG.6516.1.p1	1098	
S1_only_classu|MSTRG.6518.1.p1	341	
S1_only_classu|MSTRG.6518.1.p3	135	
S1_only_classu|MSTRG.6535.1.p1	522	
S1_only_classu|MSTRG.6547.1.p2	137	
S1_only_classu|MSTRG.655.1.p1	506	
S1_only_classu|MSTRG.655.1.p2	232	
S1_only_classu|MSTRG.6550.1.p1	1238	
S1_only_classu|MSTRG.6550.1.p8	146	
S1_only_classu|MSTRG.6552.1.p1	313	
S1_only_classu|MSTRG.6557.1.p1	268	
S1_only_classu|MSTRG.6558.1.p7	103	
S1_only_classu|MSTRG.6579.1.p1	495	
S1_only_classu|MSTRG.6582.1.p1	754	
S1_only_classu|MSTRG.6582.1.p2	464	
S1_only_classu|MSTRG.6589.1.p1	594	
S1_only_classu|MSTRG.6599.1.p1	471	
S1_only_classu|MSTRG.6609.1.p2	229	
S1_only_classu|MSTRG.6609.1.p3	207	
S1_only_classu|MSTRG.6609.1.p5	185	
S1_only_classu|MSTRG.6617.1.p1	356	
S1_only_classu|MSTRG.6617.1.p2	347	
S1_only_classu|MSTRG.6646.1.p1	457	
S1_only_classu|MSTRG.6649.1.p1	283	
S1_only_classu|MSTRG.668.1.p1	508	
S1_only_classu|MSTRG.6680.1.p1	353	
S1_only_classu|MSTRG.6704.1.p1	1234	
S1_only_classu|MSTRG.6705.1.p1	351	
S1_only_classu|MSTRG.6716.1.p1	1562	
S1_only_classu|MSTRG.672.1.p1	691	
S1_only_classu|MSTRG.673.1.p1	1601	
S1_only_classu|MSTRG.6748.1.p1	362	
S1_only_classu|MSTRG.6756.1.p1	224	
S1_only_classu|MSTRG.6764.1.p1	101	
S1_only_classu|MSTRG.6778.1.p1	332	
S1_only_classu|MSTRG.6787.1.p1	459	
S1_only_classu|MSTRG.6795.1.p2	137	
S1_only_classu|MSTRG.6822.1.p1	590	
S1_only_classu|MSTRG.6822.1.p2	179	
S1_only_classu|MSTRG.6830.1.p1	372	
S1_only_classu|MSTRG.6832.2.p1	439	
S1_only_classu|MSTRG.6842.1.p1	541	
S1_only_classu|MSTRG.6844.1.p1	1775	
S1_only_classu|MSTRG.6844.1.p6	171	
S1_only_classu|MSTRG.6848.1.p1	219	
S1_only_classu|MSTRG.6848.1.p4	105	
S1_only_classu|MSTRG.685.1.p1	353	
S1_only_classu|MSTRG.6852.1.p2	130	
S1_only_classu|MSTRG.6856.1.p1	486	
S1_only_classu|MSTRG.6856.1.p4	157	
S1_only_classu|MSTRG.6856.2.p1	486	
S1_only_classu|MSTRG.6856.2.p4	157	
S1_only_classu|MSTRG.6858.1.p1	348	
S1_only_classu|MSTRG.6861.1.p1	561	
S1_only_classu|MSTRG.6872.1.p1	318	
S1_only_classu|MSTRG.6874.1.p1	497	
S1_only_classu|MSTRG.69.1.p1	284	
S1_only_classu|MSTRG.69.1.p4	112	
S1_only_classu|MSTRG.6943.1.p1	529	
S1_only_classu|MSTRG.6943.1.p2	516	
S1_only_classu|MSTRG.6954.1.p1	2431	
S1_only_classu|MSTRG.6955.1.p1	492	
S1_only_classu|MSTRG.6959.1.p1	1032	
S1_only_classu|MSTRG.6961.1.p1	537	
S1_only_classu|MSTRG.6968.1.p1	352	
S1_only_classu|MSTRG.6985.1.p1	732	
S1_only_classu|MSTRG.6985.1.p14	116	
S1_only_classu|MSTRG.6985.1.p4	173	
S1_only_classu|MSTRG.6985.1.p9	132	
S1_only_classu|MSTRG.6986.1.p2	116	
S1_only_classu|MSTRG.6987.1.p1	225	
S1_only_classu|MSTRG.699.1.p1	256	
S1_only_classu|MSTRG.7012.1.p1	112	
S1_only_classu|MSTRG.7021.1.p1	303	
S1_only_classu|MSTRG.706.1.p1	278	
S1_only_classu|MSTRG.7061.1.p1	265	
S1_only_classu|MSTRG.7082.1.p1	355	
S1_only_classu|MSTRG.709.1.p1	1443	
S1_only_classu|MSTRG.7112.1.p2	469	
S1_only_classu|MSTRG.713.1.p2	143	
S1_only_classu|MSTRG.7132.1.p1	164	
S1_only_classu|MSTRG.7154.1.p1	567	
S1_only_classu|MSTRG.7154.1.p2	444	
S1_only_classu|MSTRG.7158.1.p1	906	
S1_only_classu|MSTRG.716.1.p1	127	
S1_only_classu|MSTRG.716.2.p1	100	
S1_only_classu|MSTRG.7160.1.p1	191	
S1_only_classu|MSTRG.7160.1.p2	177	
S1_only_classu|MSTRG.717.1.p2	176	
S1_only_classu|MSTRG.717.1.p3	167	
S1_only_classu|MSTRG.719.1.p1	276	
S1_only_classu|MSTRG.7222.1.p1	146	
S1_only_classu|MSTRG.7223.1.p1	344	
S1_only_classu|MSTRG.7223.1.p2	211	
S1_only_classu|MSTRG.7239.1.p1	343	
S1_only_classu|MSTRG.7280.3.p1	305	
S1_only_classu|MSTRG.7283.1.p1	266	
S1_only_classu|MSTRG.733.1.p2	171	
S1_only_classu|MSTRG.7331.1.p1	743	
S1_only_classu|MSTRG.7332.1.p1	333	
S1_only_classu|MSTRG.7332.1.p2	230	
S1_only_classu|MSTRG.7336.1.p1	163	
S1_only_classu|MSTRG.7338.1.p1	890	
S1_only_classu|MSTRG.7338.1.p2	350	
S1_only_classu|MSTRG.7343.1.p1	276	
S1_only_classu|MSTRG.7343.1.p3	176	
S1_only_classu|MSTRG.7391.1.p1	701	
S1_only_classu|MSTRG.7401.1.p1	743	
S1_only_classu|MSTRG.7401.1.p2	173	
S1_only_classu|MSTRG.7401.2.p1	945	
S1_only_classu|MSTRG.741.1.p1	446	
S1_only_classu|MSTRG.7423.1.p1	321	
S1_only_classu|MSTRG.7430.1.p1	395	
S1_only_classu|MSTRG.7438.1.p1	123	
S1_only_classu|MSTRG.746.1.p1	496	
S1_only_classu|MSTRG.7480.1.p1	946	
S1_only_classu|MSTRG.7488.1.p1	578	
S1_only_classu|MSTRG.7488.1.p2	418	
S1_only_classu|MSTRG.7488.1.p9	113	
S1_only_classu|MSTRG.749.1.p1	401	
S1_only_classu|MSTRG.75.1.p1	644	
S1_only_classu|MSTRG.75.1.p2	362	
S1_only_classu|MSTRG.75.1.p3	235	
S1_only_classu|MSTRG.7531.1.p1	167	
S1_only_classu|MSTRG.7532.1.p1	157	
S1_only_classu|MSTRG.7540.1.p1	260	
S1_only_classu|MSTRG.7544.1.p1	569	
S1_only_classu|MSTRG.7546.1.p1	244	
S1_only_classu|MSTRG.7549.1.p1	148	
S1_only_classu|MSTRG.7556.1.p1	1018	
S1_only_classu|MSTRG.7556.2.p1	995	
S1_only_classu|MSTRG.758.1.p1	344	
S1_only_classu|MSTRG.7580.1.p2	243	
S1_only_classu|MSTRG.759.1.p1	1239	
S1_only_classu|MSTRG.7604.1.p1	522	
S1_only_classu|MSTRG.7604.1.p2	343	
S1_only_classu|MSTRG.7610.1.p1	1299	
S1_only_classu|MSTRG.7615.1.p1	458	
S1_only_classu|MSTRG.7615.1.p2	307	
S1_only_classu|MSTRG.7635.1.p2	117	
S1_only_classu|MSTRG.7636.1.p2	124	
S1_only_classu|MSTRG.7640.1.p1	428	
S1_only_classu|MSTRG.7650.1.p1	453	
S1_only_classu|MSTRG.7650.2.p1	330	
S1_only_classu|MSTRG.7683.1.p1	446	
S1_only_classu|MSTRG.7704.1.p1	587	
S1_only_classu|MSTRG.7705.1.p2	101	
S1_only_classu|MSTRG.7728.1.p1	534	
S1_only_classu|MSTRG.7742.1.p1	423	
S1_only_classu|MSTRG.7753.1.p1	730	
S1_only_classu|MSTRG.7759.1.p1	413	
S1_only_classu|MSTRG.7759.1.p5	165	
S1_only_classu|MSTRG.7761.1.p1	170	
S1_only_classu|MSTRG.7765.1.p1	491	
S1_only_classu|MSTRG.7785.1.p1	513	
S1_only_classu|MSTRG.7791.1.p1	331	
S1_only_classu|MSTRG.7806.1.p1	678	
S1_only_classu|MSTRG.7808.1.p1	760	
S1_only_classu|MSTRG.7808.1.p2	353	
S1_only_classu|MSTRG.7825.1.p2	123	
S1_only_classu|MSTRG.7829.1.p1	237	
S1_only_classu|MSTRG.7829.1.p2	154	
S1_only_classu|MSTRG.7849.1.p2	349	
S1_only_classu|MSTRG.7895.1.p1	333	
S1_only_classu|MSTRG.7918.1.p3	118	
S1_only_classu|MSTRG.7919.1.p1	139	
S1_only_classu|MSTRG.7925.1.p1	926	
S1_only_classu|MSTRG.7928.1.p1	635	
S1_only_classu|MSTRG.7935.1.p5	106	
S1_only_classu|MSTRG.7935.1.p6	100	
S1_only_classu|MSTRG.7948.1.p2	176	
S1_only_classu|MSTRG.7951.1.p1	395	
S1_only_classu|MSTRG.7951.2.p1	410	
S1_only_classu|MSTRG.7951.3.p1	219	
S1_only_classu|MSTRG.7951.3.p2	203	
S1_only_classu|MSTRG.7951.5.p2	177	
S1_only_classu|MSTRG.7971.1.p1	379	
S1_only_classu|MSTRG.7972.1.p1	936	
S1_only_classu|MSTRG.7975.1.p1	410	
S1_only_classu|MSTRG.7978.1.p1	281	
S1_only_classu|MSTRG.7980.1.p1	2082	
S1_only_classu|MSTRG.7993.1.p1	286	
S1_only_classu|MSTRG.7994.1.p1	243	
S1_only_classu|MSTRG.7995.1.p1	681	
S1_only_classu|MSTRG.801.1.p1	359	
S1_only_classu|MSTRG.8015.1.p1	368	
S1_only_classu|MSTRG.8023.1.p1	557	
S1_only_classu|MSTRG.8023.1.p3	132	
S1_only_classu|MSTRG.8025.1.p1	433	
S1_only_classu|MSTRG.8025.1.p2	312	
S1_only_classu|MSTRG.8036.1.p1	713	
S1_only_classu|MSTRG.8036.1.p5	142	
S1_only_classu|MSTRG.8036.2.p1	713	
S1_only_classu|MSTRG.8036.2.p5	142	
S1_only_classu|MSTRG.8037.1.p1	235	
S1_only_classu|MSTRG.804.1.p1	558	
S1_only_classu|MSTRG.8049.1.p1	352	
S1_only_classu|MSTRG.8062.1.p1	711	
S1_only_classu|MSTRG.8062.1.p2	434	
S1_only_classu|MSTRG.8065.1.p1	124	
S1_only_classu|MSTRG.8070.1.p1	545	
S1_only_classu|MSTRG.8070.1.p2	179	
S1_only_classu|MSTRG.8072.1.p1	326	
S1_only_classu|MSTRG.8074.1.p1	348	
S1_only_classu|MSTRG.8078.1.p1	854	
S1_only_classu|MSTRG.8079.1.p1	175	
S1_only_classu|MSTRG.8083.1.p2	101	
S1_only_classu|MSTRG.8087.1.p1	298	
S1_only_classu|MSTRG.8087.1.p2	115	
S1_only_classu|MSTRG.8092.1.p1	539	
S1_only_classu|MSTRG.8092.1.p2	161	
S1_only_classu|MSTRG.8092.1.p9	111	
S1_only_classu|MSTRG.8093.1.p1	137	
S1_only_classu|MSTRG.8107.1.p1	692	
S1_only_classu|MSTRG.8116.1.p1	515	
S1_only_classu|MSTRG.8117.1.p1	875	
S1_only_classu|MSTRG.8159.1.p1	1509	
S1_only_classu|MSTRG.8167.1.p1	230	
S1_only_classu|MSTRG.8187.1.p1	559	
S1_only_classu|MSTRG.8187.1.p2	455	
S1_only_classu|MSTRG.8205.1.p1	412	
S1_only_classu|MSTRG.8212.1.p1	2104	
S1_only_classu|MSTRG.8219.1.p1	1176	
S1_only_classu|MSTRG.8219.1.p17	103	
S1_only_classu|MSTRG.8219.1.p2	787	
S1_only_classu|MSTRG.8219.1.p3	577	
S1_only_classu|MSTRG.8252.1.p3	121	
S1_only_classu|MSTRG.8252.1.p4	116	
S1_only_classu|MSTRG.8266.1.p1	188	
S1_only_classu|MSTRG.8266.1.p2	140	
S1_only_classu|MSTRG.8290.1.p1	544	
S1_only_classu|MSTRG.8297.1.p1	523	
S1_only_classu|MSTRG.8302.1.p1	827	
S1_only_classu|MSTRG.8308.1.p2	103	
S1_only_classu|MSTRG.8337.1.p2	109	
S1_only_classu|MSTRG.8345.1.p1	189	
S1_only_classu|MSTRG.8355.1.p1	481	
S1_only_classu|MSTRG.8357.1.p1	713	
S1_only_classu|MSTRG.8357.1.p3	357	
S1_only_classu|MSTRG.8357.1.p5	251	
S1_only_classu|MSTRG.8369.1.p1	1066	
S1_only_classu|MSTRG.8369.1.p2	458	
S1_only_classu|MSTRG.8397.1.p1	325	
S1_only_classu|MSTRG.8397.1.p2	161	
S1_only_classu|MSTRG.8411.1.p1	470	
S1_only_classu|MSTRG.8411.1.p2	318	
S1_only_classu|MSTRG.8411.1.p9	119	
S1_only_classu|MSTRG.8476.1.p1	304	
S1_only_classu|MSTRG.8480.1.p1	679	
S1_only_classu|MSTRG.8480.1.p4	169	
S1_only_classu|MSTRG.8484.1.p1	825	
S1_only_classu|MSTRG.8485.1.p1	474	
S1_only_classu|MSTRG.8485.1.p3	127	
S1_only_classu|MSTRG.8488.1.p1	2113	
S1_only_classu|MSTRG.8495.1.p1	545	
S1_only_classu|MSTRG.8502.1.p1	430	
S1_only_classu|MSTRG.8513.1.p2	179	
S1_only_classu|MSTRG.8513.1.p4	119	
S1_only_classu|MSTRG.8520.1.p1	316	
S1_only_classu|MSTRG.8524.1.p1	767	
S1_only_classu|MSTRG.8524.1.p2	306	
S1_only_classu|MSTRG.853.1.p1	1226	
S1_only_classu|MSTRG.853.1.p4	186	
S1_only_classu|MSTRG.853.1.p9	118	
S1_only_classu|MSTRG.8531.1.p1	322	
S1_only_classu|MSTRG.8531.1.p4	204	
S1_only_classu|MSTRG.8535.1.p1	538	
S1_only_classu|MSTRG.8540.1.p1	279	
S1_only_classu|MSTRG.855.1.p1	572	
S1_only_classu|MSTRG.8556.1.p1	1013	
S1_only_classu|MSTRG.8563.1.p1	442	
S1_only_classu|MSTRG.8569.1.p1	1080	
S1_only_classu|MSTRG.8570.1.p1	365	
S1_only_classu|MSTRG.8570.1.p2	170	
S1_only_classu|MSTRG.8570.1.p6	119	
S1_only_classu|MSTRG.8570.1.p9	107	
S1_only_classu|MSTRG.8571.1.p2	267	
S1_only_classu|MSTRG.8572.1.p1	175	
S1_only_classu|MSTRG.8572.1.p2	154	
S1_only_classu|MSTRG.8576.1.p2	242	
S1_only_classu|MSTRG.8576.1.p3	166	
S1_only_classu|MSTRG.8577.1.p2	132	
S1_only_classu|MSTRG.8581.1.p1	452	
S1_only_classu|MSTRG.8586.1.p1	335	
S1_only_classu|MSTRG.8586.1.p5	106	
S1_only_classu|MSTRG.8598.1.p1	308	
S1_only_classu|MSTRG.86.1.p1	275	
S1_only_classu|MSTRG.8600.1.p1	496	
S1_only_classu|MSTRG.8600.1.p2	434	
S1_only_classu|MSTRG.8628.1.p2	223	
S1_only_classu|MSTRG.8629.1.p1	162	
S1_only_classu|MSTRG.8642.1.p4	101	
S1_only_classu|MSTRG.8643.1.p1	344	
S1_only_classu|MSTRG.8643.1.p3	136	
S1_only_classu|MSTRG.8646.1.p1	301	
S1_only_classu|MSTRG.8646.1.p2	298	
S1_only_classu|MSTRG.8659.1.p1	996	
S1_only_classu|MSTRG.8699.1.p1	977	
S1_only_classu|MSTRG.8699.1.p2	320	
S1_only_classu|MSTRG.8708.1.p1	286	
S1_only_classu|MSTRG.872.1.p1	342	
S1_only_classu|MSTRG.872.1.p5	134	
S1_only_classu|MSTRG.8741.1.p1	758	
S1_only_classu|MSTRG.8752.1.p1	836	
S1_only_classu|MSTRG.8752.1.p4	121	
S1_only_classu|MSTRG.8779.1.p1	143	
S1_only_classu|MSTRG.8779.1.p2	115	
S1_only_classu|MSTRG.8781.1.p1	285	
S1_only_classu|MSTRG.881.1.p1	321	
S1_only_classu|MSTRG.8822.1.p1	655	
S1_only_classu|MSTRG.883.1.p1	213	
S1_only_classu|MSTRG.8830.1.p1	303	
S1_only_classu|MSTRG.8851.1.p1	620	
S1_only_classu|MSTRG.8871.1.p1	524	
S1_only_classu|MSTRG.8873.1.p1	151	
S1_only_classu|MSTRG.8881.1.p1	302	
S1_only_classu|MSTRG.8886.1.p1	453	
S1_only_classu|MSTRG.8886.1.p3	171	
S1_only_classu|MSTRG.8886.1.p8	137	
S1_only_classu|MSTRG.8919.1.p1	922	
S1_only_classu|MSTRG.8921.1.p1	784	
S1_only_classu|MSTRG.8928.1.p1	763	
S1_only_classu|MSTRG.8928.1.p2	205	
S1_only_classu|MSTRG.8953.1.p1	748	
S1_only_classu|MSTRG.8955.1.p1	361	
S1_only_classu|MSTRG.8985.1.p1	354	
S1_only_classu|MSTRG.8985.1.p2	175	
S1_only_classu|MSTRG.8989.1.p1	304	
S1_only_classu|MSTRG.900.1.p2	227	
S1_only_classu|MSTRG.900.1.p4	112	
S1_only_classu|MSTRG.9015.1.p1	806	
S1_only_classu|MSTRG.9022.1.p1	109	
S1_only_classu|MSTRG.9052.1.p1	472	
S1_only_classu|MSTRG.9052.1.p3	138	
S1_only_classu|MSTRG.9053.1.p1	421	
S1_only_classu|MSTRG.9054.1.p1	295	
S1_only_classu|MSTRG.9062.1.p1	556	
S1_only_classu|MSTRG.9075.1.p1	277	
S1_only_classu|MSTRG.9102.1.p1	1193	
S1_only_classu|MSTRG.9113.2.p1	159	
S1_only_classu|MSTRG.9113.2.p3	139	
S1_only_classu|MSTRG.9120.1.p2	108	
S1_only_classu|MSTRG.9147.1.p1	450	
S1_only_classu|MSTRG.9151.1.p1	337	
S1_only_classu|MSTRG.9161.1.p2	686	
S1_only_classu|MSTRG.9161.1.p4	199	
S1_only_classu|MSTRG.9164.1.p1	335	
S1_only_classu|MSTRG.9167.1.p1	234	
S1_only_classu|MSTRG.918.1.p1	299	
S1_only_classu|MSTRG.9189.1.p1	508	
S1_only_classu|MSTRG.9195.1.p1	405	
S1_only_classu|MSTRG.9201.1.p1	427	
S1_only_classu|MSTRG.921.2.p1	139	
S1_only_classu|MSTRG.9210.1.p1	511	
S1_only_classu|MSTRG.9211.1.p1	518	
S1_only_classu|MSTRG.9211.1.p3	178	
S1_only_classu|MSTRG.9217.1.p1	369	
S1_only_classu|MSTRG.9217.1.p9	103	
S1_only_classu|MSTRG.9219.1.p1	416	
S1_only_classu|MSTRG.9219.1.p2	413	
S1_only_classu|MSTRG.9243.1.p1	275	
S1_only_classu|MSTRG.925.1.p1	450	
S1_only_classu|MSTRG.9255.1.p1	357	
S1_only_classu|MSTRG.9256.1.p1	467	
S1_only_classu|MSTRG.9260.2.p1	350	
S1_only_classu|MSTRG.9280.1.p2	374	
S1_only_classu|MSTRG.930.1.p2	130	
S1_only_classu|MSTRG.9316.1.p1	718	
S1_only_classu|MSTRG.9327.1.p1	183	
S1_only_classu|MSTRG.9329.2.p1	195	
S1_only_classu|MSTRG.9334.1.p1	991	
S1_only_classu|MSTRG.9356.1.p1	1053	
S1_only_classu|MSTRG.936.1.p1	127	
S1_only_classu|MSTRG.9366.1.p1	345	
S1_only_classu|MSTRG.9383.1.p2	259	
S1_only_classu|MSTRG.9387.1.p1	499	
S1_only_classu|MSTRG.9390.1.p1	268	
S1_only_classu|MSTRG.9393.1.p1	732	
S1_only_classu|MSTRG.9396.1.p1	541	
S1_only_classu|MSTRG.9402.1.p1	261	
S1_only_classu|MSTRG.9405.1.p1	320	
S1_only_classu|MSTRG.9407.1.p1	850	
S1_only_classu|MSTRG.9415.1.p2	112	
S1_only_classu|MSTRG.9415.1.p3	107	
S1_only_classu|MSTRG.9421.1.p4	102	
S1_only_classu|MSTRG.9440.1.p1	746	
S1_only_classu|MSTRG.9447.1.p1	119	
S1_only_classu|MSTRG.9465.1.p1	319	
S1_only_classu|MSTRG.9486.1.p1	174	
S1_only_classu|MSTRG.949.1.p1	111	
S1_only_classu|MSTRG.9490.1.p1	573	
S1_only_classu|MSTRG.9513.1.p1	375	
S1_only_classu|MSTRG.9518.1.p1	217	
S1_only_classu|MSTRG.9529.1.p1	181	
S1_only_classu|MSTRG.9534.1.p1	1054	
S1_only_classu|MSTRG.954.1.p1	511	
S1_only_classu|MSTRG.954.1.p16	100	
S1_only_classu|MSTRG.9544.1.p1	486	
S1_only_classu|MSTRG.9545.1.p3	103	
S1_only_classu|MSTRG.9546.1.p3	123	
S1_only_classu|MSTRG.9549.1.p1	457	
S1_only_classu|MSTRG.9558.1.p1	439	
S1_only_classu|MSTRG.9561.1.p1	291	
S1_only_classu|MSTRG.9567.1.p1	1030	
S1_only_classu|MSTRG.9567.1.p6	106	
S1_only_classu|MSTRG.9568.1.p1	589	
S1_only_classu|MSTRG.9568.2.p1	589	
S1_only_classu|MSTRG.9578.1.p1	1357	
S1_only_classu|MSTRG.9596.2.p2	166	
S1_only_classu|MSTRG.9596.2.p3	105	
S1_only_classu|MSTRG.9601.1.p1	151	
S1_only_classu|MSTRG.9609.1.p2	110	
S1_only_classu|MSTRG.9612.1.p2	146	
S1_only_classu|MSTRG.9612.1.p3	128	
S1_only_classu|MSTRG.9633.1.p1	800	
S1_only_classu|MSTRG.9633.1.p3	406	
S1_only_classu|MSTRG.9645.1.p1	520	
S1_only_classu|MSTRG.9651.1.p1	465	
S1_only_classu|MSTRG.9651.1.p3	237	
S1_only_classu|MSTRG.9655.1.p1	180	
S1_only_classu|MSTRG.9655.1.p2	144	
S1_only_classu|MSTRG.9655.1.p4	109	
S1_only_classu|MSTRG.9657.1.p1	551	
S1_only_classu|MSTRG.9664.1.p2	101	
S1_only_classu|MSTRG.9665.1.p1	569	
S1_only_classu|MSTRG.9669.1.p1	384	
S1_only_classu|MSTRG.9675.1.p1	278	
S1_only_classu|MSTRG.9682.1.p1	123	
S1_only_classu|MSTRG.9686.1.p1	620	
S1_only_classu|MSTRG.9686.1.p3	168	
S1_only_classu|MSTRG.9710.1.p1	661	
S1_only_classu|MSTRG.972.1.p1	1574	
S1_only_classu|MSTRG.973.1.p1	677	
S1_only_classu|MSTRG.9734.1.p1	324	
S1_only_classu|MSTRG.9734.1.p2	296	
S1_only_classu|MSTRG.9735.1.p1	584	
S1_only_classu|MSTRG.975.1.p1	488	
S1_only_classu|MSTRG.9751.1.p1	187	
S1_only_classu|MSTRG.9755.1.p1	791	
S1_only_classu|MSTRG.9758.1.p2	337	
S1_only_classu|MSTRG.9764.1.p1	429	
S1_only_classu|MSTRG.9764.1.p2	212	
S1_only_classu|MSTRG.9768.1.p1	126	
S1_only_classu|MSTRG.9769.1.p2	164	
S1_only_classu|MSTRG.977.1.p1	1316	
S1_only_classu|MSTRG.9776.1.p1	364	
S1_only_classu|MSTRG.9791.1.p1	270	
S1_only_classu|MSTRG.9795.1.p1	413	
S1_only_classu|MSTRG.9800.1.p1	753	
S1_only_classu|MSTRG.9815.1.p1	1527	
S1_only_classu|MSTRG.9832.1.p1	227	
S1_only_classu|MSTRG.9848.1.p1	429	
S1_only_classu|MSTRG.9848.1.p2	212	
S1_only_classu|MSTRG.9877.1.p1	356	
S1_only_classu|MSTRG.9877.1.p2	326	
S1_only_classu|MSTRG.9884.1.p1	1846	
S1_only_classu|MSTRG.9889.1.p1	281	
S1_only_classu|MSTRG.9889.1.p3	167	
S1_only_classu|MSTRG.9889.1.p4	135	
S1_only_classu|MSTRG.9890.1.p1	148	
S1_only_classu|MSTRG.9890.1.p2	121	
S1_only_classu|MSTRG.9919.2.p1	544	
S1_only_classu|MSTRG.9919.2.p2	494	
S1_only_classu|MSTRG.9930.1.p1	221	
S1_only_classu|MSTRG.9936.1.p2	102	
S1_only_classu|MSTRG.9946.1.p1	162	
S1_only_classu|MSTRG.9989.1.p1	300	
S2_only_classu|MSTRG.1077.1.p1	652	
S2_only_classu|MSTRG.1077.1.p7	105	
S2_only_classu|MSTRG.1078.1.p1	652	
S2_only_classu|MSTRG.1082.1.p1	255	
S2_only_classu|MSTRG.1082.1.p2	221	
S2_only_classu|MSTRG.1082.1.p4	127	
S2_only_classu|MSTRG.1133.1.p1	387	
S2_only_classu|MSTRG.1261.1.p1	381	
S2_only_classu|MSTRG.1261.1.p2	159	
S2_only_classu|MSTRG.1272.1.p1	206	
S2_only_classu|MSTRG.1274.1.p1	367	
S2_only_classu|MSTRG.1274.1.p4	132	
S2_only_classu|MSTRG.1278.1.p1	151	
S2_only_classu|MSTRG.1278.1.p2	116	
S2_only_classu|MSTRG.1280.1.p2	117	
S2_only_classu|MSTRG.1280.1.p3	109	
S2_only_classu|MSTRG.1281.1.p2	157	
S2_only_classu|MSTRG.1281.1.p3	153	
S2_only_classu|MSTRG.136.1.p2	107	
S2_only_classu|MSTRG.1422.1.p1	224	
S2_only_classu|MSTRG.1422.1.p2	213	
S2_only_classu|MSTRG.1422.1.p5	118	
S2_only_classu|MSTRG.1433.1.p1	1032	
S2_only_classu|MSTRG.1440.2.p1	168	
S2_only_classu|MSTRG.1440.3.p1	168	
S2_only_classu|MSTRG.1440.4.p1	168	
S2_only_classu|MSTRG.1440.4.p2	117	
S2_only_classu|MSTRG.1440.5.p1	168	
S2_only_classu|MSTRG.1440.6.p1	117	
S2_only_classu|MSTRG.1501.1.p1	203	
S2_only_classu|MSTRG.1560.1.p2	330	
S2_only_classu|MSTRG.1560.1.p3	323	
S2_only_classu|MSTRG.1560.1.p7	140	
S2_only_classu|MSTRG.1560.1.p8	126	
S2_only_classu|MSTRG.1564.1.p1	462	
S2_only_classu|MSTRG.1564.1.p11	120	
S2_only_classu|MSTRG.1564.1.p12	118	
S2_only_classu|MSTRG.1564.1.p13	118	
S2_only_classu|MSTRG.1564.1.p14	117	
S2_only_classu|MSTRG.1564.1.p2	162	
S2_only_classu|MSTRG.1564.1.p4	143	
S2_only_classu|MSTRG.1564.1.p5	142	
S2_only_classu|MSTRG.1564.1.p6	132	
S2_only_classu|MSTRG.1564.1.p9	123	
S2_only_classu|MSTRG.1580.1.p1	335	
S2_only_classu|MSTRG.1580.1.p2	236	
S2_only_classu|MSTRG.1582.1.p1	125	
S2_only_classu|MSTRG.1609.1.p1	589	
S2_only_classu|MSTRG.1658.1.p1	1252	
S2_only_classu|MSTRG.1703.1.p1	196	
S2_only_classu|MSTRG.1703.1.p2	194	
S2_only_classu|MSTRG.1706.1.p1	882	
S2_only_classu|MSTRG.1711.1.p1	122	
S2_only_classu|MSTRG.1711.1.p3	103	
S2_only_classu|MSTRG.1727.1.p1	99	
S2_only_classu|MSTRG.1767.1.p1	195	
S2_only_classu|MSTRG.1768.1.p2	177	
S2_only_classu|MSTRG.1768.1.p3	106	
S2_only_classu|MSTRG.1769.1.p1	1217	
S2_only_classu|MSTRG.1769.1.p2	683	
S2_only_classu|MSTRG.1769.1.p3	585	
S2_only_classu|MSTRG.1769.1.p4	412	
S2_only_classu|MSTRG.1811.1.p1	195	
S2_only_classu|MSTRG.1835.1.p1	388	
S2_only_classu|MSTRG.1844.1.p1	375	
S2_only_classu|MSTRG.1853.1.p1	348	
S2_only_classu|MSTRG.1853.1.p3	177	
S2_only_classu|MSTRG.1858.1.p1	656	
S2_only_classu|MSTRG.1859.1.p1	394	
S2_only_classu|MSTRG.1860.1.p1	336	
S2_only_classu|MSTRG.1870.1.p1	175	
S2_only_classu|MSTRG.1872.1.p1	146	
S2_only_classu|MSTRG.1872.1.p2	123	
S2_only_classu|MSTRG.1872.2.p1	483	
S2_only_classu|MSTRG.1906.1.p1	377	
S2_only_classu|MSTRG.1923.1.p2	178	
S2_only_classu|MSTRG.1924.1.p1	750	
S2_only_classu|MSTRG.1943.1.p1	458	
S2_only_classu|MSTRG.1943.1.p3	109	
S2_only_classu|MSTRG.1955.1.p1	377	
S2_only_classu|MSTRG.1955.1.p3	254	
S2_only_classu|MSTRG.1955.1.p5	210	
S2_only_classu|MSTRG.1955.1.p9	130	
S2_only_classu|MSTRG.1955.2.p1	377	
S2_only_classu|MSTRG.1955.2.p10	114	
S2_only_classu|MSTRG.1955.2.p3	254	
S2_only_classu|MSTRG.1955.2.p9	121	
S2_only_classu|MSTRG.2020.1.p1	143	
S2_only_classu|MSTRG.2073.1.p1	158	
S2_only_classu|MSTRG.2073.1.p2	134	
S2_only_classu|MSTRG.2073.1.p3	116	
S2_only_classu|MSTRG.2078.1.p1	115	
S2_only_classu|MSTRG.2079.1.p1	197	
S2_only_classu|MSTRG.2170.1.p1	650	
S2_only_classu|MSTRG.2170.1.p2	434	
S2_only_classu|MSTRG.2170.1.p7	116	
S2_only_classu|MSTRG.2219.1.p1	451	
S2_only_classu|MSTRG.2245.1.p1	170	
S2_only_classu|MSTRG.2245.1.p2	158	
S2_only_classu|MSTRG.2245.1.p3	140	
S2_only_classu|MSTRG.2245.1.p4	135	
S2_only_classu|MSTRG.2245.1.p5	116	
S2_only_classu|MSTRG.2258.1.p1	716	
S2_only_classu|MSTRG.2258.1.p3	126	
S2_only_classu|MSTRG.2284.1.p1	329	
S2_only_classu|MSTRG.2288.1.p2	154	
S2_only_classu|MSTRG.2311.1.p1	1248	
S2_only_classu|MSTRG.2322.1.p1	255	
S2_only_classu|MSTRG.2365.1.p1	145	
S2_only_classu|MSTRG.2385.1.p1	554	
S2_only_classu|MSTRG.2406.1.p1	168	
S2_only_classu|MSTRG.2406.1.p2	117	
S2_only_classu|MSTRG.2443.1.p1	577	
S2_only_classu|MSTRG.2443.1.p2	166	
S2_only_classu|MSTRG.2501.1.p1	999	
S2_only_classu|MSTRG.2501.1.p2	814	
S2_only_classu|MSTRG.2501.1.p8	111	
S2_only_classu|MSTRG.2546.1.p1	190	
S2_only_classu|MSTRG.2566.1.p1	110	
S2_only_classu|MSTRG.2717.1.p1	747	
S2_only_classu|MSTRG.2717.1.p2	156	
S2_only_classu|MSTRG.2783.1.p1	175	
S2_only_classu|MSTRG.2787.1.p1	278	
S2_only_classu|MSTRG.2790.1.p1	605	
S2_only_classu|MSTRG.2807.1.p1	628	
S2_only_classu|MSTRG.2844.1.p1	246	
S2_only_classu|MSTRG.3030.1.p1	235	
S2_only_classu|MSTRG.3030.1.p2	204	
S2_only_classu|MSTRG.3030.2.p1	235	
S2_only_classu|MSTRG.3030.2.p2	104	
S2_only_classu|MSTRG.3032.1.p1	138	
S2_only_classu|MSTRG.309.1.p1	242	
S2_only_classu|MSTRG.3118.2.p1	565	
S2_only_classu|MSTRG.3118.2.p4	190	
S2_only_classu|MSTRG.3411.1.p1	365	
S2_only_classu|MSTRG.3480.1.p1	153	
S2_only_classu|MSTRG.349.1.p2	124	
S2_only_classu|MSTRG.349.1.p3	107	
S2_only_classu|MSTRG.35.1.p1	494	
S2_only_classu|MSTRG.3560.1.p2	160	
S2_only_classu|MSTRG.3655.1.p1	473	
S2_only_classu|MSTRG.3791.1.p1	145	
S2_only_classu|MSTRG.3809.1.p1	135	
S2_only_classu|MSTRG.3815.1.p1	147	
S2_only_classu|MSTRG.383.1.p1	157	
S2_only_classu|MSTRG.3850.1.p1	350	
S2_only_classu|MSTRG.3850.1.p2	344	
S2_only_classu|MSTRG.3918.1.p1	340	
S2_only_classu|MSTRG.4014.1.p1	461	
S2_only_classu|MSTRG.405.1.p1	457	
S2_only_classu|MSTRG.4096.1.p1	396	
S2_only_classu|MSTRG.4096.1.p2	128	
S2_only_classu|MSTRG.4122.1.p1	132	
S2_only_classu|MSTRG.4122.1.p2	113	
S2_only_classu|MSTRG.4125.1.p1	104	
S2_only_classu|MSTRG.4125.2.p1	104	
S2_only_classu|MSTRG.4149.1.p1	117	
S2_only_classu|MSTRG.415.1.p1	1541	
S2_only_classu|MSTRG.416.1.p2	101	
S2_only_classu|MSTRG.4220.2.p1	435	
S2_only_classu|MSTRG.4266.1.p1	200	
S2_only_classu|MSTRG.4266.1.p4	113	
S2_only_classu|MSTRG.4285.1.p1	103	
S2_only_classu|MSTRG.4348.1.p1	383	
S2_only_classu|MSTRG.4393.1.p1	493	
S2_only_classu|MSTRG.4393.1.p2	210	
S2_only_classu|MSTRG.4397.1.p1	466	
S2_only_classu|MSTRG.4622.1.p1	409	
S2_only_classu|MSTRG.4622.1.p2	121	
S2_only_classu|MSTRG.4635.1.p1	381	
S2_only_classu|MSTRG.4635.1.p3	118	
S2_only_classu|MSTRG.4635.1.p4	115	
S2_only_classu|MSTRG.4635.1.p6	108	
S2_only_classu|MSTRG.4691.1.p1	149	
S2_only_classu|MSTRG.4691.1.p3	114	
S2_only_classu|MSTRG.4782.1.p1	120	
S2_only_classu|MSTRG.4851.1.p1	362	
S2_only_classu|MSTRG.4855.1.p1	577	
S2_only_classu|MSTRG.4929.1.p1	497	
S2_only_classu|MSTRG.4929.1.p2	429	
S2_only_classu|MSTRG.4929.1.p5	132	
S2_only_classu|MSTRG.5038.1.p1	351	
S2_only_classu|MSTRG.508.1.p2	100	
S2_only_classu|MSTRG.5096.1.p1	902	
S2_only_classu|MSTRG.5096.1.p3	260	
S2_only_classu|MSTRG.5096.1.p7	148	
S2_only_classu|MSTRG.510.1.p1	496	
S2_only_classu|MSTRG.5118.2.p1	341	
S2_only_classu|MSTRG.5118.3.p1	369	
S2_only_classu|MSTRG.5169.1.p2	118	
S2_only_classu|MSTRG.5312.1.p1	237	
S2_only_classu|MSTRG.5357.1.p2	108	
S2_only_classu|MSTRG.5361.1.p1	133	
S2_only_classu|MSTRG.5395.1.p1	446	
S2_only_classu|MSTRG.5459.1.p1	336	
S2_only_classu|MSTRG.5459.1.p2	175	
S2_only_classu|MSTRG.5459.1.p4	142	
S2_only_classu|MSTRG.5459.1.p5	140	
S2_only_classu|MSTRG.5459.1.p6	119	
S2_only_classu|MSTRG.5503.1.p1	686	
S2_only_classu|MSTRG.5503.1.p2	330	
S2_only_classu|MSTRG.5503.1.p7	128	
S2_only_classu|MSTRG.5528.1.p1	119	
S2_only_classu|MSTRG.5574.1.p1	228	
S2_only_classu|MSTRG.5606.1.p1	667	
S2_only_classu|MSTRG.5791.1.p1	151	
S2_only_classu|MSTRG.5826.1.p2	103	
S2_only_classu|MSTRG.5829.1.p1	147	
S2_only_classu|MSTRG.5829.1.p2	106	
S2_only_classu|MSTRG.5891.1.p1	701	
S2_only_classu|MSTRG.5891.1.p3	254	
S2_only_classu|MSTRG.5891.1.p7	123	
S2_only_classu|MSTRG.5895.1.p1	321	
S2_only_classu|MSTRG.591.1.p1	645	
S2_only_classu|MSTRG.5925.1.p1	299	
S2_only_classu|MSTRG.5925.1.p3	109	
S2_only_classu|MSTRG.5942.1.p1	562	
S2_only_classu|MSTRG.5942.1.p4	133	
S2_only_classu|MSTRG.5986.1.p2	102	
S2_only_classu|MSTRG.5989.1.p1	324	
S2_only_classu|MSTRG.6040.1.p2	105	
S2_only_classu|MSTRG.6048.1.p1	168	
S2_only_classu|MSTRG.6048.1.p2	116	
S2_only_classu|MSTRG.6073.1.p1	303	
S2_only_classu|MSTRG.6089.1.p1	150	
S2_only_classu|MSTRG.6197.1.p1	322	
S2_only_classu|MSTRG.6201.1.p1	365	
S2_only_classu|MSTRG.6303.1.p1	117	
S2_only_classu|MSTRG.6308.1.p1	117	
S2_only_classu|MSTRG.6365.1.p1	451	
S2_only_classu|MSTRG.6365.1.p3	129	
S2_only_classu|MSTRG.6384.2.p1	171	
S2_only_classu|MSTRG.6384.2.p2	103	
S2_only_classu|MSTRG.6392.1.p1	605	
S2_only_classu|MSTRG.6392.1.p5	132	
S2_only_classu|MSTRG.6405.1.p1	190	
S2_only_classu|MSTRG.6405.1.p2	165	
S2_only_classu|MSTRG.6406.1.p1	165	
S2_only_classu|MSTRG.645.1.p1	188	
S2_only_classu|MSTRG.645.1.p2	187	
S2_only_classu|MSTRG.645.1.p4	129	
S2_only_classu|MSTRG.6477.1.p2	101	
S2_only_classu|MSTRG.6574.1.p1	119	
S2_only_classu|MSTRG.6665.1.p1	1527	
S2_only_classu|MSTRG.6876.1.p1	113	
S2_only_classu|MSTRG.6877.1.p1	118	
S2_only_classu|MSTRG.688.1.p1	140	
S2_only_classu|MSTRG.6930.1.p1	117	
S2_only_classu|MSTRG.7029.1.p1	167	
S2_only_classu|MSTRG.7163.1.p2	255	
S2_only_classu|MSTRG.7163.1.p3	145	
S2_only_classu|MSTRG.7170.1.p1	348	
S2_only_classu|MSTRG.7190.1.p1	174	
S2_only_classu|MSTRG.7195.1.p1	1206	
S2_only_classu|MSTRG.7196.1.p1	635	
S2_only_classu|MSTRG.7196.2.p1	635	
S2_only_classu|MSTRG.7349.1.p1	410	
S2_only_classu|MSTRG.736.2.p1	749	
S2_only_classu|MSTRG.7360.1.p1	344	
S2_only_classu|MSTRG.7396.1.p1	297	
S2_only_classu|MSTRG.7482.1.p1	260	
S2_only_classu|MSTRG.7550.1.p1	523	
S2_only_classu|MSTRG.7584.1.p1	298	
S2_only_classu|MSTRG.7673.1.p2	154	
S2_only_classu|MSTRG.771.1.p1	227	
S2_only_classu|MSTRG.771.1.p3	136	
S2_only_classu|MSTRG.805.1.p1	448	
S2_only_classu|MSTRG.8148.1.p1	332	
S2_only_classu|MSTRG.8148.1.p2	308	
S2_only_classu|MSTRG.8292.1.p1	119	
S2_only_classu|MSTRG.8323.1.p1	599	
S2_only_classu|MSTRG.8325.1.p1	762	
S2_only_classu|MSTRG.8415.1.p1	739	
S2_only_classu|MSTRG.8415.1.p4	163	
S2_only_classu|MSTRG.8415.1.p8	104	
S2_only_classu|MSTRG.8431.1.p1	135	
S2_only_classu|MSTRG.8437.1.p1	578	
S2_only_classu|MSTRG.8444.1.p1	213	
S2_only_classu|MSTRG.8479.1.p1	1420	
S2_only_classu|MSTRG.8481.1.p1	116	
S2_only_classu|MSTRG.860.1.p1	278	
S2_only_classu|MSTRG.8611.1.p1	383	
S2_only_classu|MSTRG.8656.1.p1	354	
S2_only_classu|MSTRG.8677.1.p1	133	
S2_only_classu|MSTRG.8698.1.p1	250	
S2_only_classu|MSTRG.8747.1.p1	307	
S2_only_classu|MSTRG.8771.1.p1	224	
S2_only_classu|MSTRG.8835.1.p1	161	
S2_only_classu|MSTRG.8835.1.p3	135	
S2_only_classu|MSTRG.890.1.p1	116	
S2_only_classu|MSTRG.893.1.p1	366	
S2_only_classu|MSTRG.8940.1.p1	172	
S2_only_classu|MSTRG.9036.2.p1	193	
S2_only_classu|MSTRG.9036.2.p4	119	
S2_only_classu|MSTRG.904.1.p1	122	
S2_only_classu|MSTRG.9118.1.p2	319	
S2_only_classu|MSTRG.9118.1.p3	263	
S2_only_classu|MSTRG.9118.1.p5	121	
S2_only_classu|MSTRG.9118.1.p7	105	
S2_only_classu|MSTRG.9138.1.p2	171	
S2_only_classu|MSTRG.914.1.p1	1165	
S2_only_classu|MSTRG.914.1.p11	112	
S2_only_classu|MSTRG.914.1.p6	142	
S2_only_classu|MSTRG.939.1.p1	482	
S2_only_classu|MSTRG.958.1.p1	555	
S2_only_classu|MSTRG.958.1.p5	109	
S2_only_classu|MSTRG.958.1.p6	101	
Shared_classu|MSTRG.1091.1.p1	591	
Shared_classu|MSTRG.1282.1.p1	408	
Shared_classu|MSTRG.1425.1.p1	364	
Shared_classu|MSTRG.1432.1.p1	452	
Shared_classu|MSTRG.1435.1.p1	109	
Shared_classu|MSTRG.1436.1.p1	300	
Shared_classu|MSTRG.1436.1.p3	124	
Shared_classu|MSTRG.1437.1.p1	1154	
Shared_classu|MSTRG.1438.1.p1	168	
Shared_classu|MSTRG.1438.1.p2	148	
Shared_classu|MSTRG.1438.1.p3	109	
Shared_classu|MSTRG.1441.1.p1	127	
Shared_classu|MSTRG.1476.1.p2	325	
Shared_classu|MSTRG.1642.1.p1	324	
Shared_classu|MSTRG.1786.1.p1	461	
Shared_classu|MSTRG.1786.1.p3	233	
Shared_classu|MSTRG.1786.1.p4	122	
Shared_classu|MSTRG.1786.1.p6	116	
Shared_classu|MSTRG.1789.1.p1	547	
Shared_classu|MSTRG.1789.1.p2	309	
Shared_classu|MSTRG.1801.1.p2	226	
Shared_classu|MSTRG.1814.1.p1	598	
Shared_classu|MSTRG.1815.1.p1	110	
Shared_classu|MSTRG.1815.1.p2	109	
Shared_classu|MSTRG.1837.1.p1	120	
Shared_classu|MSTRG.1839.1.p1	193	
Shared_classu|MSTRG.1839.1.p2	142	
Shared_classu|MSTRG.1869.1.p1	407	
Shared_classu|MSTRG.1875.1.p1	103	
Shared_classu|MSTRG.1917.1.p1	308	
Shared_classu|MSTRG.1917.1.p2	167	
Shared_classu|MSTRG.1917.1.p3	148	
Shared_classu|MSTRG.1996.1.p1	484	
Shared_classu|MSTRG.1996.1.p2	355	
Shared_classu|MSTRG.2133.1.p1	559	
Shared_classu|MSTRG.2133.1.p2	239	
Shared_classu|MSTRG.2133.1.p6	104	
Shared_classu|MSTRG.2302.1.p1	145	
Shared_classu|MSTRG.2540.1.p1	248	
Shared_classu|MSTRG.2540.1.p7	100	
Shared_classu|MSTRG.2541.1.p1	678	
Shared_classu|MSTRG.2541.1.p2	185	
Shared_classu|MSTRG.2652.1.p1	466	
Shared_classu|MSTRG.2652.1.p2	400	
Shared_classu|MSTRG.2652.1.p3	222	
Shared_classu|MSTRG.2652.1.p4	131	
Shared_classu|MSTRG.2658.1.p1	1157	
Shared_classu|MSTRG.2658.1.p7	150	
Shared_classu|MSTRG.2725.1.p1	121	
Shared_classu|MSTRG.2831.1.p1	660	
Shared_classu|MSTRG.2970.1.p1	225	
Shared_classu|MSTRG.3039.1.p1	192	
Shared_classu|MSTRG.3123.1.p1	129	
Shared_classu|MSTRG.3150.1.p1	155	
Shared_classu|MSTRG.3150.2.p1	94	
Shared_classu|MSTRG.3201.1.p1	129	
Shared_classu|MSTRG.3352.1.p1	113	
Shared_classu|MSTRG.3352.1.p2	103	
Shared_classu|MSTRG.3445.1.p1	353	
Shared_classu|MSTRG.3571.1.p1	580	
Shared_classu|MSTRG.3921.1.p1	135	
Shared_classu|MSTRG.4012.1.p1	1106	
Shared_classu|MSTRG.4012.1.p7	104	
Shared_classu|MSTRG.4046.1.p1	226	
Shared_classu|MSTRG.4046.1.p2	147	
Shared_classu|MSTRG.4387.1.p1	625	
Shared_classu|MSTRG.4387.1.p2	178	
Shared_classu|MSTRG.4387.1.p3	130	
Shared_classu|MSTRG.442.1.p1	901	
Shared_classu|MSTRG.442.1.p6	103	
Shared_classu|MSTRG.4787.1.p1	166	
Shared_classu|MSTRG.4787.1.p2	148	
Shared_classu|MSTRG.4787.1.p4	118	
Shared_classu|MSTRG.4967.1.p1	175	
Shared_classu|MSTRG.4990.1.p1	116	
Shared_classu|MSTRG.5045.1.p1	736	
Shared_classu|MSTRG.5118.1.p1	401	
Shared_classu|MSTRG.5118.1.p3	107	
Shared_classu|MSTRG.5216.1.p1	436	
Shared_classu|MSTRG.5381.1.p1	135	
Shared_classu|MSTRG.5413.1.p1	106	
Shared_classu|MSTRG.5595.1.p1	535	
Shared_classu|MSTRG.5717.1.p1	116	
Shared_classu|MSTRG.5718.1.p3	145	
Shared_classu|MSTRG.5718.1.p4	143	
Shared_classu|MSTRG.572.1.p1	287	
Shared_classu|MSTRG.572.1.p2	230	
Shared_classu|MSTRG.5840.1.p1	870	
Shared_classu|MSTRG.5840.1.p5	101	
Shared_classu|MSTRG.5919.1.p1	178	
Shared_classu|MSTRG.5990.1.p1	657	
Shared_classu|MSTRG.5992.1.p1	1036	
Shared_classu|MSTRG.5992.1.p4	117	
Shared_classu|MSTRG.609.1.p1	520	
Shared_classu|MSTRG.6286.1.p1	324	
Shared_classu|MSTRG.6766.1.p1	548	
Shared_classu|MSTRG.6768.1.p1	581	
Shared_classu|MSTRG.68.1.p1	375	
Shared_classu|MSTRG.68.1.p2	169	
Shared_classu|MSTRG.68.1.p6	101	
Shared_classu|MSTRG.68.1.p7	100	
Shared_classu|MSTRG.6871.1.p1	764	
Shared_classu|MSTRG.6984.1.p1	320	
Shared_classu|MSTRG.6984.1.p3	135	
Shared_classu|MSTRG.7099.1.p2	118	
Shared_classu|MSTRG.720.1.p1	101	
Shared_classu|MSTRG.7350.1.p2	106	
Shared_classu|MSTRG.7839.1.p1	475	
Shared_classu|MSTRG.7839.1.p2	304	
Shared_classu|MSTRG.7839.1.p6	174	
Shared_classu|MSTRG.7839.1.p8	119	
Shared_classu|MSTRG.7915.1.p1	516	
Shared_classu|MSTRG.7915.1.p2	313	
Shared_classu|MSTRG.7915.1.p3	271	
Shared_classu|MSTRG.7915.1.p4	195	
Shared_classu|MSTRG.7927.1.p1	130	
Shared_classu|MSTRG.7927.1.p2	109	
Shared_classu|MSTRG.7942.1.p1	189	
Shared_classu|MSTRG.7942.1.p2	114	
Shared_classu|MSTRG.8090.1.p2	101	
Shared_classu|MSTRG.8149.1.p1	498	
Shared_classu|MSTRG.8149.1.p4	254	
Shared_classu|MSTRG.8149.1.p7	109	
Shared_classu|MSTRG.8306.1.p2	123	
Shared_classu|MSTRG.8318.1.p1	695	
Shared_classu|MSTRG.8459.1.p1	109	
Shared_classu|MSTRG.8564.1.p1	788	
Shared_classu|MSTRG.8688.1.p1	906	
Shared_classu|MSTRG.8775.1.p1	122	
Shared_classu|MSTRG.8775.1.p2	107	
Shared_classu|MSTRG.8903.1.p1	576	
Shared_classu|MSTRG.8903.1.p10	121	
Shared_classu|MSTRG.8903.1.p11	116	
Shared_classu|MSTRG.8903.1.p13	100	
Shared_classu|MSTRG.8903.1.p2	431	
Shared_classu|MSTRG.8903.1.p4	257	
Shared_classu|MSTRG.891.1.p1	902	
Shared_classu|MSTRG.891.1.p2	272	
Shared_classu|MSTRG.891.1.p4	129	
Shared_classu|MSTRG.9034.1.p1	882	
Shared_classu|MSTRG.9078.1.p1	182	
gene_1	167	hypothetical protein
gene_10	356	Peroxisomal membrane anchor protein (Pex14p) conserved region-domain containing protein
gene_100	898	putative UDP-galactose transporter
gene_1000	534	hypothetical protein
gene_10000	540	putative dynein light intermediate chain
gene_10001	361	hypothetical protein
gene_10002	185	dioxygenase EFQ28572.1 dioxygenase
gene_10003	565	Ankyrin repeat-containing domain protein
gene_10004	504	putative mannan polymerase II complex ANP1 subunit
gene_10005	264	putative glutathione S-transferase domain-containing protein
gene_10007	280	PUA domain-containing protein
gene_10008	486	putative heterokaryon incompatibility protein
gene_10009	559	major facilitator superfamily transporter EFQ35141.1 major facilitator superfamily transporter
gene_1001	255	hypothetical protein
gene_10010	496	putative cytochrome P450
gene_10011	111	hypothetical protein
gene_10012	1507	hypothetical protein
gene_10013	1085	putative fungal-specific transcription factor domain-containing protein
gene_10014	251	putative short chain dehydrogenase
gene_10015	373	putative exonuclease
gene_10016	269	putative eukaryotic phosphomannomutase
gene_10017	333	hypothetical protein
gene_10018	580	alpha/beta hydrolase fold family
gene_10019	1079	putative ubiquitin elongating factor core
gene_10020	156	tRNA-splicing endonuclease subunit Sen15
gene_10021	521	putative major facilitator superfamily transporter
gene_10022	392	hypothetical protein
gene_10023	220	hypothetical protein
gene_10024	522	putative cytochrome P450 ROT38151.1 putative cytochrome P450
gene_10025	826	putative WD domain-containing protein
gene_10026	168	putative stress-induced bacterial acidophilic repeat domain-containing protein
gene_10027	968	putative RNA polymerase II mediator complex subunit Sin4
gene_10028	93	hypothetical protein
gene_10029	490	putative HhH-GPD superfamily base excision DNA repair protein
gene_1003	1192	hypothetical protein
gene_10030	490	putative monooxygenase
gene_10031	481	hypothetical protein
gene_10032	335	hypothetical protein
gene_10033	579	putative 6-phosphofructo-2-kinase
gene_10034	389	hypothetical protein
gene_10035	1173	carbon-nitrogen hydrolase
gene_10036	334	Vitamin-D-receptor interacting Mediator subunit 4-domain containing protein
gene_10037	843	putative ubiquitin carboxyl-terminal hydrolase
gene_10038	990	phytoene synthase
gene_10039	1262	putative DNA excision repair protein
gene_1004	427	O-methyltransferase-domain containing protein
gene_10040	379	hypothetical protein
gene_10041	429	hypothetical protein
gene_10042	200	hypothetical protein
gene_10043	460	methyltransferase
gene_10044	232	hypothetical protein
gene_10045	826	putative ABC transporter transmembrane region 2
gene_10046	4908	putative amino acid adenylation domain-containing protein
gene_10047	619	putative TFIIH p62 subunit domain-containing protein
gene_10048	235	glycosyl hydrolase
gene_10049	567	putative alpha amylase
gene_1005	2657	putative beige/BEACH domain-containing protein
gene_10051	424	S-adenosyl-L-methionine-dependent methyltransferase
gene_10053	1585	putative Sec7 domain-containing protein
gene_10054	338	putative NAD dependent epimerase/dehydratase
gene_10055	649	hypothetical protein
gene_10056	1183	putative leucine rich repeat family protein
gene_10057	2233	putative DNA polymerase family B
gene_10058	818	hypothetical protein
gene_10059	572	putative structure-specific recognition protein
gene_1006	990	putative fatty acid synthase alpha subunit reductase
gene_10060	247	hypothetical protein
gene_10061	283	putative GMP synthase
gene_10062	1230	Folliculin-interacting protein N-terminus-domain containing protein
gene_10063	788	putative subtilase
gene_10064	1208	putative heavy metal translocating P-type ATPase
gene_10065	712	putative annexin ANXC4
gene_10066	563	putative ent-kaurene oxidase
gene_10067	199	hypothetical protein
gene_10068	136	putative glutathione-dependent formaldehyde-activating enzyme
gene_10069	605	YAP-binding/ALF4/Glomulin
gene_1007	196	hypothetical protein
gene_10070	517	putative peptidase C1-like family protein
gene_10071	303	hypothetical protein
gene_10072	817	putative null
gene_10073	492	MFS sugar transporter
gene_10074	263	hypothetical protein
gene_10075	509	putative major facilitator superfamily transporter
gene_10076	605	putative major facilitator superfamily transporter
gene_10077	175	putative thioesterase superfamily protein
gene_10078	414	putative subtilase
gene_10079	424	hypothetical protein
gene_1008	684	putative high-affinity methionine permease
gene_10080	657	hypothetical protein
gene_10082	855	Serine/threonine-protein phosphatase
gene_10083	228	hypothetical protein
gene_10084	216	hypothetical protein
gene_10085	249	hypothetical protein
gene_10086	320	hypothetical protein
gene_10087	469	RAI1 like PD-(D/E)XK nuclease-domain containing protein
gene_10088	596	putative multicopper oxidase
gene_10089	334	putative integral membrane protein
gene_1009	170	hypothetical protein
gene_10090	398	hypothetical protein
gene_10091	547	putative flavin-containing amine oxidoreductase
gene_10092	639	hypothetical protein
gene_10093	647	AGC NDR protein kinase
gene_10094	529	family 20 putative glycosyltransferase
gene_10095	510	major facilitator superfamily transporter EFQ35323.1 major facilitator superfamily transporter
gene_10096	307	putative covalently-linked cell wall protein
gene_10097	498	Fungal specific transcription factor domain-domain containing protein
gene_10098	660	putative triose-phosphate transporter
gene_10099	281	hypothetical protein
gene_101	435	putative phosphotransferase enzyme family protein
gene_1010	898	hypothetical protein
gene_10100	628	putative carboxylesterase
gene_10102	249	minor allergen Alt a 7
gene_10103	498	putative acyltransferase
gene_10104	428	Alpha/Beta hydrolase fold
gene_10105	403	putative PCI domain-containing protein
gene_10106	789	putative peptidase family M3
gene_10107	750	putative ABC transporter
gene_10108	334	putative bZIP transcription factor
gene_10109	235	putative NAD dependent epimerase/dehydratase
gene_1011	275	hypothetical protein
gene_10110	777	putative F-box domain-containing protein
gene_10111	1591	putative pfs domain-containing protein
gene_10112	298	hypothetical protein
gene_10114	104	hypothetical protein
gene_10115	537	putative serine carboxypeptidase S28
gene_10116	482	AhpC/TSA family protein OBR07189.1 AhpC/TSA family protein
gene_10117	999	putative helix-loop-helix DNA-binding domain-containing protein
gene_10118	76	hypothetical protein
gene_10119	108	hypothetical protein
gene_10120	202	putative calcium/proton exchanger
gene_10121	533	putative bZIP transcription factor
gene_10122	328	hypothetical protein
gene_10123	235	hypothetical protein
gene_10124	396	putative major facilitator superfamily transporter
gene_10125	160	hypothetical protein
gene_10126	1642	putative DEAD/DEAH box helicase
gene_10127	424	Meiotically up-regulated gene 113-domain containing protein
gene_10128	746	putative PX domain-containing protein
gene_10129	128	hypothetical protein
gene_1013	58	hypothetical protein
gene_10130	512	putative major facilitator superfamily transporter
gene_10131	255	hypothetical protein
gene_10132	826	KR domain-domain containing protein
gene_10133	640	putative carboxylesterase
gene_10134	252	hypothetical protein
gene_10135	476	hypothetical protein
gene_10136	862	hypothetical protein
gene_10137	1031	putative importin-beta domain-containing protein
gene_10138	268	putative calcineurin-like phosphoesterase
gene_10139	491	N-glycosidase
gene_1014	91	hypothetical protein
gene_10140	502	hypothetical protein
gene_10141	501	hypothetical protein
gene_10142	454	putative phosphomannose isomerase type I
gene_10143	200	hypothetical protein
gene_10144	3224	hypothetical protein
gene_10145	234	family 61 putative glycosyl hydrolase
gene_10146	407	putative PH domain-containing protein
gene_10147	236	putative versatile peroxidase VPL1
gene_10148	272	hypothetical protein
gene_10149	90	hypothetical protein
gene_1015	512	Cytochrome P450
gene_10150	471	Major facilitator superfamily domain-containing protein
gene_10151	707	putative RNA recognition domain-containing protein
gene_10152	308	putative S1/P1 nuclease
gene_10153	392	hypothetical protein
gene_10154	268	hypothetical protein
gene_10155	516	putative major facilitator superfamily transporter
gene_10156	601	Methyltransferase domain-domain containing protein
gene_10157	717	Protein kinase-like domain-containing protein
gene_10158	2063	putative SH3 domain-containing protein
gene_10159	385	hypothetical protein
gene_1016	538	hypothetical protein
gene_10160	646	putative chromo domain-containing protein
gene_10161	401	SGNH hydrolase-type esterase domain-containing protein
gene_10162	300	hypothetical protein
gene_10163	485	putative C6 zinc finger protein
gene_10164	340	Ribosomal protein L22/L17
gene_10165	1086	putative SNF2 family domain-containing protein
gene_10166	648	hypothetical protein
gene_10167	451	putative eukaryotic aspartyl protease
gene_10168	265	putative O-methyltransferase
gene_10169	416	hypothetical protein
gene_1017	738	putative dolichyl-phosphate-mannose-protein mannosyltransferase
gene_10170	506	hypothetical protein
gene_10171	323	putative molybdenum cofactor synthesis domain-containing protein
gene_10172	1127	high-temperature-induced dauer-formation protein
gene_10173	1483	dna-directed rna polymerase iii subunit rpc2
gene_10174	892	hypothetical protein
gene_10175	189	putative N-acetyltransferase YoaA
gene_10176	590	hypothetical protein
gene_10177	792	mitochondrial 3-oxoacyl-synthase
gene_10178	895	Protein-tyrosine phosphatase-like protein
gene_10179	1632	Exportin-T
gene_1018	448	putative major facilitator superfamily transporter
gene_10180	1030	putative replication factor RFC1 C terminal domain-containing protein
gene_10181	782	hypothetical protein
gene_10182	497	putative ribosome biogenesis protein Sqt1
gene_10183	555	putative arrestin
gene_10184	442	hypothetical protein
gene_10185	1676	putative CNH domain-containing protein
gene_10186	588	sodium/hydrogen exchanger family protein EFQ25657.1 sodium/hydrogen exchanger family protein
gene_10187	124	putative NADH-ubiquinone oxidoreductase 14.8 kDa subunit
gene_10188	984	putative fungal-specific transcription factor domain-containing protein
gene_10189	876	putative heterokaryon incompatibility protein
gene_1019	550	Acyl-CoA dehydrogenase/oxidase, N-terminal and middle domain-containing protein
gene_10190	601	putative isocitrate lyase family protein
gene_10191	620	putative lysyl-tRNA synthetase
gene_10192	1172	putative histone deacetylase domain-containing protein
gene_10193	521	putative cytochrome P450 2C31
gene_10194	1394	putative GATA transcription factor
gene_10195	431	hypothetical protein
gene_10196	417	hypothetical protein
gene_10197	1002	putative WD domain-containing protein
gene_10198	244	putative cell wall protein
gene_10199	805	hypothetical protein
gene_102	277	hypothetical protein
gene_1020	535	putative surface antigen
gene_10200	512	putative sucrose transporter
gene_10201	156	hypothetical protein
gene_10202	461	Ankyrin repeat-containing domain protein
gene_10203	552	hypothetical protein
gene_10204	513	putative alpha-L-arabinofuranosidase
gene_10205	731	putative GTP binding protein
gene_10206	367	putative transcription factor RfeG
gene_10207	727	Ankyrin repeat-containing domain protein
gene_10208	355	putative dihydroflavonol-4-reductase
gene_10209	1274	NUC173 domain-domain containing protein
gene_1021	238	Fms-interacting protein-domain containing protein
gene_10210	392	putative UV excision repair protein Rad23
gene_10211	183	hypothetical protein
gene_10212	728	pab-dependent poly-specific ribonuclease subunit pan3
gene_10213	205	putative phosphate transporter
gene_10214	731	hypothetical protein
gene_10215	302	P-loop containing nucleoside triphosphate hydrolase protein
gene_10216	464	putative C-x8-C-x5-C-x3-H type zinc finger protein
gene_10217	236	hypothetical protein
gene_10219	428	hypothetical protein
gene_1022	250	Thaumatin
gene_10220	330	hypothetical protein
gene_10221	244	putative cyanamide hydratase family HD domain-containing protein
gene_10222	171	hypothetical protein
gene_10223	559	NF-kappa-B inhibitor cactus
gene_10224	275	Domain of unknown function (DUF427)-domain containing protein
gene_10225	141	Ribosomal protein S12/S23
gene_10226	190	hypothetical protein
gene_10227	304	putative fungal cellulose binding domain-containing protein
gene_10228	211	Mss4-like protein
gene_10229	379	putative HET domain-containing protein
gene_1023	736	putative DIE2/ALG10 family protein
gene_10230	743	hypothetical protein
gene_10231	470	putative endo-beta-1
gene_10232	171	putative Mpv17/PMP22 family protein
gene_10233	281	putative DnaJ domain-containing protein
gene_10234	713	putative glycogen synthase
gene_10235	463	Tryptophan RNA-binding attenuator protein-like domain-containing protein
gene_10236	1264	putative HET-s/LopB domain-containing protein
gene_10237	136	hypothetical protein
gene_10238	1019	putative FAD dependent oxidoreductase
gene_10239	283	hypothetical protein
gene_1024	323	Mitochondrial carrier domain-containing protein
gene_10240	133	hypothetical protein
gene_10242	622	putative histone promoter control 2
gene_10243	279	hypothetical protein
gene_10244	231	hypothetical protein
gene_10245	532	putative signal recognition particle protein SRP54
gene_10246	611	putative plus-3 domain-containing protein
gene_10247	505	putative ssh-4
gene_10248	223	hypothetical protein
gene_10249	517	putative splicing factor 3a
gene_1025	647	hypothetical protein
gene_10250	145	hypothetical protein
gene_10251	209	putative NADPH-dependent FMN reductase
gene_10252	317	putative polysaccharide deacetylase
gene_10253	1150	CHAT domain-domain containing protein
gene_10254	664	hypothetical protein
gene_10255	643	putative succinate dehydrogenase
gene_10256	558	putative eukaryotic aspartyl protease
gene_10257	398	WSC domain-containing protein
gene_10258	576	putative ankyrin repeat domain-containing protein 29
gene_10259	289	putative tyrosine/serine protein phosphatase
gene_1026	540	putative cytochrome P450
gene_10260	308	Alpha/Beta hydrolase fold
gene_10261	347	alcohol dehydrogenase
gene_10262	418	hypothetical protein
gene_10263	272	putative integral membrane protein
gene_10264	482	hypothetical protein
gene_10265	78	hypothetical protein
gene_10266	221	hypothetical protein
gene_10267	72	hypothetical protein
gene_10268	359	putative TOXD
gene_10269	959	putative Pep3/Vps18/deep orange family protein
gene_1027	707	putative cholinesterase
gene_10270	414	putative UAA transporter
gene_10271	525	putative major facilitator superfamily transporter
gene_10272	531	putative NCS1 nucleoside transporter
gene_10273	420	putative DnaJ domain-containing protein
gene_10274	297	hypothetical protein
gene_10275	751	putative pentatricopeptide repeat domain-containing protein
gene_10276	471	c4-dicarboxylate transporter malic acid transporter
gene_10277	357	Protein kinase-like domain-containing protein
gene_10278	147	proteasome maturation factor
gene_10279	12855	putative AMP-binding enzyme
gene_1028	403	putative coiled-coil domain-containing protein 55
gene_10280	451	l-galactonate dehydratase
gene_10281	416	hypothetical protein
gene_10282	239	putative pectate lyase
gene_10283	842	putative DNA-directed RNA polymerase I subunit
gene_10284	716	hypothetical protein
gene_10285	328	putative fungal cellulose binding domain-containing protein
gene_10286	352	S-adenosyl-L-methionine-dependent methyltransferase
gene_10287	576	hypothetical protein
gene_10288	396	putative SPT2 chromatin protein
gene_10289	110	hypothetical protein
gene_1029	636	hypothetical protein
gene_10290	1298	hypothetical protein
gene_10291	712	Adaptin N terminal region-domain containing protein
gene_10292	132	hypothetical protein
gene_10293	298	isoflavone reductase
gene_10294	723	putative PHD-finger domain-containing protein
gene_10295	262	putative WW domain binding protein 11
gene_10296	57	hypothetical protein
gene_10297	338	hypothetical protein
gene_10299	300	putative short chain dehydrogenase
gene_103	223	hypothetical protein
gene_1030	299	Mitochondrial carrier domain-containing protein
gene_10300	330	putative 2-nitropropane dioxygenase
gene_10301	467	Nucleophile aminohydrolases
gene_10302	476	putative Mch2p
gene_10303	394	putative DHHC zinc finger domain-containing protein
gene_10304	385	hypothetical protein
gene_10305	461	putative nonspecific lipid-transfer protein
gene_10306	353	putative zinc-binding dehydrogenase
gene_10307	176	hypothetical protein
gene_10308	59	hypothetical protein
gene_10309	392	putative CoA-transferase family III
gene_1031	351	putative short chain dehydrogenase
gene_10310	637	Uncharacterized alpha/beta hydrolase domain (DUF2235)-domain containing protein
gene_10311	540	putative kelch repeat protein
gene_10313	928	putative dynamin family protein
gene_10314	781	Major facilitator superfamily domain-containing protein
gene_10315	431	hypothetical protein
gene_10316	521	putative major facilitator superfamily transporter
gene_10317	427	putative F-box domain-containing protein
gene_10318	127	hypothetical protein
gene_10319	499	hypothetical protein
gene_1032	555	putative dihydrouridine synthase
gene_10320	968	hypothetical protein
gene_10322	371	putative TGS domain-containing protein
gene_10323	316	putative dioxygenase
gene_10324	665	family 31 putative glycosyl hydrolase
gene_10325	298	hypothetical protein
gene_10326	274	P-loop containing nucleoside triphosphate hydrolase protein
gene_10327	484	hypothetical protein
gene_10328	448	putative PHD-finger domain-containing protein
gene_10329	235	hypothetical protein
gene_1033	962	hypothetical protein
gene_10330	784	hypothetical protein
gene_10331	439	hypothetical protein
gene_10332	217	putative MJ0936 family phosphodiesterase
gene_10333	159	bola-like protein OBR10156.1 bola-like protein
gene_10334	549	hypothetical protein
gene_10335	831	putative CAP-Gly domain-containing protein
gene_10336	926	Alpha/beta hydrolase family-domain containing protein
gene_10337	541	putative quinate permease
gene_10338	149	hypothetical protein
gene_10339	232	hypothetical protein
gene_1034	137	hypothetical protein
gene_10340	578	Amidase signature domain-containing protein
gene_10341	718	hypothetical protein
gene_10342	317	hypothetical protein
gene_10343	517	putative Alg9-like mannosyltransferase
gene_10344	2352	putative alpha amylase
gene_10345	194	Protein of unknown function (DUF3605)-domain containing protein
gene_10346	397	putative stress response protein Whi2
gene_10347	729	Alpha/Beta hydrolase fold
gene_10348	190	hypothetical protein
gene_10349	439	putative integral membrane protein
gene_1035	402	Conserved hypothetical ATP binding protein-domain containing protein
gene_10350	392	Eukaryotic protein of unknown function (DUF829)-domain containing protein
gene_10351	634	Peptide N-acetyl-beta-D-glucosaminyl asparaginase amidase A-domain containing protein
gene_10352	112	Ubiquitin-related modifier 1
gene_10353	479	putative glycolipid anchored surface protein
gene_10354	830	putative adventurous gliding protein Z
gene_10355	382	hypothetical protein
gene_10356	456	hypothetical protein
gene_10358	267	hypothetical protein
gene_10359	283	putative dienelactone hydrolase
gene_1036	543	General substrate transporter
gene_10360	186	Ankyrin repeat-containing domain protein
gene_10361	396	putative PP-loop family protein
gene_10362	559	putative peptidase family M20/M25/M40
gene_10363	224	hypothetical protein
gene_10364	232	hypothetical protein
gene_10365	167	hypothetical protein
gene_10366	596	putative endo-1,3-beta-glucanase
gene_10367	739	putative PHD-finger domain-containing protein
gene_10368	302	Mitochondrial carrier domain-containing protein
gene_10369	119	glycoside hydrolase
gene_1037	76	RNA polymerases N / 8 kDa subunit-domain containing protein
gene_10370	365	putative ubiquitin carrier protein
gene_10371	425	hypothetical protein
gene_10372	1718	putative pfs domain-containing protein
gene_10373	1371	cytochrome b-c1 complex subunit 2
gene_10374	712	hypothetical protein
gene_10375	134	hypothetical protein
gene_10376	655	putative impB/mucB/samB family protein
gene_10377	1243	putative ubiquitin carboxyl-terminal hydrolase
gene_10378	141	putative endoribonuclease L-PSP
gene_10379	357	hypothetical protein
gene_1038	106	hypothetical protein
gene_10380	909	fungal-specific transcription factor domain-containing protein
gene_10381	480	Mitochondrial ribosomal death-associated protein 3-domain containing protein
gene_10382	393	putative pyridoxal-phosphate dependent enzyme
gene_10383	1584	putative ABC-2 type transporter
gene_10384	371	putative integral membrane protein
gene_10385	1070	hypothetical protein
gene_10386	307	putative malate dehydrogenase
gene_10387	188	putative succinate dehydrogenase cytochrome b subunit
gene_10388	627	Protein kinase-like domain-containing protein
gene_10389	271	putative thymidylate kinase
gene_1039	852	hypothetical protein
gene_10391	875	putative kinesin motor domain-containing protein
gene_10392	311	hypothetical protein
gene_10393	770	putative arrestin domain-containing protein
gene_10395	604	hypothetical protein
gene_10396	857	putative barren protein
gene_10398	689	putative KRI1-like family protein
gene_10399	292	hypothetical protein
gene_104	338	hypothetical protein
gene_1040	298	Alpha/Beta hydrolase fold
gene_10400	953	Metallocarboxypeptidase A KAF4858550.1 Metallocarboxypeptidase A
gene_10401	550	Amidase signature domain-containing protein
gene_10402	213	putative polyketide cyclase/dehydrase and lipid transporter
gene_10404	909	hypothetical protein
gene_10405	377	putative dihydrodipicolinate synthetase
gene_10406	1208	putative filamentation protein
gene_10407	1392	SH3 domain-containing YSC84-like protein 1
gene_10408	306	hypothetical protein
gene_10409	147	Domain of unknown function (DUF718)-domain containing protein
gene_1041	184	hypothetical protein
gene_10410	321	putative methyltransferase domain-containing protein
gene_10411	461	putative Nuf2 family protein
gene_10412	641	putative fungal-specific transcription factor domain-containing protein
gene_10413	1173	putative RecF/RecN/SMC N terminal domain-containing protein
gene_10414	1621	putative DNA replication factor Dna2
gene_10415	208	hypothetical protein
gene_10416	735	putative Brf1-like TBP-binding domain-containing protein
gene_10417	188	putative clathrin adaptor complex small chain
gene_10418	564	putative FAD binding domain-containing protein
gene_10419	482	putative RhaA is able to hydrolyze alpha-1
gene_1042	438	putative aromatic prenyltransferase
gene_10420	116	hypothetical protein
gene_10421	1654	calcium permease family membrane transporter
gene_10422	156	hypothetical protein
gene_10423	398	hypothetical protein
gene_10424	320	putative initiation-specific alpha-1,6-mannosyltransferase
gene_10425	474	putative integral membrane protein DUF6
gene_10426	290	Alpha/Beta hydrolase fold
gene_10427	181	putative acetyltransferase
gene_10428	417	hypothetical protein
gene_10429	577	hypothetical protein
gene_1043	557	putative T-complex protein 1
gene_10430	304	metalloprotease 1
gene_10431	742	hypothetical protein
gene_10432	230	putative RNA polymerase Rpb5 domain-containing protein
gene_10433	516	hypothetical protein
gene_10434	365	putative WD domain-containing protein
gene_10435	809	putative HECT-domain-containing protein
gene_10436	601	hypothetical protein
gene_10437	516	putative unsaturated glucuronyl hydrolase
gene_10438	223	hypothetical protein
gene_10439	377	hypothetical protein
gene_1044	1472	putative pfs domain-containing protein
gene_10440	203	ribosomal L15 EFQ32205.1 ribosomal L15 KDN63146.1 putative ribosomal L15 OHW92062.1 60s ribosomal protein l15
gene_10441	518	hypothetical protein
gene_10442	257	putative eukaryotic initiation factor 4E
gene_10443	638	hypothetical protein
gene_10444	411	hypothetical protein
gene_10445	220	hypothetical protein
gene_10446	1349	ABC transporter
gene_10447	316	Mitochondrial carrier domain-containing protein
gene_10448	587	putative phosphate transporter
gene_10449	510	Protein kinase-like domain-containing protein
gene_10450	326	putative RTA1 like protein
gene_10451	328	hypothetical protein
gene_10452	221	hypothetical protein
gene_10453	269	putative terpene synthase metal binding domain-containing protein
gene_10454	57	Proteolipid membrane potential modulator
gene_10455	708	putative calcineurin-like phosphoesterase
gene_10456	481	hypothetical protein
gene_10457	890	putative aspartyl-tRNA synthetase
gene_10458	452	hypothetical protein
gene_10459	259	kinase-like domain-containing protein
gene_1046	283	cyclin-dependent kinase 2
gene_10460	639	putative major facilitator superfamily transporter
gene_10461	181	hypothetical protein
gene_10462	382	family 16 putative glycosyl hydrolase
gene_10463	625	putative Not1 domain-containing protein
gene_10464	529	putative eukaryotic aspartyl protease
gene_10465	635	Protein kinase-like domain-containing protein
gene_10466	235	Hydroxymethylglutaryl-CoA reductase, class I/II, substrate-binding domain-containing protein
gene_10467	1879	Dopey, N-terminal-domain containing protein
gene_10468	335	putative 3-hydroxyisobutyrate dehydrogenase
gene_10469	311	hypothetical protein
gene_1047	475	putative UDP-glucuronosyl/UDP-glucosyltransferase
gene_10470	640	putative caspase domain-containing protein
gene_10471	190	putative RNA recognition domain-containing protein
gene_10472	635	putative arginyl-tRNA synthetase
gene_10473	451	hypothetical protein
gene_10474	765	Ankyrin repeat-containing domain protein
gene_10475	464	hypothetical protein
gene_10476	304	hypothetical protein
gene_10477	267	putative TAM domain methyltransferase
gene_10478	462	hypothetical protein
gene_10479	279	putative HpcH/HpaI aldolase
gene_1048	185	Protein of unknown function (DUF1674)-domain containing protein
gene_10480	300	hypothetical protein
gene_10481	315	putative short chain dehydrogenase
gene_10482	94	hypothetical protein
gene_10483	261	hypothetical protein
gene_10484	1258	amidohydrolase
gene_10485	802	putative fungal-specific transcription factor domain-containing protein
gene_10486	229	putative necrosis inducing protein
gene_10487	294	hypothetical protein
gene_10488	130	hypothetical protein
gene_1049	644	putative fungal-specific transcription factor
gene_10490	651	hypothetical protein
gene_10491	350	family 53 putative glycosyl hydrolase
gene_10492	215	hypothetical protein
gene_10493	409	Uncharacterized conserved protein (DUF2183)-domain containing protein
gene_10494	155	hypothetical protein
gene_10495	71	putative RNA polymerase
gene_10496	68	hypothetical protein
gene_10498	568	putative multicopper oxidase
gene_10499	582	putative bZIP transcription factor
gene_105	376	putative 2OG-Fe(II)oxygenase
gene_1050	365	hypothetical protein
gene_10500	407	Protein of unknown function (DUF1399)-domain containing protein
gene_10501	745	putative histone deacetylase domain-containing protein
gene_10502	519	putative acyltransferase
gene_10503	92	hypothetical protein
gene_10504	1019	hypothetical protein
gene_10506	818	putative XFP domain-containing protein
gene_10507	680	hypothetical protein
gene_10508	193	hypothetical protein
gene_10509	361	putative C2H2 type zinc finger-containing protein
gene_1051	366	putative eukaryotic integral membrane protein
gene_10510	399	putative eukaryotic aspartyl protease
gene_10511	563	putative heterokaryon incompatibility protein
gene_10512	101	hypothetical protein
gene_10513	328	tyrosine phosphatase
gene_10514	718	Ankyrin repeat-containing domain protein
gene_10515	781	putative ATPase
gene_10516	1132	putative WD domain-containing protein
gene_10517	374	putative bZIP transcription factor
gene_10518	375	putative NAD dependent epimerase/dehydratase
gene_10519	389	hypothetical protein
gene_1052	241	putative pH-response regulator
gene_10520	1437	hypothetical protein
gene_10521	350	hypothetical protein
gene_10522	94	hypothetical protein
gene_10523	336	putative glutathione S-transferase
gene_10524	214	hypothetical protein
gene_10525	309	putative legume-like lectin family protein
gene_10526	709	putative beta-glucosidase 6
gene_10527	281	Beta-lactamase-like protein
gene_10528	528	hypothetical protein
gene_10529	264	hypothetical protein
gene_1053	67	kinesin light chain 3
gene_10530	166	hypothetical protein
gene_10531	611	hypothetical protein
gene_10532	674	hypothetical protein
gene_10533	665	P-loop containing nucleoside triphosphate hydrolase protein
gene_10534	467	putative Lin1 family protein
gene_10535	427	adenylosuccinate synthetase
gene_10536	319	putative CHCH domain-containing protein
gene_10537	1483	cytokinesis protein cyk3
gene_10538	571	putative carboxyl transferase
gene_1054	458	hypothetical protein
gene_10540	700	Mechanosensitive ion channel-domain containing protein
gene_10541	248	putative mitochondrion organization and biogenesis protein
gene_10542	115	hypothetical protein
gene_10543	130	hypothetical protein
gene_10544	642	putative nucleotide sugar dehydrogenase
gene_10545	662	hypothetical protein
gene_10546	314	putative phytanoyl-CoA dioxygenase
gene_10547	626	hypothetical protein
gene_10548	304	putative 5'/3'-nucleotidase sure
gene_10549	1003	hypothetical protein
gene_1055	58	hypothetical protein
gene_10550	283	putative alpha/beta hydrolase fold-3 domain-containing protein
gene_10551	353	putative zinc-binding dehydrogenase
gene_10552	585	putative zinc knuckle
gene_10553	296	Alpha/Beta hydrolase fold
gene_10554	333	putative oxidoreductase NAD-binding domain-containing protein
gene_10555	205	transcription initiation factor tfiie-like protein
gene_10556	891	putative subtilase
gene_10557	89	hypothetical protein
gene_10558	335	Nucleosome assembly protein (NAP)-domain containing protein
gene_10559	1668	Nucleoporin Nup186/Nup192/Nup205
gene_1056	1123	putative cytochrome P450
gene_10560	390	putative FMN-dependent dehydrogenase
gene_10561	543	putative universal stress protein family
gene_10562	549	putative kynurenine 3-monooxygenase
gene_10563	207	putative emopamil binding protein
gene_10564	351	putative ribosomal protein L4/L1
gene_10565	441	alanine--glyoxylate aminotransferase 1
gene_10566	197	hypothetical protein
gene_10567	395	replication factor C EFQ31094.1 replication factor C
gene_10568	867	hypothetical protein
gene_1057	356	hypothetical protein
gene_10570	161	hypothetical protein
gene_10571	212	putative cutinase
gene_10572	142	hypothetical protein
gene_10573	159	hypothetical protein
gene_10574	768	putative integral membrane protein
gene_10575	877	hypothetical protein
gene_10576	246	dienelactone hydrolase
gene_10577	382	putative FMN-dependent dehydrogenase
gene_10578	448	putative SRP40 domain-containing protein
gene_10579	308	cyclin-dependent kinase 2
gene_1058	677	putative tetratricopeptide
gene_10580	615	putative amidase
gene_10582	507	putative ammonium transporter
gene_10583	513	hypothetical protein
gene_10584	508	Optic atrophy 3 protein (OPA3)-domain containing protein
gene_10585	691	putative major facilitator superfamily transporter
gene_10586	727	putative H+ symporter
gene_10587	369	putative 2OG-Fe(II)oxygenase superfamily protein
gene_10588	186	putative scytalone dehydratase
gene_10589	2282	putative acetyl-CoA carboxylase
gene_1059	236	cyclophilin type peptidyl-prolyl cis-trans isomerase
gene_10590	366	putative Rox3 mediator complex subunit
gene_10591	173	hypothetical protein
gene_10592	1178	hypothetical protein
gene_10593	375	putative longiborneol synthase
gene_10594	1108	alanyl-tRNA synthetase
gene_10595	1062	putative nitric oxide synthase
gene_10596	180	hypothetical protein
gene_10597	423	hypothetical protein
gene_10598	760	putative HET domain-containing protein
gene_10599	571	putative multicopper oxidase
gene_106	251	hypothetical protein
gene_1060	1470	putative ABC-2 type transporter
gene_10600	1330	hypothetical protein
gene_10601	590	putative 5'-nucleotidase domain-containing protein
gene_10602	459	putative C6 zinc finger domain-containing protein
gene_10603	336	hypothetical protein
gene_10604	84	hypothetical protein
gene_10605	490	hypothetical protein
gene_10606	346	putative aldo/keto reductase
gene_10607	673	Xaa-Pro aminopeptidase
gene_10608	315	putative YeeE/YedE family protein
gene_10609	205	putative ribosomal L18ae protein family
gene_1061	2381	nonribosomal peptide synthetase
gene_10610	390	putative WD domain-containing protein
gene_10611	891	putative glycosyltransferase family 28 domain-containing protein
gene_10612	104	putative acyl CoA binding protein
gene_10613	1035	putative mediator complex subunit Med5
gene_10614	575	hypothetical protein
gene_10615	520	asparaginyl-tRNA synthetase
gene_10616	321	putative NAD dependent epimerase/dehydratase
gene_10617	435	putative NADH:flavin oxidoreductase/NADH oxidase
gene_10618	472	putative sodium/hydrogen exchanger family protein
gene_10619	1104	putative metallo-beta-lactamase superfamily protein
gene_1062	279	hypothetical protein
gene_10620	964	putative dethiobiotin synthase
gene_10621	863	Diphosphomevalonate decarboxylase
gene_10622	733	hypothetical protein
gene_10623	49	hypothetical protein
gene_10624	547	putative T-complex protein 1
gene_10625	613	hypothetical protein
gene_10628	549	hypothetical protein
gene_10629	337	hypothetical protein
gene_1063	339	hypothetical protein
gene_10630	652	family 20 putative glycosyl hydrolase
gene_10631	597	Organic solute transporter Ostalpha-domain containing protein
gene_10632	129	hypothetical protein
gene_10633	310	putative MYB DNA-binding domain-containing protein
gene_10634	199	putative cell wall protein PhiA
gene_10635	151	hypothetical protein
gene_10636	771	putative dolichyl-phosphate-mannose-protein mannosyltransferase
gene_10637	939	Ribonuclease H-like domain-containing protein
gene_10638	194	hypothetical protein
gene_10639	890	putative myb-like DNA-binding domain-containing protein
gene_1064	248	hypothetical protein
gene_10640	659	Glycosyl hydrolase, five-bladed beta-propellor domain-containing protein
gene_10641	144	hypothetical protein
gene_10642	127	hypothetical protein
gene_10643	1031	putative importin-beta domain-containing protein
gene_10644	1097	putative potassium/sodium efflux P-type ATPase
gene_10645	566	hypothetical protein
gene_10646	386	putative carboxymethylenebutenolidase
gene_10647	189	hypothetical protein
gene_10648	416	putative tRNA wybutosine-synthesizing protein
gene_10649	337	putative HIT zinc finger protein
gene_1065	481	putative flavin-containing superfamily amine oxidase
gene_10650	145	putative glutathione-dependent formaldehyde-activating enzyme
gene_10651	1627	hypothetical protein
gene_10652	315	3-oxo-5-alpha-steroid 4-dehydrogenase
gene_10653	564	Domain of unknown function (DUF3425)-domain containing protein
gene_10654	262	putative NAD-dependent epimerase/dehydratase
gene_10655	447	pap2 superfamily protein
gene_10656	2585	putative ubiquitin carboxyl-terminal hydrolase
gene_10657	321	hypothetical protein
gene_10658	745	putative DFDF domain-containing protein
gene_10659	315	hypothetical protein
gene_1066	519	pantothenate kinase
gene_10660	231	hypothetical protein
gene_10661	819	HLH transcription factor
gene_10662	383	putative integral membrane protein
gene_10663	181	ADP-ribosylation factor family protein XP_018162229.1 ADP-ribosylation factor family protein KZL69055.1 adp-ribosylation factor-like protein 1 KZL72522.1 ADP-ribosylation factor-like protein 1 TKW53072.1 ADP-ribosylation factor-like protein 1 TQN71615.1 ADP-ribosylation factor-like protein 1 CCF37052.1 ADP-ribosylation factor-like protein 1
gene_10664	464	metabolite transport protein
gene_10665	381	putative NAD dependent epimerase/dehydratase
gene_10666	530	putative D-arabinono-1,4-lactone oxidase
gene_10667	1145	guanine(26)-N(2)-dimethyltransferase
gene_10668	1009	hypothetical protein
gene_10669	1040	putative centromere protein Scm3
gene_1067	135	hypothetical protein
gene_10670	280	hypothetical protein
gene_10671	195	hypothetical protein
gene_10672	151	hypothetical protein
gene_10673	232	putative methyltransferase domain-containing protein
gene_10674	548	Serine/threonine-protein kinase psk1
gene_10675	861	hypothetical protein
gene_10676	925	hypothetical protein
gene_10677	519	hypothetical protein
gene_10678	498	putative major facilitator superfamily transporter
gene_10679	318	Domain of unknown function (DUF1917)-domain containing protein
gene_1068	421	putative 26S proteasome subunit P45 family protein
gene_10680	235	Chloroperoxidase
gene_10681	414	Major facilitator superfamily domain-containing protein
gene_10682	196	hypothetical protein
gene_10683	95	hypothetical protein
gene_10684	501	Ankyrin repeat-containing domain protein
gene_10685	298	hypothetical protein
gene_10686	536	hypothetical protein
gene_10687	381	Pyridoxal phosphate-dependent transferase
gene_10688	719	hypothetical protein
gene_10689	550	choline dehydrogenase
gene_1069	496	putative SWIM zinc finger protein
gene_10690	216	hypothetical protein
gene_10691	684	putative CUE domain-containing protein
gene_10692	1118	SNF2 family domain-containing protein OHF02178.1 SNF2 family domain-containing protein
gene_10693	518	General substrate transporter
gene_10694	804	hypothetical protein
gene_10695	705	putative CPL domain-containing protein
gene_10696	228	putative phosphoribosylglycinamide formyltransferase
gene_10697	935	putative ABC-2 type transporter
gene_10698	465	sodium bile acid cotransporter
gene_10699	1134	hypothetical protein
gene_107	479	Ubiquitin-2 like Rad60 SUMO-like-domain containing protein
gene_1070	870	putative BRCA1 C terminus domain-containing protein
gene_10700	1111	putative RecF/RecN/SMC N terminal domain-containing protein
gene_10702	148	hypothetical protein
gene_10703	729	putative plasma membrane fusion protein PRM1
gene_10704	699	putative phosphatidylinositol-specific phospholipase C
gene_10705	290	hypothetical protein
gene_10706	289	ChaC-like protein
gene_10707	70	complex 1 protein
gene_10708	387	putative fasciclin domain-containing protein
gene_10709	275	hypothetical protein
gene_1071	1404	putative non-repetitive/WGA-negative nucleoporin
gene_10710	561	WD40-repeat-containing domain protein
gene_10711	264	putative malate dehydrogenase
gene_10713	321	putative methyltransferase domain-containing protein
gene_10714	381	putative calcineurin-like phosphoesterase
gene_10715	294	hypothetical protein
gene_10716	380	putative ZIP zinc/iron transporter
gene_10717	518	putative adenosylmethionine decarboxylase
gene_10718	494	hypothetical protein
gene_10719	292	catalase domain-containing protein
gene_1072	606	hypothetical protein
gene_10720	531	putative NCS1 nucleoside transporter
gene_10721	131	hypothetical protein
gene_10722	502	putative phosphotyrosyl phosphate activator protein
gene_10723	611	aminopeptidase I zinc metalloprotease EFQ35795.1 aminopeptidase I zinc metalloprotease
gene_10724	360	putative D-isomer specific 2-hydroxyacid dehydrogenase
gene_10725	1005	putative peptidase M16C associated
gene_10726	117	putative ribosomal protein L36
gene_10727	569	putative subtilase
gene_10728	75	hypothetical protein
gene_10729	145	hypothetical protein
gene_1073	180	Translation machinery-associated protein 16
gene_10730	83	hypothetical protein
gene_10731	331	GroES (chaperonin 10)-like protein
gene_10732	1679	family 18 putative glycosyl hydrolase
gene_10733	257	putative short-chain dehydrogenase/ reductase
gene_10734	514	putative MYB DNA-binding domain-containing protein
gene_10735	356	putative NAD dependent epimerase/dehydratase
gene_10736	189	putative CFEM domain-containing protein
gene_10737	264	putative hemerythrin HHE cation binding domain-containing protein
gene_10738	205	hypothetical protein
gene_1074	155	clathrin coat assembly protein ap19 XP_025527701.1 clathrin coat assembly protein ap19 PYH78095.1 clathrin coat assembly protein ap19 RAH81807.1 clathrin coat assembly protein ap19
gene_10740	725	putative fungal-specific transcription factor domain-containing protein
gene_10741	615	hypothetical protein
gene_10742	860	Protein kinase-like domain-containing protein
gene_10743	61	hypothetical protein
gene_10744	420	putative kelch domain-containing protein
gene_10745	197	hypothetical protein
gene_10746	746	putative breast cancer protein
gene_10747	1551	putative importin-beta domain-containing protein
gene_10748	154	hypothetical protein
gene_10749	568	putative FAD binding domain-containing protein
gene_1075	77	hypothetical protein
gene_10750	89	hypothetical protein
gene_10751	258	putative pre-rRNA-processing protein PNO1
gene_10752	946	putative glia
gene_10753	1540	Ankyrin repeat-containing domain protein
gene_10754	1562	autophagy-related protein 27
gene_10755	159	hypothetical protein
gene_10757	379	putative RNA recognition domain-containing protein
gene_10758	277	hypothetical protein
gene_10759	620	hypothetical protein
gene_10760	427	putative GPI transamidase subunit PIG-U
gene_10761	50	hypothetical protein
gene_10762	699	Protein of unknown function (DUF3074)-domain containing protein
gene_10763	363	putative endo-1,3-beta-glucanase
gene_10764	341	tam domain methyltransferase
gene_10765	109	hypothetical protein
gene_10766	319	RlpA-like double-psi beta-barrel-containing protein domain-containing protein
gene_10767	105	hypothetical protein
gene_10768	1065	ATP-dependent RNA helicase has1
gene_10769	155	hypothetical protein
gene_1077	667	putative FAD dependent oxidoreductase
gene_10770	452	hypothetical protein
gene_10771	172	Chitin synthesis regulation, resistance to Congo red-domain containing protein
gene_10772	293	hypothetical protein
gene_10773	204	putative WD domain-containing protein
gene_10774	894	putative glucan endo-1,3-alpha-glucosidase agn1
gene_10775	275	hypothetical protein
gene_10776	488	tryptophanyl-tRNA synthetase
gene_10777	141	hypothetical protein
gene_10778	1490	Glycoprotease family-domain containing protein
gene_10779	1010	nucleoporin NDC1
gene_1078	937	putative RhoGAP domain-containing protein
gene_10780	455	N2227-like protein-domain containing protein
gene_10781	874	Protein of unknown function (DUF3723)-domain containing protein
gene_10782	203	putative RNA recognition domain-containing protein
gene_10783	437	putative glycolipid anchored surface protein
gene_10784	290	hypothetical protein
gene_10785	103	Histone-fold-containing protein
gene_10786	412	hypothetical protein
gene_10787	206	Cyclin, N-terminal domain-domain containing protein
gene_10788	295	hypothetical protein
gene_10789	1055	ABC transporter EFQ33997.1 ABC transporter
gene_1079	504	putative trichodiene oxygenase
gene_10790	502	putative KH domain-containing protein
gene_10791	94	hypothetical protein
gene_10792	801	putative ATPase
gene_10793	539	putative peroxin-3
gene_10794	601	hypothetical protein
gene_10795	334	hypothetical protein
gene_10796	681	putative ferric reductase like transmembrane component
gene_10797	272	hypothetical protein
gene_10798	574	putative tetratricopeptide
gene_10799	320	hypothetical protein
gene_108	251	hypothetical protein
gene_1080	185	Uncharacterized conserved protein-domain containing protein
gene_10800	566	T-complex protein 1 EFQ32135.1 T-complex protein 1
gene_10801	1118	threonine synthase
gene_10803	382	putative 3-deoxy-7-phosphoheptulonate synthase
gene_10804	365	putative allergen
gene_10805	871	Protein of unknown function (DUF3505)-domain containing protein
gene_10806	368	putative peptidase family M28
gene_10807	501	putative major facilitator superfamily transporter
gene_10808	616	putative serine carboxypeptidase
gene_10809	404	hypothetical protein
gene_1081	325	putative short-chain dehydrogenase
gene_10810	199	hypothetical protein
gene_10811	1342	putative helicase associated domain-containing protein
gene_10812	649	putative ferric reductase like transmembrane component
gene_10813	663	interferon-induced GTP-binding protein mx2
gene_10814	534	putative major facilitator superfamily transporter
gene_10815	435	hypothetical protein
gene_10816	135	hypothetical protein
gene_10817	264	hypothetical protein
gene_10818	546	hypothetical protein
gene_10819	215	hypothetical protein
gene_1082	246	vesicle transport V-SNARE protein EFQ33749.1 vesicle transport V-SNARE protein
gene_10820	86	NADH2 dehydrogenase subunit 14k-like protein
gene_10821	638	hypothetical protein
gene_10822	489	exosome complex component CSL4
gene_10823	592	hypothetical protein
gene_10824	855	methyl-CpG binding domain-containing protein 4
gene_10825	430	putative carbon-nitrogen hydrolase
gene_10826	235	hypothetical protein
gene_10827	443	hypothetical protein
gene_10828	707	beta-lactamase family protein
gene_10829	1564	hypothetical protein
gene_1083	431	PLC-like phosphodiesterase, TIM beta/alpha-barrel-containing protein domain-containing protein
gene_10830	1152	hypothetical protein
gene_10831	789	putative magnesium and cobalt transporter cora
gene_10832	1118	hypothetical protein
gene_10833	390	putative integral membrane protein
gene_10834	480	Protein kinase-like domain-containing protein
gene_10835	384	hypothetical protein
gene_10836	349	putative ribosomal L5P family protein
gene_10837	257	hypothetical protein
gene_10838	265	hypothetical protein
gene_10839	667	major facilitator superfamily transporter
gene_1084	279	putative thioesterase
gene_10840	181	hypothetical protein
gene_10841	230	putative PAP2 superfamily protein
gene_10842	136	hypothetical protein
gene_10843	335	Putative RNA methyltransferase
gene_10844	234	hypothetical protein
gene_10845	331	putative integral membrane protein
gene_10846	506	hypothetical protein
gene_10847	222	hypothetical protein
gene_10848	288	putative cleavage and polyadenylation specificity factor subunit 5
gene_10849	270	hypothetical protein
gene_1085	763	putative homoaconitase
gene_10850	319	putative CDP-alcohol phosphatidyltransferase
gene_10851	242	putative DJ-1/PfpI family protein
gene_10852	743	hypothetical protein
gene_10853	3282	putative amino acid adenylation domain-containing protein
gene_10854	333	putative BTB/POZ domain-containing protein
gene_10855	515	putative phosphoglycerate mutase
gene_10856	141	hypothetical protein
gene_10857	1037	putative SNF2 family domain-containing protein
gene_10858	401	ras-related protein rab-6A
gene_10859	633	mandelate racemase/muconate lactonizing enzyme domain-containing protein
gene_1086	526	transcriptional activator hac1
gene_10860	292	hypothetical protein
gene_10861	893	Protein kinase-like domain-containing protein
gene_10862	385	hypothetical protein
gene_10863	336	putative inosine/uridine-preferring nucleoside hydrolase
gene_10864	455	putative cytochrome P450
gene_10865	684	putative L-amino-acid oxidase
gene_10866	322	thioredoxin protein
gene_10867	1487	DNA mismatch repair protein
gene_10868	807	pentatricopeptide repeat protein
gene_10869	551	LrgB-like family-domain containing protein
gene_1087	205	putative riboflavin kinase
gene_10870	858	Protein of unknown function (DUF4449)-domain containing protein
gene_10871	353	Arp2/3 complex
gene_10872	491	putative major facilitator superfamily transporter
gene_10873	304	Alpha/Beta hydrolase fold
gene_10874	1490	putative helicase associated domain-containing protein
gene_10875	294	Domain of unknown function (DUF3328)-domain containing protein
gene_10876	630	putative prolyl-tRNA synthetase
gene_10877	262	putative short-chain dehydrogenase
gene_10878	320	putative CAAX amino terminal protease
gene_10879	117	hypothetical protein
gene_1088	458	putative pyruvate dehydrogenase complex dihydrolipoamide acetyltransferase
gene_10880	257	hypothetical protein
gene_10881	357	Protein of unknown function (DUF1264)-domain containing protein
gene_10882	420	putative glucosamine-6-phosphate isomerase
gene_10883	236	hypothetical protein
gene_10885	594	putative LMBR1 domain containing 1
gene_10886	542	putative C2H2 transcription factor
gene_10887	607	putative arrestin domain-containing protein
gene_10888	824	putative DEAD/DEAH box helicase
gene_10889	868	family 2 putative glycosyl hydrolase
gene_1089	408	putative 4-hydroxybenzoate polyprenyl transferase
gene_10890	1152	putative beta-ketoacyl synthase domain-containing protein
gene_10891	583	hypothetical protein
gene_10892	166	hypothetical protein
gene_10893	484	putative histidine acid phosphatase
gene_10894	270	putative proteasome A-type and B-type
gene_10895	957	family 35 putative glycosyl hydrolase
gene_10896	449	Major facilitator superfamily domain-containing protein
gene_10897	244	putative glutathione S-transferase domain-containing protein
gene_10898	528	sh3 domain-containing protein
gene_10899	347	family 18 putative glycosyl hydrolase
gene_109	651	putative flavin-containing amine oxidoreductase
gene_10900	1118	hypothetical protein
gene_10901	390	putative O-methyltransferase
gene_10902	506	putative kelch domain-containing protein
gene_10903	428	putative prenyltransferase and squalene oxidase
gene_10904	301	hypothetical protein
gene_10905	529	hypothetical protein
gene_10906	888	C-type lectin fold
gene_10907	395	putative cytochrome c/c1 heme lyase
gene_10908	630	hypothetical protein
gene_10909	645	putative integral peroxisomal membrane peroxin
gene_1091	268	family 16 putative glycoside hydrolase
gene_10910	505	hypothetical protein
gene_10911	448	putative brix domain-containing protein
gene_10912	369	putative RTA1 like protein
gene_10913	337	hypothetical protein
gene_10914	220	putative emp24/gp25L/p24 family/GOLD
gene_10915	719	putative ATPase
gene_10916	1592	hypothetical protein
gene_10918	250	hypothetical protein
gene_10919	267	hypothetical protein
gene_10920	420	hypothetical protein
gene_10921	156	hypothetical protein
gene_10922	610	hypothetical protein
gene_10923	335	hypothetical protein
gene_10924	455	hypothetical protein
gene_10925	412	hypothetical protein
gene_10926	812	putative MCM2/3/5 family protein
gene_10927	334	hypothetical protein
gene_10928	729	putative spermine/spermidine synthase
gene_10929	464	Pyridoxal phosphate-dependent transferase
gene_1093	2056	gtp-binding protein
gene_10930	102	hypothetical protein
gene_10931	300	putative UMP-CMP kinase
gene_10932	135	hypothetical protein
gene_10933	379	Alpha/Beta hydrolase fold
gene_10934	214	hypothetical protein
gene_10935	1011	plasma-membrane proton-efflux p-type atpase OHW93306.1 plasma-membrane proton-efflux p-type ATPase
gene_10936	339	hypothetical protein
gene_10937	311	hypothetical protein
gene_10938	899	hypothetical protein
gene_1094	420	putative phosphotyrosyl phosphate activator protein
gene_10940	257	Mitochondrial import protein Pam17-domain containing protein
gene_10941	1246	MatE-domain containing protein
gene_10942	379	putative oxidoreductase family protein
gene_10943	278	hypothetical protein
gene_10944	390	putative integral membrane protein DUF92
gene_10946	723	Protein of unknown function (DUF1253)-domain containing protein
gene_10947	567	Ribokinase-like protein
gene_10948	504	putative tRNA methyltransferase complex GCD14 subunit
gene_10949	329	putative pectate lyase
gene_1095	137	Thioredoxin-like fold
gene_10950	316	putative major facilitator superfamily transporter
gene_10951	311	Concanavalin A-like lectin/glucanase domain-containing protein
gene_10952	293	putative fungal cellulose binding domain-containing protein
gene_10953	350	putative 2-nitropropane dioxygenase
gene_10954	409	nad dependent epimerase dehydratase family protein
gene_10955	467	putative aldehyde dehydrogenase
gene_10956	378	hypothetical protein
gene_10957	286	carbonic anhydrase
gene_10958	712	tryptophan synthase
gene_10959	113	putative histone chaperone domain CHZ
gene_1096	470	putative ThiF family protein
gene_10960	2237	putative beta-ketoacyl synthase domain-containing protein
gene_10961	564	putative C-type cyclin
gene_10962	582	Proteasome regulatory subunit C-terminal-domain containing protein
gene_10963	990	putative sulfate permease
gene_10964	516	family 2 putative glycosyltransferase
gene_10965	309	C2H2 type zinc-finger (2 copies)-domain containing protein
gene_10966	167	hypothetical protein
gene_10967	569	putative FAD binding domain-containing protein
gene_10968	983	putative cyclic nucleotide-binding domain-containing protein
gene_10969	517	hypothetical protein
gene_1097	194	hypothetical protein
gene_10970	916	MIF4G domain-containing protein EFQ27187.1 MIF4G domain-containing protein
gene_10971	333	putative CFEM domain-containing protein
gene_10972	803	hypothetical protein
gene_10973	315	putative serine/threonine protein kinase
gene_10974	281	putative transmembrane alpha-helix domain-containing protein
gene_10975	571	hypothetical protein
gene_10976	232	hypothetical protein
gene_10977	574	putative multicopper oxidase
gene_10978	792	fungal-specific transcription factor domain-containing protein EFQ33768.1 fungal-specific transcription factor domain-containing protein
gene_10979	625	putative Alg9-like mannosyltransferase
gene_1098	81	hypothetical protein
gene_10980	806	putative calcineurin-like phosphoesterase
gene_10981	310	hypothetical protein
gene_10982	445	putative alcohol dehydrogenase GroES-like domain-containing protein
gene_10983	262	hypothetical protein
gene_10984	1139	eukaryotic translation initiation factor 3 subunit M
gene_10985	607	tRNA dihydrouridine synthase
gene_10986	1239	putative urea carboxylase
gene_10987	222	hypothetical protein
gene_10988	724	chitin synthase export chaperone
gene_10989	455	putative glycolipid anchored surface protein
gene_1099	342	hypothetical protein
gene_10990	281	Protein of unknown function (DUF1275)-domain containing protein
gene_10991	467	aminotransferase class I and II
gene_10992	525	hypothetical protein
gene_10993	166	hypothetical protein
gene_10994	260	putative CTD kinase subunit gamma
gene_10995	392	hypothetical protein
gene_10996	216	hypothetical protein
gene_10997	795	putative CP2 transcription factor
gene_10998	232	putative Rieske domain-containing protein
gene_10999	749	COMPASS (Complex proteins associated with Set1p) component shg1-domain containing protein
gene_11	623	mitochondrial carrier protein YMC2
gene_110	2021	hypothetical protein
gene_1100	240	hypothetical protein
gene_11000	713	SUR7/PalI family-domain containing protein
gene_11001	4076	putative HECT-domain-containing protein
gene_11002	445	Alkaline-phosphatase-like, core domain-containing protein
gene_11003	325	putative short chain dehydrogenase
gene_11004	421	putative choline/ethanolamine kinase
gene_11005	649	hypothetical protein
gene_11006	890	hypothetical protein
gene_11007	329	hypothetical protein
gene_11008	275	putative DJ-1/PfpI family protein
gene_11009	469	putative DEAD/DEAH box helicase
gene_1101	193	putative ctr copper transporter
gene_11010	649	Glycosyl hydrolase family 71-domain containing protein
gene_11011	371	hypothetical protein
gene_11012	169	hypothetical protein
gene_11013	202	putative ribosomal protein L6e
gene_11014	507	putative CFEM domain-containing protein
gene_11015	302	S-adenosyl-L-methionine-dependent methyltransferase
gene_11016	806	AAA family ATPase
gene_11017	176	hypothetical protein
gene_11018	845	putative fungal cellulose binding domain-containing protein
gene_11019	406	4-nitrophenylphosphatase
gene_1102	159	Protein of unknown function (DUF3237)-domain containing protein
gene_11021	716	CENP-Q, a CENPA-CAD centromere complex subunit-domain containing protein
gene_11022	219	putative SCP-like extracellular protein
gene_11024	134	hypothetical protein
gene_11025	276	S-adenosyl-L-methionine-dependent methyltransferase
gene_11026	549	hypothetical protein
gene_11027	628	Sugar (and other) transporter-domain containing protein
gene_11028	1628	hypothetical protein
gene_11029	515	putative histidine acid phosphatase
gene_1103	1245	putative DEAD/DEAH box helicase
gene_11030	461	Putative TOS1-like glycosyl hydrolase (DUF2401)-domain containing protein
gene_11031	381	Protein of unknown function (DUF3984)-domain containing protein
gene_11032	208	hypothetical protein
gene_11033	221	hypothetical protein
gene_11034	632	TRAPP trafficking subunit Trs65-domain containing protein
gene_11035	371	hypothetical protein
gene_11036	166	putative CFEM domain-containing protein
gene_11037	456	putative major facilitator superfamily transporter
gene_11038	280	rpsu-divergently transcribed protein
gene_11039	1118	hypothetical protein
gene_1104	200	hypothetical protein
gene_11040	348	putative NAD dependent epimerase/dehydratase
gene_11041	375	60s ribosomal protein l37
gene_11042	570	putative sugar porter family MFS transporter
gene_11043	561	putative amino acid permease
gene_11044	265	hypothetical protein
gene_11045	1662	DSHCT domain-containing protein
gene_11046	782	putative Noc2p family protein
gene_11047	636	putative 2-isopropylmalate synthase
gene_11049	247	putative acetyltransferase
gene_1105	245	Protein of unknown function (DUF3128)-domain containing protein
gene_11050	371	integral membrane protein
gene_11051	1831	hypothetical protein
gene_11053	377	hypothetical protein
gene_11054	645	heterokaryon incompatibility protein
gene_11055	1026	putative glycosyl hydrolase family 65 central catalytic domain-containing protein
gene_11056	439	hypothetical protein
gene_11057	340	putative NAD dependent epimerase/dehydratase
gene_11058	462	putative thiol-specific monooxygenase
gene_11059	462	putative TfdA family taurine catabolism dioxygenase TauD
gene_1106	780	putative SH3 domain-containing protein
gene_11060	452	putative RRM domain-containing protein
gene_11061	306	putative carbon-nitrogen hydrolase
gene_11062	478	putative zinc-binding dehydrogenase
gene_11063	177	chromatin modification-like protein eaf6
gene_11064	580	putative fatty acid desaturase
gene_11065	805	hypothetical protein
gene_11066	269	putative riboflavin-specific deaminase domain-containing protein
gene_11067	759	putative peptidase S41 family protein
gene_11068	281	putative methyltransferase domain-containing protein
gene_11069	147	putative hypersensitive response-inducing protein
gene_1107	978	hypothetical protein
gene_11070	1371	RNA dependent RNA polymerase-domain containing protein
gene_11071	566	putative major facilitator superfamily transporter
gene_11072	472	putative guanine nucleotide exchange factor synembryn
gene_11073	401	putative F-box domain-containing protein
gene_11074	213	putative nucleotide exchange factor Fes1
gene_11075	435	putative histidine acid phosphatase
gene_11076	868	putative WD domain-containing protein
gene_11077	479	hypothetical protein
gene_11078	442	hypothetical protein
gene_11079	220	hypothetical protein
gene_1108	154	DUF636 domain-containing protein
gene_11080	533	hypothetical protein
gene_11081	484	Heterokaryon incompatibility protein (HET)-domain containing protein
gene_11082	165	hypothetical protein
gene_11083	618	putative C6 zinc finger protein
gene_11084	231	hypothetical protein
gene_11085	99	putative CFEM domain-containing protein
gene_11086	292	putative tRNA intron endonuclease
gene_11087	986	copper amine oxidase 1
gene_11088	465	family 7 putative glycosyl hydrolase
gene_11089	210	putative mitochondrial ribosomal protein
gene_1109	558	hypothetical protein
gene_11090	475	putative HypA protein
gene_11091	578	putative pre-mRNA-splicing factor SPP2
gene_11092	305	putative UbiA prenyltransferase
gene_11093	1219	putative chitin synthase
gene_11095	399	hypothetical protein
gene_11096	229	family 11 putative glycosyl hydrolase
gene_11097	121	Protein of unknown function (DUF1304)-domain containing protein
gene_11098	476	putative Mch2p
gene_11099	350	Vaculolar membrane protein-domain containing protein
gene_111	499	GWT1-domain containing protein
gene_1110	203	hypothetical protein
gene_11100	194	hypothetical protein
gene_11101	472	GATA zinc finger EFQ27611.1 GATA zinc finger protein
gene_11102	703	putative fungal-specific transcription factor domain-containing protein
gene_11103	456	putative cellulosome enzyme
gene_11104	1173	hypothetical protein
gene_11105	182	Uncharacterised protein family UPF0311
gene_11106	506	putative metallopeptidase family M24
gene_11108	127	hypothetical protein
gene_11109	796	hypothetical protein
gene_1111	445	putative alpha-1,3-mannosyltransferase CMT1
gene_11110	613	putative DNA photolyase
gene_11111	1882	putative proteasome component ECM29
gene_11112	229	hypothetical protein
gene_11113	306	hypothetical protein
gene_11114	1182	family 18 putative glycosyl hydrolase
gene_11115	412	hypothetical protein
gene_11116	344	putative SAP domain-containing protein
gene_11117	243	hypothetical protein
gene_11118	205	hypothetical protein
gene_11119	532	hypothetical protein
gene_1112	865	hypothetical protein
gene_11120	1887	hypothetical protein
gene_11121	654	putative NAF1 domain-containing protein
gene_11122	666	Domain of unknown function (DUF1741)-domain containing protein
gene_11123	308	putative GIY-YIG catalytic domain-containing protein
gene_11124	323	putative aldo/keto reductase
gene_11125	535	glycerol kinase
gene_11126	513	putative cyclopropane-fatty-acyl-phospholipid synthase
gene_11127	109	putative stress responsive A/B barrel domain-containing protein
gene_11128	231	hypothetical protein
gene_11129	649	putative membrane protein
gene_1113	92	hypothetical protein
gene_11130	206	hypothetical protein
gene_11131	1116	Ankyrin repeat-containing domain protein
gene_11132	109	hypothetical protein
gene_11133	234	putative ATP synthase subunit
gene_11134	554	putative fork head domain-containing protein
gene_11136	503	putative major facilitator superfamily transporter
gene_11137	494	hypothetical protein
gene_11138	189	hypothetical protein
gene_11139	650	hypothetical protein
gene_1114	207	hypothetical protein
gene_11140	143	hypothetical protein
gene_11141	577	hypothetical protein
gene_11144	486	putative eukaryotic aspartyl protease
gene_11145	470	putative amidohydrolase
gene_11146	233	hypothetical protein
gene_11147	496	hypothetical protein
gene_11149	810	Protein of unknown function (DUF1399)-domain containing protein
gene_1115	309	hypothetical protein
gene_11150	664	hypothetical protein
gene_11151	209	hypothetical protein
gene_11152	489	hypothetical protein
gene_11153	727	putative Sec1 family protein
gene_11154	273	hypothetical protein
gene_11155	160	hypothetical protein
gene_11156	1467	putative ABC-2 type transporter
gene_11157	190	hypothetical protein
gene_11158	727	CASC3/Barentsz eIF4AIII binding-domain containing protein
gene_11159	553	putative allantoinase
gene_1116	379	hypothetical protein
gene_11160	583	hypothetical protein
gene_11161	575	hypothetical protein
gene_11162	522	putative cytochrome P450
gene_11163	672	putative heterokaryon incompatibility protein
gene_11164	87	hypothetical protein
gene_11165	275	putative urease accessory protein UreG
gene_11166	81	hypothetical protein
gene_11167	497	hypothetical protein
gene_11168	348	dTDP-4-amino-4,6-dideoxygalactose transaminase
gene_11169	57	hypothetical protein
gene_1117	1014	putative CBF/Mak21 family protein
gene_11170	189	hypothetical protein
gene_11171	774	Protein of unknown function (DUF3405)-domain containing protein
gene_11172	282	hypothetical protein
gene_11173	812	hypothetical protein
gene_11174	58	hypothetical protein
gene_11175	264	hypothetical protein
gene_11176	619	hypothetical protein
gene_11177	112	cyclin-dependent kinase
gene_11178	153	putative cytochrome c oxidase subunit VIa
gene_11179	557	hypothetical protein
gene_1118	248	hypothetical protein
gene_11180	265	family 61 putative glycosyl hydrolase
gene_11181	512	putative mucin
gene_11182	405	putative ketol-acid reductoisomerase
gene_11183	342	hypothetical protein
gene_11184	270	hypothetical protein
gene_11186	106	hypothetical protein
gene_11187	1019	family 35 putative glycosyl hydrolase
gene_11188	303	putative alpha-galactosidase
gene_11189	247	Apolipoprotein O-domain containing protein
gene_1119	375	putative glucose N-acetyltransferase
gene_11190	79	hypothetical protein
gene_11191	531	putative dimethylaniline monooxygenase 2
gene_11192	425	putative proline dehydrogenase
gene_11193	615	hypothetical protein
gene_11194	749	hypothetical protein
gene_11195	513	putative UDP-galactopyranose mutase
gene_11196	380	hypothetical protein
gene_11197	410	hypothetical protein
gene_11198	353	hypothetical protein
gene_11199	247	putative kinase phosphorylation protein
gene_112	293	proteasome A-type and B-type EFQ31307.1 proteasome A-type and B-type
gene_1120	1020	Fungal specific transcription factor domain-domain containing protein
gene_11200	499	putative catalase
gene_11201	503	hypothetical protein
gene_11202	866	rhomboid protein 2
gene_11204	509	putative integral membrane protein
gene_11205	260	putative phosducin family protein
gene_11206	297	Alpha/Beta hydrolase fold
gene_11207	167	hypothetical protein
gene_11208	187	hypothetical protein
gene_11209	396	putative brix domain-containing protein
gene_11210	533	Uncharacterized alpha/beta hydrolase domain (DUF2235)-domain containing protein
gene_11211	795	hypothetical protein
gene_11212	581	putative Alg9-like mannosyltransferase
gene_11213	372	putative fatty acid hydroxylase superfamily protein
gene_11214	260	putative RNA recognition domain-containing protein
gene_11215	123	hypothetical protein
gene_11216	211	hypothetical protein
gene_11217	337	hypothetical protein
gene_11218	356	hypothetical protein
gene_11219	698	putative F-box domain-containing protein
gene_1122	514	putative glucan 1,4-alpha-maltohexaosidase
gene_11220	731	hypothetical protein
gene_11221	427	Protein of unknown function (DUF3500)-domain containing protein
gene_11222	2599	putative DNA repair protein RAD8
gene_11223	457	DnaJ domain-containing protein
gene_11224	212	Ribosomal protein L21-like protein
gene_11225	301	hypothetical protein
gene_11226	422	XAP5, circadian clock regulator-domain containing protein
gene_11227	396	hypothetical protein
gene_11228	307	hypothetical protein
gene_11229	685	putative sulfate permease
gene_1123	1002	putative AMP-binding enzyme
gene_11230	273	Small-subunit processome
gene_11231	309	family 61 putative glycosyl hydrolase
gene_11232	524	putative carboxylesterase
gene_11233	185	putative Tim17/Tim22/Tim23 family protein
gene_11234	1115	hypothetical protein
gene_11235	153	hypothetical protein
gene_11236	344	putative integral membrane protein
gene_11238	179	hypothetical protein
gene_11239	911	tRNA synthetases class I (M)-domain containing protein
gene_1124	621	hypothetical protein
gene_11240	219	Domain of unknown function (DUF814)-domain containing protein
gene_11241	327	putative DNA-binding protein
gene_11242	675	Magnesium transporter NIPA-domain containing protein
gene_11243	1522	putative RhoGEF domain-containing protein
gene_11244	812	putative transcription initiation factor TFIID subunit A
gene_11245	500	hypothetical protein
gene_11246	1156	putative SNF2 family domain-containing protein
gene_11247	610	putative tat pathway signal sequence
gene_11248	1398	putative phospholipid-translocating P-type ATPase
gene_11249	463	cellulose-growth-specific protein
gene_1125	892	putative shikimate dehydrogenase substrate binding domain-containing protein
gene_11250	847	hypothetical protein
gene_11251	235	hypothetical protein
gene_11252	1453	putative ABC transporter
gene_11253	190	hypothetical protein
gene_11254	629	putative major facilitator superfamily transporter
gene_11255	426	aminotransferase
gene_11256	531	General substrate transporter
gene_11257	269	putative short chain dehydrogenase
gene_11258	580	putative WD repeat domain-containing protein
gene_11259	769	putative WD domain-containing protein
gene_1126	239	hypothetical protein
gene_11260	148	hypothetical protein
gene_11261	1355	putative MIZ/SP-RING zinc finger protein
gene_11263	222	hypothetical protein
gene_11264	368	putative zinc-binding dehydrogenase
gene_11265	155	hypothetical protein
gene_11266	420	putative acetyl-CoA acetyltransferase
gene_11267	1693	putative LysM domain-containing protein
gene_11268	313	Domain of unknown function (DUF3328)-domain containing protein
gene_11269	406	putative aminotransferase class I and II
gene_1127	624	peptidylprolyl isomerase
gene_11270	294	putative D-glycerate 3-kinase
gene_11271	664	Uncharacterized protein conserved in bacteria (DUF2264)-domain containing protein
gene_11273	335	hypothetical protein
gene_11274	619	cationic amino acid transporter 1
gene_11275	1108	family 2 putative glycosyl hydrolase
gene_11276	915	agc akt protein kinase
gene_11277	528	global transcription regulator sge1
gene_11278	82	hypothetical protein
gene_11279	1910	putative PH domain-containing protein
gene_1128	452	hypothetical protein
gene_11280	1396	putative calcium-translocating P-type ATPase
gene_11281	487	hypothetical protein
gene_11282	166	hypothetical protein
gene_11283	746	hypothetical protein
gene_11284	627	EF hand associated-domain containing protein
gene_11285	487	putative major facilitator superfamily transporter
gene_11286	322	Mitochondrial carrier domain-containing protein
gene_11287	479	hypothetical protein
gene_11288	145	hypothetical protein
gene_11289	914	putative zinc metallo proteinase
gene_1129	249	Ser-Thr-rich glycosyl-phosphatidyl-inositol-anchored membrane family-domain containing protein
gene_11290	684	putative glutamate-cysteine ligase
gene_11291	188	hypothetical protein
gene_11292	1308	putative hsp90-like protein
gene_11293	92	hypothetical protein
gene_11294	398	hypothetical protein
gene_11295	343	hypothetical protein
gene_11296	631	hypothetical protein
gene_11297	407	putative RNA polymerase II transcription factor SIII subunit A
gene_11298	331	putative ribosomal protein L4/L1 family protein
gene_11299	869	voltage gated chloride channel EFQ28584.1 voltage gated chloride channel
gene_113	286	cysteine synthase
gene_1130	647	SET domain-containing protein
gene_11300	78	hypothetical protein
gene_11302	113	putative FKBP-type peptidyl-prolyl cis-trans isomerase
gene_11303	515	hypothetical protein
gene_11304	233	hypothetical protein
gene_11305	74	hypothetical protein
gene_11306	282	hypothetical protein
gene_11307	220	hypothetical protein
gene_11308	267	hypothetical protein
gene_11309	619	putative MATE efflux family protein
gene_1131	902	Glycosyl transferase family group 2-domain containing protein
gene_11310	359	putative methyltransferase domain-containing protein
gene_11311	805	hypothetical protein
gene_11312	343	Uncharacterized protein conserved in bacteria (DUF2263)-domain containing protein
gene_11313	778	hypothetical protein
gene_11314	501	hypothetical protein
gene_11316	405	putative nitrate reductase
gene_11317	546	putative major facilitator superfamily transporter
gene_11318	527	UTP-glucose-1-phosphate uridylyltransferase
gene_11319	1014	nonselective cation channel
gene_1132	898	putative proteasome/cyclosome
gene_11320	239	ribosomal protein S6e EFQ31640.1 ribosomal protein S6e
gene_11321	1322	Ankyrin repeat-containing domain protein
gene_11322	1390	putative Spc97/Spc98 family protein
gene_11323	548	putative sugar porter family MFS transporter
gene_11324	376	integral membrane protein
gene_11325	375	hypothetical protein
gene_11326	458	hypothetical protein
gene_11327	277	hypothetical protein
gene_11328	375	glyceraldehyde-3-phosphate dehydrogenase
gene_11329	228	putative vesicle transport V-SNARE protein
gene_1133	372	putative UDP-glucose 4-epimerase
gene_11330	235	putative NAD dependent epimerase/dehydratase
gene_11331	310	putative DnaJ domain-containing protein
gene_11332	494	TNA1 is necessary for nicotinic acid import into the cell OHF04066.1 TNA1 is necessary for nicotinic acid import into the cell
gene_11333	354	Alpha/Beta hydrolase fold
gene_11334	486	putative major facilitator superfamily transporter
gene_11335	604	putative major facilitator superfamily transporter
gene_11336	443	Golgi transport complex subunit 5-domain containing protein
gene_11338	134	Protein of unknown function (DUF2638)-domain containing protein
gene_11339	934	hypothetical protein
gene_1134	96	hypothetical protein
gene_11340	458	putative GDSL-like Lipase/Acylhydrolase
gene_11341	137	hypothetical protein
gene_11342	414	hypothetical protein
gene_11343	328	family 43 putative glycosyl hydrolase
gene_11344	347	putative short-chain dehydrogenase
gene_11345	509	putative ammonium transporter
gene_11346	95	hypothetical protein
gene_11347	234	putative NUDIX domain-containing protein
gene_11348	154	hypothetical protein
gene_11349	1032	hypothetical protein
gene_1135	518	putative Arb2 domain-containing protein
gene_11350	1508	hypothetical protein
gene_11351	295	hypothetical protein
gene_11352	288	putative glyoxalase
gene_11353	376	Gtr1/RagA G protein conserved region-domain containing protein
gene_11354	887	hypothetical protein
gene_11355	276	putative RNA recognition domain-containing protein
gene_11357	59	ec1 protein
gene_11358	452	putative isocitrate dehydrogenase
gene_11359	383	hypothetical protein
gene_1136	237	hypothetical protein
gene_11360	205	hypothetical protein
gene_11361	664	putative ankyrin repeat protein
gene_11362	290	hypothetical protein
gene_11363	280	hypothetical protein
gene_11364	873	hypothetical protein
gene_11365	440	Putative serine esterase (DUF676)-domain containing protein
gene_11366	297	hypothetical protein
gene_11367	495	putative major facilitator superfamily transporter
gene_11368	568	hypothetical protein
gene_11369	408	Protein kinase-like domain-containing protein
gene_1137	593	multicopper oxidase
gene_11370	471	putative D-isomer specific 2-hydroxyacid dehydrogenase
gene_11371	107	hypothetical protein
gene_11372	864	Fungal specific transcription factor domain-domain containing protein
gene_11373	1639	putative ABC transporter
gene_11374	872	hypothetical protein
gene_11375	72	Protein of unknown function (DUF2611)-domain containing protein
gene_11376	116	hypothetical protein
gene_11377	836	hypothetical protein
gene_11378	469	putative She9/Mdm33 family protein
gene_11379	482	putative FAD binding domain-containing protein
gene_1138	804	putative elongation factor G
gene_11380	322	putative HpcH/HpaI aldolase/citrate lyase family protein
gene_11382	560	hypothetical protein
gene_11383	120	hypothetical protein
gene_11384	106	hypothetical protein
gene_11385	621	Enoyl-reductase
gene_11386	755	hypothetical protein
gene_11387	237	Cytidine deaminase-like protein
gene_11388	669	hypothetical protein
gene_11389	386	hypothetical protein
gene_1139	602	putative integral membrane protein
gene_11390	230	hypothetical protein
gene_11391	789	Transcription initiation factor IIF, beta subunit-domain containing protein
gene_11392	1277	hypothetical protein
gene_11393	788	putative helicase associated domain-containing protein
gene_11394	705	putative asparagine synthase
gene_11396	153	hypothetical protein
gene_11397	1095	putative dihydroxyacid dehydratase
gene_11398	953	hypothetical protein
gene_11399	121	hypothetical protein
gene_114	108	hypothetical protein
gene_1140	402	putative FAD dependent oxidoreductase
gene_11400	762	Mov34/MPN/PAD-1 family protein
gene_11401	290	hypothetical protein
gene_11402	414	hypothetical protein
gene_11403	470	putative RuvB-like helicase 2
gene_11404	493	putative short chain dehydrogenase
gene_11405	544	putative chromate transporter
gene_11406	328	putative fibrillarin
gene_11407	353	Major facilitator superfamily domain-containing protein
gene_11408	99	putative complex 1 protein
gene_11409	257	hypothetical protein
gene_1141	264	putative oxidoreductase-like protein
gene_11410	232	putative GTP-binding protein RHO3
gene_11411	404	Gtr1/RagA G protein conserved region-domain containing protein
gene_11412	619	putative PhoD-like phosphatase
gene_11413	139	putative single-strand binding protein family
gene_11414	570	putative cytochrome P450
gene_11415	117	hypothetical protein
gene_11416	407	putative epoxide hydrolase
gene_11417	843	Heterokaryon incompatibility protein (HET)-domain containing protein
gene_11418	380	putative methyltransferase domain-containing protein
gene_11419	218	hypothetical protein
gene_1142	281	hypothetical protein
gene_11420	598	hypothetical protein
gene_11421	74	hypothetical protein
gene_11422	397	hypothetical protein
gene_11423	578	putative CoA-transferase family III
gene_11424	936	putative Sec23/Sec24 trunk domain-containing protein
gene_11425	931	hypothetical protein
gene_11426	977	seryl-tRNA synthetase
gene_11427	621	putative artemis protein
gene_11428	491	putative ribose-phosphate diphosphokinase
gene_11429	452	putative fatty acid desaturase
gene_1143	530	putative transmembrane amino acid transporter
gene_11430	1630	bloom syndrome protein-like protein KAF5483014.1 bloom syndrome protein-like protein KAF5484656.1 bloom syndrome protein-like protein KAF5489755.1 bloom syndrome protein-like protein KAF5505431.1 bloom syndrome protein-like protein
gene_11431	230	hypothetical protein
gene_11432	288	Protein of unknown function (DUF1749)-domain containing protein
gene_11433	357	putative methyltransferase domain-containing protein
gene_11434	259	kinase-like domain-containing protein
gene_11435	501	putative 3-dehydroquinate synthase
gene_11437	428	short-chain dehydrogenase
gene_11438	456	putative pyridoxal-phosphate dependent enzyme
gene_11439	329	putative meiotically up-regulated 80 protein
gene_1144	250	hypothetical protein
gene_11440	76	hypothetical protein
gene_11441	325	putative methyltransferase
gene_11442	384	hypothetical protein
gene_11443	1008	putative isochorismatase
gene_11444	152	hypothetical protein
gene_11445	252	putative calcipressin
gene_11446	252	hypothetical protein
gene_11447	60	hypothetical protein
gene_11448	351	hypothetical protein
gene_11449	305	hypothetical protein
gene_1145	561	putative amino acid permease
gene_11450	59	hypothetical protein
gene_11451	181	hypothetical protein
gene_11452	137	hypothetical protein
gene_11453	1039	putative GATA zinc finger protein
gene_11454	382	acid phosphatase
gene_11455	70	hypothetical protein
gene_11456	365	putative phosphoglycerate mutase
gene_11457	549	putative major facilitator superfamily transporter
gene_11458	308	Domain of unknown function (DUF4267)-domain containing protein
gene_11459	397	MFS transporter
gene_1146	1000	X-Pro dipeptidyl-peptidase C-terminal non-catalytic domain-containing protein
gene_11460	434	putative zinc carboxypeptidase
gene_11461	664	putative ankyrin repeat protein
gene_11462	419	hypothetical protein
gene_11463	938	hypothetical protein
gene_11464	813	putative fungal-specific transcription factor domain-containing protein
gene_11465	307	hypothetical protein
gene_11467	1071	hypothetical protein
gene_11468	2271	putative ATPase
gene_11469	515	hypothetical protein
gene_1147	379	putative oxidoreductase family protein
gene_11470	326	hypothetical protein
gene_11471	1027	ATP synthase F0
gene_11472	1060	hypothetical protein
gene_11473	467	putative CFEM domain-containing protein
gene_11474	214	hypothetical protein
gene_11475	312	hypothetical protein
gene_11476	502	Hydroxymethylglutaryl-coenzyme A reductase-domain containing protein
gene_11477	364	hypothetical protein
gene_11478	446	major facilitator superfamily transporter
gene_11479	62	hypothetical protein
gene_1148	586	putative major facilitator superfamily transporter
gene_11480	308	hypothetical protein
gene_11481	252	alpha/beta hydrolase fold-3 domain-containing protein
gene_11482	2999	putative beta-ketoacyl synthase domain-containing protein
gene_11483	676	hypothetical protein
gene_11484	516	putative synaptobrevin
gene_11485	395	hypothetical protein
gene_11486	595	putative major facilitator superfamily transporter
gene_11487	308	hypothetical protein
gene_11488	1592	hypothetical protein
gene_11489	613	putative cytochrome P450
gene_1149	582	Sugar (and other) transporter-domain containing protein
gene_11490	454	putative glucan 1,3-beta-glucosidase
gene_11491	134	putative histone H2A
gene_11492	1421	hypothetical protein
gene_11493	119	hypothetical protein
gene_11494	93	putative Tim10/DDP family zinc finger protein
gene_11495	602	putative DnaJ domain-containing protein
gene_11496	832	putative BRCA1 C terminus domain-containing protein
gene_11497	331	putative short-chain dehydrogenase
gene_11498	916	putative fungal-specific transcription factor domain-containing protein
gene_115	696	putative calcineurin-like phosphoesterase
gene_1150	354	hypothetical protein
gene_11500	90	CFEM domain-containing protein KAF6841548.1 CFEM domain-containing protein
gene_11501	441	putative mandelate racemase/muconate lactonizing enzyme domain-containing protein
gene_11502	355	hypothetical protein
gene_11503	360	putative deuterolysin metalloprotease
gene_11504	577	hypothetical protein
gene_11505	265	hypothetical protein
gene_11506	250	putative FkbM family methyltransferase
gene_11507	2138	hypothetical protein
gene_11508	346	acetyl propionyl coenzyme a carboxylase alpha chain
gene_11509	386	putative aldo/keto reductase
gene_1151	592	putative U3 small nucleolar RNA-associated protein
gene_11510	224	Cytidine deaminase-like protein
gene_11511	308	hypothetical protein
gene_11512	350	Protein of unknown function (DUF1295)-domain containing protein
gene_11513	1802	AMP deaminase
gene_11514	596	putative fungal-specific transcription factor domain-containing protein
gene_11515	505	NYN domain-domain containing protein
gene_11517	148	putative dehydroquinase class II
gene_11518	1137	hypothetical protein
gene_11519	748	Protein of unknown function (DUF3176)-domain containing protein
gene_1152	817	hypothetical protein
gene_11520	481	putative TLC domain-containing protein
gene_11521	76	hypothetical protein
gene_11523	1341	hypothetical protein
gene_11524	1207	Cytochrome P450
gene_11525	1421	putative microtubule associated protein
gene_11526	238	putative RNA recognition domain-containing protein
gene_11527	992	putative piwi domain-containing protein
gene_11528	142	hypothetical protein
gene_11529	194	hypothetical protein
gene_1153	407	hypothetical protein
gene_11530	994	major facilitator superfamily transporter
gene_11531	529	putative oxidoreductase FAD-binding domain-containing protein
gene_11533	367	putative extracellular glycosidase
gene_11534	495	hypothetical protein
gene_11535	154	putative ribosomal protein S19
gene_11536	261	integral membrane protein
gene_11537	674	putative T-complex protein 11
gene_11538	230	putative aminodeoxychorismate lyase
gene_11539	258	hypothetical protein
gene_1154	319	hypothetical protein
gene_11540	184	hypothetical protein
gene_11541	367	hypothetical protein
gene_11542	233	putative cutinase
gene_11543	680	hypothetical protein
gene_11544	435	hypothetical protein
gene_11545	112	hypothetical protein
gene_11546	694	hypothetical protein
gene_11547	646	leukotriene A-4 hydrolase/aminopeptidase
gene_11548	1179	putative RecF/RecN/SMC N terminal domain-containing protein
gene_11549	147	6-O-methylguanine DNA methyltransferase, DNA binding domain-domain containing protein
gene_11550	106	hypothetical protein
gene_11551	290	putative enoyl-CoA hydratase/isomerase
gene_11553	508	Protein of unknown function (DUF1593)-domain containing protein
gene_11554	210	putative cysteine dioxygenase
gene_11555	60	hypothetical protein
gene_11556	536	hypothetical protein
gene_11557	213	ribosomal protein S7 KAF6814967.1 ribosomal protein S7 KAF6829922.1 ribosomal protein S7 KAF6843159.1 ribosomal protein S7 KDN69261.1 putative ribosomal protein S7 EFQ31619.1 ribosomal protein S7
gene_11558	886	putative subtilase
gene_11559	141	hypothetical protein
gene_1156	498	putative AMP-binding enzyme
gene_11560	491	Major facilitator superfamily domain-containing protein
gene_11561	203	hypothetical protein
gene_11562	788	putative aconitate hydratase
gene_11563	524	hypothetical protein
gene_11564	807	NADP-dependent oxidoreductase domain-containing protein
gene_11565	792	putative GMC oxidoreductase
gene_11566	461	Ankyrin repeat-containing domain protein
gene_11567	524	Protein kinase-like domain-containing protein
gene_11568	219	hypothetical protein
gene_11569	708	putative acetoacetate-CoA ligase
gene_1157	296	hypothetical protein
gene_11570	1389	NOL1/NOP2/sun family-domain containing protein
gene_11571	1157	nuclear pore complex protein nup107 OBR15945.1 nuclear pore complex protein nup107
gene_11572	111	hypothetical protein
gene_11573	104	hypothetical protein
gene_11574	606	TLD-domain containing protein
gene_11575	406	putative peroxidase
gene_11576	121	putative WD domain-containing protein
gene_11577	568	putative Wd tetratricopeptide repeat domain-containing protein
gene_11578	446	hypothetical protein
gene_11579	96	hypothetical protein
gene_1158	520	putative peptidase family M28
gene_11580	290	ubiquinone biosynthesis protein Coq
gene_11581	261	ATP-dependent clp protease proteolytic subunit
gene_11582	763	beta-phenylalanine transaminase
gene_11583	601	purine permease
gene_11584	135	hypothetical protein
gene_11585	440	Trimethyllysine dioxygenase
gene_11586	1576	putative phospholipid-translocating P-type ATPase
gene_11587	227	hypothetical protein
gene_11588	463	putative IMP-specific 5'-nucleotidase
gene_11589	452	Transcriptional regulator of RNA polII, SAGA, subunit-domain containing protein
gene_1159	390	hypothetical protein
gene_11590	355	hypothetical protein
gene_11591	214	hypothetical protein
gene_11592	323	putative LysM domain-containing protein
gene_11593	322	putative short chain dehydrogenase
gene_11594	1087	putative elongation factor Tu GTP binding domain-containing protein
gene_11595	75	putative DNA directed RNA polymerase
gene_11596	139	hypothetical protein
gene_11597	818	hypothetical protein
gene_11598	270	hypothetical protein
gene_11599	508	hypothetical protein
gene_116	1867	hypothetical protein
gene_1160	804	hypothetical protein
gene_11600	326	family 43 putative glycosyl hydrolase
gene_11601	644	putative nuclear fragile X mental retardation-interacting protein 1
gene_11602	980	carotenoid ester lipase
gene_11603	465	putative UbiD family decarboxylase
gene_11604	851	hypothetical protein
gene_11605	790	Protein kinase-like domain-containing protein
gene_11606	1312	hypothetical protein
gene_11607	378	Alpha/Beta hydrolase fold
gene_11608	1068	putative TBC domain-containing protein
gene_1161	304	hypothetical protein
gene_11610	137	Cytochrome P450
gene_11611	339	putative cofilin/tropomyosin-type actin-binding protein
gene_11612	236	putative isochorismatase domain-containing protein
gene_11613	445	histidine acid phosphatase
gene_11614	2496	putative phosphatidylinositol-4-phosphate 5-kinase
gene_11615	106	putative cytochrome c
gene_11617	834	BCS1 N terminal-domain containing protein
gene_11618	692	putative fungal-specific transcription factor domain-containing protein
gene_11619	579	Major facilitator superfamily domain-containing protein
gene_1162	563	hypothetical protein
gene_11620	468	putative aldehyde dehydrogenase
gene_11621	1002	hypothetical protein
gene_11622	297	putative RTA1 like protein
gene_11623	416	putative histidinol-phosphate aminotransferase
gene_11624	343	putative retinol dehydrogenase 12
gene_11625	454	putative transmembrane amino acid transporter
gene_11626	628	putative glutaminyl-tRNA synthetase
gene_11627	405	putative histone-lysine N-methyltransferase
gene_11628	753	putative actin
gene_11629	420	putative alcohol dehydrogenase GroES-like domain-containing protein
gene_1163	452	cytochrome P450 EFQ34697.1 cytochrome P450
gene_11630	565	putative carboxylesterase
gene_11631	174	hypothetical protein
gene_11633	465	putative HhH-GPD superfamily base excision DNA repair protein
gene_11634	713	putative ABC transporter transmembrane region 2
gene_11635	605	putative cell division control protein
gene_11636	671	hypothetical protein
gene_11637	505	hypothetical protein
gene_11638	456	hypothetical protein
gene_11639	213	hypothetical protein
gene_1164	126	hypothetical protein
gene_11640	365	hypothetical protein
gene_11641	254	putative proteasome A-type and B-type
gene_11642	340	Protein of unknown function (DUF1691)-domain containing protein
gene_11643	371	putative diaminopropionate ammonia-lyase
gene_11644	158	ribonuclease H1/H2 small subunit
gene_11645	530	hypothetical protein
gene_11646	435	hypothetical protein
gene_11647	393	putative beta-lactamase
gene_11648	85	hypothetical protein
gene_11649	569	Endoplasmic reticulum-based factor for assembly of V-ATPase-domain containing protein
gene_1165	300	Mitochondrial carrier domain-containing protein
gene_11650	145	hypothetical protein
gene_11651	129	hypothetical protein
gene_11652	674	putative copper amine oxidase 1
gene_11653	691	RNA polymerase III transcription factor (TF)IIIC subunit-domain containing protein
gene_11654	635	putative ankyrin and HET domain-containing protein
gene_11655	1024	family 47 putative glycosyl hydrolase
gene_11656	722	hypothetical protein
gene_11657	311	putative GPI-anchored cell wall beta-1,3-endoglucanase EglC
gene_11658	384	putative peptidase family S58
gene_11659	394	putative RNA recognition domain-containing protein
gene_1166	719	putative domain found in Dishevelled
gene_11660	380	putative subtilase
gene_11661	370	hypothetical protein
gene_11662	197	hypothetical protein
gene_11663	545	General substrate transporter
gene_11664	647	hypothetical protein
gene_11665	284	hypothetical protein
gene_11666	857	Inheritance of peroxisomes protein 1-domain containing protein
gene_11667	472	putative major facilitator superfamily transporter
gene_11668	249	putative uracil phosphoribosyltransferase
gene_11669	651	putative cyclin domain-containing protein
gene_1167	1066	GNAT acetyltransferase 2-domain containing protein
gene_11670	791	DNA repair helicase
gene_11671	612	hypothetical protein
gene_11672	462	putative apurinic endonuclease
gene_11673	480	Ssl1-like-domain containing protein
gene_11674	117	hypothetical protein
gene_11675	202	hypothetical protein
gene_11676	1052	putative thioester reductase domain-containing protein
gene_11677	593	putative HET domain-containing protein
gene_11678	539	putative major facilitator superfamily transporter
gene_11679	441	hypothetical protein
gene_1168	409	putative 5-methyltetrahydropteroyltriglutamate-homocysteine methyltransferase
gene_11680	580	putative sulfatase
gene_11681	872	putative GTP-binding protein
gene_11682	304	putative short chain dehydrogenase
gene_11683	617	hypothetical protein
gene_11684	843	putative WD domain-containing protein
gene_11685	647	hypothetical protein
gene_11686	801	putative DNA polymerase alpha/epsilon subunit B
gene_11687	501	putative ATPase
gene_11689	187	putative cupin domain-containing protein
gene_1169	485	putative FAD dependent oxidoreductase
gene_11690	405	putative PH domain-containing protein
gene_11691	196	hypothetical protein
gene_11692	242	putative exosome complex exonuclease RRP40
gene_11693	205	AAA domain-domain containing protein
gene_11694	455	putative WD repeat domain-containing protein
gene_11695	545	Cytochrome P450
gene_11696	1341	hypothetical protein
gene_11698	472	family 26 putative glycosyl hydrolase
gene_11699	429	putative integral membrane protein
gene_117	2383	putative beta-ketoacyl synthase domain-containing protein
gene_1170	603	putative BZIP family transcription factor
gene_11700	712	putative peptidase family M28
gene_11701	1431	Pectate lyase superfamily protein-domain containing protein
gene_11702	137	putative HIT domain-containing protein
gene_11703	1572	putative ABC transporter
gene_11704	287	hypothetical protein
gene_11705	837	putative OPT family small oligopeptide transporter
gene_11706	280	hypothetical protein
gene_11708	644	putative glycosyltransferase family 28 domain-containing protein
gene_11709	305	NmrA-like family-domain containing protein
gene_1171	338	putative glyoxalase
gene_11710	437	hypothetical protein
gene_11711	1321	Domain of unknown function DUF221-domain containing protein
gene_11712	287	putative methyltransferase domain-containing protein
gene_11713	597	hypothetical protein
gene_11714	615	hypothetical protein
gene_11715	296	putative TAM domain methyltransferase
gene_11716	181	ctr copper transporter
gene_11717	285	putative cytochrome P450
gene_11718	517	putative cytochrome P450 51
gene_1172	708	putative fungal-specific transcription factor domain-containing protein
gene_11720	703	hypothetical protein
gene_11721	359	hypothetical protein
gene_11722	487	putative pre-mRNA processing factor 3
gene_11723	515	cation efflux family protein
gene_11724	376	putative CT20 family protein
gene_11725	447	hypothetical protein
gene_11726	635	putative tRNA synthetase class I
gene_11727	456	putative polyprenyl synthetase
gene_11728	538	General substrate transporter
gene_11729	339	hypothetical protein
gene_1173	208	putative ankyrin repeat protein
gene_11730	419	putative LEM3 family/CDC50 family protein
gene_11731	225	hypothetical protein
gene_11732	525	amino acid permease
gene_11733	617	putative pantothenate transporter liz1
gene_11734	209	hypothetical protein
gene_11735	658	putative nucleolar GTP-binding protein 1
gene_11736	1154	putative STAG domain-containing protein
gene_11737	462	putative eukaryotic aspartyl protease
gene_11738	626	hypothetical protein
gene_11739	345	hypothetical protein
gene_1174	300	putative Rtr1/RPAP2 family protein
gene_11740	157	hypothetical protein
gene_11741	368	hypothetical protein
gene_11742	211	hypothetical protein
gene_11743	178	hypothetical protein
gene_11744	337	hypothetical protein
gene_11745	199	putative MAS20 protein import receptor
gene_11746	764	hypothetical protein
gene_11747	988	putative cytokinesis regulator
gene_11748	450	putative Sulfide:quinone oxidoreductase/flavo-binding protein
gene_11749	709	putative kinesin motor domain-containing protein
gene_1175	365	putative fasciclin domain-containing protein
gene_11750	557	putative major facilitator superfamily transporter
gene_11751	570	L-carnitine dehydrogenase
gene_11752	231	putative autophagy protein 16
gene_11753	726	Fungal specific transcription factor domain-domain containing protein
gene_11754	520	putative major facilitator superfamily transporter
gene_11755	509	putative alpha amylase
gene_11756	575	Organic solute transporter Ostalpha-domain containing protein
gene_11757	232	hypothetical protein
gene_11758	397	hypothetical protein
gene_11759	322	putative ketopantoate hydroxymethyltransferase
gene_1176	246	hypothetical protein
gene_11760	255	hypothetical protein
gene_11761	2085	ABC transporter atnG
gene_11762	739	hypothetical protein
gene_11763	536	putative major facilitator superfamily transporter
gene_11764	1216	hypothetical protein
gene_11765	245	hypothetical protein
gene_11767	662	putative fungal-specific transcription factor domain-containing protein
gene_11768	246	Cytidine deaminase-like protein
gene_11769	505	putative integral peroxisomal membrane peroxin
gene_1177	824	tRNA-specific adenosine-34 deaminase subunit
gene_11770	286	hypothetical protein
gene_11771	289	hypothetical protein
gene_11772	2137	SNF2 family domain-containing protein
gene_11773	197	putative RNA polymerase III subunit Rpc25
gene_11774	425	putative subtilase
gene_11775	581	putative threonine ammonia-lyase
gene_11776	375	putative isocitrate dehydrogenase
gene_11777	639	Sds3-like-domain containing protein
gene_11778	900	hypothetical protein
gene_11779	289	putative proteasome A-type and B-type
gene_1178	377	putative origin recognition complex subunit 6
gene_11780	391	ACT domain-domain containing protein
gene_11781	2508	putative hsp90-like protein
gene_11782	466	putative O-methyltransferase
gene_11783	370	putative fic/DOC family protein
gene_11784	1004	putative sodium/calcium exchanger protein
gene_11785	626	putative WD domain-containing protein
gene_11786	219	putative ESCRT-II complex subunit
gene_11787	629	Protein of unknown function (DUF3723)-domain containing protein
gene_11788	94	hypothetical protein
gene_11789	1478	putative ABC transporter
gene_1179	279	hypothetical protein
gene_11790	380	GroES (chaperonin 10)-like protein
gene_11791	126	hypothetical protein
gene_11792	365	hypothetical protein
gene_11794	499	cyclin domain-containing protein EFQ28709.1 cyclin domain-containing protein
gene_11795	993	high-affinity methionine permease
gene_11796	129	putative cupin domain-containing protein
gene_11797	459	hypothetical protein
gene_11798	434	putative inosine-uridine preferring nucleoside hydrolase
gene_11799	291	hypothetical protein
gene_1180	81	hypothetical protein
gene_11800	1441	putative glucose-methanol-choline oxidoreductase
gene_11801	231	putative pre protein translocase subunit Sec66
gene_11802	490	putative thiol-specific monooxygenase
gene_11803	151	hypothetical protein
gene_11804	194	putative TspO/MBR family protein
gene_11805	389	putative exo-1,3-beta-D-glucanase
gene_11806	1568	hypothetical protein
gene_11807	201	acetyltransferase
gene_11808	658	fungal-specific transcription factor domain-containing protein EFQ25666.1 fungal-specific transcription factor domain-containing protein
gene_11809	1225	putative muts domain V
gene_1181	1130	copper amine oxidase
gene_11810	633	Alpha/Beta hydrolase fold
gene_11811	501	Ankyrin repeat-containing domain protein
gene_11812	1436	putative RNase3 domain-containing protein
gene_11813	531	putative aldehyde dehydrogenase
gene_11814	1013	putative ABC transporter
gene_11815	498	Predicted AdoMet-dependent methyltransferase-domain containing protein
gene_11817	334	hypothetical protein
gene_11818	755	putative RhoGAP domain-containing protein
gene_11819	169	hypothetical protein
gene_1182	553	hypothetical protein
gene_11820	272	Mediator complex, subunit Med18
gene_11821	672	hypothetical protein
gene_11822	775	putative OPT family small oligopeptide transporter
gene_11823	333	putative succinyl-CoA ligase subunit alpha
gene_11824	250	putative FAD binding domain-containing protein
gene_11825	279	putative complex I intermediate-associated protein 30
gene_11826	591	putative laccase TilA
gene_11827	499	hypothetical protein
gene_11828	678	putative zinc-responsiveness transcriptional activator
gene_11829	507	putative major facilitator superfamily transporter
gene_1183	606	mating-type M-specific polypeptide Mc
gene_11830	713	hypothetical protein
gene_11831	759	putative neutral/alkaline non-lysosomal ceramidase
gene_11833	666	hypothetical protein
gene_11834	634	putative WD domain-containing protein
gene_11835	1170	putative myb-like DNA-binding domain-containing protein
gene_11836	365	putative uroporphyrinogen decarboxylase
gene_11837	585	putative thiamine pyrophosphate enzyme
gene_11838	490	hypothetical protein
gene_11839	270	2og-fe oxygenase
gene_1184	340	hypothetical protein
gene_11840	356	hypothetical protein
gene_11841	526	hypothetical protein
gene_11842	299	hypothetical protein
gene_11843	697	NADP-dependent oxidoreductase domain-containing protein
gene_11844	318	Inositol oxygenase
gene_11845	261	hypothetical protein
gene_11846	428	putative SEP domain-containing protein
gene_11847	347	hypothetical protein
gene_11848	838	hypothetical protein
gene_11849	807	putative aminotransferase class I and II
gene_11850	1525	putative beta-ketoacyl synthase domain-containing protein
gene_11851	166	putative guanyl-specific ribonuclease F1
gene_11852	137	putative VMA21-like domain-containing protein
gene_11853	641	Protein of unknown function (DUF3176)-domain containing protein
gene_11854	897	putative vacuolar protein sorting-associated protein 35
gene_11855	1184	Cys/Met metabolism PLP-dependent enzyme-domain containing protein
gene_11856	372	hypothetical protein
gene_11857	228	hypothetical protein
gene_11858	218	hypothetical protein
gene_11859	702	putative calcineurin-like phosphoesterase
gene_1186	1556	hypothetical protein
gene_11860	82	hypothetical protein
gene_11861	471	putative kynureninase
gene_11862	229	putative longiborneol synthase
gene_11863	67	hypothetical protein
gene_11864	1073	hypothetical protein
gene_11866	366	putative Mov34/MPN/PAD-1 family protein
gene_11867	417	hypothetical protein
gene_11868	578	putative AMP-binding enzyme
gene_11869	313	putative RNA recognition domain-containing protein
gene_1187	373	hypothetical protein
gene_11870	440	putative pectate lyase
gene_11871	847	putative FCP1-like phosphatase
gene_11872	387	Organic solute transporter Ostalpha-domain containing protein
gene_11873	387	hypothetical protein
gene_11876	558	Protein of unknown function (DUF3176)-domain containing protein
gene_11877	1212	CPSF A subunit region-domain containing protein
gene_11878	687	putative peroxin 8
gene_11879	103	putative short chain oxidoreductase
gene_1188	252	hypothetical protein
gene_11880	404	putative methionyl-tRNA synthetase
gene_11881	342	putative Mov34/MPN/PAD-1 family protein
gene_11882	474	putative aminotransferase class I and II
gene_11883	215	hypothetical protein
gene_11884	267	hypothetical protein
gene_11885	230	putative DSBA-like thioredoxin domain-containing protein
gene_11886	333	putative RNA recognition domain-containing protein
gene_11887	246	hypothetical protein
gene_11888	147	prefoldin EFQ29204.1 prefoldin
gene_11889	165	hypothetical protein
gene_1189	821	putative mannosyl oligosaccharide glucosidase
gene_11890	1078	putative Cullin family protein
gene_11891	299	hypothetical protein
gene_11892	304	putative O-methyltransferase
gene_11893	368	putative NADH:flavin oxidoreductase/NADH oxidase
gene_11894	203	hypothetical protein
gene_11895	225	hypothetical protein
gene_11896	206	CAP22 protein
gene_11897	482	hypothetical protein
gene_11898	443	hypothetical protein
gene_11899	621	putative amino acid permease
gene_119	200	cupin domain-containing protein
gene_1190	342	Inosine triphosphate pyrophosphatase-like protein
gene_11900	185	hypothetical protein
gene_11901	183	hypothetical protein
gene_11902	260	Pyruvate/Phosphoenolpyruvate kinase-like domain-containing protein
gene_11903	493	Protein of unknown function (Ytp1)-domain containing protein
gene_11904	457	beta-alanine hydrolase
gene_11905	246	putative RNA recognition domain-containing protein
gene_11906	698	putative AMP-binding enzyme
gene_11907	1205	quinate transporter
gene_11908	310	putative bZIP transcription factor
gene_11909	519	Bestrophin, RFP-TM, chloride channel-domain containing protein
gene_1191	250	putative cytochrome b561
gene_11910	1372	hypothetical protein
gene_11911	288	hypothetical protein
gene_11912	159	hypothetical protein
gene_11913	130	Thioredoxin-like fold
gene_11914	737	putative fungal-specific transcription factor domain-containing protein
gene_11915	82	hypothetical protein
gene_11916	256	hypothetical protein
gene_11917	584	putative F-box domain-containing protein
gene_11918	291	hypothetical protein
gene_11919	953	hypothetical protein
gene_1192	646	hypothetical protein
gene_11920	1353	Ankyrin repeat-containing domain protein
gene_11921	226	putative phosphatidylethanolamine-binding protein
gene_11922	63	hypothetical protein
gene_11923	401	putative F-box domain-containing protein
gene_11924	119	hypothetical protein
gene_11925	527	putative pyruvate kinase
gene_11926	317	ribosomal protein subunit l37 OBR15402.1 ribosomal protein subunit l37
gene_11927	1089	putative DEAD/DEAH box helicase
gene_11928	398	hypothetical protein
gene_11929	457	putative GATA zinc finger protein
gene_1193	630	putative metallopeptidase
gene_11930	562	hypothetical protein
gene_11931	308	hypothetical protein
gene_11932	168	Hydrophobic surface binding protein A-domain containing protein
gene_11933	285	hypothetical protein
gene_11934	438	putative indoleamine 2,3-dioxygenase
gene_11935	537	hypothetical protein
gene_11936	528	putative WD40 domain-containing protein
gene_11938	77	hypothetical protein
gene_11939	587	ndt80 like DNA-binding family protein
gene_1194	643	Protein of unknown function (DUF1365)-domain containing protein
gene_11940	368	Family of unknown function (DUF572)-domain containing protein
gene_11941	926	putative BZIP family transcription factor
gene_11942	359	putative aldo-keto reductase
gene_11943	174	putative major facilitator superfamily transporter
gene_11944	714	putative PA domain-containing protein
gene_11946	764	putative kelch domain-containing protein
gene_11947	390	hypothetical protein
gene_11948	393	CFEM domain-containing protein EFQ33109.1 CFEM domain-containing protein
gene_11949	321	hypothetical protein
gene_1195	177	hypothetical protein
gene_11950	620	putative kinesin motor domain-containing protein
gene_11951	442	putative aminotransferase class-III
gene_11952	945	Cupredoxin
gene_11953	530	hypothetical protein
gene_11954	1163	hypothetical protein
gene_11955	139	putative acyl carrier protein
gene_11956	344	putative integral membrane protein
gene_11957	576	T5orf172 domain-domain containing protein
gene_11958	647	putative VHS domain-containing protein
gene_11959	481	putative aldehyde dehydrogenase
gene_1196	399	putative tRNA synthetase class I
gene_11960	1996	family 18 putative glycosyl hydrolase
gene_11961	210	Ankyrin repeat-containing domain protein
gene_11962	141	hypothetical protein
gene_11963	350	NAD dependent epimerase/ dehydratase
gene_11964	641	hypothetical protein
gene_11965	213	Domain of unknown function (DUF4149)-domain containing protein
gene_11966	751	hypothetical protein
gene_11967	377	hypothetical protein
gene_11968	347	putative eukaryotic initiation factor 4E
gene_11969	202	Longin-like domain-containing protein
gene_1197	186	rheb small monomeric gtpase OHW98134.1 GTP-binding protein rhb1
gene_11970	245	hypothetical protein
gene_11971	848	putative exocyst complex component Sec10
gene_11972	413	hypothetical protein
gene_11973	671	aminotransferase class i and ii
gene_11974	381	putative KH domain-containing protein
gene_11975	267	hypothetical protein
gene_11976	347	putative thymine dioxygenase
gene_11977	349	putative short chain dehydrogenase
gene_11978	699	putative glutamine-fructose-6-phosphate transaminase
gene_11979	441	hypothetical protein
gene_1198	961	putative leucyl-tRNA synthetase
gene_11980	60	hypothetical protein
gene_11981	703	ChAPs (Chs5p-Arf1p-binding proteins)-domain containing protein
gene_11982	348	putative thioesterase domain-containing protein
gene_11983	424	putative C4-dicarboxylate transporter/malic acid transporter
gene_11984	264	hypothetical protein
gene_11985	538	hypothetical protein
gene_11986	346	putative short-chain dehydrogenase/reductase
gene_11987	583	putative FAD dependent oxidoreductase
gene_11988	339	putative short chain dehydrogenase
gene_11989	651	hypothetical protein
gene_1199	287	putative signal recognition particle sec65 subunit
gene_11990	444	putative ribose-phosphate diphosphokinase
gene_11991	258	Flavinator of succinate dehydrogenase-domain containing protein
gene_11992	768	rRNA processing/ribosome biogenesis-domain containing protein
gene_11993	297	hypothetical protein
gene_11994	1033	Domain of unknown function (DUF3402)-domain containing protein
gene_11995	262	hypothetical protein
gene_11996	64	hypothetical protein
gene_11997	463	transmembrane amino acid transporter
gene_11998	335	hypothetical protein
gene_11999	753	family 7 glycosyl hydrolase
gene_12	233	putative SAM-dependent methyltransferase
gene_120	205	hypothetical protein
gene_1200	475	hypothetical protein
gene_12000	632	putative serine carboxypeptidase
gene_12001	293	hypothetical protein
gene_12002	147	hypothetical protein
gene_12003	317	putative cytochrome c/c1 heme lyase
gene_12004	256	putative short chain dehydrogenase
gene_12005	448	putative endo-beta-glucanase
gene_12006	671	hypothetical protein
gene_12007	381	hypothetical protein
gene_12008	184	putative kelch domain-containing protein
gene_12009	710	putative VHS domain-containing protein
gene_1201	462	hypothetical protein
gene_12010	952	hypothetical protein
gene_12012	110	hypothetical protein
gene_12013	358	putative WD domain-containing protein
gene_12015	246	putative GDSL-like Lipase/Acylhydrolase
gene_12016	1259	family 71 putative glycosyl hydrolase
gene_12017	126	hypothetical protein
gene_12018	585	putative threonine aspartase
gene_12019	397	putative Sir2 family protein
gene_1202	598	putative trafficking protein Mon1
gene_12020	1791	hypothetical protein
gene_12021	189	putative mitochondria fission 1 protein
gene_12022	541	putative major facilitator superfamily transporter
gene_12023	211	hypothetical protein
gene_12024	103	Histone-fold-containing protein
gene_12025	1280	putative hsp90-like protein
gene_12026	502	putative Di-sulfide bridge nucleocytoplasmic transport domain-containing protein
gene_12027	327	Alpha/Beta hydrolase fold
gene_12028	371	hypothetical protein
gene_1203	1521	putative patatin-like phospholipase
gene_12030	624	putative AMP-binding enzyme
gene_12031	949	hypothetical protein
gene_12032	192	hypothetical protein
gene_12033	461	putative flavin-containing amine oxidoreductase
gene_12034	555	hypothetical protein
gene_12035	336	Protein of unknown function (DUF1769)-domain containing protein
gene_12036	593	putative HET domain-containing protein
gene_12037	640	putative EAP30/Vps36 family protein
gene_12039	1255	hypothetical protein
gene_1204	334	Protein of unknown function (DUF4448)-domain containing protein
gene_12040	401	putative subtilase
gene_12041	1022	alpha-galactosidase
gene_12042	1346	hypothetical protein
gene_12043	254	putative polysaccharide deacetylase
gene_12044	495	hypothetical protein
gene_12045	1643	vacuolar protein sorting-associated protein 33A
gene_12046	601	putative POT family protein
gene_12047	445	hypothetical protein
gene_12048	303	hypothetical protein
gene_1205	739	Cytochrome P450
gene_12051	335	Domain of unknown function (DUF3328)-domain containing protein
gene_12053	515	putative serine carboxypeptidase S28
gene_12054	328	hypothetical protein
gene_12055	325	putative pectate lyase
gene_12056	57	hypothetical protein
gene_12057	405	Ribosomal subunit 39S-domain containing protein
gene_12058	127	hypothetical protein
gene_12059	618	hypothetical protein
gene_1206	173	putative AT hook domain-containing protein
gene_12060	574	putative sulfate adenylyltransferase
gene_12061	541	putative NLI interacting factor-like phosphatase
gene_12063	1622	hypothetical protein
gene_12064	787	putative beta-chimaerin
gene_12065	1066	hypothetical protein
gene_12066	187	hypothetical protein
gene_12067	2011	putative RhoGEF domain-containing protein
gene_12068	511	putative eukaryotic translation initiation factor 2 subunit gamma
gene_12069	358	hypothetical protein
gene_1207	993	hypothetical protein
gene_12070	404	putative folate-binding protein YgfZ
gene_12071	692	putative vegetative cell wall protein gp1
gene_12072	331	hypothetical protein
gene_12073	65	hypothetical protein
gene_12074	621	calcium calmodulin-dependent protein
gene_12075	168	hypothetical protein
gene_12076	317	Cytochrome P450
gene_12077	273	s-adenosylmethionine-dependent methyltransferase
gene_12078	247	hypothetical protein
gene_12079	1042	putative EXS family protein
gene_1208	577	putative amino acid permease
gene_12080	160	hypothetical protein
gene_12081	340	hypothetical protein
gene_12082	83	hypothetical protein
gene_12083	66	hypothetical protein
gene_12084	649	Calponin homology domain-containing protein
gene_12085	128	hypothetical protein
gene_12086	423	putative branched-chain amino acid aminotransferase
gene_12087	334	putative dihydrodipicolinate synthetase
gene_12088	501	fad binding domain-containing protein OHW91154.1 FAD binding domain-containing protein
gene_12089	493	hypothetical protein
gene_1209	1359	putative ABC transporter
gene_12090	319	PUA-like domain-containing protein
gene_12091	123	hypothetical protein
gene_12092	297	putative GPR1/FUN34/yaaH family protein
gene_12093	505	putative cytochrome P450
gene_12094	535	Senescence-associated protein-domain containing protein
gene_12095	170	hypothetical protein
gene_12096	131	hypothetical protein
gene_12097	432	hypothetical protein
gene_12098	240	hypothetical protein
gene_12099	518	hypothetical protein
gene_121	576	MRG-domain containing protein
gene_1210	522	putative F-box domain-containing protein
gene_12100	117	hypothetical protein
gene_12101	432	putative phosphotransferase enzyme family protein
gene_12102	203	hypothetical protein
gene_12103	296	putative allergen Asp F7
gene_12104	467	Protein of unknown function (DUF3722)-domain containing protein
gene_12105	116	hypothetical protein
gene_12106	240	putative membrane protein
gene_12107	677	putative C6 zinc finger domain-containing protein
gene_12108	613	putative GMC oxidoreductase
gene_12109	670	putative GDA1/CD39 family protein
gene_1211	306	putative NmrA-like family protein
gene_12110	362	hypothetical protein
gene_12111	222	hypothetical protein
gene_12112	136	NADH ubiquinone oxidoreductase
gene_12113	445	hypothetical protein
gene_12114	778	hypothetical protein
gene_12115	1006	Fungal specific transcription factor domain-domain containing protein
gene_12116	557	multicopper oxidase
gene_12117	2554	DNA polymerase zeta catalytic subunit
gene_12118	285	putative short chain dehydrogenase
gene_12119	154	putative LysM domain-containing protein
gene_1212	949	putative basic proline-rich protein
gene_12120	438	putative WD domain-containing protein
gene_12121	255	hypothetical protein
gene_12122	333	hypothetical protein
gene_12123	562	putative C6 zinc finger domain-containing protein
gene_12124	196	putative RbsD/FucU transporter
gene_12125	1193	hypothetical protein
gene_12126	137	hypothetical protein
gene_12127	268	putative HMG box protein
gene_12128	975	putative methyltransferase domain-containing protein
gene_12129	327	putative serine carboxypeptidase S28
gene_1213	499	hypothetical protein
gene_12130	251	hypothetical protein
gene_12131	1708	putative RNA polymerase Rpb1
gene_12132	779	hypothetical protein
gene_12134	250	hypothetical protein
gene_12135	542	hypothetical protein
gene_12137	123	putative ribosomal protein L31e
gene_12138	397	Actin cytoskeleton-regulatory complex protein END3-domain containing protein
gene_12139	316	putative major facilitator superfamily transporter
gene_1214	464	hypothetical protein
gene_12140	510	Centromere protein Chl4/mis15/CENP-N
gene_12141	568	putative solid-state culture-specific ATP-grasp domain-containing protein
gene_12142	383	hypothetical protein
gene_12144	201	Phosphatidylethanolamine-binding protein PEBP
gene_12145	286	putative diphthine synthase
gene_12146	1015	Amidase signature domain-containing protein
gene_12147	1253	calcium-independent phospholipase A2-gamma
gene_12148	843	putative glycosyl hydrolase family 3 N terminal domain-containing protein
gene_12149	350	hypothetical protein
gene_1215	164	hypothetical protein
gene_12150	721	putative endothelin-converting enzyme 1
gene_12151	93	hypothetical protein
gene_12152	163	hypothetical protein
gene_12153	320	putative shikimate dehydrogenase substrate binding domain-containing protein
gene_12154	649	putative NPL4 family protein
gene_12155	603	fad binding domain-containing protein OHW94178.1 FAD binding domain-containing protein
gene_12156	225	Ankyrin repeat-containing domain protein
gene_12157	1608	putative tetratricopeptide
gene_12158	125	glutaredoxin
gene_12159	345	hypothetical protein
gene_1216	1687	putative D-alanine-poly ligase subunit 1
gene_12160	188	hypothetical protein
gene_12161	1097	Cullin-1
gene_12162	1439	hypothetical protein
gene_12163	214	hypothetical protein
gene_12164	232	emopamil binding protein EFQ33940.1 emopamil binding protein
gene_12165	303	putative ATP synthase F1
gene_12166	210	actin polymerization protein
gene_12167	701	putative LMBR1 domain-containing protein
gene_12168	1095	Ankyrin repeat-containing domain protein
gene_12169	278	putative HIT domain-containing protein
gene_1217	157	putative ribosomal protein L23 KZL64863.1 60S ribosomal protein L25 KZL82271.1 ribosomal protein l23 OHW96344.1 60s ribosomal protein l25
gene_12170	1112	putative ATP-dependent protease La
gene_12171	474	hypothetical protein
gene_12172	1255	putative Ulp1 protease family protein
gene_12174	382	hypothetical protein
gene_12175	907	hypothetical protein
gene_12176	159	hypothetical protein
gene_12177	455	hypothetical protein
gene_12178	535	putative cytochrome P450
gene_12179	522	Protein of unknown function (DUF1446)-domain containing protein
gene_1218	262	siroheme synthase
gene_12180	56	hypothetical protein
gene_12182	397	endochitinase OBR02105.1 endochitinase
gene_12184	389	putative O-methyltransferase
gene_12185	309	oxidoreductase FAD-binding domain-containing protein EFQ24978.1 oxidoreductase FAD-binding domain-containing protein
gene_12186	591	Something about silencing, SAS, complex subunit 4-domain containing protein
gene_12187	141	hypothetical protein
gene_12188	1037	putative SNF2 family domain-containing protein
gene_12189	358	putative DnaJ domain-containing protein
gene_1219	531	major facilitator superfamily transporter
gene_12190	198	putative thioesterase superfamily protein
gene_12191	506	hypothetical protein
gene_12192	558	putative fungal-specific transcription factor domain-containing protein
gene_12193	560	putative only prolin and serin are matching in the corresponding protein
gene_12195	716	putative ELMO/CED-12 family protein
gene_12196	210	hypothetical protein
gene_12197	369	hypothetical protein
gene_12198	194	hypothetical protein
gene_12199	435	peroxisomal carrier OBR13863.1 peroxisomal carrier
gene_122	520	putative DHHC zinc finger domain-containing protein
gene_1220	533	hypothetical protein
gene_12200	390	hypothetical protein
gene_12201	211	hypothetical protein
gene_12202	337	hypothetical protein
gene_12203	316	putative CFEM domain-containing protein
gene_12204	620	putative amino acid permease
gene_12205	77	hypothetical protein
gene_12206	664	putative RWD domain-containing protein
gene_12207	333	copper resistance protein crd2
gene_12208	64	ec87 protein
gene_12209	953	hypothetical protein
gene_1221	333	putative pre-mRNA splicing factor
gene_12211	87	hypothetical protein
gene_12213	1039	putative eukaryotic membrane protein family
gene_12214	280	putative MIP family channel protein
gene_12215	548	putative tRNA pseudouridine synthase A
gene_12216	449	putative zinc knuckle
gene_12218	571	amino acid permease
gene_12219	285	hypothetical protein
gene_1222	140	hypothetical protein
gene_12220	317	putative amidohydrolase
gene_12221	520	hypothetical protein
gene_12222	281	putative enoyl-CoA hydratase/isomerase
gene_12223	424	putative C4-dicarboxylate transporter/malic acid transporter
gene_12224	452	hypothetical protein
gene_12225	713	hypothetical protein
gene_12226	183	hypothetical protein
gene_12227	356	hypothetical protein
gene_12228	123	hypothetical protein
gene_12229	455	hypothetical protein
gene_1223	261	hypothetical protein
gene_12230	196	kinase-like protein ROT34705.1 kinase-like protein
gene_12231	428	putative tat pathway signal sequence
gene_12232	845	Fungal specific transcription factor domain-domain containing protein
gene_12233	446	putative aromatic prenyltransferase
gene_12234	882	putative choline/Carnitine O-acyltransferase
gene_12235	515	hypothetical protein
gene_12236	199	hypothetical protein
gene_12237	321	putative C2H2 type zinc finger domain-containing protein
gene_12238	655	putative ABC transporter
gene_12239	221	hypothetical protein
gene_1224	413	Protein phosphatase 2C (PP2C)-like domain-containing protein
gene_12240	257	hypothetical protein
gene_12241	969	hypothetical protein
gene_12242	892	hypothetical protein
gene_12243	2329	putative beta-ketoacyl synthase domain-containing protein
gene_12244	439	putative mannosyltransferase
gene_12245	259	hypothetical protein
gene_12246	727	putative Ulp1 protease family protein
gene_12247	297	hypothetical protein
gene_12248	261	putative polysaccharide deacetylase
gene_12249	539	T-complex protein 1 EFQ32182.1 T-complex protein 1 KDN69539.1 putative T-complex protein 1 KZL68976.1 T-complex protein 1 subunit gamma
gene_1225	368	putative orotidine 5'-phosphate decarboxylase/HUMPS family protein
gene_12250	554	hypothetical protein
gene_12251	528	hypothetical protein
gene_12252	150	putative ubiquitin-like autophagy protein Apg12
gene_12253	425	putative SRPK2 bound unphosphorylated
gene_12254	264	hypothetical protein
gene_12255	128	hypothetical protein
gene_12256	607	hypothetical protein
gene_12257	233	hypothetical protein
gene_12258	252	hypothetical protein
gene_12259	642	putative DnaJ domain-containing protein
gene_1226	750	putative ubiquitin carboxyl-terminal hydrolase
gene_12260	298	SNARE associated Golgi protein-domain containing protein
gene_12261	847	hypothetical protein
gene_12262	452	hypothetical protein
gene_12263	302	putative RTM1
gene_12264	501	hypothetical protein
gene_12265	376	hypothetical protein
gene_12266	592	family 47 putative glycosyl hydrolase
gene_12267	769	putative GMC oxidoreductase
gene_12268	234	hypothetical protein
gene_12269	281	hypothetical protein
gene_1227	681	putative heterokaryon incompatibility protein
gene_12270	730	Fungal specific transcription factor domain-domain containing protein
gene_12271	496	putative major facilitator superfamily transporter
gene_12272	333	putative NAD dependent epimerase/dehydratase
gene_12273	242	hypothetical protein
gene_12274	88	hypothetical protein
gene_12275	495	hypothetical protein
gene_12276	121	hypothetical protein
gene_12277	478	hypothetical protein
gene_12278	356	putative NAD dependent epimerase/dehydratase
gene_12279	358	hypothetical protein
gene_1228	761	putative copper amine oxidase
gene_12280	229	putative DJ-1/PfpI family protein
gene_12281	1523	putative hsp90-like protein
gene_12282	89	hypothetical protein
gene_12283	104	hypothetical protein
gene_12285	369	hypothetical protein
gene_12286	444	hypothetical protein
gene_12287	556	putative F-box domain-containing protein
gene_12288	111	hypothetical protein
gene_12289	342	putative ribonuclease HII
gene_1229	289	Protein of unknown function (DUF1681)-domain containing protein
gene_12290	267	hypothetical protein
gene_12291	533	putative HET domain-containing protein
gene_12292	529	General substrate transporter
gene_12293	274	putative short chain dehydrogenase
gene_12294	397	hypothetical protein
gene_12295	945	Major facilitator superfamily domain-containing protein
gene_12296	1380	hypothetical protein
gene_12297	479	putative cyclopropane-fatty-acyl-phospholipid synthase
gene_12298	429	hypothetical protein
gene_12299	911	putative glycogen/starch/alpha-glucan phosphorylase
gene_123	426	putative major facilitator superfamily transporter
gene_1230	277	hypothetical protein
gene_12300	264	hypothetical protein
gene_12301	341	hypothetical protein
gene_12302	739	hypothetical protein
gene_12303	733	hypothetical protein
gene_12304	199	Autophagy-related protein 1010
gene_12305	308	Mitochondrial carrier domain-containing protein
gene_12306	741	putative eukaryotic translation initiation factor eIF2A
gene_12307	338	Membrane bound O-acyl transferase family-domain containing protein
gene_12308	397	Alpha/Beta hydrolase fold
gene_12309	1087	putative SNF2 family domain-containing protein
gene_1231	85	hypothetical protein
gene_12310	877	family 81 putative glycosyl hydrolase
gene_12311	1360	hypothetical protein
gene_12312	300	putative zinc-binding dehydrogenase
gene_12313	284	putative nucleoside diphosphate kinase
gene_12314	182	hypothetical protein
gene_12315	841	HCO3- transporter family-domain containing protein
gene_12316	97	putative DASH complex subunit Dad1
gene_12317	2677	putative beta-ketoacyl synthase domain-containing protein
gene_12318	164	hypothetical protein
gene_12319	489	ATP phosphoribosyltransferase
gene_1232	597	Protein of unknown function (Ytp1)-domain containing protein
gene_12320	490	hypothetical protein
gene_12321	301	hypothetical protein
gene_12322	205	hypothetical protein
gene_12323	357	hypothetical protein
gene_12324	302	Ribonuclease H-like domain-containing protein
gene_12325	551	putative 2,3-bisphosphoglycerate-independent phosphoglycerate mutase
gene_12326	628	Sugar (and other) transporter-domain containing protein
gene_12327	1672	heterokaryon incompatibility protein
gene_12328	380	putative alpha/beta hydrolase fold protein
gene_12329	298	hypothetical protein
gene_1233	403	putative DHHC zinc finger domain-containing protein
gene_12330	519	Pyridoxal phosphate-dependent transferase
gene_12331	429	hypothetical protein
gene_12332	752	hypothetical protein
gene_12334	351	Protein of unknown function (DUF2985)-domain containing protein
gene_12335	491	putative major facilitator superfamily transporter
gene_12336	54	hypothetical protein
gene_12337	471	hypothetical protein
gene_12338	296	putative beta-glucanase
gene_12339	223	hypothetical protein
gene_1234	249	F-box domain-containing protein EFQ34108.1 F-box domain-containing protein
gene_12340	104	hypothetical protein
gene_12341	294	putative phosphoglycerate mutase
gene_12342	305	Protein of unknown function (DUF3632)-domain containing protein
gene_12344	297	P-loop containing nucleoside triphosphate hydrolase protein
gene_12345	512	hypothetical protein
gene_12346	254	hypothetical protein
gene_12347	298	putative acetyltransferase
gene_12348	175	hypothetical protein
gene_12349	306	putative phenazine biosynthesis-like protein
gene_1235	326	putative fungal cellulose binding domain-containing protein
gene_12350	1217	putative RasGEF domain-containing protein
gene_12351	949	putative isoleucyl-tRNA synthetase
gene_12352	131	hypothetical protein
gene_12353	439	hypothetical protein
gene_12354	461	hypothetical protein
gene_12355	972	putative major facilitator superfamily transporter
gene_12356	907	putative response regulator receiver domain-containing protein
gene_12357	53	hypothetical protein
gene_12358	737	putative ankyrin
gene_12359	187	hypothetical protein
gene_12360	324	hypothetical protein
gene_12361	282	hypothetical protein
gene_12363	427	putative ankyrin repeat protein
gene_12364	119	putative pfs domain-containing protein
gene_12365	578	hypothetical protein
gene_12366	277	putative LysM domain-containing protein
gene_12367	198	putative ran-interacting Mog1 protein
gene_12368	556	arylsulfatase
gene_12369	1514	hypothetical protein
gene_1237	286	Transcriptional regulation of mitochondrial recombination-domain containing protein
gene_12370	89	hypothetical protein
gene_12371	446	putative polygalacturonase
gene_12372	476	putative aminotransferase
gene_12373	1053	hypothetical protein
gene_12374	491	putative endo-beta-1,6-galactanase
gene_12375	578	putative calcium/proton exchanger
gene_12376	694	Protein of unknown function (DUF3292)-domain containing protein
gene_12377	1052	P-loop containing nucleoside triphosphate hydrolase protein
gene_12378	711	putative metallopeptidase MepB
gene_12379	482	aminotransferase
gene_1238	401	putative CoA-transferase family III
gene_12380	138	putative RNA polymerase II transcription mediator
gene_12382	1119	putative muts domain V
gene_12383	857	putative RNA recognition domain-containing protein
gene_12384	1147	vegetative incompatibility protein HET-E-1
gene_12385	526	putative catalase
gene_12386	473	hypothetical protein
gene_12387	550	hypothetical protein
gene_12388	735	putative fungal-specific transcription factor domain-containing protein
gene_12389	550	putative FAD binding domain-containing protein
gene_1239	1842	P-loop containing nucleoside triphosphate hydrolase protein
gene_12390	102	hypothetical protein
gene_12391	802	hypothetical protein
gene_12392	141	hypothetical protein
gene_12393	639	Protein of unknown function (DUF4050)-domain containing protein
gene_12394	628	elongation factor Tu GTP binding domain-containing protein EFQ25314.1 elongation factor Tu GTP binding domain-containing protein
gene_12395	805	histone-lysine N-methyltransferase, H3 lysine-79 specific
gene_12396	405	putative male sterility protein
gene_12397	467	Ergosterol biosynthesis ERG4/ERG24
gene_12398	322	hypothetical protein
gene_12399	196	putative translation machinery-associated protein 22
gene_124	327	dienelactone hydrolase
gene_1240	395	putative repair protein Rad1/Rec1/Rad17
gene_12400	401	Casein kinase II regulatory subunit-domain containing protein
gene_12401	301	hypothetical protein
gene_12402	196	putative CFEM domain-containing protein
gene_12403	92	hypothetical protein
gene_12405	305	hypothetical protein
gene_12406	1228	hypothetical protein
gene_12407	301	hypothetical protein
gene_12408	529	putative lactose permease
gene_12409	342	ribose 5-phosphate isomerase a
gene_1241	475	putative eukaryotic aspartyl protease
gene_12410	881	hypothetical protein
gene_12411	1099	hypothetical protein
gene_12412	568	putative ferric reductase like transmembrane component
gene_12413	578	hypothetical protein
gene_12414	694	hypothetical protein
gene_12415	240	putative MFS transporter
gene_12416	1048	putative alpha-glucuronidase A
gene_12417	708	putative DEAD/DEAH box helicase
gene_12418	768	putative endonuclease/Exonuclease/phosphatase
gene_12419	492	putative pyridoxal-dependent decarboxylase
gene_1242	495	putative RNA polymerase Rpb7-like domain-containing protein
gene_12420	5613	hypothetical protein
gene_12421	422	hypothetical protein
gene_12422	203	transcription initiation factor TFIID subunit 10
gene_12423	117	putative Tim10/DDP family zinc finger protein
gene_12424	317	putative NmrA-like family protein
gene_12425	472	putative argonaute siRNA chaperone complex subunit Arb1
gene_12426	384	putative endoglucanase
gene_12427	1367	putative cytochrome b5-like Heme/Steroid binding domain-containing protein
gene_12428	50	Mitochondrial outer membrane translocase complex, subunit Tom5
gene_12429	741	Dor1-like family protein OBR05170.1 Dor1-like family protein
gene_1243	955	putative glycosyl hydrolase family 3 N terminal domain-containing protein
gene_12430	147	putative hypersensitive response-inducing protein
gene_12431	426	endochitinase OBR02105.1 endochitinase
gene_12432	634	putative calcineurin-like phosphoesterase
gene_12433	498	putative glycosyl hydrolase family 43 protein
gene_12434	550	hypothetical protein
gene_12435	345	hypothetical protein
gene_12436	293	hypothetical protein
gene_12437	704	putative E1-like protein-activating enzyme Gsa7p/Apg7p
gene_12438	329	putative scavenger mRNA decapping enzyme
gene_12439	153	hypothetical protein
gene_1244	301	hypothetical protein
gene_12440	519	ATPase
gene_12441	346	putative transmembrane alpha-helix domain-containing protein
gene_12442	614	TAP-like protein-domain containing protein
gene_12443	642	hypothetical protein
gene_12444	78	hypothetical protein
gene_12445	377	hypothetical protein
gene_12446	181	hypothetical protein
gene_12447	294	hypothetical protein
gene_12448	368	hypothetical protein
gene_12449	1643	6c6d08f8-8b27-48d1-a5e9-ee3a8a61eadc
gene_1245	995	putative peptidase M16 inactive domain-containing protein
gene_12450	488	putative high-affinity nicotinic acid transporter
gene_12451	1191	pyruvate carboxylase
gene_12453	675	hypothetical protein
gene_12454	724	protein arginine N-methyltransferase 2
gene_12455	528	hypothetical protein
gene_12456	87	hypothetical protein
gene_12457	718	autophagy-like protein 3
gene_12458	528	putative calcineurin-like phosphoesterase
gene_12459	304	putative fungal cellulose binding domain-containing protein
gene_1246	210	Protein of unknown function (DUF3605)-domain containing protein
gene_12460	619	putative dimethylaniline monooxygenase
gene_12461	604	CRAL/TRIO domain-containing protein
gene_12462	505	Major facilitator superfamily domain-containing protein
gene_12463	114	hypothetical protein
gene_12464	603	hypothetical protein
gene_12465	206	putative V-type ATPase
gene_12466	478	putative SET domain-containing protein
gene_12467	208	hypothetical protein
gene_12468	433	hypothetical protein
gene_12469	88	hypothetical protein
gene_1247	452	Protein of unknown function DUF89-domain containing protein
gene_12470	365	hypothetical protein
gene_12471	496	hypothetical protein
gene_12473	145	putative hydroxyisourate hydrolase
gene_12474	373	putative 2OG-Fe(II)oxygenase superfamily protein
gene_12475	145	vacuolar calcium ion transporter
gene_12476	333	putative phytanoyl-CoA dioxygenase
gene_12477	790	maleylacetate
gene_12478	804	P-loop containing nucleoside triphosphate hydrolase protein
gene_12479	754	hypothetical protein
gene_12480	271	hypothetical protein
gene_12481	578	putative BZIP transcription factor
gene_12482	283	hypothetical protein
gene_12483	152	hypothetical protein
gene_12484	834	putative FAD dependent oxidoreductase
gene_12485	196	putative PRELI-like family protein
gene_12486	459	putative 5'-AMP-activated protein kinase
gene_12487	511	hypothetical protein
gene_12488	278	putative metalloprotease
gene_12489	201	hypothetical protein
gene_1249	826	Mitochondrial small ribosomal subunit Rsm22-domain containing protein
gene_12490	225	family 11 putative glycosyl hydrolase
gene_12491	511	major facilitator superfamily transporter KAF4777686.1 major facilitator superfamily transporter
gene_12492	413	peptidase family M20/M25/M40 EFQ36822.1 peptidase family M20/M25/M40
gene_12493	509	Citrate synthase-like protein
gene_12494	386	putative pectate lyase
gene_12495	377	Mitochondrial carrier domain-containing protein
gene_12496	548	putative DEAD/DEAH box helicase
gene_12497	573	putative acetyl-CoA transporter 1
gene_12498	228	putative AhpC/TSA family protein
gene_12499	396	hypothetical protein
gene_125	567	putative F-box domain-containing protein
gene_1250	336	putative SUR7 protein
gene_12500	302	putative macro domain-containing protein
gene_12502	247	hypothetical protein
gene_12503	232	putative 3,4-dihydroxy-2-butanone 4-phosphate synthase
gene_12504	702	hypothetical protein
gene_12505	437	hypothetical protein
gene_12506	1869	putative Sec7 domain-containing protein
gene_12507	843	putative PP-loop family protein
gene_12508	563	putative major facilitator superfamily transporter
gene_12509	286	Alpha/Beta hydrolase fold
gene_1251	443	hypothetical protein
gene_12510	362	putative WD domain-containing protein
gene_12511	1134	hypothetical protein
gene_12512	716	family 20 putative glycosyl hydrolase
gene_12513	516	putative major facilitator superfamily transporter
gene_12514	567	hypothetical protein
gene_12515	522	family 71 putative glycosyltransferase
gene_12516	839	hypothetical protein
gene_12517	434	putative oxidoreductase family protein
gene_12518	663	putative MADS-box MEF2 type transcription factor
gene_12519	703	Heterokaryon incompatibility protein (HET)-domain containing protein
gene_1252	144	Rpb4 EFQ28737.1 RNA polymerase
gene_12520	186	hypothetical protein
gene_12521	661	histone acetylation protein 2
gene_12522	289	Domain of unknown function (DUF3328)-domain containing protein
gene_12523	144	putative response regulator receiver protein
gene_12524	447	putative amidohydrolase
gene_12525	830	Pro-apoptotic serine protease NMA111
gene_12526	391	putative methanesulfonate monooxygenase
gene_12527	895	putative chitin synthase
gene_12528	168	putative phosphotyrosine protein phosphatase
gene_1253	588	Fungal specific transcription factor domain-domain containing protein
gene_12530	203	hypothetical protein
gene_12531	280	hypothetical protein
gene_12532	535	putative cytochrome P450
gene_12533	1131	Uncharacterized alpha/beta hydrolase domain (DUF2235)-domain containing protein
gene_12534	263	putative class II aldolase and Adducin domain-containing protein
gene_12535	306	hypothetical protein
gene_12536	425	hypothetical protein
gene_12537	330	putative zinc-binding dehydrogenase
gene_12538	626	putative DWNN domain-containing protein
gene_12539	202	hypothetical protein
gene_1254	60	hypothetical protein
gene_12540	405	Pc21g15030 CAP96400.1 Pc21g15030
gene_12541	264	hypothetical protein
gene_12543	449	putative adenosylhomocysteinase
gene_12544	488	hypothetical protein
gene_12545	121	zinc finger protein OHX00243.1 zinc finger protein
gene_12546	791	putative La domain-containing protein
gene_12547	256	ribosomal S3Ae family protein KDN70988.1 putative ribosomal S3Ae family protein KXH57815.1 ribosomal S3Ae family protein KZL82739.1 40s ribosomal protein s1 TKW56447.1 40S ribosomal protein S1 EFQ28170.1 ribosomal S3Ae family protein
gene_12548	1539	hypothetical protein
gene_12549	332	putative short chain dehydrogenase
gene_1255	364	hypothetical protein
gene_12550	499	putative phosphotransferase
gene_12551	210	putative thioesterase superfamily protein
gene_12552	268	hypothetical protein
gene_12553	1647	Hydantoinase B/oxoprolinase-domain containing protein
gene_12554	464	lysine-specific demethylase 4c-like protein
gene_12555	126	hypothetical protein
gene_12556	579	putative Alg9-like mannosyltransferase
gene_12557	666	hypothetical protein
gene_12558	482	hypothetical protein
gene_12559	381	hypothetical protein
gene_1256	572	putative GMC oxidoreductase
gene_12560	424	hypothetical protein
gene_12561	404	hypothetical protein
gene_12562	450	hypothetical protein
gene_12563	806	putative subtilase
gene_12564	240	Alpha/Beta hydrolase fold
gene_12565	205	putative metallophosphoesterase domain-containing protein
gene_12566	551	putative cytochrome P450
gene_12567	1491	putative hsp90-like protein
gene_12568	118	hypothetical protein
gene_12569	230	hypothetical protein
gene_12570	841	RNA12 protein-domain containing protein
gene_12571	450	Alpha/Beta hydrolase fold
gene_12572	613	putative WD domain-containing protein
gene_12573	892	putative peptidase S41 family protein
gene_12574	406	Alpha/Beta hydrolase fold
gene_12575	198	hypothetical protein
gene_12576	971	putative PA domain-containing protein
gene_12577	361	glycerate dehydrogenase
gene_12578	982	Uncharacterised ACR, YagE family COG1723-domain containing protein
gene_12579	151	ribosomal protein S11 KDN65003.1 putative ribosomal protein S11 KZL67416.1 40s ribosomal protein s14 KZL77180.1 40S ribosomal protein S14 EFQ25070.1 ribosomal protein S11 OHW91237.1 40s ribosomal protein s14
gene_1258	345	putative short-chain dehydrogenase
gene_12580	468	putative heterokaryon incompatibility protein
gene_12582	227	hypothetical protein
gene_12583	309	hypothetical protein
gene_12584	992	putative BRO1-like domain-containing protein
gene_12585	488	hypothetical protein
gene_12586	387	hypothetical protein
gene_12587	583	GTP-binding protein
gene_12589	188	putative 2Fe-2S iron-sulfur cluster binding domain-containing protein
gene_1259	1052	P-loop containing nucleoside triphosphate hydrolase protein
gene_12590	649	Protein of unknown function (DUF3176)-domain containing protein
gene_12591	76	putative CVNH domain-containing protein
gene_12592	1037	putative alpha-glucuronidase A
gene_12593	210	hypothetical protein
gene_12594	1070	hypothetical protein
gene_12595	824	putative acyltransferase
gene_12596	140	40s ribosomal protein s21
gene_12597	792	histone deacetylase
gene_12598	468	hypothetical protein
gene_12599	1060	putative glyco protein X
gene_126	1082	putative cytochrome P450
gene_1260	603	Protein kinase-like domain-containing protein
gene_12600	183	hypothetical protein
gene_12601	408	putative cutinase 3
gene_12602	203	hypothetical protein
gene_12603	361	putative D-isomer specific 2-hydroxyacid dehydrogenase
gene_12604	418	putative heterokaryon incompatibility protein
gene_12605	625	putative KilA-N domain-containing protein
gene_12607	742	aldehyde dehydrogenase
gene_12608	330	hypothetical protein
gene_12609	273	14-3-3 protein OBR15797.1 14-3-3 protein TID04189.1 14-3-3 family protein
gene_1261	375	hypothetical protein
gene_12610	259	hypothetical protein
gene_12612	356	putative metallo-beta-lactamase superfamily protein
gene_12613	78	hypothetical protein
gene_12614	748	Protein kinase-like domain-containing protein
gene_12615	691	putative ATPase
gene_12616	136	putative ribosomal L32p family protein
gene_12617	388	putative ribosomal protein L2
gene_12618	989	asparagine--tRNA ligase, cytoplasmic
gene_12619	1051	Nuclear condensing complex subunits, C-term domain-domain containing protein
gene_1262	560	putative ATP synthase F1
gene_12620	488	Major facilitator superfamily domain-containing protein
gene_12621	733	hypothetical protein
gene_12622	286	hypothetical protein
gene_12623	347	oxidoreductase NAD-binding rossmann fold-containing protein
gene_12624	2055	putative AMP-binding enzyme
gene_12625	657	Ankyrin repeat-containing domain protein
gene_12626	1005	putative rnapii degradation factor def1
gene_12627	385	Lactonase, 7-bladed beta-propeller-domain containing protein
gene_12628	505	putative peptidase family M28
gene_12629	284	glycosyl hydrolase
gene_1263	515	putative chitinase 1
gene_12630	223	Tubby C-terminal-like domain-containing protein
gene_12631	277	hypothetical protein
gene_12632	94	hypothetical protein
gene_12633	721	putative MCM2/3/5 family protein
gene_12634	116	hypothetical protein
gene_12635	199	hypothetical protein
gene_12636	173	ribosomal L5P family protein EFQ31302.1 ribosomal L5P family protein KDN64317.1 putative ribosomal L5P family protein
gene_12637	575	putative WSC domain-containing protein
gene_12638	501	hypothetical protein
gene_12639	1147	protein ABC1-like protein, mitochondrial
gene_1264	480	putative RecQ family ATP-dependent DNA helicase
gene_12640	518	putative PRO1A C6 zink-finger protein
gene_12641	532	General substrate transporter
gene_12642	456	putative dual specificity phosphatase
gene_12643	354	putative parallel beta-helix repeat protein
gene_12644	807	putative multidrug resistance protein fnx1
gene_12645	1048	family 43 putative glycosyl hydrolase
gene_12646	88	hypothetical protein
gene_12648	292	putative PHB depolymerase family esterase
gene_12649	108	hypothetical protein
gene_1265	482	Ankyrin repeat-containing domain protein
gene_12650	964	hypothetical protein
gene_12651	1060	Yeast cortical protein KAR9-domain containing protein
gene_12652	361	hypothetical protein
gene_12653	231	hypothetical protein
gene_12654	306	PAP2 superfamily protein EFQ31389.1 PAP2 superfamily protein
gene_12655	381	hypothetical protein
gene_12656	606	putative annexin
gene_12657	200	hypothetical protein
gene_12658	724	Heterokaryon incompatibility protein (HET)-domain containing protein
gene_12659	665	putative sucrose transporter
gene_1266	1731	putative GTPase
gene_12660	436	hypothetical protein
gene_12661	617	hypothetical protein
gene_12662	432	putative MGT family glycosyltransferase
gene_12663	752	hypothetical protein
gene_12664	891	putative U3 small nucleolar RNA-associated protein
gene_12666	1420	putative cytochrome b5-like Heme/Steroid binding domain-containing protein
gene_12668	1030	hypothetical protein
gene_12669	369	Luciferase-like domain-containing protein
gene_1267	459	hypothetical protein
gene_12670	299	putative beta-glucanase
gene_12671	151	cupin domain-containing protein EFQ31939.1 cupin domain-containing protein
gene_12672	305	putative coagulation factor 5/8 type domain-containing protein
gene_12673	150	putative stress responsive A/B barrel domain-containing protein
gene_12675	282	putative fungal chitosanase
gene_12676	828	putative M6 family metalloprotease domain-containing protein
gene_12677	230	hypothetical protein
gene_12678	294	putative ABC transporter
gene_12679	973	CoA-transferase family III domain-containing protein
gene_1268	55	hypothetical protein
gene_12680	724	hypothetical protein
gene_12681	342	putative polyamine transporter 1
gene_12683	407	putative capsule polysaccharide biosynthesis protein
gene_12684	1034	putative FACT complex subunit
gene_12685	533	putative cystathionine beta-synthase
gene_12686	203	hypothetical protein
gene_12687	462	putative cyclin
gene_12688	509	putative major facilitator superfamily transporter
gene_12689	505	hypothetical protein
gene_1269	684	putative fungal-specific transcription factor domain-containing protein
gene_12690	241	putative alpha-acetolactate decarboxylase
gene_12691	72	AN1-type zinc finger protein KDN71843.1 putative AN1-type zinc finger protein KZL74702.1 AN1-type zinc finger protein OHW93797.1 AN1-type zinc finger protein TIC92326.1 AN1-type zinc finger protein TMC1 TQN71297.1 AN1-type zinc finger protein TMC1
gene_12692	1099	ATP-dependent permease
gene_12693	801	Rgp1-domain containing protein
gene_12694	857	putative CDC45-like protein
gene_12695	416	extracellular protein OHW97185.1 extracellular protein
gene_12696	1394	putative ATPase
gene_12697	492	putative major facilitator superfamily transporter
gene_12698	402	putative TfdA family taurine catabolism dioxygenase TauD
gene_12699	68	translation machinery-associated protein 7
gene_127	102	hypothetical protein
gene_1270	468	hypothetical protein
gene_12700	363	hypothetical protein
gene_12701	179	hypothetical protein
gene_12702	676	putative methylenetetrahydrofolate reductase
gene_12703	975	cytochrome P450 4g15
gene_12704	56	hypothetical protein
gene_12705	316	hypothetical protein
gene_12706	1219	hypothetical protein
gene_12708	449	hypothetical protein
gene_12709	95	hypothetical protein
gene_1271	402	hypothetical protein
gene_12710	216	hypothetical protein
gene_12711	324	putative aldo/keto reductase
gene_12712	419	hypothetical protein
gene_12713	208	hypothetical protein
gene_12714	1027	putative Rad4 transglutaminase-like domain-containing protein
gene_12715	330	hypothetical protein
gene_12716	448	tubulin/FtsZ family protein EFQ36640.1 tubulin/FtsZ family protein
gene_12717	280	hypothetical protein
gene_12718	327	hypothetical protein
gene_12719	304	putative fatty acid hydroxylase superfamily protein
gene_1272	231	hypothetical protein
gene_12720	221	putative ribosomal protein L10.e
gene_12721	108	hypothetical protein
gene_12722	173	hypothetical protein
gene_12723	774	putative zinc knuckle domain-containing protein
gene_12724	750	putative fungal-specific transcription factor domain-containing protein
gene_12725	450	Ketopantoate reductase PanE/ApbA C terminal-domain containing protein
gene_12726	810	putative alpha-L-fucosidase
gene_12727	236	hypothetical protein
gene_12728	341	hypothetical protein
gene_12729	610	putative aspartic proteinase
gene_1273	981	putative heterokaryon incompatibility protein
gene_12730	920	putative TBC domain-containing protein
gene_12732	595	Protein of unknown function (DUF2841)-domain containing protein
gene_12733	486	hypothetical protein
gene_12734	280	hypothetical protein
gene_12735	1115	hypothetical protein
gene_12736	830	putative tetratricopeptide
gene_12737	574	putative methylmalonate-semialdehyde dehydrogenase
gene_12738	567	putative beta-lactamase
gene_12739	152	hypothetical protein
gene_1274	1256	Protein of unknown function (DUF3723)-domain containing protein
gene_12740	314	putative methylthioadenosine phosphorylase
gene_12741	469	putative transmembrane amino acid transporter
gene_12742	763	Cytidylyltransferase family-domain containing protein
gene_12743	326	hypothetical protein
gene_12744	744	hypothetical protein
gene_12745	110	hypothetical protein
gene_12746	552	hypothetical protein
gene_12747	236	Ankyrin repeat-containing domain protein
gene_12748	1085	putative nrap protein
gene_12749	1078	glutathione s-transferase
gene_1275	2676	putative beta-ketoacyl synthase domain-containing protein
gene_12750	1408	putative exocyst complex component Sec3
gene_12751	243	putative clathrin light chain
gene_12752	261	hypothetical protein
gene_12753	556	hypothetical protein
gene_12754	308	hypothetical protein
gene_12755	605	hypothetical protein
gene_12756	101	hypothetical protein
gene_12757	473	Heat-labile enterotoxin alpha chain-domain containing protein
gene_12758	1239	putative calcium-translocating P-type ATPase
gene_12759	933	putative DNA repair protein
gene_1276	387	putative S-methyl-5-thioribose-1-phosphate isomerase
gene_12760	264	putative YisB protein
gene_12761	792	histone deacetylase
gene_12762	828	Peptidase S8/S53 domain-containing protein
gene_12763	306	putative WW domain-containing protein
gene_12764	693	Mis6-domain containing protein
gene_12765	1017	putative adaptor complexes medium subunit family protein
gene_12766	121	hypothetical protein
gene_12767	716	hypothetical protein
gene_12768	351	hypothetical protein
gene_12769	598	putative HET domain-containing protein
gene_1277	147	hypothetical protein
gene_12770	430	hypothetical protein
gene_12771	101	hypothetical protein
gene_12772	267	hypothetical protein
gene_12773	154	hypothetical protein
gene_12774	167	putative ubiquitin-conjugating enzyme
gene_12776	97	hypothetical protein
gene_12777	354	putative alcohol dehydrogenase GroES-like domain-containing protein
gene_12778	373	putative RNase H domain-containing protein
gene_12779	120	hypothetical protein
gene_1278	388	hypothetical protein
gene_12780	118	hypothetical protein
gene_12781	75	hypothetical protein
gene_12782	333	putative SURF1 family protein
gene_12783	1042	family 35 putative glycosyl hydrolase
gene_12784	297	GPN-loop GTPase
gene_12785	124	hypothetical protein
gene_12786	110	Mitochondrial ribosomal protein L31-domain containing protein
gene_12787	172	putative RNAse P Rpr2/Rpp21/SNM1 subunit domain-containing protein
gene_12788	279	hypothetical protein
gene_12789	1613	putative SNF2 family domain-containing protein
gene_1279	798	hypothetical protein
gene_12790	496	hypothetical protein
gene_12791	258	putative phosphoadenosine phosphosulfate reductase
gene_12792	979	alpha/beta hydrolase fold-domain containing protein
gene_12793	261	hypothetical protein
gene_12794	207	hypothetical protein
gene_12795	278	Domain of unknown function (DUF3328)-domain containing protein
gene_12796	313	hypothetical protein
gene_12797	984	protein BTN1
gene_12798	1548	P-loop containing nucleoside triphosphate hydrolase protein
gene_12799	509	putative histidine acid phosphatase
gene_128	273	putative enoyl-CoA hydratase/isomerase
gene_1280	338	hypothetical protein
gene_12800	1541	putative transcription mediator subunit Med12
gene_12801	357	Domain of unknown function (DUF3425)-domain containing protein
gene_12802	330	hypothetical protein
gene_12803	861	hypothetical protein
gene_12804	291	hypothetical protein
gene_12806	384	putative ELL-associated factor
gene_12807	362	putative fructose-bisphosphate aldolase
gene_12808	670	CPA1 family monovalent cation:H+ antiporter
gene_12809	606	hypothetical protein
gene_1281	148	cAMP-regulated phosphoprotein/endosulfine conserved region-domain containing protein
gene_12810	485	putative SAM domain-containing protein
gene_12811	3114	hypothetical protein
gene_12812	697	hypothetical protein
gene_12813	972	putative SAM domain-containing protein
gene_12814	272	hypothetical protein
gene_12815	362	putative FAD dependent oxidoreductase
gene_12816	150	putative RNA polymerase Rpb8
gene_12817	293	hypothetical protein
gene_12818	897	hypothetical protein
gene_12819	346	putative chitin deacetylase
gene_1282	560	putative prenylcysteine oxidase
gene_12820	776	putative peptidase family M13
gene_12821	694	Fungal specific transcription factor domain-domain containing protein
gene_12822	219	hypothetical protein
gene_12823	2024	putative 1,3-beta glucanase
gene_12824	485	putative dienelactone hydrolase
gene_12825	499	hypothetical protein
gene_12826	383	putative tat pathway signal sequence
gene_12827	696	putative phenol hydroxylase
gene_12828	396	hypothetical protein
gene_1283	324	putative OTU-like cysteine protease
gene_12830	391	putative PHB depolymerase family esterase
gene_12831	93	hypothetical protein
gene_12832	638	hypothetical protein
gene_12833	147	putative acetyltransferase
gene_12834	2409	Transport protein Trs120 or TRAPPC9, TRAPP II complex subunit-domain containing protein
gene_12835	245	hypothetical protein
gene_12836	272	putative alanyl-tRNA synthetase
gene_12837	175	hypothetical protein
gene_12838	572	putative amino acid permease
gene_12839	631	hypothetical protein
gene_1284	334	putative malate dehydrogenase
gene_12840	282	putative methyltransferase domain-containing protein
gene_12841	457	Branched-chain alpha-ketoacid dehydrogenase kinase/Pyruvate dehydrogenase kinase
gene_12842	1560	Dolichyl-diphosphooligosaccharide--protein glycosyltransferase subunit stt3
gene_12843	336	hypothetical protein
gene_12844	357	putative GNS1/SUR4 family protein
gene_12845	215	putative ctr copper transporter
gene_12846	518	hypothetical protein
gene_12847	366	hypothetical protein
gene_12848	177	hypothetical protein
gene_12849	1767	Prion-inhibition and propagation-domain containing protein
gene_1285	379	hypothetical protein
gene_12850	745	putative DNA mismatch repair protein MutL
gene_12851	81	hypothetical protein
gene_12852	133	hypothetical protein
gene_12853	207	hypothetical protein
gene_12854	703	putative helicase associated domain-containing protein
gene_12855	540	putative NTF2 and RRM domain-containing protein
gene_12856	874	hypothetical protein
gene_12857	490	hypothetical protein
gene_12858	375	Domain of unknown function (DUF2431)-domain containing protein
gene_12859	583	putative ferric reductase like transmembrane component
gene_1286	135	hypothetical protein
gene_12860	811	alpha-1,3/1,6-mannosyltransferase alg-2
gene_12861	251	fungal cellulose binding domain-containing protein EFQ36036.1 fungal cellulose binding domain-containing protein
gene_12862	128	hypothetical protein
gene_12863	243	eb1-like domain-containing protein OHW92163.1 calponin-like actin-binding protein
gene_12864	768	putative phosphatidylinositol-specific phospholipase C
gene_12865	2100	putative acyl transferase domain-containing protein
gene_12866	526	hypothetical protein
gene_12867	430	copper fist DNA binding domain-containing protein
gene_12869	250	putative malate dehydrogenase
gene_1287	115	hypothetical protein
gene_12870	191	putative ribosomal protein S4
gene_12871	274	putative DnaJ domain-containing protein
gene_12872	756	hypothetical protein
gene_12873	232	necrosis inducing protein
gene_12874	447	putative succinate-CoA ligase
gene_12875	507	putative rab protein geranylgeranyltransferase component A
gene_12876	511	hypothetical protein
gene_12877	403	putative chitin recognition protein
gene_12878	72	dash complex subunit dad4 OHW97203.1 DASH complex subunit dad4 TKW53324.1 DASH complex subunit dad4 TQN73142.1 DASH complex subunit dad4 CCF41130.1 DASH complex subunit Dad4
gene_12879	481	hypothetical protein
gene_1288	1003	hypothetical protein
gene_12880	151	hypothetical protein
gene_12882	180	putative HHE domain-containing protein
gene_12883	2414	putative mycocerosic acid synthase
gene_12884	397	hypothetical protein
gene_12885	1104	D-lactate dehydrogenase
gene_12886	328	hypothetical protein
gene_12887	494	putative HK97 family phage prohead protease
gene_12888	509	putative major facilitator superfamily transporter
gene_12889	142	hypothetical protein
gene_1289	435	putative myosin-like coiled-coil protein
gene_12890	1200	hypothetical protein
gene_12891	461	ADP ATP carrier protein
gene_12892	408	hypothetical protein
gene_12893	746	hypothetical protein
gene_12894	538	putative carboxylesterase
gene_12895	388	hypothetical protein
gene_12896	2344	putative beta-ketoacyl synthase domain-containing protein
gene_12897	1463	BRO1-like domain-domain containing protein
gene_12898	174	hypothetical protein
gene_12899	560	putative hexokinase
gene_129	414	putative pyoverdine/dityrosine biosynthesis protein
gene_1290	525	cdp-diacylglycerol-glycerol-3-phosphate 3-phosphatidyltransferase
gene_12900	465	putative glucose sorbosone dehydrogenase
gene_12901	1235	putative helicase associated domain-containing protein
gene_12902	166	hypothetical protein
gene_12903	541	General substrate transporter
gene_12904	915	putative fungal-specific transcription factor domain-containing protein
gene_12905	262	hypothetical protein
gene_12906	512	HECT-like Ubiquitin-conjugating enzyme (E2)-binding-domain containing protein
gene_12907	1058	MBOAT, membrane-bound O-acyltransferase family-domain containing protein
gene_12908	349	Carbon-nitrogen hydrolase
gene_12909	262	Concanavalin A-like lectin/glucanase domain-containing protein
gene_1291	266	hypothetical protein
gene_12910	595	putative aromatic amino acid aminotransferase
gene_12911	562	putative cytochrome P450 monooxygenase
gene_12912	81	hypothetical protein
gene_12913	353	putative zinc-binding dehydrogenase
gene_12914	85	hypothetical protein
gene_12915	879	hypothetical protein
gene_12916	233	hypothetical protein
gene_12917	282	hypothetical protein
gene_12918	206	putative tetratricopeptide
gene_12919	572	hypothetical protein
gene_1292	231	hypothetical protein
gene_12920	222	hypothetical protein
gene_12921	256	hypothetical protein
gene_12922	1260	putative SET domain-containing protein
gene_12923	2375	putative myosin class II heavy chain
gene_12924	879	putative heterokaryon incompatibility protein Het-C
gene_12925	776	putative fungal-specific transcription factor domain-containing protein
gene_12926	133	hype protein
gene_12927	176	hypothetical protein
gene_12928	332	putative SRPK2 bound unphosphorylated
gene_12929	230	Ankyrin repeat-containing domain protein
gene_1293	345	putative D-isomer specific 2-hydroxyacid dehydrogenase
gene_12930	61	hypothetical protein
gene_12931	164	hypothetical protein
gene_12932	291	putative chromo domain-containing protein
gene_12933	230	hypothetical protein
gene_12934	314	putative ubiquinone/menaquinone biosynthesis methyltransferase
gene_12935	388	putative inositol polyphosphate kinase
gene_12936	930	hypothetical protein
gene_12937	88	hypothetical protein
gene_12938	338	NADP-dependent oxidoreductase domain-containing protein
gene_12939	550	putative alpha-galactosidase
gene_1294	457	putative developmental regulator VelB
gene_12940	521	putative major facilitator superfamily transporter
gene_12941	568	putative kelch repeat protein
gene_12942	337	hypothetical protein
gene_12943	222	family 11 putative glycosyl hydrolase
gene_12945	287	putative isochorismatase
gene_12946	516	putative major facilitator superfamily transporter
gene_12947	345	Protein of unknown function (DUF1295)-domain containing protein
gene_12948	210	laccase
gene_12949	809	putative kelch repeat protein
gene_1295	710	putative UBA/TS-N domain-containing protein
gene_12950	614	putative POT family protein
gene_12951	1789	hypothetical protein
gene_12952	1346	casein kinase II subunit beta-2
gene_12954	164	hypothetical protein
gene_12956	560	putative hsp70-like protein
gene_12957	456	putative arrestin domain-containing protein
gene_12958	189	putative extracellular serine-rich protein
gene_12959	1156	hypothetical protein
gene_1296	1353	putative HECT-domain-containing protein
gene_12960	539	ICE2-domain containing protein
gene_12961	2512	Acyl transferase domain-domain containing protein
gene_12962	248	Protein kinase-like domain-containing protein
gene_12963	159	hypothetical protein
gene_12964	551	General substrate transporter
gene_12965	772	putative OPT family small oligopeptide transporter
gene_12966	422	putative domain found in IF2B/IF5
gene_12967	412	hypothetical protein
gene_12968	251	Phosphatidylethanolamine-binding protein PEBP
gene_12969	889	putative glycosyl hydrolase family 3 N terminal domain-containing protein
gene_1297	327	Alpha/Beta hydrolase fold
gene_12970	362	Alpha/Beta hydrolase fold
gene_12971	261	hypothetical protein
gene_12972	99	hypothetical protein
gene_12973	270	hypothetical protein
gene_12974	1321	Hydantoinase B/oxoprolinase-domain containing protein
gene_12975	728	putative ferric reductase like transmembrane component
gene_12976	337	putative zeta toxin
gene_12977	1192	hypothetical protein
gene_12978	364	integral membrane protein EFQ32649.1 integral membrane protein
gene_12979	427	putative oxidoreductase
gene_1298	373	hypothetical protein
gene_12980	322	hypothetical protein
gene_12982	1778	Rap1-interacting factor 1 N terminal-domain containing protein
gene_12983	1030	Cytochrome P450
gene_12984	619	putative helix-loop-helix DNA-binding domain-containing protein
gene_12985	366	hypothetical protein
gene_12986	589	putative FAD binding domain-containing protein
gene_12987	839	putative Cullin family protein
gene_12988	494	hypothetical protein
gene_12989	1200	putative calcium-translocating P-type ATPase
gene_1299	49	hypothetical protein
gene_12990	597	putative major facilitator superfamily transporter
gene_12991	317	hypothetical protein
gene_12993	250	hypothetical protein
gene_12994	107	putative FMC1 protein family
gene_12995	138	hypothetical protein
gene_12996	249	hypothetical protein
gene_12997	439	hypothetical protein
gene_12998	565	putative AMP-binding enzyme
gene_12999	166	hypothetical protein
gene_130	223	hypothetical protein
gene_1300	800	putative histone-lysine N-methyltransferase SET9
gene_13000	431	putative casein kinase II beta 2 subunit
gene_13001	1442	hypothetical protein
gene_13002	243	hypothetical protein
gene_13003	963	Domain of unknown function (DUF3543)-domain containing protein
gene_13004	286	family 71 putative glycosyl hydrolase
gene_13006	476	SecY subunit domain-containing protein
gene_13007	419	endochitinase OBR02105.1 endochitinase
gene_13008	1108	Pseudouridine synthase
gene_1301	291	Rrp15p-domain containing protein
gene_13010	321	hypothetical protein
gene_13011	228	histone H3 OBR03702.1 histone H3
gene_13012	341	putative ornithine decarboxylase antizyme
gene_13013	173	putative biotrophy-associated secreted protein 2
gene_13014	256	hypothetical protein
gene_13015	263	hypothetical protein
gene_13016	286	hypothetical protein
gene_13017	170	hypothetical protein
gene_13018	319	Transcriptional regulator-domain containing protein
gene_13019	564	General substrate transporter
gene_13020	334	putative cofilin/tropomyosin-type actin-binding protein
gene_13021	175	putative ribosomal protein S12
gene_13022	263	putative proteasome A-type and B-type
gene_13023	274	putative dephospho-CoA kinase
gene_13024	461	c6 finger domain-containing protein
gene_13025	266	hypothetical protein
gene_13027	671	hypothetical protein
gene_13028	648	hypothetical protein
gene_13029	393	Bromodomain-containing protein
gene_1303	299	putative RNA recognition domain-containing protein
gene_13030	972	hypothetical protein
gene_13031	301	hypothetical protein
gene_13032	589	hypothetical protein
gene_13034	382	putative methyltransferase domain-containing protein
gene_13035	108	hypothetical protein
gene_13036	578	hypothetical protein
gene_13037	360	hypothetical protein
gene_13038	813	duf890 domain-containing protein
gene_13039	163	Sedlin
gene_1304	384	hypothetical protein
gene_13040	990	hypothetical protein
gene_13041	1619	putative sulfite reductase flavo protein alpha-component
gene_13042	254	hypothetical protein
gene_13043	141	putative histone H2A.Z
gene_13044	210	putative HD domain-containing protein
gene_13046	930	hypothetical protein
gene_13047	684	hypothetical protein
gene_1305	213	hypothetical protein
gene_1306	508	hypothetical protein
gene_1307	275	putative major facilitator superfamily transporter
gene_1308	271	hypothetical protein
gene_1309	284	hypothetical protein
gene_1310	463	major facilitator superfamily transporter EFQ34468.1 major facilitator superfamily transporter
gene_1311	354	hypothetical protein
gene_1312	554	General substrate transporter
gene_1313	1655	putative BAH domain-containing protein
gene_1314	747	Domain of unknown function (DUF1793)-domain containing protein
gene_1315	233	hypothetical protein
gene_1316	570	putative transcription factor PAP1
gene_1317	131	putative complex 1 protein
gene_1318	63	transcriptional activator protein acu-15
gene_1319	836	hypothetical protein
gene_132	167	this family protein
gene_1320	169	hypothetical protein
gene_1321	950	putative dynamin family protein
gene_1322	536	hypothetical protein
gene_1323	1485	putative ATP-dependent RNA helicase PB1A10.06c
gene_1324	475	putative ergosterol biosynthesis ERG4/ERG24 family protein
gene_1325	795	duf1479 domain protein
gene_1326	793	putative ATP synthase F1
gene_1327	654	hypothetical protein
gene_1328	609	Glycosyl hydrolase, five-bladed beta-propellor domain-containing protein
gene_1329	700	ste like transcription factor OHW93307.1 transcription factor ste12
gene_133	112	hypothetical protein
gene_1330	677	putative Sodium:neurotransmitter symporter family protein
gene_1331	269	putative 14-3-3 family protein
gene_1332	540	Centromere kinetochore component CENP-T-domain containing protein
gene_1333	280	Peptidase S8/S53 domain-containing protein
gene_1334	212	hypothetical protein
gene_1335	293	family 10 putative glycosyl hydrolase
gene_1336	334	Pre-mRNA-splicing factor of RES complex-domain containing protein
gene_1337	478	putative cytochrome P450
gene_1338	203	putative emp24/gp25L/p24 family/GOLD
gene_1339	454	Tubulin/FtsZ family protein OBR04924.1 Tubulin/FtsZ family protein TIC93770.1 tubulin alpha chain TQN68998.1 tubulin alpha chain
gene_134	898	hypothetical protein
gene_1340	368	hypothetical protein
gene_1341	629	hypothetical protein
gene_1342	498	hypothetical protein
gene_1343	1043	putative oxoglutarate dehydrogenase
gene_1344	1005	putative F-box domain-containing protein
gene_1345	192	hypothetical protein
gene_1346	167	hypothetical protein
gene_1347	284	heavy-metal-associated domain-containing protein
gene_1348	421	hypothetical protein
gene_1349	580	putative cholinesterase
gene_135	184	putative FKBP-type peptidyl-prolyl cis-trans isomerase
gene_1350	485	putative homocitrate synthase
gene_1351	340	putative aldose 1-epimerase
gene_1352	326	hypothetical protein
gene_1353	773	Extradiol ring-cleavage dioxygenase, class III enzyme, subunit B
gene_1354	1130	Nup93/Nic96-domain containing protein
gene_1355	437	hypothetical protein
gene_1357	400	putative BNR/Asp-box repeat protein
gene_1358	130	cytochrome c oxidase
gene_1359	907	putative eukaryotic DNA topoisomerase I
gene_136	1314	Clustered mitochondria-domain containing protein
gene_1360	67	kinesin light chain 3
gene_1361	338	putative FHA domain-containing protein
gene_1362	395	hypothetical protein
gene_1363	779	GTPase-activating protein
gene_1364	237	hypothetical protein
gene_1365	895	putative DNA ligase I
gene_1366	558	putative F-box protein
gene_1367	553	hypothetical protein
gene_1368	163	hypothetical protein
gene_1369	84	hypothetical protein
gene_137	357	putative NUDIX domain-containing protein
gene_1371	827	putative heterokaryon incompatibility protein
gene_1372	313	putative fungal cellulose binding domain-containing protein
gene_1373	122	putative transcription factor S-II
gene_1374	219	putative RF-1 domain-containing protein
gene_1375	285	putative HpcH/HpaI aldolase
gene_1376	256	hypothetical protein
gene_1377	559	putative amidase
gene_1378	198	hypothetical protein
gene_1379	669	putative GMC oxidoreductase
gene_138	349	putative helix-loop-helix DNA-binding domain-containing protein
gene_1380	271	short-chain dehydrogenase
gene_1381	526	hypothetical protein
gene_1382	810	hypothetical protein
gene_1383	199	hypothetical protein
gene_1384	558	putative CFEM domain-containing protein
gene_1385	131	hypothetical protein
gene_1386	1733	hypothetical protein
gene_1387	362	putative phosphorylcholine phosphatase
gene_1388	250	hypothetical protein
gene_1389	242	ETC complex I subunit conserved region-domain containing protein
gene_139	152	hypothetical protein
gene_1390	177	hypothetical protein
gene_1391	738	hypothetical protein
gene_1392	192	putative peptidyl-tRNA hydrolase domain-containing protein
gene_1393	311	putative ent-kaurene oxidase
gene_1394	764	putative ATP-dependent metallopeptidase HflB
gene_1395	877	hypothetical protein
gene_1396	551	putative transferase
gene_1397	253	Ankyrin repeat-containing domain protein
gene_1398	579	putative major facilitator superfamily transporter
gene_1399	963	CobW/HypB/UreG, nucleotide-binding domain-domain containing protein
gene_14	399	hypothetical protein
gene_140	556	hypothetical protein
gene_1400	817	putative sulfate permease
gene_1401	1292	putative glucose-methanol-choline oxidoreductase
gene_1402	289	putative metalloprotease MEP1
gene_1403	454	Isotrichodermin C-15 hydroxylase
gene_1404	323	putative calcium/calmodulin dependent protein kinase
gene_1405	465	family 7 putative glycosyl hydrolase
gene_1406	421	L-galactose dehydrogenase
gene_1407	464	UbiD family decarboxylase
gene_1408	334	hypothetical protein
gene_1409	374	hypothetical protein
gene_141	347	lipase from carbohydrate esterase family ce10
gene_1410	1307	AAA domain-domain containing protein
gene_1412	228	Hydrophobic surface binding protein A-domain containing protein
gene_1413	1156	putative HECT-domain-containing protein
gene_1414	311	hypothetical protein
gene_1415	107	hypothetical protein
gene_1416	1022	putative DDHD domain-containing protein
gene_1417	951	02997686-06c4-4e8e-91a9-be7227c9bd3d
gene_1418	230	putative TAM domain methyltransferase
gene_1419	301	hypothetical protein
gene_142	506	hypothetical protein
gene_1420	443	putative VHS domain-containing protein
gene_1421	702	hypothetical protein
gene_1422	267	putative fork head domain-containing protein
gene_1423	812	metal ion transporter metal ion transporter
gene_1424	1497	hypothetical protein
gene_1425	235	uracil phosphoribosyltransferase
gene_1426	339	Reticulon-domain containing protein
gene_1427	791	putative DNA repair protein/CtIP
gene_1428	1146	hypothetical protein
gene_1429	734	Bromodomain-containing protein
gene_143	101	hypothetical protein
gene_1430	520	Protein kinase-like domain-containing protein
gene_1431	765	hypothetical protein
gene_1432	208	putative H/ACA ribonucleo protein complex subunit 1
gene_1433	654	putative F-box domain-containing protein
gene_1435	304	putative NmrA-like family protein
gene_1436	966	allantoin transport
gene_1437	394	putative fasciclin domain-containing protein
gene_1438	578	putative carboxylesterase
gene_1440	112	hypothetical protein
gene_1441	207	hypothetical protein
gene_1442	272	hypothetical protein
gene_1443	621	putative dual specificity phosphatase
gene_1444	138	putative ribonuclease
gene_1446	91	hypothetical protein
gene_1447	225	putative vivid PAS protein VVD
gene_1449	110	hypothetical protein
gene_145	619	SGT1 protein-domain containing protein
gene_1450	1119	putative TBC domain-containing protein
gene_1451	685	putative ubiquitin carboxyl-terminal hydrolase
gene_1452	544	Lung seven transmembrane receptor-domain containing protein
gene_1453	458	putative amidohydrolase
gene_1454	620	putative cytochrome P450
gene_1455	240	putative integral membrane protein
gene_1456	79	hypothetical protein
gene_1457	204	hypothetical protein
gene_1458	376	hypothetical protein
gene_146	269	hypothetical protein
gene_1460	234	putative peroxisomal biogenesis factor 11
gene_1461	478	putative cytochrome b5-like Heme/Steroid binding domain-containing protein
gene_1463	2432	putative FAT domain-containing protein
gene_1464	651	exosome complex component rrp4
gene_1465	94	putative oligosaccaryltransferase
gene_1466	713	putative asparagine synthase
gene_1467	1865	actin patch protein OBR14420.1 actin patch protein
gene_1468	145	hypothetical protein
gene_1469	260	hypothetical protein
gene_147	893	hypothetical protein
gene_1470	1325	hypothetical protein
gene_1471	339	putative fumarylacetoacetate hydrolase
gene_1472	490	putative proline dehydrogenase
gene_1473	990	putative telomere length regulation protein
gene_1474	172	putative acetyltransferase
gene_1475	691	hypothetical protein
gene_1476	597	Histidine phosphatase superfamily
gene_1477	524	hypothetical protein
gene_1478	719	hypothetical protein
gene_1479	328	putative short-chain dehydrogenase
gene_148	394	putative fungal cellulose binding domain-containing protein
gene_1480	587	hypothetical protein
gene_1481	297	putative tetraspanin
gene_1482	307	putative fatty acid hydroxylase superfamily protein
gene_1483	317	hypothetical protein
gene_1484	288	Mitochondrial 18 KDa protein (MTP18)-domain containing protein
gene_1485	412	putative exoglucanase 1
gene_1486	485	putative UBX domain-containing protein
gene_1487	322	putative GlcNAc-PI de-N-acetylase
gene_1488	606	putative GMC oxidoreductase
gene_1489	909	major facilitator superfamily transporter
gene_149	404	Protein of unknown function (DUF410)-domain containing protein
gene_1490	294	hypothetical protein
gene_1491	394	hypothetical protein
gene_1492	336	hypothetical protein
gene_1493	702	putative hsp90-like protein
gene_1494	179	Peptidase S24/S26A/S26B/S26C
gene_1495	630	Cytochrome P450
gene_1496	323	putative 2,3-diketo-5-methylthio-1-phosphopentane phosphatase
gene_1497	977	SPRY domain-containing protein
gene_1498	443	hypothetical protein
gene_15	289	hypothetical protein
gene_150	421	hypothetical protein
gene_1500	433	putative alpha/beta hydrolase
gene_1501	74	hypothetical protein
gene_1502	399	hypothetical protein
gene_1503	932	putative UBA/TS-N domain-containing protein
gene_1504	201	hypothetical protein
gene_1505	388	hypothetical protein
gene_1506	351	putative ZIP zinc transporter
gene_1507	985	putative phosphatidylinositolglycan class N
gene_1508	218	hypothetical protein
gene_1509	499	putative iron-containing alcohol dehydrogenase
gene_151	433	hypothetical protein
gene_1511	361	putative serine/threonine protein kinase
gene_1512	440	putative acyl-CoA dehydrogenase domain-containing protein
gene_1513	591	hypothetical protein
gene_1514	1368	putative xanthine dehydrogenase
gene_1515	576	putative transmembrane amino acid transporter
gene_1516	510	putative polysaccharide deacetylase
gene_1519	323	hypothetical protein
gene_152	251	PPPDE putative peptidase domain-domain containing protein
gene_1520	336	hypothetical protein
gene_1521	675	putative hsp70-like protein
gene_1522	75	putative mitotic-spindle organizing protein 1
gene_1523	501	hypothetical protein
gene_1524	309	hypothetical protein
gene_1525	140	hypothetical protein
gene_1526	182	histidine permease
gene_1527	302	putative phosphoglycerate mutase
gene_1528	174	hypothetical protein
gene_1529	586	hypothetical protein
gene_153	544	Protein of unknown function (DUF2855)-domain containing protein
gene_1530	618	putative AT hook domain-containing protein
gene_1531	263	putative major facilitator superfamily transporter
gene_1532	113	Ribosome-assembly protein 3-domain containing protein
gene_1533	325	putative dihydrodipicolinate synthetase
gene_1534	585	putative DEAD/DEAH box helicase
gene_1535	379	putative trypsin
gene_1536	576	putative cora-like Mg2+ transporter
gene_1537	385	family 18 putative glycosyl hydrolase
gene_1538	220	hypothetical protein
gene_1539	850	putative fungal-specific transcription factor domain-containing protein
gene_154	131	hypothetical protein
gene_1540	730	putative F-box domain-containing protein
gene_1541	439	putative major facilitator superfamily transporter
gene_1542	1360	putative phosphoribosylformylglycinamidine synthase
gene_1543	540	putative zinc carboxypeptidase
gene_1544	393	hypothetical protein
gene_1545	241	hypothetical protein
gene_1546	1109	ABC transporter OBR09081.1 ABC transporter
gene_1547	357	hypothetical protein
gene_1548	510	putative aspartate kinase
gene_1549	227	Cyclin-like protein
gene_155	630	putative PET112 family protein
gene_1550	173	hypothetical protein
gene_1551	202	putative pfs domain-containing protein
gene_1552	643	putative modin
gene_1553	337	Alpha/Beta hydrolase fold
gene_1554	797	putative OPT oligopeptide transporter
gene_1555	282	putative lysosomal cystine transporter
gene_1556	452	hypothetical protein
gene_1557	180	hypothetical protein
gene_1558	461	putative NADH:flavin oxidoreductase/NADH oxidase
gene_1559	568	protein-L-isoaspartate O-methyltransferase
gene_156	190	hypothetical protein
gene_1560	153	hypothetical protein
gene_1561	1840	CHAT domain-domain containing protein
gene_1563	510	hypothetical protein
gene_1564	406	putative ZIP zinc transporter
gene_1565	241	Mitochondrial ATP synthase g subunit-domain containing protein
gene_1566	463	putative glutathionylspermidine synthase
gene_1567	411	putative subtilase
gene_1568	665	hypothetical protein
gene_1569	520	putative UBX domain-containing protein
gene_157	231	putative CVNH domain-containing protein
gene_1570	402	putative U3 small nucleolar RNA-associated protein 6
gene_1571	1006	hypothetical protein
gene_1572	194	transporter particle component
gene_1573	819	hypothetical protein
gene_1574	827	hypothetical protein
gene_1575	63	hypothetical protein
gene_1576	180	putative glyoxalase/Bleomycin resistance protein/Dioxygenase superfamily protein
gene_1577	713	putative choline dehydrogenase
gene_1578	892	putative WD domain-containing protein
gene_1579	212	hypothetical protein
gene_158	171	Uncharacterised protein family UPF0220
gene_1580	298	putative nucleolus protein
gene_1581	555	hypothetical protein
gene_1582	425	putative glucose and galactose transporter
gene_1583	270	hypothetical protein
gene_1584	131	hypothetical protein
gene_1585	247	putative dynamin family protein
gene_1586	328	putative glutathione-dependent formaldehyde-activating enzyme
gene_1587	877	hypothetical protein
gene_1588	292	hypothetical protein
gene_1589	329	putative short chain dehydrogenase
gene_159	421	putative glycosyl transferase family protein
gene_1590	148	hypothetical protein
gene_1591	570	hypothetical protein
gene_1592	506	Haemolysin-III related-domain containing protein
gene_1593	302	hypothetical protein
gene_1594	308	putative endonuclease/Exonuclease/phosphatase
gene_1595	502	putative 26S proteasome subunit RPN7
gene_1596	272	hypothetical protein
gene_1598	563	putative major facilitator superfamily transporter
gene_1599	649	putative F-box domain-containing protein
gene_16	517	hypothetical protein
gene_160	539	FluG domain-containing protein
gene_1600	269	hypothetical protein
gene_1601	62	hypothetical protein
gene_1602	759	hypothetical protein
gene_1603	258	hypothetical protein
gene_1604	102	LSM domain-containing protein OHF01639.1 LSM domain-containing protein
gene_1605	866	putative histidinol dehydrogenase
gene_1606	122	hypothetical protein
gene_1607	471	CFEM domain-containing protein
gene_1608	336	putative RNA recognition domain-containing protein
gene_1609	775	Pectate lyase superfamily protein-domain containing protein
gene_161	85	hypothetical protein
gene_1610	397	hypothetical protein
gene_1611	1166	putative ankyrin repeat domain-containing protein 52
gene_1612	256	Heterokaryon incompatibility protein (HET)-domain containing protein
gene_1613	317	Alpha/beta hydrolase family-domain containing protein
gene_1614	338	Mitochondrial carrier domain-containing protein
gene_1615	931	deacetylase complex subunit
gene_1616	424	Kinetochore complex Sim4 subunit Fta1-domain containing protein
gene_1617	708	hypothetical protein
gene_1618	563	putative major facilitator superfamily transporter
gene_1619	229	hypothetical protein
gene_162	1366	putative hsp90-like protein
gene_1620	302	chorismate mutase
gene_1621	170	hypothetical protein
gene_1622	229	ribosomal protein L34e
gene_1623	1367	putative inner centromere protein
gene_1624	941	hypothetical protein
gene_1625	539	putative inosine-5'-monophosphate dehydrogenase
gene_1626	858	hypothetical protein
gene_1627	212	hypothetical protein
gene_1628	429	hypothetical protein
gene_163	139	hypothetical protein
gene_1630	482	hypothetical protein
gene_1631	409	Protein kinase-like domain-containing protein
gene_1632	510	Protein-tyrosine phosphatase-like protein
gene_1633	1350	hypothetical protein
gene_1634	326	putative hemolysin III family channel protein
gene_1635	552	hypothetical protein
gene_1636	515	hypothetical protein
gene_1637	656	putative TAP domain-containing protein
gene_1638	269	putative beta xylanase
gene_1639	298	hypothetical protein
gene_1640	1078	hypothetical protein
gene_1641	514	putative cytochrome P450
gene_1642	192	hypothetical protein
gene_1643	1309	putative RNA dependent RNA polymerase
gene_1644	867	hypothetical protein
gene_1645	246	putative iron-sulfur cluster assembly accessory protein
gene_1646	553	Protein kinase-like domain-containing protein
gene_1647	647	hypothetical protein
gene_1648	147	hypothetical protein
gene_1649	873	hypothetical protein
gene_165	52	hypothetical protein
gene_1650	189	hypothetical protein
gene_1651	368	putative NmrA-like family protein
gene_1653	177	hypothetical protein
gene_1654	332	smr domain-containing protein
gene_1655	457	beta subunit of N-acylethanolamine-hydrolyzing acid amidase-domain containing protein
gene_1656	536	hypothetical protein
gene_1657	601	putative GMC oxidoreductase
gene_1658	526	General substrate transporter
gene_1659	584	hypothetical protein
gene_166	255	putative pyridoxamine 5'-phosphate oxidase
gene_1660	988	hypothetical protein
gene_1661	79	hypothetical protein
gene_1663	1276	pescadillo
gene_1664	341	hypothetical protein
gene_1665	473	hypothetical protein
gene_1666	880	hypothetical protein
gene_1667	481	putative major facilitator superfamily transporter
gene_1668	336	hypothetical protein
gene_1669	329	Protein of unknown function (DUF3632)-domain containing protein
gene_167	1134	putative fork head domain-containing protein
gene_1670	435	RNA recognition domain-containing protein EFQ31822.1 RNA recognition domain-containing protein
gene_1671	219	putative initiation-specific alpha-1,6-mannosyltransferase
gene_1672	303	putative short chain dehydrogenase
gene_1673	686	membrane associated
gene_1674	492	hypothetical protein
gene_1675	249	G2/mitotic-specific cyclin-4
gene_1676	282	Protoglobin-domain containing protein
gene_1677	136	ribosomal protein L24 EFQ31665.1 ribosomal protein L24 KDN63434.1 putative ribosomal protein L24 OHW92639.1 60s ribosomal protein l26
gene_1678	473	NACHT domain-domain containing protein
gene_1679	259	putative peptide alpha-N-acetyltransferase Nat2
gene_168	342	putative Thi4 family protein
gene_1680	328	hypothetical protein
gene_1681	240	hypothetical protein
gene_1682	945	hypothetical protein
gene_1684	147	Protein of unknown function (DUF423)-domain containing protein
gene_1685	377	hypothetical protein
gene_1686	112	hypothetical protein
gene_1687	589	putative carboxylesterase
gene_1688	503	putative aldehyde dehydrogenase
gene_1689	641	family 2 putative glycosyltransferase
gene_169	609	Magnesium transporter NIPA-domain containing protein
gene_1690	505	putative short chain dehydrogenase
gene_1691	791	hypothetical protein
gene_1692	296	hypothetical protein
gene_1693	652	putative ubiquitin interaction domain-containing protein
gene_1694	609	putative major facilitator superfamily transporter
gene_1695	272	putative polysaccharide deacetylase
gene_1696	266	hypothetical protein
gene_1697	415	hypothetical protein
gene_1698	415	Alpha/Beta hydrolase fold
gene_1699	644	Sugar (and other) transporter-domain containing protein
gene_17	1172	hypothetical protein
gene_170	492	hypothetical protein
gene_1701	375	hypothetical protein
gene_1702	413	hypothetical protein
gene_1703	294	putative methylthioribulose-1-phosphate dehydratase
gene_1704	1304	putative ABC transporter
gene_1705	903	hypothetical protein
gene_1706	277	hypothetical protein
gene_1707	505	putative aldehyde dehydrogenase
gene_1708	495	putative DnaJ domain-containing protein
gene_1709	251	putative CutC family protein
gene_171	343	putative NmrA-like family protein
gene_1710	1314	YL1 nuclear protein-domain containing protein
gene_1711	497	putative acetylornithine and succinylornithine aminotransferase
gene_1712	175	putative dpy-30 domain-containing protein
gene_1713	363	hypothetical protein
gene_1714	337	putative hard-surface induced protein 5
gene_1715	455	family 16 putative glycosyl hydrolase
gene_1716	344	hypothetical protein
gene_1717	985	putative fungal-specific transcription factor domain-containing protein
gene_1718	216	hypothetical protein
gene_1719	94	hypothetical protein
gene_172	1387	OPT oligopeptide transporter OHF03932.1 OPT oligopeptide transporter
gene_1720	950	penicillin-binding protein
gene_1721	258	putative syntaxin 6
gene_1722	547	hypothetical protein
gene_1723	278	putative basic region leucine zipper
gene_1724	143	hypothetical protein
gene_1725	396	family 88 putative glycosyl hydrolase
gene_1726	218	hypothetical protein
gene_1727	253	putative ribonucleotide reductase inhibitor
gene_1728	2012	Ankyrin repeat-containing domain protein
gene_1729	280	putative oxidoreductase
gene_173	606	putative phosphate transporter
gene_1730	213	hypothetical protein
gene_1731	226	hypothetical protein
gene_1732	362	hypothetical protein
gene_1733	843	hypothetical protein
gene_1734	1124	putative phosphatidylinositol-specific phospholipase C
gene_1735	583	putative CobW/HypB/UreG
gene_1736	503	hypothetical protein
gene_1737	534	putative WD domain-containing protein
gene_1738	534	acetamidase
gene_1739	190	putative NADH-ubiquinone oxidoreductase 21 kDa subunit
gene_174	615	hsp70-like protein EFQ25436.1 hsp70-like protein
gene_1740	558	hypothetical protein
gene_1741	258	hypothetical protein
gene_1742	236	putative VPS28 protein
gene_1743	398	putative SPRY domain-containing protein
gene_1745	2105	hypothetical protein
gene_1746	360	hypothetical protein
gene_1747	513	putative alpha-L-arabinofuranosidase
gene_1748	326	hypothetical protein
gene_1749	270	hypothetical protein
gene_175	256	hypothetical protein
gene_1750	440	putative salicylate hydroxylase
gene_1751	525	hypothetical protein
gene_1752	377	hypothetical protein
gene_1753	326	putative inositol monophosphatase
gene_1754	571	putative ZIP zinc transporter
gene_1755	511	putative recombination protein rad52
gene_1756	395	putative acyltransferase
gene_1757	519	putative glutathione synthetase
gene_1758	903	Protein kinase-like domain-containing protein
gene_1759	152	hypothetical protein
gene_176	325	hypothetical protein
gene_1760	161	hypothetical protein
gene_1761	449	hypothetical protein
gene_1763	552	hypothetical protein
gene_1764	319	Regulator of volume decrease after cellular swelling-domain containing protein
gene_1765	1001	putative WD domain-containing protein
gene_1766	592	putative WD domain-containing protein
gene_1767	446	putative trichothecene 3-O-acetyltransferase
gene_1768	398	hypothetical protein
gene_1769	1072	beta-galactanase
gene_177	83	putative conidiation protein 6
gene_1770	504	hypothetical protein
gene_1771	446	GTP-binding nuclear protein GSP1/Ran
gene_1772	564	putative amino acid permease
gene_1773	517	putative ATP synthase F1
gene_1774	252	putative short chain dehydrogenase
gene_1775	530	hypothetical protein
gene_1776	350	putative transaldolase
gene_1777	181	hypothetical protein
gene_1778	244	hypothetical protein
gene_1779	365	putative pfs domain-containing protein
gene_178	551	hypothetical protein
gene_1780	479	putative peptidase family M28
gene_1781	844	hypothetical protein
gene_1782	277	hypothetical protein
gene_1783	395	putative GTP cyclohydrolase II
gene_1784	240	putative PAP2 superfamily protein
gene_1785	642	putative methyltransferase domain-containing protein
gene_1786	774	family 92 putative glycosyl hydrolase
gene_1787	303	hypothetical protein
gene_1788	2230	putative chromosome segregation ATPase
gene_1789	435	putative pectinesterase
gene_1790	226	putative acetyltransferase
gene_1791	268	hypothetical protein
gene_1792	527	Protein of unknown function (DUF3112)-domain containing protein
gene_1793	658	putative heterokaryon incompatibility protein
gene_1794	835	putative urease
gene_1796	337	putative short chain dehydrogenase/reductase
gene_1797	186	hypothetical protein
gene_1798	260	hypothetical protein
gene_1799	919	hypothetical protein
gene_18	228	Snf7 family protein EFQ29999.1 Snf7 family protein KDN62183.1 putative Snf7 family protein
gene_180	516	putative MNNG and nitrosoguanidine resistance protein
gene_1800	1031	hypothetical protein
gene_1801	1471	putative glucose-regulated protein 78 of hsp70 family
gene_1802	407	Dip2/Utp12 Family-domain containing protein
gene_1803	424	hypothetical protein
gene_1804	1018	kelch repeat-containing protein
gene_1805	290	putative phosducin
gene_1806	279	putative ABC transporter
gene_1807	266	putative arylesterase
gene_1808	731	fungal-specific transcription factor
gene_1809	1802	hypothetical protein
gene_1810	793	putative acyl-CoA oxidase
gene_1811	382	hypothetical protein
gene_1812	861	putative phospholipid metabolism enzyme regulator
gene_1813	288	hypothetical protein
gene_1814	785	putative ERCC4 domain-containing protein
gene_1815	125	hypothetical protein
gene_1816	687	Animal haem peroxidase-domain containing protein
gene_1817	828	putative metabolite transport protein
gene_1818	158	putative hpt domain-containing protein
gene_1819	240	mitochondrial import inner membrane translocase subunit Tim
gene_182	372	putative acyl-CoA thioesterase II
gene_1820	844	hypothetical protein
gene_1821	654	putative histone acetyltransferase subunit 3
gene_1822	395	putative major facilitator superfamily transporter
gene_1823	550	putative M protein repeat protein
gene_1824	415	putative cellulase
gene_1825	200	hypothetical protein
gene_1826	683	hypothetical protein
gene_1827	348	putative SNARE domain-containing protein
gene_1828	205	hypothetical protein
gene_1829	1324	P-loop containing nucleoside triphosphate hydrolase protein
gene_183	600	Cytochrome P450
gene_1830	2264	putative ankyrin-2 ankyrin
gene_1831	459	PCI domain-containing protein EFQ25409.1 PCI domain-containing protein
gene_1832	117	hypothetical protein
gene_1833	740	putative nonselective cation channel
gene_1834	533	putative LPXTG-domain-containing protein
gene_1835	344	putative aristolochene synthase
gene_1836	323	putative acyl-CoA thioesterase II
gene_1837	339	putative alcohol dehydrogenase GroES-like domain-containing protein
gene_1838	690	2-oxoisovalerate dehydrogenase e1 beta subunit
gene_1839	303	WD40-repeat-containing domain protein
gene_184	391	IEC3 subunit of the Ino80 complex, chromatin re-modelling-domain containing protein
gene_1840	401	hypothetical protein
gene_1841	310	hypothetical protein
gene_1842	401	Vta1 like-domain containing protein
gene_1843	374	hypothetical protein
gene_1844	490	putative FAD binding domain-containing protein
gene_1845	410	family 10 putative glycosyl hydrolase
gene_1846	432	hypothetical protein
gene_1847	921	putative serin endopeptidase
gene_1848	254	hypothetical protein
gene_185	525	G protein-coupled glucose receptor regulating Gpa2-domain containing protein
gene_1850	721	putative PHD-finger domain-containing protein
gene_1851	676	hypothetical protein
gene_1852	468	Ferritin-like domain-domain containing protein
gene_1853	349	initiation-specific alpha-1,6-mannosyltransferase 2
gene_1855	698	SacI homology domain-domain containing protein
gene_1856	302	hypothetical protein
gene_1857	391	putative PAP2 superfamily protein
gene_1858	569	putative ATPase
gene_1859	415	putative F-box domain-containing protein
gene_186	325	hypothetical protein
gene_1860	476	hypothetical protein
gene_1861	284	putative CFEM domain-containing protein
gene_1862	927	putative subtilase
gene_1863	110	putative cytochrome-c oxidase chain VIIc
gene_1864	210	hypothetical protein
gene_1865	1934	putative phosphatidylinositol 3
gene_1866	427	Transferase family-domain containing protein
gene_1867	661	hypothetical protein
gene_1868	343	hypothetical protein
gene_1869	700	putative AMP-binding enzyme
gene_187	534	putative amidase
gene_1870	625	putative flavocytochrome c
gene_1871	325	putative U1 zinc finger protein
gene_1872	84	putative COX17 protein
gene_1873	767	putative heterokaryon incompatibility protein Het-C
gene_1875	223	putative DASH complex subunit Dam1
gene_1876	468	putative glycosyl transferase group 1
gene_1877	502	putative FAD binding domain-containing protein
gene_1878	390	hypothetical protein
gene_1879	889	hypothetical protein
gene_188	658	putative ferric reductase like transmembrane component
gene_1880	835	glutamyl-tRNA amidotransferase subunit
gene_1881	157	hypothetical protein
gene_1882	635	putative SAP domain-containing protein
gene_1883	923	hypothetical protein
gene_1884	185	putative AIG2-like family protein
gene_1885	568	putative kelch domain-containing protein
gene_1886	814	putative tRNA synthetase class I catalytic domain-containing protein
gene_1887	464	putative cytochrome P450
gene_1888	501	Conserved mid region of cactin-domain containing protein
gene_1889	471	hypothetical protein
gene_189	315	family 43 putative glycosyl hydrolase
gene_1890	398	hypothetical protein
gene_1891	340	hypothetical protein
gene_1892	643	hypothetical protein
gene_1893	738	Protein of unknown function (DUF3812)-domain containing protein
gene_1894	427	hypothetical protein
gene_1896	261	Domain of unknown function (DUF3328)-domain containing protein
gene_1897	540	putative glutamate decarboxylase
gene_1899	324	putative NmrA-like family protein
gene_19	505	General substrate transporter
gene_190	211	putative Snf7 family protein
gene_1900	734	putative fungal-specific transcription factor domain-containing protein
gene_1901	230	putative ribonuclease P protein subunit p29
gene_1902	210	hypothetical protein
gene_1903	552	putative amidohydrolase
gene_1904	89	dolichol phosphate-mannose biosynthesis regulatory protein XP_035335880.1 dolichol phosphate-mannose biosynthesis regulatory protein KAF4782877.1 dolichol phosphate-mannose biosynthesis regulatory protein OHE94644.1 dolichol phosphate-mannose biosynthesis regulatory protein
gene_1905	1000	hypothetical protein
gene_1906	544	putative integral membrane protein
gene_1907	469	hypothetical protein
gene_1908	2030	Pectate lyase superfamily protein-domain containing protein
gene_1909	428	hypothetical protein
gene_191	58	hypothetical protein
gene_1910	424	mevalonate kinase
gene_1911	308	putative oxidoreductase domain-containing protein
gene_1912	462	putative heterokaryon incompatibility protein
gene_1913	811	putative LIM domain-containing protein
gene_1914	142	hypothetical protein
gene_1915	254	putative short chain dehydrogenase
gene_1916	280	putative methyltransferase
gene_1917	123	hypothetical protein
gene_1918	481	hypothetical protein
gene_1919	139	hypothetical protein
gene_192	377	hypothetical protein
gene_1920	282	hypothetical protein
gene_1921	778	putative myb-like DNA-binding domain-containing protein
gene_1922	593	putative aldo/keto reductase
gene_1923	789	putative RINT-1 family protein
gene_1924	640	putative C6 zinc finger domain-containing protein
gene_1925	220	hypothetical protein
gene_1926	376	hypothetical protein
gene_1927	375	putative zinc-binding dehydrogenase
gene_1928	1170	putative pentatricopeptide repeat domain-containing protein
gene_1929	744	putative tRNA (adenine-N(1)-)-methyltransferase
gene_193	624	putative import receptor
gene_1930	204	hypothetical protein
gene_1931	904	Cytochrome P450
gene_1932	298	hypothetical protein
gene_1933	685	putative C6 zinc finger domain-containing protein
gene_1934	222	hypothetical protein
gene_1935	415	putative acetyl-CoA acetyltransferase
gene_1936	255	putative GPI anchored serine-rich protein
gene_1937	334	putative dihydrodipicolinate synthetase
gene_1938	336	Eukaryotic mitochondrial regulator protein-domain containing protein
gene_1939	354	hypothetical protein
gene_194	378	hypothetical protein
gene_1940	383	putative replication factor C
gene_1941	608	putative homeobox domain-containing protein
gene_1943	611	putative Prp31 C terminal domain-containing protein
gene_1944	443	hypothetical protein
gene_1945	555	ribonuclease p 40kda subunit
gene_1946	370	family 16 putative glycosyl hydrolase
gene_1947	215	hypothetical protein
gene_1948	301	hypothetical protein
gene_1949	98	U6 snRNA-associated Sm-like protein LSm2 XP_022476724.1 U6 snRNA-associated Sm-like protein LSm2 XP_035334695.1 U6 snRNA-associated Sm-like protein LSm2 EXF82739.1 U6 snRNA-associated Sm-like protein LSm2 KXH27482.1 U6 snRNA-associated Sm-like protein LSm2 KXH31831.1 U6 snRNA-associated Sm-like protein LSm2 KXH51788.1 U6 snRNA-associated Sm-like protein LSm2 KZL71824.1 U6 snRNA-associated Sm-like protein LSm2 OHW93042.1 U6 snRNA-associated sm-like protein lsm2 TKW51361.1 U6 snRNA-associated Sm-like protein LSm2 CCF31809.1 U6 snRNA-associated Sm-like protein LSm2
gene_195	330	RNA ligase/cyclic nucleotide phosphodiesterase
gene_1950	616	histidyl-tRNA synthetase
gene_1951	291	exoribonuclease EFQ33139.1 3
gene_1952	241	Domain of unknown function (DUF3328)-domain containing protein
gene_1953	430	FAD dependent oxidoreductase
gene_1954	1264	putative ABC transporter
gene_1955	524	hypothetical protein
gene_1956	405	hypothetical protein
gene_1957	288	putative fructose-bisphosphate aldolase class-II
gene_1958	223	putative acetyltransferase
gene_1959	230	putative glutathione S-transferase domain-containing protein
gene_196	181	hypothetical protein
gene_1960	59	hypothetical protein
gene_1961	250	putative short chain dehydrogenase
gene_1962	608	putative bZIP transcription factor
gene_1963	686	putative transcription factor
gene_1964	589	Protein of unknown function (DUF3295)-domain containing protein
gene_1965	440	putative formyl transferase
gene_1966	799	hypothetical protein
gene_1967	303	hypothetical protein
gene_1968	326	putative aldo/keto reductase
gene_1969	361	hypothetical protein
gene_197	979	KH domain-containing protein EFQ27601.1 KH domain-containing protein
gene_1970	221	hypothetical protein
gene_1971	317	hypothetical protein
gene_1972	1259	hypothetical protein
gene_1973	740	BCS1 N terminal-domain containing protein
gene_1974	368	putative histone-arginine methyltransferase CARM1
gene_1975	305	hypothetical protein
gene_1976	925	putative secreted lipase
gene_1977	1817	DNA-binding SMUBP-2
gene_1978	603	putative copper fist DNA binding domain-containing protein
gene_1979	937	DYW family of nucleic acid deaminases-domain containing protein
gene_198	330	putative phospholipase/Carboxylesterase
gene_1980	247	hypothetical protein
gene_1981	237	hypothetical protein
gene_1982	996	putative phosphatidylinositol 3
gene_1983	360	di-trans,poly-cis-decaprenylcistransferase
gene_1985	414	hypothetical protein
gene_1986	453	hypothetical protein
gene_1987	804	hypothetical protein
gene_1988	283	hypothetical protein
gene_1989	300	putative NmrA-like family protein
gene_199	596	hypothetical protein
gene_1990	547	cytochrome P450 EFQ36733.1 cytochrome P450
gene_1991	474	hypothetical protein
gene_1992	351	putative initiation factor 2 subunit family protein
gene_1993	178	hypothetical protein
gene_1995	71	hypothetical protein
gene_1996	465	putative integral membrane protein
gene_1997	325	JmjC domain, hydroxylase-domain containing protein
gene_1998	331	putative alcohol dehydrogenase GroES-like domain-containing protein
gene_1999	356	hypothetical protein
gene_2	626	putative Ppx/GppA phosphatase
gene_20	373	putative methyltransferase domain-containing protein
gene_200	1232	putative SH3 domain-containing protein
gene_2000	244	hypothetical protein
gene_2001	305	Carbon-nitrogen hydrolase
gene_2002	688	WD domain-containing protein EFQ28861.1 WD domain-containing protein
gene_2003	329	hypothetical protein
gene_2004	688	rRNA-processing protein UTP23
gene_2005	487	hypothetical protein
gene_2006	555	hypothetical protein
gene_2007	768	Protein of unknown function (DUF4448)-domain containing protein
gene_2008	280	hypothetical protein
gene_2009	384	putative tat pathway signal sequence
gene_201	651	Sugar (and other) transporter-domain containing protein
gene_2010	227	guanylate kinase
gene_2011	728	putative glycosyl hydrolase family 3 N terminal domain-containing protein
gene_2012	234	acetyltransferase
gene_2013	384	putative NADH:flavin oxidoreductase/NADH oxidase
gene_2014	72	hypothetical protein
gene_2015	452	putative transmembrane amino acid transporter
gene_2016	973	hypothetical protein
gene_2017	669	Oxoglutarate and iron-dependent oxygenase degradation C-term-domain containing protein
gene_2018	634	hypothetical protein
gene_2019	420	putative caspase domain-containing protein
gene_202	515	putative NUDIX domain-containing protein
gene_2020	245	hypothetical protein
gene_2021	245	putative GPI-GlcNAc transferase complex
gene_2022	518	Ribosomal protein S17-domain containing protein
gene_2023	511	Alpha/Beta hydrolase fold
gene_2024	166	hypothetical protein
gene_2025	313	Scaffold protein Nfu/NifU N terminal-domain containing protein
gene_2026	460	putative 26S proteasome subunit P45 family protein
gene_2027	3270	hypothetical protein
gene_2028	652	putative GDP/GTP exchange factor Sec2p
gene_2029	225	hypothetical protein
gene_203	298	putative ribonuclease T2 family protein
gene_2030	501	hypothetical protein
gene_2031	304	Protein of unknown function (DUF1275)-domain containing protein
gene_2032	495	putative endoglucanase B
gene_2033	212	hypothetical protein
gene_2034	736	hypothetical protein
gene_2035	271	hypothetical protein
gene_2036	449	putative glutamate-5-semialdehyde dehydrogenase
gene_2037	574	putative multicopper oxidase
gene_2038	748	putative alpha-L-rhamnosidase A
gene_2039	197	hypothetical protein
gene_204	645	putative BTB/POZ domain-containing protein
gene_2040	418	family 7 putative glycosyl hydrolase
gene_2041	622	putative amino acid permease
gene_2042	234	hypothetical protein
gene_2043	1230	putative UbiD family decarboxylase
gene_2044	299	putative Yip1 domain-containing protein
gene_2046	290	Eukaryotic protein of unknown function (DUF829)-domain containing protein
gene_2047	304	putative methyltransferase domain-containing protein
gene_2048	930	putative ankyrin
gene_2049	102	putative PHO85 cyclin-1
gene_205	746	glycyl-tRNA synthetase
gene_2050	211	hypothetical protein
gene_2051	473	putative FAD binding domain-containing protein
gene_2052	469	hypothetical protein
gene_2053	1220	PGAP1-like protein-domain containing protein
gene_2054	419	SET domain-containing protein 5
gene_2055	144	hypothetical protein
gene_2056	266	Ubiquitin-related domain-containing protein
gene_2057	241	hypothetical protein
gene_2058	257	Alpha/Beta hydrolase fold
gene_2059	759	Extracellular mutant protein 11-domain containing protein
gene_206	152	hypothetical protein
gene_2060	652	hypothetical protein
gene_2061	382	putative cyclin
gene_2062	415	putative pisatin demethylase
gene_2063	175	hypothetical protein
gene_2064	130	hypothetical protein
gene_2065	265	Ca2+ regulator and membrane fusion protein Fig1-domain containing protein
gene_2066	614	putative amidase
gene_2067	394	putative oxysterol-binding protein
gene_2068	214	hypothetical protein
gene_2069	351	putative arabinosidase
gene_207	383	hypothetical protein
gene_2070	679	Mediator of RNA polymerase II transcription subunit 1-domain containing protein
gene_2072	324	Beta-lactamase-like protein
gene_2073	468	putative cytochrome P450
gene_2074	843	hypothetical protein
gene_2075	271	putative yeats family protein
gene_2076	413	putative ribonucleotide reductase
gene_2077	531	General substrate transporter
gene_2078	575	putative phosphatidylinositol-specific phospholipase C
gene_2079	715	hypothetical protein
gene_208	673	putative chromatin assembly factor 1 subunit A
gene_2080	424	hypothetical protein
gene_2081	611	Protein of unknown function (DUF4238)-domain containing protein
gene_2082	357	PHB depolymerase family esterase
gene_2083	142	putative mmc protein
gene_2084	299	hypothetical protein
gene_2085	494	hypothetical protein
gene_2086	317	glucosamine-6-phosphate isomerase
gene_2087	287	Alpha/Beta hydrolase fold
gene_2088	1665	emp24/gp25L/p24 family/GOLD-domain containing protein
gene_2089	110	putative NADH:ubiquinone oxidoreductase 11.6kD subunit
gene_209	230	Hypoxia induced protein conserved region-domain containing protein
gene_2091	150	hypothetical protein
gene_2092	479	hypothetical protein
gene_2093	288	putative enoyl-CoA hydratase/isomerase
gene_2094	478	alternative sulfate transporter
gene_2095	829	hypothetical protein
gene_2096	357	hypothetical protein
gene_2097	389	Predicted integral membrane metal-binding protein (DUF2296)-domain containing protein
gene_2098	475	putative Snf7 family protein
gene_2099	137	hypothetical protein
gene_21	625	family 2 putative glycosyl hydrolase
gene_210	505	putative major facilitator superfamily transporter
gene_2100	793	hypothetical protein
gene_2101	453	putative TLC domain-containing protein
gene_2102	285	putative major facilitator superfamily transporter
gene_2103	423	hypothetical protein
gene_2104	391	hypothetical protein
gene_2105	822	putative phosphoribosylamine-glycine ligase
gene_2106	263	putative GDSL-like Lipase/Acylhydrolase
gene_2107	249	F-box domain-containing protein EFQ34108.1 F-box domain-containing protein
gene_2108	113	hypothetical protein
gene_2109	218	hypothetical protein
gene_211	638	chromatin remodeling complex subunit
gene_2110	1312	putative IKI3 family protein
gene_2111	230	hypothetical protein
gene_2112	860	hypothetical protein
gene_2113	773	hypothetical protein
gene_2114	570	Sugar (and other) transporter-domain containing protein
gene_2115	1877	putative AT hook domain-containing protein
gene_2116	153	putative carboxymuconolactone decarboxylase
gene_2117	488	putative bystin
gene_2118	58	39S ribosomal protein L33, mitochondrial KAF6840214.1 39S ribosomal protein L33, mitochondrial KAF6843047.1 39S ribosomal protein L33, mitochondrial
gene_2119	137	histone H2B XP_018153698.1 histone H2B XP_022475721.1 histone H2B XP_035326146.1 histone H2B EXF80088.1 histone H2B KDN62880.1 putative histone H2B KXH26698.1 histone H2B KXH39229.1 histone H2B KXH49142.1 histone H2B KZL75452.1 histone H2B KZL87686.1 histone h2b OLN87735.1 histone H2B TIC94305.1 histone H2B TKW60019.1 histone H2B TQN66674.1 histone H2B
gene_212	479	putative RNA recognition domain-containing protein
gene_2120	450	putative saccharopine dehydrogenase
gene_2121	387	putative cellulase
gene_2122	151	hypothetical protein
gene_2123	277	putative LysM domain-containing protein
gene_2124	197	hypothetical protein
gene_2125	591	hypothetical protein
gene_2126	779	putative dual specificity phosphatase
gene_2127	721	Protein of unknown function (DUF1604)-domain containing protein
gene_2128	667	hypothetical protein
gene_2129	327	Protein of unknown function (DUF1295)-domain containing protein
gene_213	400	transposase
gene_2130	110	putative 60s acidic ribosomal protein
gene_2131	294	hypothetical protein
gene_2132	271	Bacterial protein of unknown function (DUF924)-domain containing protein
gene_2133	257	Concanavalin A-like lectin/glucanase domain-containing protein
gene_2134	101	hypothetical protein
gene_2135	522	hypothetical protein
gene_2136	212	hypothetical protein
gene_2137	335	hypothetical protein
gene_2138	517	hypothetical protein
gene_2139	428	putative chromosome segregation protein
gene_214	127	hypothetical protein
gene_2140	401	putative zinc-binding dehydrogenase
gene_2141	465	Reticulon-domain containing protein
gene_2142	422	Pex2 / Pex12 amino terminal region-domain containing protein
gene_2143	724	putative endonuclease/Exonuclease/phosphatase
gene_2144	327	putative 2OG-Fe(II)oxygenase superfamily protein
gene_2145	285	hypothetical protein
gene_2146	384	hypothetical protein
gene_2147	306	hypothetical protein
gene_2149	339	putative lipase
gene_215	267	hypothetical protein
gene_2150	510	putative cation diffusion facilitator family transporter
gene_2151	854	hypothetical protein
gene_2152	293	putative 3-demethylubiquinone-9 3-O-methyltransferase
gene_2153	1378	Nup133 N terminal like-domain containing protein
gene_2154	298	fad-binding domain-containing protein
gene_2155	361	putative alternative oxidase
gene_2156	608	hypothetical protein
gene_2157	420	putative dimethylaniline monooxygenase
gene_2158	413	hypothetical protein
gene_2159	277	hypothetical protein
gene_216	345	hypothetical protein
gene_2160	293	putative cell surface protein
gene_2161	493	putative phenylalanyl-tRNA synthetase
gene_2162	237	hypothetical protein
gene_2163	1357	putative RNB domain-containing protein
gene_2164	242	P-loop containing nucleoside triphosphate hydrolase protein
gene_2165	548	hypothetical protein
gene_2166	514	Alpha/Beta hydrolase fold
gene_2167	453	putative cytochrome P450
gene_2168	326	hypothetical protein
gene_2169	720	hypothetical protein
gene_217	768	putative ion channel protein
gene_2170	780	putative WD domain-containing protein
gene_2171	256	putative short chain dehydrogenase/ reductase
gene_2172	509	putative allantoate permease
gene_2173	266	hypothetical protein
gene_2174	343	hypothetical protein
gene_2175	881	putative DNA repair metallo-beta-lactamase
gene_2176	345	putative 1-aminocyclopropane-1-carboxylate deaminase
gene_2177	360	putative GRASP55/65 family protein
gene_2178	1450	putative inositol polyphosphate kinase
gene_2179	172	hypothetical protein
gene_218	273	ran binding protein in the microtubule-organising centre EFQ30635.1 ran binding protein in the microtubule-organising centre
gene_2180	70	hypothetical protein
gene_2181	558	hypothetical protein
gene_2182	182	putative thermoresistant glucokinase family carbohydrate kinase
gene_2183	1323	hypothetical protein
gene_2184	1152	hypothetical protein
gene_2185	393	putative OTU-like cysteine protease
gene_2186	240	hypothetical protein
gene_2187	1086	hypothetical protein
gene_2188	160	hypothetical protein
gene_2189	255	hypothetical protein
gene_219	717	putative phosphoglycerate mutase
gene_2190	683	hypothetical protein
gene_2191	246	hypothetical protein
gene_2192	227	Ser-Thr-rich glycosyl-phosphatidyl-inositol-anchored membrane family-domain containing protein
gene_2193	449	putative sulfate transporter
gene_2194	851	putative cora-like Mg2+ transporter
gene_2195	388	Mitochondrial carrier domain-containing protein
gene_2196	288	putative short chain dehydrogenase
gene_2197	92	putative 60S ribosomal protein L43
gene_2198	1833	putative acyl-CoA ligase
gene_2199	415	putative NADH:flavin oxidoreductase/NADH oxidase
gene_22	77	hypothetical protein
gene_220	197	hypothetical protein
gene_2200	901	hypothetical protein
gene_2201	432	hypothetical protein
gene_2202	255	hypothetical protein
gene_2203	466	putative C6 zinc finger protein
gene_2204	526	putative cytochrome P450
gene_2205	247	hypothetical protein
gene_2206	387	Protein of unknown function (DUF3129)-domain containing protein
gene_2207	200	hypothetical protein
gene_2208	417	putative peptidase family M20/M25/M40
gene_2209	456	putative glycerophosphoryl diester phosphodiesterase
gene_221	72	hypothetical protein
gene_2210	754	putative OPT oligopeptide transporter
gene_2211	223	hypothetical protein
gene_2212	84	putative U6 snRNA-associated Sm-like protein LSm5
gene_2213	50	hypothetical protein
gene_2214	190	hypothetical protein
gene_2217	514	hypothetical protein
gene_2218	121	hypothetical protein
gene_2219	1769	putative S1 RNA binding domain-containing protein
gene_222	1966	putative vacuolar membrane protein
gene_2220	587	putative major facilitator superfamily transporter
gene_2221	462	putative dihydrolipoyllysine-residue succinyltransferase
gene_2222	524	hypothetical protein
gene_2223	796	putative indigoidine synthase A like protein
gene_2224	516	putative FAD binding domain-containing protein
gene_2225	848	hypothetical protein
gene_2226	201	hypothetical protein
gene_2227	570	putative NCS1 nucleoside transporter
gene_2228	67	hypothetical protein
gene_2229	385	Protein kinase-like domain-containing protein
gene_223	417	hypothetical protein
gene_2230	573	hypothetical protein
gene_2231	271	Glutathione S-transferase, C-terminal-like protein
gene_2232	364	putative TAM domain methyltransferase
gene_2233	358	cfem domain-containing protein
gene_2234	324	hypothetical protein
gene_2236	293	putative AAA family ATPase
gene_2237	569	putative cyclophilin type peptidyl-prolyl cis-trans isomerase/CLD
gene_2238	812	putative class VII chitin synthase
gene_2239	461	putative carbohydrate binding module
gene_224	175	hypothetical protein
gene_2240	340	hypothetical protein
gene_2241	325	putative D-sorbose
gene_2242	324	putative domain found in IF2B/IF5
gene_2243	347	putative ankyrin repeat domain-containing protein
gene_2244	524	putative major facilitator superfamily transporter
gene_2245	424	Carbon-nitrogen hydrolase
gene_2246	743	putative polyprenyl synthetase
gene_2247	370	hypothetical protein
gene_2248	358	putative fatty acid hydroxylase superfamily protein
gene_2249	263	putative short chain dehydrogenase
gene_225	396	YjeF N-terminal domain-containing protein
gene_2250	251	family 45 putative glycosyl hydrolase
gene_2251	1030	hypothetical protein
gene_2252	337	putative Mov34/MPN/PAD-1 family protein
gene_2253	205	SAM-dependent RNA methyltransferase
gene_2254	228	hypothetical protein
gene_2255	1058	putative glycine dehydrogenase
gene_2256	222	putative SRF-type transcription factor
gene_2257	486	hypothetical protein
gene_2258	524	Protein of unknown function (DUF3112)-domain containing protein
gene_2259	305	putative short-chain dehydrogenase
gene_226	163	Proteolipid membrane potential modulator-domain containing protein
gene_2260	243	hypothetical protein
gene_2261	278	hypothetical protein
gene_2262	217	hypothetical protein
gene_2263	608	hypothetical protein
gene_2264	946	Nuclear pore complex assembly-domain containing protein
gene_2265	1716	putative kinesin motor domain-containing protein
gene_2266	1311	putative AMP-binding enzyme
gene_2267	134	hypothetical protein
gene_2269	146	hypothetical protein
gene_227	433	hypothetical protein
gene_2270	161	putative PLAC8 family protein
gene_2271	220	hypothetical protein
gene_2272	217	hypothetical protein
gene_2273	504	4-aminobutyrate aminotransferase
gene_2274	235	Serine hydrolase FSH
gene_2275	442	putative eukaryotic aspartyl protease
gene_2276	229	hypothetical protein
gene_2277	428	hypothetical protein
gene_2278	589	putative cytochrome P450
gene_2279	669	fungal-specific transcription OHW90294.1 fungal-specific transcription factor
gene_228	673	putative LysM domain-containing protein
gene_2281	138	hypothetical protein
gene_2282	378	putative PI31 proteasome regulator
gene_2283	439	26S proteasome subunit P45 family protein XP_018164135.1 26S proteasome subunit P45 family protein XP_035335056.1 26S protease
gene_2284	276	hypothetical protein
gene_2285	291	Cytochrome P450
gene_2286	238	hypothetical protein
gene_2287	551	putative amino acid permease
gene_2288	255	hypothetical protein
gene_2289	223	putative acetyltransferase
gene_229	869	putative F-box domain-containing protein
gene_2290	640	hypothetical protein
gene_2291	587	hypothetical protein
gene_2293	549	putative sugar porter family MFS transporter
gene_2294	435	putative ATPase
gene_2295	545	putative GLE1-like protein
gene_2296	310	hypothetical protein
gene_2297	1753	putative kinesin motor domain-containing protein
gene_2298	163	hypothetical protein
gene_2299	354	mitochondrial carrier protein OHW92075.1 mitochondrial carrier protein
gene_23	81	hypothetical protein
gene_2300	628	hypothetical protein
gene_2301	975	hypothetical protein
gene_2302	714	putative Sec1 family protein
gene_2303	527	putative glycolipid anchored surface protein
gene_2304	474	putative WD domain-containing protein
gene_2305	497	hypothetical protein
gene_2306	923	putative fungal-specific transcription factor domain-containing protein
gene_2307	150	integral membrane protein OBR04797.1 integral membrane protein
gene_2308	90	cytochrome c oxidase-assembly factor COX23
gene_2309	2233	putative carbamoyl-phosphate synthase
gene_231	495	putative Ulp1 protease family protein
gene_2310	455	P-loop containing nucleoside triphosphate hydrolase protein
gene_2311	434	putative integral membrane protein
gene_2312	241	hypothetical protein
gene_2313	408	Alpha/Beta hydrolase fold
gene_2314	76	hypothetical protein
gene_2315	259	hypothetical protein
gene_2316	86	hypothetical protein
gene_2317	96	putative LSM domain-containing protein
gene_2318	384	hypothetical protein
gene_2319	860	putative YSIRK family gram-positive signal peptide
gene_232	367	hypothetical protein
gene_2320	704	putative RNA recognition domain-containing protein 2
gene_2321	969	Glycylpeptide N-tetradecanoyltransferase
gene_2322	323	putative bZIP transcription factor
gene_2323	1181	hsp70-like protein
gene_2324	63	hypothetical protein
gene_2325	360	putative late sexual development protein
gene_2326	984	putative Cse1
gene_2327	411	putative FAD dependent oxidoreductase
gene_2328	214	hypothetical protein
gene_233	279	hypothetical protein
gene_2330	270	P-loop containing nucleoside triphosphate hydrolase protein
gene_2331	903	putative short chain dehydrogenase
gene_2332	241	hypothetical protein
gene_2333	669	uracil phosphoribosyltransferase
gene_2334	279	sarcosine oxidase
gene_2335	578	putative beta-lactamase
gene_2336	798	putative PRMT5 arginine-N-methyltransferase
gene_2337	4057	hypothetical protein
gene_2338	351	putative phytanoyl-CoA dioxygenase family protein
gene_2339	547	putative cytochrome P450
gene_234	1248	hypothetical protein
gene_2340	2062	DNA-directed RNA polymerase II subunit rpb1
gene_2341	365	putative RCC1 domain-containing protein
gene_2342	243	putative necrosis inducing protein
gene_2343	439	hypothetical protein
gene_2344	326	Glycosyl hydrolase, five-bladed beta-propellor domain-containing protein
gene_2345	534	GMP synthase
gene_2346	167	hypothetical protein
gene_2347	332	putative acyltransferase
gene_2348	350	hypothetical protein
gene_2349	453	putative CFEM domain-containing protein
gene_235	559	General substrate transporter
gene_2350	318	putative ATP11 protein
gene_2352	171	hypothetical protein
gene_2353	424	hypothetical protein
gene_2354	412	putative HC-toxin synthetase
gene_2355	279	DNA-directed RNA polymerase III, subunit Rpc31
gene_2356	464	family 28 putative glycosyl hydrolase
gene_2357	1212	hypothetical protein
gene_2358	243	hypothetical protein
gene_2359	504	putative tRNA methyltransferase complex GCD14 subunit
gene_236	586	hypothetical protein
gene_2360	399	putative peptidase family M48
gene_2361	1096	hypothetical protein
gene_2362	297	hypothetical protein
gene_2364	707	putative nitrite transporter
gene_2365	1314	putative CAP-Gly domain-containing protein
gene_2366	196	Yqey-like protein-domain containing protein
gene_2367	2529	Salmonella virulence plasmid 65kDa B protein-domain containing protein
gene_2368	553	putative surfeit locus protein 6
gene_2369	321	hypothetical protein
gene_237	314	CWC16 protein
gene_2370	676	putative fungal-specific transcription factor domain-containing protein
gene_2371	357	hypothetical protein
gene_2372	597	hypothetical protein
gene_2373	271	putative methyltransferase domain-containing protein
gene_2374	547	putative glycerol kinase
gene_2375	116	hypothetical protein
gene_2376	781	hypothetical protein
gene_2377	189	putative ER protein Pkr1
gene_2379	517	putative cytochrome P450
gene_238	1646	putative cation-transporting ATPase
gene_2380	472	exosome complex exonuclease
gene_2381	698	putative bacterial alpha-L-rhamnosidase domain-containing protein
gene_2382	303	hypothetical protein
gene_2383	399	Uncharacterized protein conserved in bacteria (DUF2263)-domain containing protein
gene_2384	293	putative TPR domain-containing protein
gene_2385	390	carboxy-cis,cis-muconate cyclase
gene_2386	493	putative major facilitator superfamily transporter
gene_2387	174	hypothetical protein
gene_2388	331	hypothetical protein
gene_2389	157	hypothetical protein
gene_239	260	Snf7-domain containing protein
gene_2390	506	hypothetical protein
gene_2391	202	hypothetical protein
gene_2392	473	hypothetical protein
gene_2393	77	hypothetical protein
gene_2394	1377	transcriptional regulator
gene_2395	559	S-adenosyl-L-methionine-dependent methyltransferase
gene_2396	761	putative Sec34-like family protein
gene_2397	67	hypothetical protein
gene_2398	638	hypothetical protein
gene_2399	565	hypothetical protein
gene_24	286	putative short chain dehydrogenase
gene_240	519	putative AMP-binding enzyme
gene_2400	192	hypothetical protein
gene_2401	271	Domain of unknown function (DUF3328)-domain containing protein
gene_2402	4970	hypothetical protein
gene_2403	179	putative ribosomal protein L13
gene_2404	271	hypothetical protein
gene_2405	906	putative DEAD/DEAH box helicase
gene_2406	1242	fungal-specific transcription factor domain-containing protein
gene_2407	351	o-methyltransferase
gene_2408	570	putative polysaccharide deacetylase
gene_2409	921	putative trk family potassium uptake protein
gene_241	138	putative ribosomal protein S17
gene_2410	406	hypothetical protein
gene_2411	201	hypothetical protein
gene_2412	854	FAD-binding domain-containing protein
gene_2413	1230	putative leucine rich repeat protein
gene_2414	748	hypothetical protein
gene_2415	471	Mitochondrial carrier domain-containing protein
gene_2416	861	Protein of unknown function (DUF1212)-domain containing protein
gene_2417	177	putative LITAF-like zinc finger domain-containing protein
gene_2418	596	putative WD domain-containing protein
gene_2419	588	Protein phosphatase 2C (PP2C)-like domain-containing protein
gene_242	556	hypothetical protein
gene_2420	526	P-loop containing nucleoside triphosphate hydrolase protein
gene_2421	506	putative MYB DNA-binding domain-containing protein
gene_2422	629	HAD-like domain-containing protein
gene_2423	665	putative arsenite efflux transporter
gene_2424	386	hypothetical protein
gene_2425	236	hypothetical protein
gene_2426	1268	putative tetratricopeptide
gene_2427	321	Thioesterase-like superfamily-domain containing protein
gene_2428	346	hypothetical protein
gene_2429	373	putative SET domain-containing protein
gene_243	107	hypothetical protein
gene_2430	319	hypothetical protein
gene_2431	396	putative peptidase family M28
gene_2432	605	hypothetical protein
gene_2433	393	casein kinase I
gene_2434	316	putative short chain dehydrogenase
gene_2435	163	Endoribonuclease L-PSP OBR15777.1 Endoribonuclease L-PSP CCF43171.1 endoribonuclease L-PSP
gene_2436	938	putative PHD-finger domain-containing protein
gene_2437	562	putative transcription factor Tos4
gene_2438	396	hypothetical protein
gene_2439	388	putative short chain dehydrogenase/reductase
gene_244	996	putative hydantoinase
gene_2440	575	putative amidase
gene_2441	464	Inner membrane protein import complex subunit Tim54-domain containing protein
gene_2442	288	putative short-chain dehydrogenase/reductase SDR
gene_2444	97	hypothetical protein
gene_2445	679	putative transmembrane amino acid transporter
gene_2446	820	Fungal specific transcription factor domain-domain containing protein
gene_2447	201	hypothetical protein
gene_2448	1070	Armadillo-type fold
gene_2449	566	Permease for cytosine/purines, uracil, thiamine, allantoin-domain containing protein
gene_245	235	putative ribosomal protein L7Ae/L30e/S12e/Gadd45 family protein
gene_2450	460	putative WD domain-containing protein
gene_2451	425	hypothetical protein
gene_2452	128	Fungal protein of unknown function (DUF2015)-domain containing protein
gene_2453	330	hypothetical protein
gene_2454	1019	hypothetical protein
gene_2455	566	putative triose-phosphate transporter
gene_2456	644	putative SART-1 family protein
gene_2457	396	DEAD/DEAH box helicase
gene_2458	1050	putative SLA2
gene_2459	388	hypothetical protein
gene_246	1174	putative F-box domain-containing protein
gene_2460	834	nonselective cation channel
gene_2461	483	hypothetical protein
gene_2462	579	hypothetical protein
gene_2463	633	hypothetical protein
gene_2464	432	AhpC/TSA antioxidant enzyme-domain containing protein
gene_2465	98	putative LSM domain-containing protein
gene_2466	546	hypothetical protein
gene_2467	234	hypothetical protein
gene_2468	360	hypothetical protein
gene_2469	236	hypothetical protein
gene_247	568	Sugar (and other) transporter-domain containing protein
gene_2470	193	hit domain-containing protein OHX00178.1 HIT domain-containing protein
gene_2471	500	putative tyrosyl-DNA phosphodiesterase
gene_2472	76	hypothetical protein
gene_2473	730	hypothetical protein
gene_2474	879	putative OPT oligopeptide transporter
gene_2475	107	hypothetical protein
gene_2476	493	hypothetical protein
gene_2477	319	hypothetical protein
gene_2478	236	hypothetical protein
gene_2479	218	hypothetical protein
gene_248	367	family 10 putative glycosyl hydrolase
gene_2480	735	Transient receptor potential (TRP) ion channel-domain containing protein
gene_2481	178	putative Sas10/Utp3/C1D family protein
gene_2482	201	putative histone-like transcription factor and archaeal histone
gene_2483	1143	putative WSC domain-containing protein
gene_2484	1080	hypothetical protein
gene_2485	600	hypothetical protein
gene_2486	1122	Adaptin N terminal region-domain containing protein
gene_2487	761	hypothetical protein
gene_2488	170	hypothetical protein
gene_2489	372	hypothetical protein
gene_249	560	putative subtilase
gene_2490	403	putative methionine aminopeptidase
gene_2491	445	putative ornithine-oxo-acid transaminase
gene_2492	499	hypothetical protein
gene_2493	770	GDP dissociation inhibitor-domain containing protein
gene_2494	303	hypothetical protein
gene_2495	465	putative major facilitator superfamily transporter
gene_2496	523	Metalloenzyme, LuxS/M16 peptidase-like protein
gene_2497	1086	mitochondrial ribosomal protein subunit S4 protein
gene_2498	379	putative integral membrane protein
gene_2499	387	Organic solute transporter Ostalpha-domain containing protein
gene_25	623	hypothetical protein
gene_2500	310	putative uroporphyrinogen-III synthase HemD
gene_2501	1423	hypothetical protein
gene_2502	423	lipoyl mitochondrial
gene_2503	256	hypothetical protein
gene_2504	305	hypothetical protein
gene_2505	512	hypothetical protein
gene_2506	707	hypothetical protein
gene_2507	793	hypothetical protein
gene_2508	354	hypothetical protein
gene_2509	537	hypothetical protein
gene_251	643	hypothetical protein
gene_2510	723	putative fungal-specific transcription factor domain-containing protein
gene_2511	294	Domain of unknown function (DUF3328)-domain containing protein
gene_2512	1291	mitochondrial 5-aminolevulinate synthase
gene_2513	494	putative autophagy protein Apg6
gene_2514	293	hypothetical protein
gene_2515	121	hypothetical protein
gene_2516	134	Cytochrome oxidase c subunit VIb-domain containing protein
gene_2517	261	putative hob3
gene_2518	282	GANP/Nin1/mts3/eIF-3 p25 family protein OHX00272.1 26s proteasome regulatory subunit n12
gene_2519	830	putative adventurous gliding protein Z
gene_252	760	putative arsenite efflux transporter
gene_2520	201	hypothetical protein
gene_2521	97	hypothetical protein
gene_2522	485	hypothetical protein
gene_2523	326	calcineurin-like phosphoesterase
gene_2524	485	putative aldehyde dehydrogenase
gene_2525	1235	aconitate hydratase
gene_2526	427	putative GATA zinc finger protein
gene_2527	691	hypothetical protein
gene_2528	83	NADH-ubiquinone oxidoreductase
gene_2529	973	putative N-acetyltransferase B complex non catalytic subunit
gene_253	181	Heterokaryon incompatibility protein (HET)-domain containing protein
gene_2530	76	hypothetical protein
gene_2531	379	putative trypsin
gene_2532	69	hypothetical protein
gene_2533	353	hypothetical protein
gene_2534	409	hypothetical protein
gene_2535	705	esterase lipase
gene_2536	650	hypothetical protein
gene_2537	353	hypothetical protein
gene_2538	1866	putative chitin synthase
gene_2539	250	FkbM family methyltransferase
gene_254	327	putative fungal cellulose binding domain-containing protein
gene_2541	1831	Ankyrin repeat-containing domain protein
gene_2542	891	putative Spc97/Spc98 family protein
gene_2543	312	putative dihydrodipicolinate synthetase
gene_2544	214	Membrane-associating domain-domain containing protein
gene_2545	119	hypothetical protein
gene_2546	238	hypothetical protein
gene_2547	379	putative alcohol dehydrogenase GroES-like domain-containing protein
gene_2548	541	hypothetical protein
gene_2549	307	hypothetical protein
gene_255	352	hypothetical protein
gene_2550	505	putative NCS1 nucleoside transporter
gene_2551	253	putative oxidoreductase
gene_2552	457	Hydrophobic surface binding protein A-domain containing protein
gene_2553	530	Adenylate cyclase associated (CAP) N terminal-domain containing protein
gene_2554	294	hypothetical protein
gene_2555	367	hypothetical protein
gene_2556	408	putative methyltransferase domain-containing protein
gene_2557	285	putative NADP oxidoreductase coenzyme F420-dependent
gene_2558	94	hypothetical protein
gene_2559	265	putative cholera enterotoxin subunit A2
gene_256	1282	putative patched sphingolipid transporter
gene_2560	1017	putative CDC24 calponin
gene_2561	821	putative pre-mRNA-splicing factor SYF1
gene_2562	435	putative CS domain-containing protein
gene_2563	181	hypothetical protein
gene_2564	825	putative VID27 cytoplasmic protein
gene_2565	386	putative fungal-specific transcription factor domain-containing protein
gene_2566	2226	putative Sec63 Brl domain-containing protein
gene_2567	571	hypothetical protein
gene_2568	482	IPP transferase-domain containing protein
gene_2569	537	aspartyl aminopeptidase
gene_257	127	hypothetical protein
gene_2570	1242	hypothetical protein
gene_2572	1348	putative nod factor export ATP-binding protein I
gene_2573	390	family 62 putative glycosyl hydrolase
gene_2574	379	putative GDSL-like Lipase/Acylhydrolase
gene_2575	288	Peroxidase, family 2-domain containing protein
gene_2576	2455	putative polyketide synthase
gene_2577	491	putative succinate-semialdehyde dehydrogenase
gene_2578	118	hypothetical protein
gene_2579	424	putative aminotransferase class-V
gene_258	312	Peptidase M50B-like-domain containing protein
gene_2580	307	family 61 putative glycosyl hydrolase
gene_2581	1371	Vps5 C terminal like-domain containing protein
gene_2582	176	hypothetical protein
gene_2583	321	S-adenosyl-L-methionine-dependent methyltransferase
gene_2584	621	putative major facilitator superfamily transporter
gene_2585	189	hypothetical protein
gene_2586	1627	hypothetical protein
gene_2587	1234	putative CNH domain-containing protein
gene_2588	397	hypothetical protein
gene_2589	278	inosine/uridine-preferring nucleoside hydrolase
gene_259	296	putative signal recognition particle receptor beta subunit
gene_2590	566	hypothetical protein
gene_2591	143	hypothetical protein
gene_2592	54	hypothetical protein
gene_2593	410	family 10 putative glycosyl hydrolase
gene_2594	2308	hypothetical protein
gene_2595	976	hypothetical protein
gene_2596	609	hypothetical protein
gene_2597	101	hypothetical protein
gene_2598	294	hypothetical protein
gene_2599	637	hypothetical protein
gene_26	363	hypothetical protein
gene_2600	445	putative FAD dependent oxidoreductase
gene_2601	843	nitrogen permease reactivator protein
gene_2602	926	nadh-ubiquinone oxidoreductase 78 kda mitochondrial precursor
gene_2603	376	hypothetical protein
gene_2604	191	hypothetical protein
gene_2605	242	hypothetical protein
gene_2606	238	putative haloacid dehalogenase-like hydrolase
gene_2607	317	putative RmlD substrate binding domain-containing protein
gene_2608	1442	Aldehyde/histidinol dehydrogenase
gene_2609	452	Protein kinase-like domain-containing protein
gene_261	226	Protein of unknown function (DUF3605)-domain containing protein
gene_2610	326	putative major facilitator superfamily transporter
gene_2611	697	hypothetical protein
gene_2613	1597	putative BTB/POZ domain-containing protein
gene_2614	637	hypothetical protein
gene_2615	701	cytochrome P450
gene_2616	279	putative flavin reductase like domain-containing protein
gene_2617	386	hypothetical protein
gene_2618	213	putative acetyltransferase
gene_2619	169	hypothetical protein
gene_2620	403	hypothetical protein
gene_2621	341	putative enoyl-CoA hydratase/isomerase
gene_2622	264	putative hydantoin racemase
gene_2623	143	putative mitosis protein DIM1 KZL71611.1 mitosis protein DIM1 KZL87908.1 mitosis protein dim1
gene_2624	307	P-loop containing nucleoside triphosphate hydrolase protein
gene_2625	154	hypothetical protein
gene_2626	752	RecQ family ATP-dependent DNA helicase
gene_2627	428	putative KilA-N domain-containing protein
gene_2628	851	putative ferric reductase like transmembrane component
gene_2629	526	putative SAM dependent methyltransferase
gene_263	1369	putative pentatricopeptide repeat domain-containing protein
gene_2630	503	7-alpha-hydroxycholest-4-en-3-one 12-alpha-hydroxylase
gene_2631	246	hypothetical protein
gene_2632	130	putative ribonuclease
gene_2633	295	putative O-methyltransferase
gene_2634	594	putative cytochrome P450 monooxygenase
gene_2635	237	hypothetical protein
gene_2636	443	Alpha/Beta hydrolase fold
gene_2637	2142	putative nucleoporin autopeptidase
gene_2638	539	putative vacuolar protein sorting-associated protein
gene_2639	1174	putative cell wall biogenesis protein Mhp1
gene_264	453	hypothetical protein
gene_2640	597	putative KH domain-containing protein
gene_2641	170	hypothetical protein
gene_2642	500	putative helix-loop-helix DNA-binding domain-containing protein
gene_2643	401	Lactonase, 7-bladed beta-propeller-domain containing protein
gene_2644	230	putative DSBA-like thioredoxin domain-containing protein
gene_2645	486	putative cytochrome P450
gene_2646	1386	putative nuclear migration protein
gene_2647	1240	putative PPE family protein
gene_2648	401	PrpF protein
gene_2649	310	hypothetical protein
gene_265	2631	putative down-regulated in metastasis
gene_2650	536	C3HC zinc finger-like-domain containing protein
gene_2651	7698	hypothetical protein
gene_2652	154	hypothetical protein
gene_2653	569	CoA-transferase family III domain-containing protein
gene_2654	405	putative mucin
gene_2655	124	hypothetical protein
gene_2656	463	hypothetical protein
gene_2657	1208	putative cellular morphogenesis protein
gene_2658	490	putative thiol-specific monooxygenase
gene_2659	210	putative proteasome A-type and B-type
gene_266	164	Polysaccharide biosynthesis-domain containing protein
gene_2660	271	hypothetical protein
gene_2661	432	putative acyltransferase
gene_2662	343	putative polyprenyl synthetase
gene_2663	85	hypothetical protein
gene_2664	576	putative WW domain-containing protein
gene_2665	592	putative dihydroxyacetone kinase
gene_2666	724	Golgin subfamily A member 7/ERF4 family-domain containing protein
gene_2667	475	Protein of unknown function (DUF1682)-domain containing protein
gene_2668	184	putative FeS cluster assembly scaffold IscU
gene_2669	112	Reactive mitochondrial oxygen species modulator 1-domain containing protein
gene_267	412	putative cytidylyltransferase
gene_2670	240	hypothetical protein
gene_2671	431	putative hydantoinase/carbamoylase family amidase
gene_2672	324	hypothetical protein
gene_2673	491	putative zinc-binding dehydrogenase
gene_2674	461	hypothetical protein
gene_2675	815	hypothetical protein
gene_2677	398	putative NPP1 domain-containing protein
gene_2678	509	putative F-box domain-containing protein
gene_2679	593	hypothetical protein
gene_268	134	putative signal recognition particle 14kD protein
gene_2680	2112	putative glutamate synthase
gene_2681	456	Apc13p protein-domain containing protein
gene_2682	277	putative ribosomal protein L13e
gene_2683	622	putative carboxylesterase
gene_2684	207	Cyclin-like protein
gene_2685	425	putative aromatic prenyltransferase
gene_2686	564	putative MNNG and nitrosoguanidine resistance protein
gene_2687	462	Ankyrin repeat-containing domain protein
gene_2688	91	hypothetical protein
gene_2689	770	putative 5-methyltetrahydropteroyltriglutamate-homocysteine S-methyltransferase
gene_269	339	putative fumarylacetoacetate hydrolase
gene_2691	252	putative linker histone H1 and H5 family protein
gene_2692	503	putative PAP2 superfamily protein
gene_2693	51	hypothetical protein
gene_2694	740	putative trehalase
gene_2695	1086	hypothetical protein
gene_2696	766	hypothetical protein
gene_2697	753	cytochrome b2 OBR12081.1 cytochrome b2
gene_2698	276	hypothetical protein
gene_2699	748	fungal-specific transcription factor domain-containing protein EFQ34336.1 fungal-specific transcription factor domain-containing protein
gene_27	794	putative ATP-citrate synthase subunit 1
gene_270	746	HAUS augmin-like complex subunit 6 N-terminus-domain containing protein
gene_2700	252	hypothetical protein
gene_2701	469	Conserved hypothetical protein (DUF2461)-domain containing protein
gene_2702	100	hypothetical protein
gene_2703	459	hypothetical protein
gene_2704	477	putative dihydropteroate synthase
gene_2705	375	Histidine-specific methyltransferase, SAM-dependent-domain containing protein
gene_2706	240	chloroperoxidase-like protein
gene_2707	196	hypothetical protein
gene_2708	170	Fungal protein of unknown function (DUF1770)-domain containing protein
gene_2709	953	hypothetical protein
gene_271	259	hypothetical protein
gene_2710	262	short chain dehydrogenase
gene_2711	107	putative microsomal signal peptidase 12 kDa subunit
gene_2712	260	hypothetical protein
gene_2713	814	DnaJ domain-containing protein
gene_2714	571	Magnesium transporter NIPA-domain containing protein
gene_2715	291	hypothetical protein
gene_2716	474	hypothetical protein
gene_2717	637	Prion-inhibition and propagation-domain containing protein
gene_2718	325	hypothetical protein
gene_2719	327	hypothetical protein
gene_272	405	hypothetical protein
gene_2720	728	putative thioredoxin
gene_2721	245	hypothetical protein
gene_2722	339	putative fork head domain-containing protein
gene_2723	255	hypothetical protein
gene_2724	1034	hypothetical protein
gene_2725	478	hypothetical protein
gene_2726	342	Yippee zinc-binding/DNA-binding /Mis18, centromere assembly-domain containing protein
gene_2727	1217	hypothetical protein
gene_2728	210	putative frataxin
gene_2729	2671	putative AMP-binding enzyme
gene_273	432	putative RNA 3'-terminal phosphate cyclase
gene_2730	894	hypothetical protein
gene_2731	89	hypothetical protein
gene_2732	521	hypothetical protein
gene_2733	657	hypothetical protein
gene_2734	706	hypothetical protein
gene_2735	98	hypothetical protein
gene_2736	384	putative triose-phosphate transporter
gene_2737	206	hypothetical protein
gene_2738	329	hypothetical protein
gene_2739	543	putative chaperone DnaJ
gene_2740	229	hypothetical protein
gene_2741	542	putative oxysterol-binding protein
gene_2742	283	putative histone-like transcription factor and archaeal histone
gene_2743	1148	putative AARP2CN domain-containing protein
gene_2744	1677	putative ubiquitin carboxyl-terminal hydrolase
gene_2745	321	hypothetical protein
gene_2746	364	putative D-isomer specific 2-hydroxyacid dehydrogenase
gene_2747	383	hypothetical protein
gene_2748	496	putative ribophorin I
gene_2749	386	hypothetical protein
gene_275	260	putative phosphoglycerate mutase
gene_2750	92	hypothetical protein
gene_2751	672	hypothetical protein
gene_2752	658	putative tetratricopeptide
gene_2753	350	hypothetical protein
gene_2754	171	RNA recognition domain-containing protein EFQ25361.1 RNA recognition domain-containing protein
gene_2755	1537	laccase-1
gene_2756	711	putative peptidase family M3
gene_2757	546	family 16 putative glycosyl hydrolase
gene_2758	1031	hypothetical protein
gene_2759	370	hypothetical protein
gene_276	394	Ribosomal protein L1p/L10e family-domain containing protein
gene_2760	758	putative 3-dehydroquinate dehydratase
gene_2761	118	hypothetical protein
gene_2762	1277	putative ABC transporter
gene_2763	224	family 11 putative glycosyl hydrolase
gene_2764	661	hypothetical protein
gene_2765	479	hypothetical protein
gene_2766	457	putative RTA1 like protein
gene_2767	195	putative U1 zinc finger protein
gene_2768	489	putative NADH-ubiquinone oxidoreductase 30.4 kDa subunit
gene_2769	515	putative adaptor complexes medium subunit family protein
gene_277	203	hypothetical protein
gene_2770	217	ER membrane protein SH3 EFQ26321.1 ER membrane protein SH3
gene_2771	336	putative amidohydrolase 2
gene_2772	472	Phosphotransferase enzyme family-domain containing protein
gene_2773	361	hypothetical protein
gene_2774	115	hypothetical protein
gene_2775	189	hypothetical protein
gene_2776	582	putative snf5/smarcb1/ini1
gene_2777	387	Protein of unknown function (DUF3129)-domain containing protein
gene_2778	811	hypothetical protein
gene_2779	255	hypothetical protein
gene_278	519	putative phosphatidylinositol N-acetylglucosaminyltransferase
gene_2780	316	Acyl transferase/acyl hydrolase/lysophospholipase
gene_2781	106	putative transmembrane protein 14C
gene_2782	579	putative BAG domain-containing protein
gene_2783	584	hypothetical protein
gene_2784	350	putative methyltransferase domain-containing protein
gene_2785	183	putative RNA recognition domain-containing protein
gene_2786	550	Fungal specific transcription factor domain-domain containing protein
gene_2787	690	hypothetical protein
gene_2788	371	hypothetical protein
gene_2789	452	PrpF protein-domain containing protein
gene_279	345	putative alkylated DNA repair protein AlkB
gene_2790	152	putative RNA polymerase Rpb6
gene_2791	577	CTP synthase
gene_2792	509	putative FAD/FMN-containing dehydrogenase
gene_2793	224	putative tetraspanin
gene_2794	1416	putative null
gene_2795	234	hypothetical protein
gene_2796	486	hypothetical protein
gene_2797	261	putative translin
gene_2798	429	Domain of unknown function (DUF4419)-domain containing protein
gene_28	587	putative GMC oxidoreductase
gene_280	446	hypothetical protein
gene_2800	293	hypothetical protein
gene_2801	288	hypothetical protein
gene_2802	669	hypothetical protein
gene_2803	112	hypothetical protein
gene_2804	265	hypothetical protein
gene_2805	245	hypothetical protein
gene_2806	277	hypothetical protein
gene_2807	630	putative taurine catabolism dioxygenase TauD
gene_2808	319	Domain of Unknown Function (DUF1907)-domain containing protein
gene_2809	1201	hypothetical protein
gene_2810	512	putative major facilitator superfamily transporter
gene_2811	212	hypothetical protein
gene_2812	697	hypothetical protein
gene_2813	491	Major facilitator superfamily domain-containing protein
gene_2814	407	hypothetical protein
gene_2815	500	putative nuclear segregation protein
gene_2816	501	hypothetical protein
gene_2817	1302	putative Ulp1 protease family protein
gene_2818	187	hypothetical protein
gene_282	284	hypothetical protein
gene_2820	341	hypothetical protein
gene_2821	534	putative hydroxyethylthiazole kinase
gene_2823	354	hypothetical protein
gene_2824	409	Protein of unknown function (DUF4243)-domain containing protein
gene_2825	474	hypothetical protein
gene_2826	264	family 61 putative glycosyl hydrolase
gene_2827	611	putative WD domain-containing protein
gene_2828	296	putative oxidoreductase NAD-binding domain-containing protein
gene_2829	713	putative universal stress protein family
gene_2830	499	putative HET domain-containing protein
gene_2831	487	Peptidase S8/S53 domain-containing protein
gene_2832	141	hypothetical protein
gene_2833	522	putative cytochrome P450
gene_2834	376	hypothetical protein
gene_2835	1296	putative SET domain-containing protein
gene_2836	124	putative ABC-type Fe3+ transport system
gene_2837	777	putative vacuolar sorting protein VPS1
gene_2838	196	putative complex 1 protein
gene_2839	341	putative integral membrane protein
gene_284	533	putative POT family protein
gene_2840	546	hypothetical protein
gene_2841	354	putative oxidoreductase
gene_2842	787	Protein of unknown function (DUF3176)-domain containing protein
gene_2843	75	hypothetical protein
gene_2844	304	putative MAGE family protein
gene_2845	825	fad dependent oxidoreductase
gene_2846	371	putative 3-isopropylmalate dehydrogenase
gene_2847	1148	hypothetical protein
gene_2848	158	hypothetical protein
gene_2849	398	anaphase-promoting complex subunit 11
gene_285	576	putative RNA recognition domain-containing protein
gene_2850	518	putative eukaryotic aspartyl protease
gene_2851	409	DEAD/DEAH box helicase
gene_2852	288	putative carbonyl reductase
gene_2853	945	hypothetical protein
gene_2854	667	Putative glycosyl hydrolase of unknown function (DUF1680)-domain containing protein
gene_2855	194	Tata-box-binding protein OBR02104.1 Tata-box-binding protein
gene_2856	1122	hypothetical protein
gene_2857	256	hypothetical protein
gene_2858	429	putative amidohydrolase
gene_2859	428	putative serum paraoxonase/arylesterase
gene_286	181	L-Aspartase-like protein
gene_2860	440	putative YDG/SRA domain-containing protein
gene_2861	436	adaptor complexes medium subunit family protein EFQ25808.1 adaptor complexes medium subunit family protein
gene_2862	932	putative calpain family cysteine protease
gene_2863	273	hypothetical protein
gene_2864	576	hypothetical protein
gene_2865	638	D-galacturonate reductase
gene_2866	467	SPX domain-domain containing protein
gene_2867	252	hypothetical protein
gene_2869	604	high-affinity glucose transporter
gene_287	177	hypothetical protein
gene_2870	1426	hypothetical protein
gene_2871	373	putative deuterolysin metalloprotease
gene_2872	370	putative 30S ribosomal protein S7
gene_2873	307	putative SH3 domain-containing protein
gene_2874	333	putative methyltransferase domain-containing protein
gene_2875	230	hypothetical protein
gene_2876	97	hypothetical protein
gene_2877	258	putative PKSN polyketide synthase for alternapyrone biosynthesis protein
gene_2878	434	putative glucosyltransferase
gene_2879	493	TAFII55 protein conserved region-domain containing protein
gene_288	353	hypothetical protein
gene_2880	214	-like protein KAF6812246.1 ras
gene_2881	417	hypothetical protein
gene_2882	970	Protein of unknown function (DUF1620)-domain containing protein
gene_2883	900	putative RhoGAP domain-containing protein
gene_2884	545	General substrate transporter
gene_2885	1531	hypothetical protein
gene_2886	481	hypothetical protein
gene_2887	140	hypothetical protein
gene_2888	747	putative adhesin protein Mad1
gene_2889	906	hypothetical protein
gene_289	379	hypothetical protein
gene_2890	251	putative cupin
gene_2891	752	hypothetical protein
gene_2892	404	putative fasciclin domain-containing protein
gene_2894	855	Protein kinase-like domain-containing protein
gene_2895	428	putative Cys/Met metabolism PLP-dependent enzyme
gene_2896	155	hypothetical protein
gene_2897	551	putative carboxylesterase
gene_2898	637	hypothetical protein
gene_2899	505	hypothetical protein
gene_29	491	major facilitator superfamily transporter
gene_290	316	putative short chain dehydrogenase
gene_2900	536	putative rhamnogalacturonase B
gene_2901	580	putative eukaryotic aspartyl protease
gene_2902	670	putative alkaline phosphatase
gene_2903	537	putative major facilitator superfamily transporter
gene_2904	348	putative zinc-binding dehydrogenase
gene_2905	64	hypothetical protein
gene_2906	444	putative tubulin/FtsZ family protein
gene_2907	514	MBOAT, membrane-bound O-acyltransferase family-domain containing protein
gene_2908	928	Protein kinase-like domain-containing protein
gene_2909	306	hypothetical protein
gene_291	297	putative short chain dehydrogenase
gene_2910	131	hypothetical protein
gene_2911	87	hypothetical protein
gene_2912	319	Acyl transferase/acyl hydrolase/lysophospholipase
gene_2913	694	putative fungal-specific transcription factor domain-containing protein
gene_2914	2396	putative KR domain-containing protein
gene_2915	329	hypothetical protein
gene_2916	276	putative alcohol dehydrogenase GroES-like domain-containing protein
gene_2918	973	hypothetical protein
gene_2919	61	NADP-dependent oxidoreductase domain-containing protein
gene_292	188	hypothetical protein
gene_2920	140	hypothetical protein
gene_2921	309	Putative methyltransferase-domain containing protein
gene_2922	479	putative MIP family channel protein
gene_2923	330	putative anamorsin family protein
gene_2924	458	26S proteasome subunit P45 family protein KZL85817.1 26s proteasome regulatory subunit T2 TIC90160.1 26S protease regulatory subunit 4-like protein TQN69823.1 26S proteasome regulatory subunit 4-like protein
gene_2925	222	hypothetical protein
gene_2926	96	hypothetical protein
gene_2927	846	Mitochondrial inner-membrane-bound regulator-domain containing protein
gene_2928	230	putative pyridoxamine 5'-phosphate oxidase
gene_2929	127	CST complex subunit Ten1
gene_293	589	hypothetical protein
gene_2930	624	hypothetical protein
gene_2931	572	putative carboxylesterase
gene_2933	278	putative RNase III domain-containing protein
gene_2934	352	hypothetical protein
gene_2935	201	Protein of unknown function (DUF1168)-domain containing protein
gene_2936	317	hypothetical protein
gene_2937	454	hypothetical protein
gene_2938	436	hypothetical protein
gene_2939	623	putative GMC oxidoreductase
gene_294	103	50s ribosomal protein 27 OHW98567.1 50s ribosomal protein 27
gene_2940	508	hypothetical protein
gene_2941	804	hypothetical protein
gene_2942	269	hypothetical protein
gene_2943	185	CinA
gene_2944	212	hypothetical protein
gene_2945	1186	nitrogen assimilation transcription factor nit-4
gene_2946	80	hypothetical protein
gene_2947	503	putative RadP cytochrome P450 epoxidase
gene_2948	781	putative primase zinc finger protein
gene_295	127	60s ribosomal protein l35-like protein
gene_2950	561	putative AMP-binding enzyme
gene_2951	355	hypothetical protein
gene_2952	578	hypothetical protein
gene_2953	325	peroxisomal dehydratase
gene_2954	251	hypothetical protein
gene_2956	320	hypothetical protein
gene_2957	842	VRR-NUC domain-domain containing protein
gene_2958	393	putative L-galactose dehydrogenase
gene_2959	455	hypothetical protein
gene_296	201	hypothetical protein
gene_2960	1550	putative ABC transporter
gene_2961	168	hypothetical protein
gene_2962	208	hypothetical protein
gene_2963	288	Domain of unknown function (DUF3328)-domain containing protein
gene_2964	477	putative cytochrome P450
gene_2965	199	60s ribosomal protein l33-a
gene_2966	488	putative major facilitator superfamily transporter
gene_2967	143	AP-2 complex subunit sigma EXF76295.1 AP-2 complex subunit sigma KXH41914.1 AP-2 complex subunit sigma KXH45777.1 AP-2 complex subunit sigma KXH66322.1 AP-2 complex subunit sigma OHE94322.1 AP-2 complex subunit sigma
gene_2968	418	hypothetical protein
gene_2969	196	hypothetical protein
gene_297	252	putative GDSL-like Lipase/Acylhydrolase
gene_2970	1189	putative FHA domain-containing protein
gene_2971	558	putative cytochrome P450
gene_2972	654	putative autophagy protein Atg22
gene_2973	595	hypothetical protein
gene_2974	253	hypothetical protein
gene_2975	994	putative involucrin repeat protein
gene_2976	163	hypothetical protein
gene_2977	535	hypothetical protein
gene_2978	133	hypothetical protein
gene_2979	438	putative FAD dependent oxidoreductase
gene_298	590	putative initiation-specific alpha-1,6-mannosyltransferase
gene_2980	191	Domain of unknown function (DUF1772)-domain containing protein
gene_2981	321	putative bZIP transcription factor
gene_2982	342	hypothetical protein
gene_2983	397	hypothetical protein
gene_2984	400	putative Sec62 family protein translocation protein
gene_2985	225	putative microsomal signal peptidase 25 kDa subunit
gene_2986	368	hypothetical protein
gene_2987	505	putative endo-beta-1,6-galactanase
gene_2988	439	putative amidohydrolase
gene_2989	251	hypothetical protein
gene_299	146	hypothetical protein
gene_2990	375	putative TPR domain-containing protein
gene_2991	154	hypothetical protein
gene_2992	427	lysine methyltransferase
gene_2993	359	hypothetical protein
gene_2994	188	hypothetical protein
gene_2995	936	hypothetical protein
gene_2996	728	putative FAD binding domain-containing protein
gene_2997	235	hypothetical protein
gene_2998	417	putative low temperature viability protein
gene_2999	2409	putative mycocerosic acid synthase
gene_3	114	Sec61beta family-domain containing protein
gene_30	77	heat shock factor binding protein 1 EFQ28012.1 heat shock factor binding protein 1 KDN63124.1 putative heat shock factor binding protein 1
gene_300	944	putative HET domain-containing protein
gene_3000	1052	putative peptidase M16 inactive domain-containing protein
gene_3001	275	hypothetical protein
gene_3002	1359	putative TATA-binding protein interacting
gene_3003	608	putative HSF-type DNA-binding protein
gene_3004	942	putative tuberous sclerosis 1
gene_3005	588	hypothetical protein
gene_3006	99	hypothetical protein
gene_3007	863	hypothetical protein
gene_3008	255	hypothetical protein
gene_3009	291	GPR1/FUN34/yaaH family-domain containing protein
gene_301	659	transcriptional activator protein DAL81
gene_3010	452	putative tat pathway signal sequence
gene_3011	194	hypothetical protein
gene_3012	124	putative biotrophy-associated secreted protein 3
gene_3013	370	hypothetical protein
gene_3014	246	hypothetical protein
gene_3015	475	squalene phytoene synthase
gene_3016	162	bola-like protein OHW95132.1 bola domain-containing protein
gene_3017	259	hypothetical protein
gene_3018	85	hypothetical protein
gene_3019	1171	P-loop containing nucleoside triphosphate hydrolase protein
gene_302	231	putative px domain-containing protein YPT35
gene_3020	514	hypothetical protein
gene_3021	343	putative tetrahydrofolate dehydrogenase/cyclohydrolase
gene_3023	852	general amino acid permease AGP2
gene_3024	311	putative FtsJ-like methyltransferase
gene_3025	1131	Vps54-like protein-domain containing protein
gene_3026	630	putative low-affinity potassium transport protein
gene_3027	424	acyl-coa dehydrogenase
gene_3028	359	hypothetical protein
gene_3029	67	hypothetical protein
gene_303	325	hypothetical protein
gene_3030	184	hypothetical protein
gene_3031	507	putative F-box domain-containing protein
gene_3032	486	putative major facilitator superfamily transporter
gene_3033	194	putative CFEM domain-containing protein
gene_3034	915	putative ent-kaurene synthase
gene_3035	100	hypothetical protein
gene_3036	434	putative zinc carboxypeptidase
gene_3037	230	hypothetical protein
gene_3038	674	hypothetical protein
gene_3039	935	putative POPLD domain-containing protein
gene_304	1893	putative SNF2 family domain-containing protein
gene_3040	340	hypothetical protein
gene_3041	498	hypothetical protein
gene_3042	381	putative methyltransferase domain-containing protein
gene_3044	472	hypothetical protein
gene_3045	350	hypothetical protein
gene_3046	270	putative U-box domain-containing protein
gene_3047	126	hypothetical protein
gene_3048	2465	putative amino acid adenylation domain-containing protein
gene_3049	958	hypothetical protein
gene_305	209	hypothetical protein
gene_3050	984	putative capsular associated protein
gene_3051	164	putative thioesterase superfamily protein
gene_3052	675	putative major facilitator superfamily transporter
gene_3053	242	hypothetical protein
gene_3054	922	putative dynamin family protein
gene_3055	119	hypothetical protein
gene_3056	269	hypothetical protein
gene_3057	942	putative ATPase
gene_3058	592	hypothetical protein
gene_3059	186	hypothetical protein
gene_306	551	Heterokaryon incompatibility protein (HET)-domain containing protein
gene_3060	985	pentatricopeptide repeat domain-containing protein
gene_3061	1533	putative sulfite reductase hemo protein
gene_3062	464	putative GNS1/SUR4 family protein
gene_3063	830	cell division control protein 73
gene_3064	83	putative cytochrome b5-like Heme/Steroid binding domain-containing protein
gene_3065	506	Protein of unknown function (DUF3176)-domain containing protein
gene_3066	920	putative fungal-specific transcription factor domain-containing protein
gene_3067	556	hypothetical protein
gene_3068	363	putative CobW/HypB/UreG
gene_3069	537	Peptidase M24, structural domain-containing protein
gene_307	695	C6 transcription factor
gene_3070	335	hypothetical protein
gene_3071	426	putative major facilitator superfamily transporter
gene_3072	909	hypothetical protein
gene_3073	249	Protein of unknown function (DUF3237)-domain containing protein
gene_3074	286	hypothetical protein
gene_3075	1105	putative PH domain-containing protein
gene_3076	292	hypothetical protein
gene_3077	788	putative FHA domain-containing protein
gene_3078	1613	putative glycosyl hydrolase family 38 domain-containing protein
gene_3079	1625	tubulin alpha chain KAE9573092.1 tubulin alpha chain KAF4413626.1 tubulin alpha chain
gene_308	237	hypothetical protein
gene_3080	356	hypothetical protein
gene_3081	222	Thaumatin
gene_3082	230	hypothetical protein
gene_3084	172	hypothetical protein
gene_3085	817	hypothetical protein
gene_3086	336	hypothetical protein
gene_3087	504	putative misato segment II myosin-like domain-containing protein
gene_3088	399	hypothetical protein
gene_3089	264	hypothetical protein
gene_309	502	putative cation efflux family protein
gene_3090	308	putative carboxymuconolactone decarboxylase
gene_3091	248	putative acetyltransferase
gene_3092	1609	mediator complex subunit MED14 OBR15304.1 mediator complex subunit MED14
gene_3093	844	putative fungal-specific transcription factor domain-containing protein
gene_3094	1063	putative zinc finger protein
gene_3095	229	hypothetical protein
gene_3096	382	hypothetical protein
gene_3097	218	P-loop containing nucleoside triphosphate hydrolase protein
gene_3098	934	putative telomerase activating protein Est1
gene_3099	411	hypothetical protein
gene_31	787	hypothetical protein
gene_310	270	2og-fe oxygenase
gene_3100	566	RTC4-like domain-domain containing protein
gene_3101	382	putative aldo/keto reductase
gene_3102	382	hypothetical protein
gene_3103	1184	putative hydroxymethylglutaryl-coenzyme A reductase
gene_3104	1698	histone deacetylase interacting
gene_3105	718	Fungal specific transcription factor domain-domain containing protein
gene_3106	446	glycosyl hydrolase
gene_3107	319	hypothetical protein
gene_3108	253	hypothetical protein
gene_3109	474	family 6 putative glycosyl hydrolase
gene_311	236	hypothetical protein
gene_3110	370	putative cyanide hydratase
gene_3111	1465	hypothetical protein
gene_3112	170	hypothetical protein
gene_3113	357	putative zinc finger transcription factor
gene_3114	450	Protein of unknown function (DUF3533)-domain containing protein
gene_3115	639	putative calcium influx-promoting protein ehs1
gene_3117	516	hypothetical protein
gene_3118	100	hypothetical protein
gene_3119	350	putative sphingolipid long chain base-responsive protein LSP1
gene_312	454	Protein phosphatase 2C-domain containing protein
gene_3120	379	putative pectate lyase
gene_3121	617	putative homeobox domain-containing protein
gene_3122	502	Transferase family-domain containing protein
gene_3123	583	putative SpoU rRNA methylase
gene_3124	245	putative SUR7 protein
gene_3125	772	hypothetical protein
gene_3126	103	hypothetical protein
gene_3127	199	putative ras family protein
gene_3128	447	Protein kinase-like domain-containing protein
gene_3129	583	putative eukaryotic translation initiation factor 3 subunit 7
gene_313	1855	hypothetical protein
gene_3130	448	putative alpha/beta hydrolase
gene_3131	550	putative ankyrin repeat protein
gene_3132	318	WD domain-containing protein EFQ35064.1 WD domain-containing protein KDN68638.1 putative WD domain-containing protein
gene_3133	542	putative rhamnogalacturonase B
gene_3134	132	hypothetical protein
gene_3135	511	putative UBX domain-containing protein
gene_3136	258	hypothetical protein
gene_3137	364	putative glutamine synthetase
gene_3138	494	Major facilitator superfamily domain-containing protein
gene_3139	424	hypothetical protein
gene_314	292	putative bacteriorhodopsin
gene_3140	784	putative chitin recognition protein
gene_3141	142	GMF family protein EFQ31034.1 GMF family protein
gene_3142	384	hypothetical protein
gene_3143	232	hypothetical protein
gene_3144	545	hypothetical protein
gene_3145	256	hypothetical protein
gene_3146	353	hypothetical protein
gene_3147	786	hypothetical protein
gene_3148	348	hypothetical protein
gene_3149	1039	putative oxysterol-binding protein
gene_315	459	putative DHHC zinc finger domain-containing protein
gene_3150	475	hypothetical protein
gene_3152	1017	putative Sec23/Sec24 trunk domain-containing protein
gene_3153	424	Uncharacterised ACR, YagE family COG1723-domain containing protein
gene_3154	321	Protein kinase-like domain-containing protein
gene_3155	646	Uncharacterized alpha/beta hydrolase domain (DUF2235)-domain containing protein
gene_3156	387	putative glucanase B
gene_3157	934	hypothetical protein
gene_3158	272	hypothetical protein
gene_3159	525	cytochrome p450
gene_316	583	Peptidase S8/S53 domain-containing protein
gene_3160	560	hypothetical protein
gene_3161	1113	hypothetical protein
gene_3162	325	hypothetical protein
gene_3163	537	putative cytochrome P450
gene_3164	796	hypothetical protein
gene_3165	654	hypothetical protein
gene_3166	428	Male sterility protein-domain containing protein
gene_3167	848	formamidase
gene_3168	552	putative kelch domain-containing protein
gene_3169	524	hypothetical protein
gene_317	518	family 71 putative glycosyl hydrolase
gene_3170	162	putative cytochrome c oxidase subunit VA
gene_3171	433	putative mannitol 1-phosphate dehydrogenase
gene_3172	749	SAGA complex subunit spt3
gene_3173	119	putative helix-loop-helix DNA-binding domain-containing protein
gene_3174	112	stress responsive A/B barrel domain-containing protein EFQ35650.1 stress responsive A/B barrel domain-containing protein
gene_3175	322	DUF2407 C-terminal domain-domain containing protein
gene_3177	264	hypothetical protein
gene_3178	703	Ureidoglycolate hydrolase-domain containing protein
gene_3179	561	putative heterokaryon incompatibility protein
gene_318	576	T5orf172 domain-domain containing protein
gene_3180	650	Heterokaryon incompatibility protein (HET)-domain containing protein
gene_3181	581	putative major facilitator superfamily transporter
gene_3183	656	hypothetical protein
gene_3184	776	hypothetical protein
gene_3185	219	MFS transporter KAF4778556.1 MFS transporter
gene_3186	357	Protein of unknown function (DUF3752)-domain containing protein
gene_3187	128	ATP synthase
gene_3188	1575	wsc domain-containing protein
gene_3189	267	putative signal sequence receptor alpha chain
gene_319	526	putative acetyl-CoA hydrolase/transferase domain-containing protein
gene_3190	374	putative methyltransferase domain-containing protein
gene_3191	225	putative nitrogen starvation-induced glutamine rich protein
gene_3192	84	hypothetical protein
gene_3193	751	hypothetical protein
gene_3194	209	hypothetical protein
gene_3195	839	putative PA domain-containing protein
gene_3196	233	hypothetical protein
gene_3197	461	hypothetical protein
gene_3198	335	putative zinc-binding dehydrogenase
gene_3199	355	G-protein alpha subunit EFQ27647.1 G-protein alpha subunit KDN61187.1 putative G-protein alpha subunit KZL87378.1 guanine nucleotide-binding protein alpha-3 subunit OHW91452.1 guanine nucleotide-binding protein alpha-3 subunit
gene_32	537	family 43 putative glycosyl hydrolase
gene_320	365	hypothetical protein
gene_3200	218	hypothetical protein
gene_3201	451	2,3-cyclic-nucleotide 2-phosphodiesterase
gene_3202	372	hypothetical protein
gene_3203	521	putative ankyrin repeat protein
gene_3204	308	putative GIY-YIG catalytic domain-containing protein
gene_3205	613	putative platelet-activating factor acetylhydrolase
gene_3206	438	putative acetate kinase
gene_3207	390	family 88 putative glycosyl hydrolase
gene_3208	598	putative DEAD/DEAH box helicase
gene_3209	387	hypothetical protein
gene_321	662	putative dual specificity phosphatase
gene_3210	497	putative FMN-dependent dehydrogenase
gene_3211	1683	putative cytochrome b5-like Heme/Steroid binding domain-containing protein
gene_3212	1467	hypothetical protein
gene_3213	2180	Protein phosphatase 2C-domain containing protein
gene_3214	1078	putative ribosomal protein L19
gene_3215	577	hypothetical protein
gene_3216	215	acetyltransferase
gene_3218	380	hypothetical protein
gene_3219	215	hypothetical protein
gene_322	289	isoflavone reductase
gene_3220	293	hypothetical protein
gene_3221	139	ATP-dependent DNA helicase Q-like 3
gene_3222	742	putative RNA recognition domain-containing protein
gene_3223	343	putative methyltransferase domain-containing protein
gene_3224	302	hypothetical protein
gene_3225	292	hypothetical protein
gene_3226	465	hypothetical protein
gene_3227	486	putative guanine deaminase
gene_3228	553	hypothetical protein
gene_3229	75	hypothetical protein
gene_323	679	putative FAD binding domain-containing protein
gene_3230	983	Protein of unknown function (DUF1212)-domain containing protein
gene_3231	637	Sugar (and other) transporter-domain containing protein
gene_3232	176	putative transcription initiation factor IID
gene_3233	208	hypothetical protein
gene_3234	615	putative signal recognition particle protein
gene_3235	296	hypothetical protein
gene_3236	448	hypothetical protein
gene_3237	1422	putative ankyrin repeat protein
gene_3238	106	hypothetical protein
gene_3239	256	putative transcription factor
gene_324	668	hypothetical protein
gene_3240	1221	kelch repeat-containing protein 3
gene_3241	450	hypothetical protein
gene_3242	438	hypothetical protein
gene_3243	332	Protein kinase-like domain-containing protein
gene_3244	549	putative glutamyl-tRNA amidotransferase subunit A
gene_3245	673	hypothetical protein
gene_3246	439	putative oxidase
gene_3247	906	hypothetical protein
gene_3248	403	putative methyltransferase domain-containing protein
gene_3249	259	hypothetical protein
gene_325	478	putative transmembrane amino acid transporter
gene_3250	412	hypothetical protein
gene_3251	558	putative RNA recognition domain-containing protein
gene_3252	549	putative initiation factor 2 subunit family protein
gene_3253	545	Rft protein-domain containing protein
gene_3254	175	hypothetical protein
gene_3255	564	26S proteasome subunit RPN7-domain containing protein
gene_3256	779	Dipeptidyl peptidase IV (DPP IV) N-terminal region-domain containing protein
gene_3257	383	putative arsenical-resistance protein
gene_3258	230	hypothetical protein
gene_3259	1037	hypothetical protein
gene_326	482	putative major facilitator superfamily transporter
gene_3260	731	hypothetical protein
gene_3261	561	putative acetolactate synthase
gene_3262	944	putative GAS2 domain-containing protein
gene_3263	549	hypothetical protein
gene_3264	217	ribosomal protein L1p/L10e family protein EFQ24897.1 ribosomal protein L1p/L10e family protein KDN63682.1 putative ribosomal protein L1p/L10e family protein
gene_3266	2585	putative beta-ketoacyl synthase domain-containing protein
gene_3267	830	putative lipoate-protein ligase A
gene_3268	555	putative amino acid permease
gene_3269	390	hypothetical protein
gene_327	254	hypothetical protein
gene_3270	410	hypothetical protein
gene_3271	117	putative translation initiation factor SUI1 KZL64316.1 translation initiation factor SUI1 OHW92511.1 translation initiation factor sui1-like protein
gene_3272	238	putative HMG box protein
gene_3273	635	hypothetical protein
gene_3274	644	putative ankyrin repeat and zinc finger domain-containing protein
gene_3275	376	Mo25-like protein
gene_3276	269	hypothetical protein
gene_3277	216	hypothetical protein
gene_3278	266	Protein of unknown function (DUF3632)-domain containing protein
gene_3279	128	hypothetical protein
gene_328	201	Spc24 subunit of Ndc80-domain containing protein
gene_3280	1028	hypothetical protein
gene_3281	387	hypothetical protein
gene_3282	376	putative HMG box protein
gene_3283	105	putative DASH complex subunit Dad1
gene_3284	646	peroxisomal membrane protein
gene_3286	499	hypothetical protein
gene_3287	85	hypothetical protein
gene_3288	344	hypothetical protein
gene_3289	298	hypothetical protein
gene_329	548	hypothetical protein
gene_3290	409	hypothetical protein
gene_3291	72	hypothetical protein
gene_3292	931	putative six-hairpin glycosidase
gene_3293	551	putative TAP domain-containing protein
gene_3295	210	adenylylsulfate kinase
gene_3296	653	putative cupin domain-containing protein
gene_3297	325	hypothetical protein
gene_3298	535	putative glycolipid anchored surface protein
gene_3299	141	Pam16-domain containing protein
gene_33	287	hypothetical protein
gene_330	224	hypothetical protein
gene_3300	500	General substrate transporter
gene_3301	337	hypothetical protein
gene_3303	464	putative eukaryotic aspartyl protease
gene_3304	1179	Nucleoporin Nup120/160-domain containing protein
gene_3305	105	hypothetical protein
gene_3306	495	putative major facilitator superfamily transporter
gene_3307	379	hypothetical protein
gene_3308	188	hypothetical protein
gene_3309	295	family 16 putative glycosyl hydrolase
gene_331	534	General substrate transporter
gene_3310	235	hypothetical protein
gene_3311	515	putative 2-oxoacid dehydrogenase acyltransferase
gene_3312	140	hypothetical protein
gene_3313	380	hypothetical protein
gene_3315	131	60S ribosomal protein L32 KDN71510.1 putative 60S ribosomal protein L32 OHW90056.1 60s ribosomal protein L32 TID02891.1 60S ribosomal protein L32 OBR13257.1 60S ribosomal protein L32 CCF34260.1 60S ribosomal protein L32
gene_3316	376	Zinc finger protein-domain containing protein
gene_3317	667	putative nucleotide sugar dehydrogenase
gene_3318	160	hypothetical protein
gene_3319	865	putative NOL1/NOP2/sun family protein
gene_3320	397	Protein kinase-like domain-containing protein
gene_3321	1503	hypothetical protein
gene_3322	732	putative oligopeptide transporter
gene_3323	2119	putative beta-ketoacyl synthase domain-containing protein
gene_3324	889	putative spindle pole body component alp14
gene_3325	210	hypothetical protein
gene_3326	177	NUDIX hydrolase domain-like protein
gene_3327	912	putative Nop14-like family protein
gene_3328	465	putative flavin-containing superfamily amine oxidase
gene_3329	517	putative histidine acid phosphatase
gene_333	691	Transcription factor Opi1-domain containing protein
gene_3331	202	hypothetical protein
gene_3332	595	NUDE protein, C-terminal conserved region-domain containing protein
gene_3333	451	hypothetical protein
gene_3334	201	putative ARP2/3 complex 16 kDa subunit
gene_3335	354	putative tho complex subunit 7
gene_3336	636	putative adenosine/AMP deaminase
gene_3337	556	putative amino acid permease
gene_3338	179	putative sybindin-like family protein
gene_3339	238	glutathione s-transferase
gene_334	323	hypothetical protein
gene_3340	218	hypothetical protein
gene_3341	392	hypothetical protein
gene_3342	508	hypothetical protein
gene_3343	788	putative glucan 1,3-beta-glucosidase
gene_3344	189	putative LysM domain-containing protein
gene_3345	640	putative subtilase
gene_3346	409	hypothetical protein
gene_3347	231	putative galactoside O-acetyltransferase
gene_3348	476	putative histidine acid phosphatase
gene_3349	576	putative GMC oxidoreductase
gene_335	1492	putative C2 domain-containing protein
gene_3350	189	VPS4-associated protein 1
gene_3351	108	hypothetical protein
gene_3352	658	methyltransferase domain-containing protein
gene_3353	956	putative Hst3 protein
gene_3354	1112	putative linoleate diol synthase
gene_3355	302	hypothetical protein
gene_3356	635	hypothetical protein
gene_3357	1442	putative NACHT and TPR domain-containing protein
gene_3358	544	Velvet factor-domain containing protein
gene_3359	502	putative averantin oxidoreductase
gene_336	239	hypothetical protein
gene_3360	223	hypothetical protein
gene_3361	572	family 47 putative glycosyl hydrolase
gene_3363	636	peroxisomal membrane protein 4
gene_3365	354	putative oxidoreductase
gene_3366	557	hypothetical protein
gene_3367	694	Fungal specific transcription factor domain-domain containing protein
gene_3368	441	hypothetical protein
gene_3369	275	hypothetical protein
gene_337	614	Rhodanese-like domain-containing protein
gene_3371	493	hypothetical protein
gene_3372	273	hypothetical protein
gene_3373	756	hypothetical protein
gene_3374	105	hypothetical protein
gene_3375	847	hypothetical protein
gene_3376	194	putative acetyltransferase
gene_3377	66	hypothetical protein
gene_3378	354	putative Hus1-like protein
gene_3379	544	hypothetical protein
gene_338	754	putative TBC domain-containing protein
gene_3380	412	hypothetical protein
gene_3381	2658	putative KR domain-containing protein
gene_3382	465	putative major facilitator superfamily transporter
gene_3383	96	putative U6 snRNA-associated Sm-like protein LSm6
gene_3384	690	putative FYVE zinc finger protein
gene_3385	245	hypothetical protein
gene_3386	700	U2 snRNP auxilliary factor
gene_3387	416	hypothetical protein
gene_3388	106	hypothetical protein
gene_3389	1109	putative NAD(P) transhydrogenase beta subunit
gene_339	766	putative 4 family polyadenylate binding protein
gene_3390	143	putative prefoldin subunit
gene_3391	423	putative brix domain-containing protein
gene_3392	196	chromo domain-containing protein
gene_3393	169	hypothetical protein
gene_3394	529	putative major facilitator superfamily transporter
gene_3395	324	hypothetical protein
gene_3396	997	aminotransferase class-III
gene_3397	808	hypothetical protein
gene_3399	944	putative ubiquitin carboxyl-terminal hydrolase
gene_34	181	putative reverse transcriptase and RNase H
gene_340	274	hypothetical protein
gene_3400	765	putative type I phosphodiesterase/nucleotide pyrophosphatase
gene_3401	282	putative short chain dehydrogenase
gene_3402	232	putative peptidyl-tRNA hydrolase PTH2
gene_3403	811	putative fungal-specific transcription factor domain-containing protein
gene_3404	715	putative catalase
gene_3405	898	hypothetical protein
gene_3406	364	putative snare-complex protein syntaxin-18
gene_3407	181	hypothetical protein
gene_3408	925	putative PRP1 splicing factor
gene_3409	435	hypothetical protein
gene_341	466	hypothetical protein
gene_3410	704	hypothetical protein
gene_3411	1085	RNA polymerase I-specific transcription-initiation factor-domain containing protein
gene_3412	272	putative short chain dehydrogenase
gene_3413	191	Mss4-like protein
gene_3414	473	hypothetical protein
gene_3415	306	hypothetical protein
gene_3416	117	putative cytochrome c oxidase assembly protein COX16
gene_3417	380	Intradiol ring-cleavage dioxygenase
gene_3418	180	hypothetical protein
gene_3419	303	cyclin domain-containing protein
gene_342	406	hypothetical protein
gene_3420	775	putative C6 zinc finger domain-containing protein
gene_3421	576	putative amino acid permease
gene_3422	378	putative aldo/keto reductase
gene_3423	252	putative haloacid dehalogenase-like hydrolase
gene_3424	491	15-O-acetyltransferase Tri3-domain containing protein
gene_3425	1540	nitrite reductase [NAD(P)H]
gene_3426	781	putative GMC oxidoreductase
gene_3427	313	putative MED6 mediator sub complex component
gene_3429	339	hypothetical protein
gene_343	259	Alpha/beta hydrolase fold-1
gene_3430	407	hypothetical protein
gene_3431	412	hypothetical protein
gene_3432	714	aspartyl-tRNA synthetase
gene_3433	807	hypothetical protein
gene_3434	536	hypothetical protein
gene_3435	149	putative tat pathway signal sequence
gene_3436	410	hypothetical protein
gene_3437	237	hypothetical protein
gene_3438	374	Sucrase/ferredoxin-like-domain containing protein
gene_3439	1310	putative hsp90-like protein
gene_344	333	hypothetical protein
gene_3440	425	Alpha/Beta hydrolase fold
gene_3441	501	putative amidohydrolase
gene_3442	1310	dihydrolipoyl mitochondrial precursor
gene_3443	556	putative major facilitator superfamily transporter
gene_3444	54	hypothetical protein
gene_3445	407	putative alcohol dehydrogenase GroES-like domain-containing protein
gene_3446	273	putative flavin-containing amine oxidoreductase
gene_3447	646	putative major facilitator superfamily transporter
gene_3448	427	hypothetical protein
gene_3449	842	I-specific transcription initiation factor rrn3 KAF4851128.1 RNA polymerase
gene_345	272	putative Mpv17/PMP22 family protein
gene_3450	625	putative serine carboxypeptidase
gene_3451	411	hypothetical protein
gene_3452	489	homogentisate 1,2-dioxygenase
gene_3453	437	hypothetical protein
gene_3454	125	hypothetical protein
gene_3455	593	hypothetical protein
gene_3456	276	putative cutinase
gene_3457	263	hypothetical protein
gene_3458	200	putative ATP synthase subunit C
gene_3459	195	hypothetical protein
gene_346	350	putative iron permease FTR1 family protein
gene_3460	407	putative cytidylyltransferase
gene_3461	252	putative dienelactone hydrolase
gene_3462	1156	hypothetical protein
gene_3463	718	hypothetical protein
gene_3464	336	hypothetical protein
gene_3465	341	hypothetical protein
gene_3466	473	hypothetical protein
gene_3467	113	hypothetical protein
gene_3468	253	hypothetical protein
gene_3469	385	galactose-1-phosphate uridylyltransferase
gene_347	895	hypothetical protein
gene_3470	421	hypothetical protein
gene_3471	508	hypothetical protein
gene_3472	550	putative major facilitator superfamily transporter
gene_3473	514	hypothetical protein
gene_3474	981	hypothetical protein
gene_3475	67	hypothetical protein
gene_3476	557	putative tannase and feruloyl esterase
gene_3477	468	putative micro-fibrillar-associated protein 1
gene_3478	259	hypothetical protein
gene_3479	355	putative calcineurin-like phosphoesterase
gene_3480	556	putative glycolipid 2-alpha-mannosyltransferase
gene_3481	64	hypothetical protein
gene_3482	270	hypothetical protein
gene_3483	368	hypothetical protein
gene_3484	353	putative ornithine carbamoyltransferase
gene_3485	397	integral membrane protein
gene_3486	195	putative large conductance mechanosensitive channel protein
gene_3487	457	P-loop containing nucleoside triphosphate hydrolase protein
gene_3488	730	putative Ku70/Ku80 N-terminal alpha/beta domain-containing protein
gene_349	257	putative 2,3-diketo-5-methylthio-1-phosphopentane phosphatase
gene_3490	298	hypothetical protein
gene_3491	223	hypothetical protein
gene_3492	234	putative magnesium-dependent phosphatase-1
gene_3493	678	6-phosphofructo-2-kinase
gene_3494	110	Domain of unknown function (DUF427)-domain containing protein
gene_3495	68	hypothetical protein
gene_3496	501	putative squalene epoxidase
gene_3497	420	putative helix-loop-helix DNA-binding domain-containing protein
gene_3498	525	putative short chain dehydrogenase
gene_3499	345	Fungal domain of unknown function (DUF1746)-domain containing protein
gene_35	395	hypothetical protein
gene_350	106	hypothetical protein
gene_3500	601	putative major facilitator superfamily transporter
gene_3501	1623	putative muts domain V
gene_3502	1818	Ankyrin repeat-containing domain protein
gene_3504	255	hypothetical protein
gene_3505	143	histone-fold-containing protein
gene_3506	1059	Pex2 / Pex12 amino terminal region-domain containing protein
gene_3507	546	hypothetical protein
gene_3508	451	Ribosome biogenesis protein Nop53/GLTSCR2
gene_3509	175	hypothetical protein
gene_351	2026	hypothetical protein
gene_3510	572	family 47 putative glycosyl hydrolase
gene_3511	591	putative SH3 domain-containing protein
gene_3512	860	hypothetical protein
gene_3513	545	putative aldehyde dehydrogenase
gene_3514	773	hypothetical protein
gene_3515	518	Flavin monooxygenase-like protein
gene_3517	479	hypothetical protein
gene_3518	292	hypothetical protein
gene_3519	106	hypothetical protein
gene_352	645	hypothetical protein
gene_3520	196	putative Tim17/Tim22/Tim23 family protein
gene_3521	1121	hypothetical protein
gene_3522	376	putative LysM domain-containing protein
gene_3523	559	putative cytochrome P450
gene_3524	223	hypothetical protein
gene_3525	794	Mechanosensitive ion channel-domain containing protein
gene_3526	970	putative amidohydrolase
gene_3527	1339	protein MAM3
gene_3528	302	putative SCP-like extracellular protein
gene_3529	321	hypothetical protein
gene_353	483	putative cytochrome oxidase assembly protein
gene_3530	86	hypothetical protein
gene_3531	110	hypothetical protein
gene_3532	1050	hypothetical protein
gene_3533	588	putative choline dehydrogenase
gene_3534	415	Serine-threonine protein kinase 19-domain containing protein
gene_3535	580	putative major facilitator superfamily transporter
gene_3536	275	hypothetical protein
gene_3537	355	hypothetical protein
gene_3538	280	putative MIP family channel protein
gene_3539	1939	putative 1,3-beta-glucan synthase component
gene_354	145	hypothetical protein
gene_3540	228	putative acetyltransferase
gene_3541	148	Putative oxalocrotonate tautomerase
gene_3542	86	putative Tim10/DDP family zinc finger protein
gene_3543	446	putative sorbitol dehydrogenase
gene_3544	476	Heterokaryon incompatibility protein (HET)-domain containing protein
gene_3545	350	putative 2OG-Fe(II)oxygenase superfamily protein
gene_3546	588	Catenin-beta-like, Arm-motif containing nuclear-domain containing protein
gene_3547	290	hypothetical protein
gene_3548	707	major facilitator superfamily transporter OHE99975.1 major facilitator superfamily transporter
gene_3549	539	putative oxidoreductase family protein
gene_355	347	succinyl-CoA ligase subunit alpha, mitochondrial
gene_3550	761	hypothetical protein
gene_3551	781	hypothetical protein
gene_3552	1015	hypothetical protein
gene_3553	1155	hypothetical protein
gene_3555	82	hypothetical protein
gene_3556	293	hypothetical protein
gene_3557	534	hypothetical protein
gene_3558	259	hypothetical protein
gene_3559	658	putative ATP-NAD kinase
gene_356	339	putative NAD dependent epimerase/dehydratase
gene_3560	1309	putative glycosyltransferase family 28 domain-containing protein
gene_3561	323	hypothetical protein
gene_3562	129	Transcription elongation factor Elf1 like-domain containing protein
gene_3563	163	hypothetical protein
gene_3564	265	Protein of unknown function (DUF3716)-domain containing protein
gene_3565	139	hypothetical protein
gene_3566	393	branched-chain amino acid aminotransferase
gene_3567	230	hypothetical protein
gene_3568	368	hypothetical protein
gene_3569	597	putative R3H domain-containing protein
gene_357	1974	hypothetical protein
gene_3570	337	putative beta-lactamase
gene_3571	505	putative NCS1 nucleoside transporter
gene_3572	290	hypothetical protein
gene_3573	571	putative major facilitator superfamily transporter
gene_3574	726	Uncharacterized alpha/beta hydrolase domain (DUF2235)-domain containing protein
gene_3575	915	P-loop containing nucleoside triphosphate hydrolase protein
gene_3576	639	putative FAD binding domain-containing protein
gene_3577	340	putative helix-loop-helix DNA-binding domain-containing protein
gene_3578	615	hypothetical protein
gene_3579	261	hypothetical protein
gene_358	126	putative SCP-2 sterol transfer family protein
gene_3580	141	hypothetical protein
gene_3581	158	hypothetical protein
gene_3582	587	P-loop containing nucleoside triphosphate hydrolase protein
gene_3583	496	putative aldehyde dehydrogenase
gene_3584	349	putative sterol desaturase family protein
gene_3585	952	DEAD/DEAH box RNA helicase
gene_3586	254	hypothetical protein
gene_3587	466	putative hydroxymethylglutaryl-CoA synthase
gene_3588	462	putative WSC domain-containing protein
gene_3589	136	hypothetical protein
gene_359	1364	C6 transcription factor
gene_3590	170	hypothetical protein
gene_3591	463	hypothetical protein
gene_3592	221	Histidine phosphatase superfamily
gene_3593	366	Fungal specific transcription factor domain-domain containing protein
gene_3594	480	putative ammonium transporter
gene_3595	144	putative glutathione-dependent formaldehyde-activating enzyme
gene_3596	752	hypothetical protein
gene_3597	512	putative acyltransferase
gene_3598	1371	hypothetical protein
gene_36	238	hypothetical protein
gene_360	273	putative carbonic anhydrase
gene_3600	497	putative major facilitator superfamily transporter
gene_3601	354	hypothetical protein
gene_3602	210	putative rhodanese-like domain-containing protein
gene_3603	104	hypothetical protein
gene_3604	536	Alpha/Beta hydrolase fold
gene_3605	750	glutamine amidotransferase class-II
gene_3606	281	putative fatty acid hydroxylase superfamily protein
gene_3607	237	putative phosphoribulokinase/uridine kinase
gene_3608	1172	hypothetical protein
gene_3609	646	SprT-like family-domain containing protein
gene_361	316	Protein of unknown function (DUF1183)-domain containing protein
gene_3610	365	putative ATP synthase F0
gene_3611	346	hypothetical protein
gene_3612	409	agmatinase 1 OHW94518.1 agmatinase 1
gene_3613	183	putative ubiquitin-conjugating enzyme
gene_3614	367	hypothetical protein
gene_3615	700	putative 5-aminolevulinate synthase
gene_3616	496	hypothetical protein
gene_3617	209	hypothetical protein
gene_3618	290	putative short chain dehydrogenase
gene_3619	1227	hypothetical protein
gene_362	617	Metallo-dependent phosphatase-like protein
gene_3620	606	hypothetical protein
gene_3621	296	hypothetical protein
gene_3622	489	putative WD domain-containing protein
gene_3623	412	putative NADH:flavin oxidoreductase/NADH oxidase
gene_3624	485	putative SET domain-containing protein
gene_3625	881	putative voltage gated chloride channel
gene_3626	965	hypothetical protein
gene_3628	165	hypothetical protein
gene_3629	422	hypothetical protein
gene_363	157	hypothetical protein
gene_3630	617	putative heterokaryon incompatibility protein
gene_3631	392	putative 2OG-Fe(II)oxygenase superfamily protein
gene_3632	767	putative dihydrouridine synthase
gene_3633	718	putative glutamine-dependent NAD(+) synthetase
gene_3634	200	Alb1-domain containing protein
gene_3635	761	putative subtilase
gene_3636	1010	methyltransferase OMS1, mitochondrial
gene_3637	521	Maintenance of telomere capping protein 1
gene_3638	437	Ribonuclease H2, subunit B
gene_3639	237	hypothetical protein
gene_364	544	putative tricarballylate dehydrogenase
gene_3640	744	putative increased rDNA silencing protein 4
gene_3641	729	Protein kinase-like domain-containing protein
gene_3642	353	putative integral membrane protein
gene_3643	638	hypothetical protein
gene_3644	213	hypothetical protein
gene_3645	742	putative IQ calmodulin-binding domain-containing protein
gene_3646	763	family 31 putative glycosyl hydrolase
gene_3647	480	hypothetical protein
gene_3648	442	Mitochondrial carrier domain-containing protein
gene_3649	351	putative glycosyl hydrolase family 43 protein
gene_365	384	hypothetical protein
gene_3650	1387	putative DNA-dependent RNA polymerase
gene_3651	245	hypothetical protein
gene_3652	752	hypothetical protein
gene_3653	237	putative Cwf15/Cwc15 cell cycle control protein
gene_3654	310	putative short chain dehydrogenase
gene_3655	337	Uncharacterised conserved protein-domain containing protein
gene_3656	505	putative isotrichodermin C-15 hydroxylase
gene_3657	125	putative ribonucleo protein-associated protein KZL74708.1 ribonucleo protein-associated protein
gene_3658	461	putative FAD dependent oxidoreductase
gene_3659	516	putative amino acid permease
gene_366	387	putative ribosome assembly protein 4
gene_3660	589	hypothetical protein
gene_3661	452	putative FAD dependent oxidoreductase
gene_3662	994	putative sodium/hydrogen antiporter
gene_3663	363	hypothetical protein
gene_3664	94	hypothetical protein
gene_3665	761	hypothetical protein
gene_3666	121	putative 30S ribosomal protein S13
gene_3667	612	Regulator of chromosome condensation 1/beta-lactamase-inhibitor protein II
gene_3668	678	hypothetical protein
gene_3669	1130	PXA domain-domain containing protein
gene_367	432	putative polyprenyl synthetase
gene_3670	341	hypothetical protein
gene_3671	123	MTH1187/YkoF-like protein
gene_3672	348	S-adenosyl-L-methionine-dependent methyltransferase
gene_3673	505	Mitochondrial branched-chain alpha-ketoacid dehydrogenase kinase-domain containing protein
gene_3674	504	hypothetical protein
gene_3675	172	hypothetical protein
gene_3676	351	hypothetical protein
gene_3677	373	hypothetical protein
gene_3678	477	putative C2 domain-containing protein
gene_3679	316	putative histidine acid phosphatase
gene_368	798	putative ATPase
gene_3680	526	hypothetical protein
gene_3681	391	putative CoA-ligase
gene_3682	99	putative biotrophy-associated secreted protein 2
gene_3683	154	hypothetical protein
gene_3684	218	hypothetical protein
gene_3685	466	putative dienelactone hydrolase
gene_3686	195	hypothetical protein
gene_3687	515	putative cytochrome P450 6A1
gene_3688	272	hypothetical protein
gene_3689	638	putative choline dehydrogenase
gene_369	147	G10 protein
gene_3690	694	TAP-like protein-domain containing protein
gene_3691	520	putative flavocytochrome c
gene_3692	443	putative MFS transporter
gene_3693	978	fungal-specific transcription factor domain-containing protein EFQ27564.1 fungal-specific transcription factor domain-containing protein
gene_3694	347	putative RNA recognition domain-containing protein
gene_3695	202	family protein EFQ27678.1 ras
gene_3696	1277	cytochrome P450
gene_3697	583	major facilitator superfamily transporter
gene_3698	337	putative acetyltransferase
gene_3699	405	putative paxneb protein
gene_37	174	hypothetical protein
gene_370	510	putative adenylosuccinate lyase
gene_3700	597	putative cytochrome P450
gene_3701	596	putative CHY zinc finger protein
gene_3702	369	hypothetical protein
gene_3705	395	putative CoA-transferase family III
gene_3706	435	putative geranylgeranyl transferase type-2 subunit alpha
gene_3707	585	hypothetical protein
gene_3708	79	hypothetical protein
gene_3709	536	hypothetical protein
gene_371	473	putative oxalate decarboxylase family bicupin
gene_3710	786	hypothetical protein
gene_3711	824	hypothetical protein
gene_3712	539	General substrate transporter
gene_3713	465	putative abscisic acid ABA receptor
gene_3714	447	Pex2 / Pex12 amino terminal region-domain containing protein
gene_3715	737	U3 small nucleolar ribonucleoprotein complex, subunit Mpp10
gene_3716	190	hypothetical protein
gene_3717	673	putative mixed-linked glucanase
gene_3718	71	hypothetical protein
gene_3719	310	Domain of unknown function (DUF3425)-domain containing protein
gene_372	541	putative alpha-1,2-mannosyltransferase
gene_3720	59	hypothetical protein
gene_3721	204	putative F-box domain-containing protein
gene_3722	317	hypothetical protein
gene_3723	661	hypothetical protein
gene_3724	376	putative pantoate-beta-alanine ligase
gene_3725	313	hypothetical protein
gene_3726	659	hypothetical protein
gene_3727	273	putative F-box domain-containing protein
gene_3728	313	putative galactosyl transferase GMA12/MNN10 family protein
gene_3729	1042	hypothetical protein
gene_373	388	hypothetical protein
gene_3730	194	putative cell division control protein 42
gene_3731	563	hypothetical protein
gene_3732	637	putative fungalysin metallopeptidase
gene_3733	252	hypothetical protein
gene_3734	448	putative phosphatidylethanolamine-binding protein
gene_3735	435	hypothetical protein
gene_3736	726	Protein of unknown function (DUF3405)-domain containing protein
gene_3737	514	hypothetical protein
gene_3738	108	hypothetical protein
gene_3739	62	hypothetical protein
gene_374	704	family 47 putative glycosyl hydrolase
gene_3740	80	hypothetical protein
gene_3741	236	hypothetical protein
gene_3742	682	hypothetical protein
gene_3743	164	cell cycle control protein
gene_3744	326	hypothetical protein
gene_3745	130	hypothetical protein
gene_3747	771	hypothetical protein
gene_3748	482	hypothetical protein
gene_3749	330	putative OST3/OST6 family protein
gene_375	174	hypothetical protein
gene_3750	195	hypothetical protein
gene_3751	213	hypothetical protein
gene_3752	475	putative DNA repair protein rad18
gene_3753	122	hypothetical protein
gene_3754	187	Serine hydrolase (FSH1)-domain containing protein
gene_3755	287	putative thiopurine S-methyltransferase
gene_3756	881	hypothetical protein
gene_3757	463	putative ankyrin repeat protein
gene_3758	467	putative beta-1,6-galactanase
gene_3759	311	putative GPR1/FUN34/YaaH-class plasma membrane protein
gene_376	433	Velvet factor-domain containing protein
gene_3760	594	putative FAD binding domain-containing protein
gene_3762	509	putative phosphatidylserine decarboxylase
gene_3763	859	Vps53-like, N-terminal-domain containing protein
gene_3764	320	putative HpcH/HpaI aldolase/citrate lyase family protein
gene_3765	500	putative CFEM domain-containing protein
gene_3766	861	putative GPI ethanolamine phosphate transferase
gene_3767	463	CFEM domain-containing protein
gene_3768	491	putative cytochrome P450
gene_3769	595	putative cytochrome P450
gene_377	258	putative ribulose-phosphate 3 epimerase
gene_3770	245	hypothetical protein
gene_3771	336	1-aminocyclopropane-1-carboxylate synthase
gene_3772	959	carboxylic ester hydrolase
gene_3773	1123	Armadillo-type fold
gene_3774	891	putative Spc97/Spc98 family protein
gene_3775	381	hypothetical protein
gene_3776	931	putative polarity establishment/cellular polarization
gene_3777	1527	putative RNase3 domain-containing protein
gene_3778	882	putative 3'-5
gene_3779	381	putative NAD dependent epimerase/dehydratase
gene_378	515	putative aminotransferase class I and II
gene_3780	335	putative serine/threonine-protein kinase 6
gene_3781	786	putative PTAB
gene_3782	454	putative FAD binding domain-containing protein
gene_3783	489	putative tyrosinase
gene_3784	103	putative HMG box protein
gene_3785	279	hypothetical protein
gene_3786	432	putative BAR domain-containing protein
gene_3787	407	putative nucleosome assembly protein
gene_3788	451	S-adenosyl-L-methionine-dependent methyltransferase
gene_3789	159	hypothetical protein
gene_379	601	putative WD domain-containing protein
gene_3790	1609	hypothetical protein
gene_3791	491	putative integral membrane protein
gene_3792	55	hypothetical protein
gene_3793	743	putative OPT oligopeptide transporter
gene_3794	348	hypothetical protein
gene_3795	297	putative transcription initiation factor IIE subunit beta
gene_3796	587	putative X-Pro dipeptidyl-peptidase C-terminal non-catalytic domain-containing protein
gene_3797	265	putative DSBA-like thioredoxin domain-containing protein
gene_3798	300	hypothetical protein
gene_3799	91	hypothetical protein
gene_38	263	hypothetical protein
gene_380	901	hypothetical protein
gene_3800	711	hypothetical protein
gene_3801	4028	putative beta-ketoacyl synthase domain-containing protein
gene_3802	525	hypothetical protein
gene_3803	384	hypothetical protein
gene_3804	430	putative PdmS protein
gene_3805	172	putative signal peptidase I
gene_3806	1180	Allantoicase
gene_3807	408	putative DHHC zinc finger domain-containing protein
gene_3808	271	Necrosis inducing protein (NPP1)-domain containing protein
gene_3809	522	Cytochrome P450
gene_381	696	sister chromatid separation protein
gene_3810	320	putative ribosomal protein S15
gene_3811	278	LicD family-domain containing protein
gene_3812	268	putative citrinin biosynthesis oxydoreductase CtnB
gene_3813	235	hypothetical protein
gene_3814	72	hypothetical protein
gene_3815	1076	glycosyl hydrolase
gene_3816	148	hypothetical protein
gene_3817	880	putative aconitase
gene_3818	1192	hypothetical protein
gene_3819	594	putative phosphoribosylaminoimidazolecarboxamide formyltransferase/IMP cyclohydrolase
gene_382	263	hypothetical protein
gene_3820	748	MFS transporter asaE
gene_3821	100	hypothetical protein
gene_3822	779	hypothetical protein
gene_3823	483	putative histone acetyl transferase HAT1
gene_3824	246	family 61 putative glycosyl hydrolase
gene_3825	431	putative interferon-induced GTP-binding protein Mx1
gene_3826	352	hypothetical protein
gene_3827	375	putative mannose-1-phosphate guanyltransferase
gene_3828	1075	mRNA capping enzyme, catalytic domain-domain containing protein
gene_3829	279	Nnf1-domain containing protein
gene_383	167	Protein of unknown function (DUF3237)-domain containing protein
gene_3830	341	hypothetical protein
gene_3831	858	putative SAFF domain-containing protein
gene_3832	2331	putative KR domain-containing protein
gene_3833	321	Domain of unknown function (DUF3328)-domain containing protein
gene_3834	316	putative short chain dehydrogenase
gene_3835	269	acetyltransferase
gene_3836	255	putative eukaryotic initiation factor 4E
gene_3837	218	Cytochrome oxidase complex assembly protein 1-domain containing protein
gene_3838	841	catechol 1,2-dioxygenase
gene_3839	1012	hypothetical protein
gene_3840	485	putative aminotransferase class I and II
gene_3841	587	putative major facilitator superfamily transporter
gene_3842	727	serine threonine-protein kinase
gene_3843	504	Thioredoxin-like domain-domain containing protein
gene_3844	479	hypothetical protein
gene_3845	323	Alpha/Beta hydrolase fold
gene_3846	172	hypothetical protein
gene_3847	141	putative thioredoxin
gene_3848	1478	putative ABC transporter
gene_3849	164	putative cyclophilin type peptidyl-prolyl cis-trans isomerase/CLD
gene_385	241	putative 2,3-diketo-5-methylthio-1-phosphopentane phosphatase
gene_3850	110	putative ribosomal protein S16
gene_3851	202	hypothetical protein
gene_3852	492	putative peptidase family M28
gene_3853	162	hypothetical protein
gene_3854	85	hypothetical protein
gene_3855	515	Peptidase S8/S53 domain-containing protein
gene_3856	410	family 16 putative glycosyl hydrolase
gene_3857	357	integral membrane protein OHW93765.1 integral membrane protein
gene_3858	89	hypothetical protein
gene_3859	109	hypothetical protein
gene_386	267	hypothetical protein
gene_3860	1329	putative WD domain-containing protein
gene_3861	155	hypothetical protein
gene_3862	358	putative aminoglycoside phosphotransferase
gene_3863	470	hypothetical protein
gene_3864	74	hypothetical protein
gene_3865	154	hypothetical protein
gene_3866	372	putative RNA polymerase Rpb3/RpoA insert domain-containing protein
gene_3867	353	hypothetical protein
gene_3868	95	hypothetical protein
gene_3869	494	putative ubiquinone biosynthesis mono0xygenase COQ6
gene_387	265	putative short chain dehydrogenase
gene_3870	482	hypothetical protein
gene_3871	434	putative fasciclin domain-containing protein
gene_3872	390	MT-A70-domain containing protein
gene_3873	118	putative RING-box protein 1
gene_3874	168	hypothetical protein
gene_3875	226	putative NADH-quinone oxidoreductase
gene_3876	654	putative carboxylesterase
gene_3877	611	hypothetical protein
gene_3878	396	hypothetical protein
gene_3879	675	hypothetical protein
gene_388	504	putative MATE efflux family protein
gene_3880	660	Glycosyl hydrolase, five-bladed beta-propellor domain-containing protein
gene_3881	409	putative exopolyphosphatase
gene_3882	612	putative NupC family nucleoside transporter
gene_3883	1103	putative ABC transporter
gene_3884	580	putative F-box domain-containing protein
gene_3885	631	Domain of unknown function (DUF4451)-domain containing protein
gene_3886	358	hypothetical protein
gene_3887	186	hypothetical protein
gene_3888	226	putative GATA zinc finger protein
gene_3889	567	putative major facilitator superfamily transporter
gene_3891	312	hypothetical protein
gene_3892	275	hypothetical protein
gene_3893	364	putative iron permease FTR1 family protein
gene_3894	153	hypothetical protein
gene_3895	524	putative amino acid permease
gene_3896	478	putative TfdA family taurine catabolism dioxygenase TauD
gene_3897	461	putative O-methyltransferase
gene_3898	301	hypothetical protein
gene_3899	161	putative ATP synthase
gene_39	272	hypothetical protein
gene_390	185	Calycin-like protein
gene_3900	1155	pre-mRNA-splicing factor 38B OHE95646.1 pre-mRNA-splicing factor 38B
gene_3901	334	putative retinol dehydrogenase 12
gene_3902	292	putative alpha-soluble NSF attachment protein
gene_3903	464	hypothetical protein
gene_3904	423	putative Rieske domain-containing protein
gene_3905	1252	putative ABC transporter
gene_3906	297	putative NmrA-like family protein
gene_3907	125	hypothetical protein
gene_3909	356	hypothetical protein
gene_391	513	putative acyl-CoA dehydrogenase domain-containing protein
gene_3910	988	putative UvrD/REP helicase
gene_3911	200	hypothetical protein
gene_3912	553	hypothetical protein
gene_3913	444	putative glycosyltransferase sugar-binding region containing DXD domain-containing protein
gene_3914	691	putative ABC1 family protein
gene_3915	100	hypothetical protein
gene_3916	620	hypothetical protein
gene_3917	1070	family 31 putative glycosyl hydrolase
gene_3918	188	p-hydroxylaminobenzoate lyase
gene_392	241	hypothetical protein
gene_3920	326	putative 2OG-Fe(II)oxygenase superfamily protein
gene_3921	690	putative capsular associated protein
gene_3922	326	hypothetical protein
gene_3923	326	Activator of Hsp90 ATPase
gene_3924	346	hypothetical protein
gene_3926	693	phytanoyl-CoA dioxygenase
gene_3927	992	putative calpain family cysteine protease
gene_3928	516	putative major facilitator superfamily transporter
gene_3929	600	putative ATP-NAD kinase
gene_393	1528	putative kelch domain-containing protein
gene_3930	368	Major facilitator superfamily domain-containing protein
gene_3931	51	hypothetical protein
gene_3932	371	hypothetical protein
gene_3933	558	putative gamma-glutamyltranspeptidase
gene_3934	348	S-adenosyl-L-methionine-dependent methyltransferase
gene_3935	392	putative alcohol dehydrogenase GroES-like domain-containing protein
gene_3936	153	hypothetical protein
gene_3937	539	Uncharacterised conserved protein UCP028846
gene_3938	319	putative SYF2 splicing factor
gene_3939	460	putative ArgJ family protein
gene_394	450	putative amidohydrolase
gene_3940	198	hypothetical protein
gene_3941	956	Domain of unknown function DUF221-domain containing protein
gene_3942	290	hypothetical protein
gene_3943	1353	hypothetical protein
gene_3944	55	hypothetical protein
gene_3945	449	Nse4 C-terminal-domain containing protein
gene_3946	493	putative major facilitator superfamily transporter
gene_3947	130	hypothetical protein
gene_3949	1957	putative GPI mannosyltransferase
gene_395	929	acetylglutamate synthase
gene_3950	270	putative methyltransferase domain-containing protein
gene_3951	500	indoleamine 2,3-dioxygenase
gene_3952	768	putative tRNA intron endonuclease
gene_3953	514	Fungal specific transcription factor domain-domain containing protein
gene_3954	787	fungal-specific transcription factor
gene_3955	311	Alpha/Beta hydrolase fold
gene_3956	640	TPR domain-containing protein
gene_3958	671	putative carbohydrate-binding cytochrome b562
gene_3959	506	putative glycolipid 2-alpha-mannosyltransferase
gene_396	164	hypothetical protein
gene_3960	1237	putative spindle pole body-associated protein sad1
gene_3961	325	hypothetical protein
gene_3962	519	putative cytochrome P450
gene_3963	886	hypothetical protein
gene_3964	1614	putative ABC transporter
gene_3965	290	hypothetical protein
gene_3966	683	putative mitofilin
gene_3967	256	hypothetical protein
gene_3968	160	putative Bys1 family protein
gene_3969	1614	carbamoyl-phosphate synthase arginine-specific large chain
gene_397	523	hypothetical protein
gene_3970	207	hypothetical protein
gene_3971	633	Protein of unknown function (DUF3292)-domain containing protein
gene_3972	179	hypothetical protein
gene_3973	383	putative NUDIX domain-containing protein
gene_3974	80	hypothetical protein
gene_3975	181	hypothetical protein
gene_3976	385	Alpha/Beta hydrolase fold
gene_3977	179	hypothetical protein
gene_3978	1727	putative PLU-1-like protein
gene_3979	287	hypothetical protein
gene_398	668	Chitin synthase-domain containing protein
gene_3980	213	hypothetical protein
gene_3981	441	putative calcium/proton exchanger
gene_3982	383	putative galactonate dehydratase
gene_3984	558	ketopantoate reductase family
gene_3985	298	hypothetical protein
gene_3986	494	hypothetical protein
gene_3987	237	family 61 putative glycosyl hydrolase
gene_3988	264	hypothetical protein
gene_3989	449	hypothetical protein
gene_399	688	putative canalicular multispecific organic anion transporter 2
gene_3990	306	putative SUR7 protein
gene_3991	244	hypothetical protein
gene_3992	905	putative TBC domain-containing protein
gene_3994	1148	putative DNA polymerase family A
gene_3995	263	hypothetical protein
gene_3996	304	hypothetical protein
gene_3997	266	hypothetical protein
gene_3998	476	hypothetical protein
gene_3999	362	hypothetical protein
gene_4	442	hypothetical protein
gene_40	570	Necrosis inducing protein (NPP1)-domain containing protein
gene_400	249	putative haloacid dehalogenase
gene_4000	1133	Domain of unknown function (DUF4203)-domain containing protein
gene_4001	3070	beta-ketoacyl synthase
gene_4003	2131	kinesin-like protein 6
gene_4004	182	hypothetical protein
gene_4006	1098	hypothetical protein
gene_4007	478	putative homoserine O-acetyltransferase
gene_4008	565	putative choline-sulfatase
gene_4009	543	hypothetical protein
gene_401	208	putative breast carcinoma amplified sequence 2
gene_4010	198	hypothetical protein
gene_4011	534	hypothetical protein
gene_4012	539	putative carboxypeptidase
gene_4013	182	putative cyclophilin type peptidyl-prolyl cis-trans isomerase/CLD
gene_4014	320	hypothetical protein
gene_4015	278	hypothetical protein
gene_4016	1108	Putative serine esterase (DUF676)-domain containing protein
gene_4017	261	putative 6-phosphogluconolactonase
gene_4018	294	hypothetical protein
gene_4019	1152	putative glycerophosphoryl diester phosphodiesterase
gene_402	102	hypothetical protein
gene_4020	639	putative heterokaryon incompatibility protein
gene_4021	257	HORMA domain-containing protein EFQ34725.1 HORMA domain-containing protein
gene_4022	761	putative glycosyl hydrolase family 3 N terminal domain-containing protein
gene_4023	598	putative F-box domain-containing protein
gene_4025	813	hypothetical protein
gene_4026	430	hypothetical protein
gene_4027	527	hypothetical protein
gene_4028	237	hypothetical protein
gene_4029	272	AMMECR1 domain-containing protein
gene_403	363	hypothetical protein
gene_4030	89	hypothetical protein
gene_4031	883	hypothetical protein
gene_4032	250	hypothetical protein
gene_4033	92	hypothetical protein
gene_4034	1626	Domain of unknown function (DUF3384)-domain containing protein
gene_4035	832	small glutamine-rich tetratricopeptide repeat-containing protein 2
gene_4036	103	hypothetical protein
gene_4037	511	putative phosphotransferase
gene_4038	127	hypothetical protein
gene_4039	356	hypothetical protein
gene_404	377	hypothetical protein
gene_4041	302	putative CCAAT-binding transcription factor subunit B
gene_4042	239	putative haloacid dehalogenase
gene_4044	548	putative AMP-binding enzyme
gene_4045	234	hypothetical protein
gene_4046	570	putative beta-glucuronidase
gene_4047	921	hypothetical protein
gene_4048	421	hypothetical protein
gene_4049	365	hypothetical protein
gene_405	373	Protein kinase-like domain-containing protein
gene_4050	245	putative dienelactone hydrolase
gene_4051	364	Golgi phosphoprotein 3 (GPP34)-domain containing protein
gene_4052	415	hypothetical protein
gene_4053	277	hypothetical protein
gene_4054	114	hypothetical protein
gene_4056	221	PITH domain-domain containing protein
gene_4057	261	hypothetical protein
gene_4059	878	hypothetical protein
gene_406	85	hypothetical protein
gene_4060	463	putative pre-mRNA-splicing factor SLU7
gene_4061	526	putative cytochrome P450
gene_4062	921	hypothetical protein
gene_4063	484	putative PNG1
gene_4064	412	hypothetical protein
gene_4065	187	hypothetical protein
gene_4066	288	acyl binding protein ohw99831.1 acyl CoA binding protein
gene_4067	319	Acyl transferase/acyl hydrolase/lysophospholipase
gene_4068	310	hypothetical protein
gene_4069	504	putative amidohydrolase
gene_407	513	putative eukaryotic and archaeal DNA primase small subunit
gene_4070	163	hypothetical protein
gene_4071	549	putative UBX domain-containing protein
gene_4072	421	hypothetical protein
gene_4073	150	MAPEG family protein EFQ26154.1 MAPEG family protein
gene_4074	266	putative 3
gene_4075	318	putative twin-arginine translocation pathway signal
gene_4076	312	putative pyridoxine biosynthesis protein
gene_4077	678	putative modin
gene_4078	360	putative methyltransferase domain-containing protein
gene_4079	719	hypothetical protein
gene_408	175	putative guanine nucleotide-binding protein subunit gamma
gene_4080	897	Utp14 protein-domain containing protein
gene_4081	591	putative GATA zinc finger protein
gene_4082	643	Protein kinase-like domain-containing protein
gene_4083	245	proteasome A-type and B-type XP_022475965.1 proteasome A-type and B-type KDN60178.1 putative proteasome A-type and B-type KZL66764.1 proteasome component PUP2 EFQ27633.1 proteasome A-type and B-type OHE98816.1 proteasome A-type and B-type
gene_4084	303	Putative peptidase family-domain containing protein
gene_4085	156	hypothetical protein
gene_4086	286	hypothetical protein
gene_4087	823	putative GTPase binding protein Rid1
gene_4088	471	putative transcriptional regulator
gene_4089	426	hypothetical protein
gene_409	186	putative CVNH domain-containing protein
gene_4090	564	putative SPX domain-containing protein
gene_4091	605	putative DEAD/DEAH box helicase
gene_4092	1249	hypothetical protein
gene_4093	268	putative S1/P1 nuclease
gene_4094	326	putative arginase
gene_4095	630	hypothetical protein
gene_4096	454	major facilitator superfamily transporter EFQ35140.1 major facilitator superfamily transporter
gene_4097	191	hypothetical protein
gene_4098	758	putative ubiquitin fusion degradation protein
gene_4099	991	putative helicase associated domain-containing protein
gene_41	313	hypothetical protein
gene_410	124	hypothetical protein
gene_4100	450	family 28 putative glycosyl hydrolase
gene_4102	346	putative UMTA
gene_4103	1350	putative ABC transporter
gene_4104	384	peptidyl-prolyl cis-trans isomerase B
gene_4105	347	Putative Sin3 binding protein-domain containing protein
gene_4107	702	CMGC/CLK protein kinase
gene_4108	724	hypothetical protein
gene_4109	230	putative essential protein Yae1
gene_411	415	hypothetical protein
gene_4110	357	putative alpha-N-arabinofuranosidase 2
gene_4111	620	putative heterokaryon incompatibility protein
gene_4112	208	hypothetical protein
gene_4113	209	putative NADPH-dependent FMN reductase
gene_4114	417	hypothetical protein
gene_4115	581	putative kelch repeat protein
gene_4116	311	hypothetical protein
gene_4117	356	hypothetical protein
gene_4118	509	putative diacylglycerol acyltransferase
gene_4119	455	putative oxysterol-binding family protein
gene_412	498	putative peptidase family M28
gene_4120	215	hypothetical protein
gene_4121	182	hypothetical protein
gene_4122	128	hypothetical protein
gene_4123	2430	putative THO complex subunit 2
gene_4124	174	hypothetical protein
gene_4125	160	putative ribosomal protein L21e
gene_4126	733	putative transketolase
gene_4127	318	hypothetical protein
gene_4128	258	putative glycosyl hydrolase
gene_4129	497	putative cytochrome P450
gene_413	1111	putative cytochrome b5-like Heme/Steroid binding domain-containing protein
gene_4131	298	hypothetical protein
gene_4132	460	hypothetical protein
gene_4133	841	putative dihydroorotate dehydrogenase
gene_4134	774	Putative phosphatase regulatory subunit-domain containing protein
gene_4135	1030	opt family small oligopeptide transporter
gene_4136	232	family 11 putative glycosyl hydrolase
gene_4137	406	putative integral membrane protein
gene_4138	194	hypothetical protein
gene_4139	233	putative selT/selW/selH seleno protein domain-containing protein
gene_414	289	putative PHB depolymerase family esterase
gene_4140	484	hypothetical protein
gene_4141	124	hypothetical protein
gene_4142	134	putative translation initiation factor 1A/IF-1
gene_4143	1427	PAB-dependent poly(A)-specific ribonuclease subunit PAN2
gene_4144	343	hypothetical protein
gene_4145	160	Predicted coiled-coil protein (DUF2205)-domain containing protein
gene_4146	459	aromatic prenyltransferase
gene_4147	621	putative dihydroxy-acid dehydratase
gene_4148	485	hypothetical protein
gene_4149	100	acylphosphatase EFQ28841.1 acylphosphatase
gene_415	119	hypothetical protein
gene_4150	352	putative oxidoreductase family protein
gene_4151	158	Lipocalin-like domain-containing protein
gene_4152	681	putative copper amine oxidase
gene_4153	445	WLM domain-containing protein EFQ30785.1 WLM domain-containing protein
gene_4154	224	hypothetical protein
gene_4155	289	neutral protease 2-like protein
gene_4156	865	branched-chain-amino-acid aminotransferase
gene_4157	227	putative TAM domain methyltransferase
gene_4158	2185	hypothetical protein
gene_4159	311	putative plant basic secretory protein
gene_416	54	hypothetical protein
gene_4160	97	hypothetical protein
gene_4161	1252	putative WD domain-containing protein
gene_4162	436	hypothetical protein
gene_4163	541	Cytochrome P450
gene_4164	1143	putative proteasome/cyclosome
gene_4166	559	putative signal peptide peptidase
gene_4167	108	hypothetical protein
gene_4169	155	hypothetical protein
gene_417	417	putative SIS domain-containing protein
gene_4171	243	hypothetical protein
gene_4172	620	hypothetical protein
gene_4173	495	putative major facilitator superfamily transporter
gene_4174	196	kinase-like protein ROT34705.1 kinase-like protein
gene_4175	100	hypothetical protein
gene_4176	405	Eukaryotic protein of unknown function (DUF914)-domain containing protein
gene_4177	298	exoribonuclease family protein
gene_4178	1032	hypothetical protein
gene_4179	191	hypothetical protein
gene_418	264	hypothetical protein
gene_4180	409	hypothetical protein
gene_4181	178	Domain of unknown function (DUF4149)-domain containing protein
gene_4182	514	putative cytochrome P450
gene_4183	280	hypothetical protein
gene_4184	404	putative RNA polymerase II elongator complex subunit
gene_4185	546	hypothetical protein
gene_4186	678	ZPR1 zinc-finger domain-domain containing protein
gene_4187	814	putative tRNA synthetase class I catalytic domain-containing protein
gene_4188	403	putative NWD2 protein
gene_4189	526	putative galactokinase
gene_419	508	putative cytochrome P450
gene_4190	513	putative cyclopropane-fatty-acyl-phospholipid synthase
gene_4191	741	putative cytochrome P450
gene_4192	112	hypothetical protein
gene_4193	74	At2g23090 like protein
gene_4194	390	putative superoxide dismutase
gene_4195	570	hypothetical protein
gene_4196	420	putative ran GTPase activating protein 1
gene_4197	72	hypothetical protein
gene_4198	271	hypothetical protein
gene_4199	418	putative BSD domain-containing protein
gene_42	3405	exoribonuclease 2
gene_420	382	putative TfdA family taurine catabolism dioxygenase TauD
gene_4200	70	hypothetical protein
gene_4201	160	hypothetical protein
gene_4202	229	hypothetical protein
gene_4203	332	hypothetical protein
gene_4204	664	Heterokaryon incompatibility protein (HET)-domain containing protein
gene_4205	172	hypothetical protein
gene_4206	432	hypothetical protein
gene_4207	374	putative PfkB family carbohydrate kinase
gene_4208	568	putative FAD binding domain-containing protein
gene_4209	417	putative FAD binding domain-containing protein
gene_421	250	putative aflatoxin biosynthesis ketoreductase nor-1
gene_4210	295	putative short chain dehydrogenase
gene_4211	435	putative legume-like lectin family protein
gene_4212	341	putative IBR domain-containing protein
gene_4213	1471	putative PHD-finger domain-containing protein
gene_4214	885	putative PHD-finger domain-containing protein
gene_4215	380	hypothetical protein
gene_4216	389	hypothetical protein
gene_4217	1215	putative ATPase
gene_4218	518	putative acyltransferase
gene_4219	125	hypothetical protein
gene_422	470	hypothetical protein
gene_4220	514	hypothetical protein
gene_4221	291	hypothetical protein
gene_4222	288	short chain dehydrogenase
gene_4223	161	hypothetical protein
gene_4224	544	Protein of unknown function (DUF2961)-domain containing protein
gene_4225	685	putative thiamine pyrophosphate enzyme
gene_4226	386	Mitochondrial carrier domain-containing protein
gene_4227	361	hypothetical protein
gene_4228	242	Tim17/Tim22/Tim23/Pmp24 family-domain containing protein
gene_4229	84	putative heavy-metal-associated domain-containing protein
gene_423	508	cytochrome P450 EFQ32827.1 cytochrome P450
gene_4231	743	putative polyprenyl synthetase
gene_4232	809	hypothetical protein
gene_4233	375	hypothetical protein
gene_4234	1114	phospholipid:diacylglycerol acyltransferase
gene_4235	366	GroES (chaperonin 10)-like protein
gene_4236	695	putative CHY zinc finger domain-containing protein
gene_4237	272	hypothetical protein
gene_4238	63	hypothetical protein
gene_4239	214	putative HAD superfamily phosphatase
gene_424	229	putative signal peptidase subunit
gene_4240	953	efflux pump patC
gene_4241	675	hypothetical protein
gene_4242	423	hypothetical protein
gene_4243	193	hypothetical protein
gene_4245	260	Protein of unknown function (DUF2781)-domain containing protein
gene_4246	471	putative phosphatidylinositol-specific phospholipase C
gene_4247	540	putative cytochrome P450
gene_4248	216	hypothetical protein
gene_4249	564	putative impB/mucB/samB family protein
gene_425	814	hypothetical protein
gene_4250	273	putative translation initiation factor eIF3 subunit
gene_4252	231	hypothetical protein
gene_4253	196	putative DNA polymerase delta
gene_4254	174	hypothetical protein
gene_4255	401	putative PAP2 superfamily protein
gene_4257	238	hypothetical protein
gene_4258	577	hypothetical protein
gene_4259	306	putative short chain dehydrogenase
gene_426	613	hypothetical protein
gene_4260	784	putative fungal-specific transcription factor domain-containing protein
gene_4261	257	putative pfs domain-containing protein
gene_4262	706	BRE1 E3 ubiquitin ligase
gene_4263	544	putative cyclophilin type peptidyl-prolyl cis-trans isomerase/CLD
gene_4264	2141	hypothetical protein
gene_4265	153	hypothetical protein
gene_4266	281	Rtf2 RING-finger-domain containing protein
gene_4267	1086	putative RNA helicase
gene_4268	529	Cytochrome P450
gene_4269	291	Alpha/Beta hydrolase fold
gene_427	498	succinate-semialdehyde dehydrogenase
gene_4270	213	hypothetical protein
gene_4271	432	inorganic pyrophosphatase
gene_4272	505	putative major facilitator superfamily transporter
gene_4273	311	putative phosphopantetheinyl transferase
gene_4274	345	putative CRAL/TRIO domain-containing protein
gene_4275	251	hypothetical protein
gene_4276	486	hypothetical protein
gene_4277	151	hypothetical protein
gene_4278	759	putative heterokaryon incompatibility protein
gene_4279	330	methyltransferase domain-containing protein
gene_428	1496	P-loop containing nucleoside triphosphate hydrolase protein
gene_4280	822	aconitase family protein EFQ36654.1 aconitase family protein
gene_4281	375	putative oxidoreductase family protein
gene_4282	617	putative tRNA synthetase class I
gene_4283	229	hypothetical protein
gene_4284	130	hypothetical protein
gene_4285	80	hypothetical protein
gene_4286	113	putative LSM domain-containing protein
gene_4287	415	hypothetical protein
gene_4288	645	fungal-specific transcription factor domain-containing protein EFQ32651.1 fungal-specific transcription factor domain-containing protein
gene_4289	2873	hypothetical protein
gene_429	368	putative 2OG-Fe(II)oxygenase superfamily protein
gene_4290	602	putative major facilitator superfamily transporter
gene_4291	646	putative LysM domain-containing protein
gene_4292	543	putative F-box domain-containing protein
gene_4293	475	hypothetical protein
gene_4294	277	putative SOM1 protein
gene_4295	124	hypothetical protein
gene_4296	361	hypothetical protein
gene_4297	453	Protein kinase-like domain-containing protein
gene_4298	118	hypothetical protein
gene_4299	549	putative RIO1 family protein
gene_43	119	hypothetical protein
gene_430	1421	putative AT hook domain-containing protein
gene_4300	395	putative TfdA family taurine catabolism dioxygenase TauD
gene_4301	183	hypothetical protein
gene_4302	447	putative monooxygenase
gene_4303	130	hypothetical protein
gene_4304	635	hypothetical protein
gene_4305	226	Protein of unknown function (DUF3605)-domain containing protein
gene_4306	242	putative SCP-like extracellular protein
gene_4307	1252	hypothetical protein
gene_4308	849	putative Spb1 domain-containing protein
gene_4309	167	putative cyclophilin type peptidyl-prolyl cis-trans isomerase/CLD
gene_431	1600	putative SNF2 family domain-containing protein
gene_4310	111	hypothetical protein
gene_4311	1119	SNF2 family domain-containing protein EFQ28332.1 SNF2 family domain-containing protein
gene_4312	630	hypothetical protein
gene_4313	416	putative glycerophosphoryl diester phosphodiesterase
gene_4314	180	putative ubiquitin-conjugating enzyme
gene_4315	604	Sugar (and other) transporter-domain containing protein
gene_4316	553	hypothetical protein
gene_4317	453	Zinc/iron permease
gene_4318	160	hypothetical protein
gene_432	294	putative coatomer epsilon subunit
gene_4320	255	putative glutathione S-transferase domain-containing protein
gene_4321	643	putative GMC oxidoreductase
gene_4323	194	calmodulin
gene_4324	871	putative major facilitator superfamily transporter
gene_4325	513	hypothetical protein
gene_4326	276	putative enoyl-CoA hydratase/isomerase
gene_4327	753	hypothetical protein
gene_4328	371	hypothetical protein
gene_4329	208	Domain of unknown function (DUF4360)-domain containing protein
gene_433	562	putative major facilitator superfamily transporter
gene_4330	308	hypothetical protein
gene_4331	154	hypothetical protein
gene_4332	429	putative ubiquinol-cytochrome-c reductase cytochrome c1
gene_4333	666	Protein of unknown function (DUF1295)-domain containing protein
gene_4334	301	putative PCI domain-containing protein
gene_4335	128	putative ribosomal protein L34
gene_4336	692	hypothetical protein
gene_4337	404	putative pectin lyase
gene_4338	599	putative oxidoreductase FAD-binding domain-containing protein
gene_4339	1413	DNA damage-binding protein 1
gene_434	1027	PCI domain-containing protein OBR12394.1 PCI domain-containing protein
gene_4340	322	putative HET domain-containing protein
gene_4341	454	putative membrane dipeptidase
gene_4342	368	hypothetical protein
gene_4343	316	hypothetical protein
gene_4344	1222	putative mutanase
gene_4345	473	hypothetical protein
gene_4346	528	putative methyltransferase domain-containing protein
gene_4347	281	putative ASF1 like histone chaperone
gene_4348	490	hypothetical protein
gene_4349	327	hypothetical protein
gene_435	414	putative signalosome subunit
gene_4350	441	putative SnoaL-like polyketide cyclase
gene_4351	1411	putative tetratricopeptide
gene_4352	516	hypothetical protein
gene_4353	165	Domain of unknown function (DUF427)-domain containing protein
gene_4354	932	P-loop containing nucleoside triphosphate hydrolase protein
gene_4355	373	hypothetical protein
gene_4356	741	putative subtilase
gene_4357	479	hypothetical protein
gene_4358	492	putative 6-phosphogluconate dehydrogenase
gene_4359	353	hypothetical protein
gene_436	346	putative SAGA-associated factor 29
gene_4360	1035	putative phosphorylase superfamily protein
gene_4361	468	putative Opy2 protein
gene_4362	329	hypothetical protein
gene_4363	566	putative rhodanese-like domain-containing protein
gene_4364	889	putative tudor domain-containing protein
gene_4365	868	Protein of unknown function (DUF3405)-domain containing protein
gene_4366	398	putative proline racemase
gene_4367	913	Arrestin (or S-antigen), C-terminal domain-domain containing protein
gene_4368	415	putative gliotoxin biosynthesis protein GliK
gene_437	255	family 61 putative glycosyl hydrolase
gene_4370	347	putative porphobilinogen deaminase
gene_4371	530	Tannase/feruloyl esterase
gene_4372	642	putative SRP72 RNA-binding domain-containing protein
gene_4373	454	N-terminal C2 in EEIG1 and EHBP1 proteins-domain containing protein
gene_4374	625	Fungal specific transcription factor domain-domain containing protein
gene_4375	348	hypothetical protein
gene_4376	362	putative short chain dehydrogenase
gene_4378	170	putative ribosomal protein S13/S18
gene_438	349	putative peroxin 11C
gene_4380	499	hypothetical protein
gene_4381	549	hypothetical protein
gene_4382	281	putative citrinin biosynthesis oxydoreductase CtnB
gene_4383	505	General substrate transporter
gene_4384	1409	putative SH2 domain-containing protein
gene_4385	576	putative V-ATPase subunit H
gene_4386	130	hypothetical protein
gene_4387	592	putative MFS monocarboxylic acid transporter
gene_4388	378	dimethyladenosine transferase
gene_4389	493	putative CFEM domain-containing protein
gene_439	768	Oxysterol-binding protein-like protein 4
gene_4390	349	Endonuclease/exonuclease/phosphatase
gene_4391	147	hypothetical protein
gene_4392	680	hypothetical protein
gene_4393	138	putative nucleoside phosphorylase
gene_4394	1211	Pyridoxal phosphate-dependent transferase
gene_4395	780	putative pfs domain-containing protein
gene_4396	842	putative pentatricopeptide repeat domain-containing protein
gene_4398	553	hypothetical protein
gene_4399	499	putative HIT zinc finger protein
gene_44	726	putative mRNA cleavage and polyadenylation specificity factor complex subunit
gene_440	617	actin-related protein 2/3 complex subunit 1
gene_4400	135	putative ribosomal protein S24e
gene_4401	95	hypothetical protein
gene_4402	778	putative fungal-specific transcription factor domain-containing protein
gene_4403	483	putative glutamine synthetase
gene_4404	160	hypothetical protein
gene_4405	1018	putative translation initiation factor IF-2
gene_4406	307	Mitochondrial carrier domain-containing protein
gene_4407	203	putative ribosomal protein S7e
gene_4408	330	putative acyltransferase
gene_4409	1015	hypothetical protein
gene_441	312	putative dienelactone hydrolase
gene_4410	334	putative RTA1 like protein
gene_4411	206	putative ribosomal protein S18
gene_4412	616	Uncharacterized protein conserved in bacteria (DUF2264)-domain containing protein
gene_4413	406	hypothetical protein
gene_4414	400	putative AAA family ATPase
gene_4416	206	Ankyrin repeat-containing domain protein
gene_4417	95	putative ATP synthase
gene_4418	261	hypothetical protein
gene_4419	561	putative prolyl-tRNA synthetase
gene_442	174	hypothetical protein
gene_4420	1118	hypothetical protein
gene_4421	502	Major facilitator superfamily domain-containing protein
gene_4422	447	tubulin beta-2 chain KDN71716.1 putative tubulin beta-2 chain KZL71413.1 beta-tubulin KZL84969.1 beta-tubulin TDZ24763.1 tubulin beta-2 chain TKW58468.1 tubulin beta-2 chain CCF35405.1 tubulin beta-2 chain
gene_4423	899	Sad1 / UNC-like C-terminal-domain containing protein
gene_4424	1102	putative nuclear pore complex subunit Nup85
gene_4425	212	Pathogen effector; putative necrosis-inducing factor-domain containing protein
gene_4426	404	Anp1-domain containing protein
gene_4428	325	hypothetical protein
gene_4429	726	Protein kinase-like domain-containing protein
gene_443	169	putative V-type proton ATPase proteolipid subunit 2
gene_4430	209	putative Snf7 family protein
gene_4431	751	putative TPR domain-containing protein
gene_4432	606	hypothetical protein
gene_4433	654	hypothetical protein
gene_4434	113	hypothetical protein
gene_4435	492	putative homogentisate 1,2-dioxygenase
gene_4436	765	putative indole-3-glycerol phosphate synthase
gene_4437	1283	putative hydantoinase B/oxoprolinase
gene_4438	552	putative phosphatidylinositol-glycan biosynthesis class S protein
gene_4439	572	putative FAD binding domain-containing protein
gene_444	1064	hypothetical protein
gene_4440	682	hypothetical protein
gene_4441	268	hypothetical protein
gene_4442	1142	hypothetical protein
gene_4443	365	Protein of unknown function (DUF3074)-domain containing protein
gene_4445	727	putative homeobox domain-containing protein
gene_4446	326	putative integral membrane protein
gene_4447	88	hypothetical protein
gene_4448	117	hypothetical protein
gene_4449	675	hypothetical protein
gene_445	706	putative glycosyl transferase group 1
gene_4450	339	putative ATP10 protein
gene_4451	980	Adaptin N terminal region-domain containing protein
gene_4452	237	hypothetical protein
gene_4453	649	hypothetical protein
gene_4454	375	putative ankyrin-1
gene_4455	606	putative malic enzyme
gene_4456	725	putative dynamin family protein
gene_4457	608	putative POT family protein
gene_4458	325	Haemolysin-III related-domain containing protein
gene_4459	227	hydrolase
gene_4460	373	Peroxisomal membrane anchor protein (Pex14p) conserved region-domain containing protein
gene_4461	292	putative TRI15
gene_4462	121	hypothetical protein
gene_4463	292	putative cenp-O kinetochore centromere component
gene_4464	429	hypothetical protein
gene_4465	613	putative metal ion transporter metal ion transporter
gene_4466	703	putative fungal-specific transcription factor domain-containing protein
gene_4467	517	hypothetical protein
gene_4468	1772	putative SNF2 family domain-containing protein
gene_4469	334	hypothetical protein
gene_447	307	GDSL-like Lipase/Acylhydrolase EFQ27300.1 GDSL-like Lipase/Acylhydrolase
gene_4470	436	putative TPR domain-containing protein
gene_4471	320	Glycosyl hydrolase catalytic core-domain containing protein
gene_4472	590	putative catalase
gene_4473	422	putative integral membrane protein
gene_4474	1549	RNA 2'-phosphotransferase, Tpt1 / KptA family-domain containing protein
gene_4475	705	Myosin-binding striated muscle assembly central-domain containing protein
gene_4476	484	putative calcium/proton exchanger
gene_4477	434	putative zinc carboxypeptidase
gene_4478	550	putative ankyrin repeat protein
gene_4479	242	hypothetical protein
gene_4480	101	hypothetical protein
gene_4481	270	hypothetical protein
gene_4482	455	putative phosphotransferase
gene_4484	150	putative 40S ribosomal protein S19 OHW89644.1 40s ribosomal protein s19
gene_4485	1181	putative RhoGAP domain-containing protein
gene_4486	670	putative PHD-finger domain-containing protein
gene_4487	908	putative tetratricopeptide
gene_4488	366	putative TAM domain methyltransferase
gene_4489	264	putative 3'-5
gene_449	166	hypothetical protein
gene_4490	266	putative calcineurin-like phosphoesterase
gene_4491	1176	hypothetical protein
gene_4492	2388	P-loop containing nucleoside triphosphate hydrolase protein
gene_4493	118	hypothetical protein
gene_4494	583	hypothetical protein
gene_4495	77	hypothetical protein
gene_4496	680	putative major facilitator superfamily transporter
gene_4497	102	hypothetical protein
gene_4498	361	Intradiol ring-cleavage dioxygenase
gene_4499	2237	hypothetical protein
gene_45	488	Fungal family of unknown function (DUF1776)-domain containing protein
gene_450	560	hypothetical protein
gene_4500	726	putative HEC/Ndc80p family protein
gene_4501	501	hypothetical protein
gene_4502	131	putative ribosomal protein L14
gene_4503	205	hypothetical protein
gene_4504	287	short-chain dehydrogenase
gene_4505	393	putative glycolipid 2-alpha-mannosyltransferase
gene_4506	417	putative salicylate hydroxylase
gene_4507	202	hypothetical protein
gene_4508	1346	phosphatidylethanolamine N-methyltransferase
gene_4509	262	hypothetical protein
gene_451	53	hypothetical protein
gene_4510	513	hypothetical protein
gene_4511	262	hypothetical protein
gene_4512	324	hypothetical protein
gene_4513	334	putative peroxisome biosynthesis protein (PAS1/Peroxin-1)
gene_4514	436	putative dTDP-glucose 4,6-dehydratase
gene_4515	112	hypothetical protein
gene_4516	2078	Armadillo-type fold
gene_4517	285	putative metallo-beta-lactamase superfamily protein
gene_4518	153	hypothetical protein
gene_4519	281	family 16 putative glycosyl hydrolase
gene_452	187	putative 60S ribosome subunit biogenesis protein NIP7
gene_4520	174	hypothetical protein
gene_4521	279	putative aminodeoxychorismate lyase
gene_4522	341	putative MIP family channel protein
gene_4523	856	putative metallo-beta-lactamase superfamily protein
gene_4524	423	putative transmembrane alpha-helix domain-containing protein
gene_4525	342	hypothetical protein
gene_4526	73	hypothetical protein
gene_4527	556	putative hexokinase
gene_4528	280	hypothetical protein
gene_4529	115	transcription initiation factor IIA subunit 2 TDZ38920.1 transcription initiation factor IIA subunit 2 TDZ61127.1 transcription initiation factor IIA subunit 2 TEA20770.1 transcription initiation factor IIA subunit 2
gene_453	408	hypothetical protein
gene_4531	621	putative major facilitator superfamily transporter
gene_4532	1049	hypothetical protein
gene_4533	473	putative NmrA-like family protein
gene_4534	119	hypothetical protein
gene_4535	464	putative cytochrome c oxidase subunit 1
gene_4537	342	Protein of unknown function (DUF974)-domain containing protein
gene_4538	455	putative major facilitator superfamily transporter
gene_4539	253	hypothetical protein
gene_454	494	putative 3-beta hydroxysteroid dehydrogenase/isomerase
gene_4540	668	putative leucine rich repeat domain-containing protein
gene_4541	835	hypothetical protein
gene_4542	369	hypothetical protein
gene_4543	237	DNA directed RNA polymerase II 15 kDa
gene_4544	1104	putative Na,H/K antiporter P-type ATPase
gene_4545	892	Armadillo-type fold
gene_4546	435	hypothetical protein
gene_4547	378	diphthamide biosynthesis protein 4
gene_4548	1263	hypothetical protein
gene_4549	418	hypothetical protein
gene_455	402	family 2 putative glycosyl transferase
gene_4550	472	hypothetical protein
gene_4551	419	putative acyltransferase
gene_4552	312	hypothetical protein
gene_4553	426	hypothetical protein
gene_4555	461	putative G-protein coupled receptor
gene_4556	395	heterotrimeric G-protein beta subunit OBR13234.1 heterotrimeric G-protein beta subunit
gene_4557	604	putative phosphoribosylaminoimidazole carboxylase
gene_4558	343	putative Fip1 domain-containing protein
gene_4559	231	hypothetical protein
gene_456	125	hypothetical protein
gene_4560	955	hypothetical protein
gene_4561	809	Fungal specific transcription factor domain-domain containing protein
gene_4562	237	putative glutathione-dependent formaldehyde-activating
gene_4563	658	hypothetical protein
gene_4564	258	Alpha/Beta hydrolase fold
gene_4565	59	hypothetical protein
gene_4566	256	putative SNO glutamine amidotransferase
gene_4567	601	putative lysyl-tRNA synthetase
gene_4568	710	Alpha/Beta hydrolase fold
gene_4569	55	hypothetical protein
gene_457	58	hypothetical protein
gene_4570	566	Pyridoxal phosphate-dependent transferase
gene_4571	485	hypothetical protein
gene_4572	578	putative patatin-like phospholipase
gene_4573	319	hypothetical protein
gene_4574	198	hypothetical protein
gene_4575	398	putative phosphorylase superfamily protein
gene_4576	163	Ribosomal protein S8
gene_4577	308	Mitochondrial carrier domain-containing protein
gene_4578	513	putative PH domain-containing protein
gene_4579	292	hypothetical protein
gene_458	218	hypothetical protein
gene_4581	241	hypothetical protein
gene_4582	825	putative fungal-specific transcription factor domain-containing protein
gene_4583	547	putative tannase and feruloyl esterase
gene_4584	1000	hypothetical protein
gene_4585	595	Cupredoxin
gene_4586	121	hypothetical protein
gene_4587	600	putative WD domain-containing protein
gene_4588	904	hypothetical protein
gene_4589	456	putative carbamoyl-phosphate synthase
gene_459	192	hypothetical protein
gene_4590	477	putative G-protein coupled receptor
gene_4591	387	hypothetical protein
gene_4592	402	Alpha/Beta hydrolase fold
gene_4593	399	hypothetical protein
gene_4594	133	hypothetical protein
gene_4595	128	ribosomal L22e family protein EFQ29035.1 ribosomal L22e family protein KDN63231.1 putative ribosomal L22e family protein TIC92536.1 60S ribosomal protein L22 TKW55409.1 60S ribosomal protein L22
gene_4596	437	putative FtsJ-like methyltransferase
gene_4597	426	hypothetical protein
gene_4598	1519	putative Spc7 kinetochore protein
gene_4599	861	putative spindle assembly checkpoint component MAD1
gene_46	203	hypothetical protein
gene_460	535	putative integral membrane protein
gene_4600	136	hypothetical protein
gene_4601	391	putative dihydrouridine synthase
gene_4602	1154	putative impB/mucB/samB family protein
gene_4603	391	putative actin
gene_4604	127	hypothetical protein
gene_4605	601	hypothetical protein
gene_4606	174	putative acetyltransferase
gene_4607	998	hypothetical protein
gene_4608	578	putative carboxylesterase
gene_4609	709	acyl-CoA dehydrogenase domain-containing protein
gene_461	69	hypothetical protein
gene_4610	415	putative NADH:flavin oxidoreductase/NADH oxidase
gene_4611	495	Mis12-Mtw1 protein family-domain containing protein
gene_4612	692	putative dual specificity phosphatase
gene_4613	690	hypothetical protein
gene_4614	261	hypothetical protein
gene_4615	665	putative DNA topoisomerase
gene_4616	228	hypothetical protein
gene_4617	824	putative LysM domain-containing protein
gene_4618	510	putative major facilitator superfamily transporter
gene_4619	132	hypothetical protein
gene_462	250	hypothetical protein
gene_4620	583	hypothetical protein
gene_4621	495	putative major facilitator superfamily transporter
gene_4622	466	putative major facilitator superfamily transporter
gene_4623	284	mip family channel protein OHW98780.1 aquaporin
gene_4624	99	hypothetical protein
gene_4625	1137	hypothetical protein
gene_4626	277	putative WW-domain ligand protein
gene_4627	127	hypothetical protein
gene_4628	195	hypothetical protein
gene_4629	306	Pyridoxamine 5'-phosphate oxidase-domain containing protein
gene_463	360	putative alcohol dehydrogenase GroES-like domain-containing protein
gene_4630	350	putative voltage-dependent potassium channel beta subunit
gene_4631	345	putative zinc-binding dehydrogenase
gene_4632	770	putativeTRAPP complex protein TRS85
gene_4633	338	hypothetical protein
gene_4634	483	hypothetical protein
gene_4635	369	putative acetyltransferase
gene_4636	411	putative La domain-containing protein
gene_4638	446	hypothetical protein
gene_4639	382	hypothetical protein
gene_4640	811	putative Cas1p-like protein
gene_4641	128	hypothetical protein
gene_4642	344	hypothetical protein
gene_4643	528	cytosolic non-specific dipeptidase
gene_4644	514	putative major facilitator superfamily transporter
gene_4645	261	hypothetical protein
gene_4646	148	hypothetical protein
gene_4647	315	putative fork head domain-containing protein
gene_4648	300	hypothetical protein
gene_4649	232	putative rhomboid family protein
gene_465	1474	hypothetical protein
gene_4650	698	hypothetical protein
gene_4651	471	hypothetical protein
gene_4652	1067	putative GPI ethanolamine phosphate transferase
gene_4653	255	hypothetical protein
gene_4654	1022	putative endonuclease/Exonuclease/phosphatase
gene_4655	576	putative allantoin transport
gene_4656	690	hypothetical protein
gene_4657	288	putative peroxidase
gene_4658	321	putative methyltransferase domain-containing protein
gene_4659	501	putative WW domain-containing protein
gene_466	267	family 17 putative glycosyltransferase
gene_4660	421	hypothetical protein
gene_4661	811	putative kinesin motor domain-containing protein
gene_4662	899	putative ubiquitin interaction domain-containing protein
gene_4663	480	putative WD domain-containing protein
gene_4664	217	putative ERG2 and Sigma1 receptor like protein
gene_4666	546	hypothetical protein
gene_4667	846	Fungal specific transcription factor domain-domain containing protein
gene_4668	221	hypothetical protein
gene_467	1017	family 20 putative glycosyltransferase
gene_4670	1447	putative ABC-2 type transporter
gene_4671	544	putative amidase
gene_4672	300	putative thioesterase superfamily protein
gene_4673	459	family 76 putative glycosyl hydrolase
gene_4674	158	putative glutaredoxin
gene_4675	461	hypothetical protein
gene_4676	235	hypothetical protein
gene_4677	613	putative gamma-glutamyltranspeptidase
gene_4678	302	SURF4 family protein EFQ29418.1 SURF4 family protein
gene_4679	272	hypothetical protein
gene_468	442	high-affinity nicotinic acid transporter
gene_4680	221	hypothetical protein
gene_4681	661	putative heterokaryon incompatibility protein
gene_4682	272	FRG1-like family-domain containing protein
gene_4683	713	hypothetical protein
gene_4684	109	hypothetical protein
gene_4685	153	hypothetical protein
gene_4686	480	CFEM domain-containing protein
gene_4687	529	hypothetical protein
gene_4688	459	putative C6 zinc finger domain-containing protein
gene_4689	520	putative NCS1 nucleoside transporter
gene_469	790	putative DnaJ domain-containing protein
gene_4690	228	putative imidazoleglycerol-phosphate dehydratase
gene_4691	881	hypothetical protein
gene_4692	538	hypothetical protein
gene_4693	343	Alpha/Beta hydrolase fold
gene_4694	661	Uncharacterized alpha/beta hydrolase domain (DUF2235)-domain containing protein
gene_4695	406	putative alpha-galactosidase
gene_4696	272	hypothetical protein
gene_4697	82	hypothetical protein
gene_4698	152	putative LysM domain-containing protein
gene_47	142	thioredoxin
gene_470	270	hypothetical protein
gene_4700	360	putative peroxidase
gene_4701	1568	putative glycogen debranching enzyme
gene_4702	230	hypothetical protein
gene_4703	553	putative phenylacetone monooxygenase
gene_4704	155	hypothetical protein
gene_4705	398	hypothetical protein
gene_4706	441	hypothetical protein
gene_4707	379	hypothetical protein
gene_4709	901	hypothetical protein
gene_471	806	putative alpha-1,3-glucanase
gene_4710	929	putative phosphoribosylaminoimidazole-succinocarboxamide synthase
gene_4711	690	IBR domain-containing protein EFQ26574.1 IBR domain-containing protein
gene_4712	426	putative inositol-pentakisphosphate 2-kinase
gene_4713	516	putative major facilitator superfamily transporter
gene_4714	637	hypothetical protein
gene_4715	410	putative methyltransferase domain-containing protein
gene_4716	361	putative aspartate-semialdehyde dehydrogenase
gene_4717	246	hypothetical protein
gene_4718	427	putative CFEM domain-containing protein
gene_4719	877	putative SNF2 family domain-containing protein
gene_472	86	hypothetical protein
gene_4720	353	putative eukaryotic porin
gene_4721	310	putative histidinol phosphate phosphatase HisJ family protein
gene_4722	430	Pre-mRNA splicing factor-domain containing protein
gene_4723	174	hypothetical protein
gene_4724	476	hypothetical protein
gene_4725	245	Alpha-N-methyltransferase NTM1
gene_4726	499	Protein phosphatase 2C (PP2C)-like domain-containing protein
gene_4727	198	Increased loss of mitochondrial DNA protein 1
gene_4728	183	hypothetical protein
gene_4729	1057	putative ATPase
gene_473	275	hypothetical protein
gene_4730	146	hypothetical protein
gene_4731	949	lariat debranching enzyme domain-containing protein OBR06201.1 lariat debranching enzyme domain-containing protein
gene_4732	458	Spo7-like protein-domain containing protein
gene_4734	442	putative CRAL/TRIO domain-containing protein
gene_4735	718	putative endomembrane protein 70
gene_4736	233	hypothetical protein
gene_4737	519	putative LMBR1 domain-containing protein
gene_4738	213	hypothetical protein
gene_4739	964	putative WD repeat domain-containing protein
gene_474	1267	mediator of RNA polymerase II transcription subunit 10
gene_4740	782	Cytochrome c oxidase assembly protein CtaG/Cox11-domain containing protein
gene_4741	191	hypothetical protein
gene_4742	249	GINS complex protein-domain containing protein
gene_4743	591	putative major facilitator superfamily transporter
gene_4744	346	Mitochondrial carrier domain-containing protein
gene_4745	196	phosphatidylethanolamine-binding protein
gene_4746	635	hypothetical protein
gene_4747	532	hypothetical protein
gene_4748	579	putative GMC oxidoreductase
gene_4749	435	putative metal-dependent amidase/aminoacylase/carboxypeptidase
gene_475	232	hypothetical protein
gene_4750	273	Cullin binding-domain containing protein
gene_4751	637	putative major facilitator superfamily transporter
gene_4752	1109	putative kinesin light chain
gene_4753	160	putative NUDIX domain-containing protein
gene_4754	275	putative acetyltransferase/esterase
gene_4755	661	putative nucleoporin NUP49/NSP49
gene_4757	259	putative Der1-like family protein
gene_4758	641	putative HET domain-containing protein
gene_4759	374	putative cyclin ccl1
gene_476	563	hypothetical protein
gene_4760	129	hypothetical protein
gene_4761	253	hypothetical protein
gene_4762	170	putative ribosomal L28e family protein
gene_4763	225	hypothetical protein
gene_4764	131	hypothetical protein
gene_4765	243	hypothetical protein
gene_4766	333	hypothetical protein
gene_4767	537	putative PrBiP
gene_4768	312	putative GDSL-like Lipase/Acylhydrolase
gene_4769	414	T5orf172 domain-domain containing protein
gene_477	317	putative cyclin domain-containing protein
gene_4770	1444	hypothetical protein
gene_4771	264	hypothetical protein
gene_4772	747	putative peptidase family M3
gene_4773	389	hypothetical protein
gene_4774	531	major facilitator superfamily transporter
gene_4775	760	putative OPT family small oligopeptide transporter
gene_4776	122	hypothetical protein
gene_4777	255	hypothetical protein
gene_4778	359	hypothetical protein
gene_4779	799	Uncharacterised protein family (UPF0183)-domain containing protein
gene_478	263	putative methyltransferase domain-containing protein
gene_4780	288	Fungal protein of unknown function (DUF2011)-domain containing protein
gene_4781	224	putative glutathione S-transferase domain-containing protein
gene_4782	148	hypothetical protein
gene_4783	340	hypothetical protein
gene_4784	364	hypothetical protein
gene_4785	1143	Dynamin family-domain containing protein
gene_4786	601	hypothetical protein
gene_4787	228	hypothetical protein
gene_4788	701	putative pfs domain-containing protein
gene_4789	497	hypothetical protein
gene_479	362	putative adenosine deaminase
gene_4790	762	hypothetical protein
gene_4791	334	putative WW domain-containing protein
gene_4792	406	putative MOZ protein represents a chromatin-associated acetyltransferase
gene_4793	336	hypothetical protein
gene_4794	282	hypothetical protein
gene_4795	85	protein PET117, mitochondrial
gene_4796	398	hypothetical protein
gene_4797	483	hypothetical protein
gene_4798	775	putative hsp70-like protein
gene_4799	556	hypothetical protein
gene_48	418	putative RNA recognition domain-containing protein
gene_480	276	putative SPFH domain/Band 7 family protein
gene_4800	61	putative Nop10p family nucleolar RNA-binding protein OHW94994.1 h aca ribonucleo protein complex subunit 3 TQN72617.1 H/ACA ribonucleo protein complex subunit NOP10
gene_4801	722	putative LysM domain-containing protein
gene_4802	258	putative dynein heavy chain 1, cytosolic
gene_4803	358	uv-damaged DNA-binding protein OHW98835.1 UV-damaged DNA-binding protein
gene_4804	212	family protein EFQ32932.1 ras
gene_4805	165	RING finger protein 43
gene_4806	412	hypothetical protein
gene_4807	832	P-loop containing nucleoside triphosphate hydrolase protein
gene_4808	127	putative splicing factor 3B subunit 10
gene_4809	554	putative cytochrome P450
gene_481	395	putative cyclic nucleotide-binding domain-containing protein
gene_4810	501	putative cytochrome P450
gene_4811	641	3',5'-bisphosphate nucleotidase
gene_4812	624	putative secreted protein
gene_4813	1461	P-loop containing nucleoside triphosphate hydrolase protein
gene_4814	511	hypothetical protein
gene_4815	275	hypothetical protein
gene_4816	396	putative inosine-uridine preferring nucleoside hydrolase
gene_4817	444	putative RNA recognition domain-containing protein
gene_4819	1052	putative importin-beta domain-containing protein
gene_482	157	putative thioesterase superfamily protein
gene_4820	306	hypothetical protein
gene_4821	257	hypothetical protein
gene_4822	1175	putative histone deacetylation protein Rxt3
gene_4823	469	putative citrate synthase
gene_4824	72	hypothetical protein
gene_4825	263	hypothetical protein
gene_4826	193	putative ribosome biogenesis regulatory protein
gene_4827	441	hypothetical protein
gene_4828	367	NAD/NADP octopine/nopaline dehydrogenase
gene_4829	767	hypothetical protein
gene_483	823	putative cytosolic phospholipase A2 zeta
gene_4830	154	hypothetical protein
gene_4831	485	putative major facilitator superfamily transporter
gene_4832	235	hypothetical protein
gene_4833	924	hypothetical protein
gene_4834	336	putative RTA1 like protein
gene_4835	714	putative C2 domain-containing protein
gene_4836	804	putative kelch domain-containing protein
gene_4838	302	putative fumarylacetoacetate hydrolase
gene_484	336	hypothetical protein
gene_4840	117	hypothetical protein
gene_4841	145	hypothetical protein
gene_4842	378	cfem domain-containing protein
gene_4843	188	hypothetical protein
gene_4844	401	putative zinc-binding dehydrogenase
gene_4845	215	hypothetical protein
gene_4846	577	Sugar (and other) transporter-domain containing protein
gene_4847	692	hypothetical protein
gene_4848	443	family 7 putative glycosyl hydrolase
gene_4849	290	putative cutinase
gene_485	308	hypothetical protein
gene_4850	1083	putative male sterility protein
gene_4851	68	hypothetical protein
gene_4852	203	hypothetical protein
gene_4853	396	putative fatty acid desaturase
gene_4854	2118	putative TPR/MLP1/MLP2-like protein
gene_4855	364	hypothetical protein
gene_4856	492	putative mRNA capping enzyme
gene_4857	352	putative carbohydrate kinase
gene_4858	553	putative BING4CT domain-containing protein
gene_4859	245	hypothetical protein
gene_486	255	hypothetical protein
gene_4860	263	hypothetical protein
gene_4862	533	putative cytochrome P450
gene_4863	248	hypothetical protein
gene_4864	240	hypothetical protein
gene_4865	461	putative FAD binding domain-containing protein
gene_4866	1111	FAD dependent oxidoreductase-domain containing protein
gene_4868	575	putative septin
gene_4869	977	L-fucose permease
gene_487	158	hypothetical protein
gene_4870	380	Carbon-nitrogen hydrolase
gene_4871	230	hypothetical protein
gene_4872	269	aldo/keto reductase
gene_4873	1184	Adaptin N terminal region-domain containing protein
gene_4874	649	putative heterokaryon incompatibility protein
gene_4875	175	hypothetical protein
gene_4876	452	aminotransferase
gene_4877	745	putative dynamin family protein
gene_4878	176	hypothetical protein
gene_4879	432	putative CDP-alcohol phosphatidyltransferase
gene_488	1057	putative DNA mismatch repair protein MutL
gene_4880	226	hypothetical protein
gene_4881	716	putative dipeptidase B
gene_4882	216	putative coiled-coil domain-containing protein
gene_4883	340	Alpha/Beta hydrolase fold
gene_4884	315	hypothetical protein
gene_4885	484	aldehyde dehydrogenase
gene_4886	187	Domain of unknown function (DUF4452)-domain containing protein
gene_4887	717	hypothetical protein
gene_4888	646	putative DNA polymerase alpha/epsilon subunit B
gene_4889	451	putative guanine deaminase
gene_489	389	26S proteasome subunit P45 family protein XP_018155263.1 26S proteasome subunit P45 family protein KDN67344.1 putative 26S protease
gene_4890	677	putative FAD binding domain-containing protein
gene_4891	417	General substrate transporter
gene_4892	107	hypothetical protein
gene_4893	268	putative SIS domain-containing protein
gene_4894	731	hypothetical protein
gene_4895	645	N terminus of Rad21 / Rec8 like protein-domain containing protein
gene_4896	222	ras family protein OHX00689.1 ras family protein
gene_4897	770	Adaptin N terminal region-domain containing protein
gene_4899	270	hypothetical protein
gene_49	607	hypothetical protein
gene_490	225	Mitochondrial ribosomal protein L51 / S25 / CI-B8 domain-domain containing protein
gene_4900	376	hypothetical protein
gene_4902	1008	Hsp70 protein-domain containing protein
gene_4903	949	putative fungal-specific transcription factor domain-containing protein
gene_4904	567	hypothetical protein
gene_4905	643	putative NupC family nucleoside transporter
gene_4907	463	putative iron transporter
gene_4908	200	hypothetical protein
gene_4909	331	carbon-nitrogen hydrolase
gene_491	385	hypothetical protein
gene_4910	584	putative major facilitator superfamily transporter
gene_4911	487	putative major facilitator superfamily transporter
gene_4912	195	putative isochorismatase
gene_4913	267	hypothetical protein
gene_4914	478	putative ergosterol biosynthesis ERG4/ERG24 family protein
gene_4915	237	putative calpain
gene_4916	283	putative MBOAT family protein
gene_4917	641	WD40-repeat-containing domain protein
gene_4919	351	putative phosphatidylinositol-specific phospholipase C
gene_492	95	hypothetical protein
gene_4920	263	hypothetical protein
gene_4921	1842	putative oviduct-specific glyco protein
gene_4922	481	hypothetical protein
gene_4923	867	putative DEAD/DEAH box helicase
gene_4924	282	putative spherulin-1A
gene_4925	320	hypothetical protein
gene_4926	1126	mannan endo-1 6-alpha-mannosidase DCW1
gene_4927	308	hypothetical protein
gene_4928	141	hypothetical protein
gene_4929	259	hypothetical protein
gene_493	1999	putative polyketide synthase
gene_4930	87	hypothetical protein
gene_4931	805	hypothetical protein
gene_4932	170	hypothetical protein
gene_4933	414	hypothetical protein
gene_4934	345	putative metallo-beta-lactamase superfamily protein
gene_4935	265	hypothetical protein
gene_4936	694	Ankyrin repeat-containing domain protein
gene_4937	999	putative clathrin-coated vesicle protein
gene_4938	257	hypothetical protein
gene_4939	1731	hypothetical protein
gene_494	390	putative TfdA family taurine catabolism dioxygenase TauD
gene_4941	360	set-domain histone methyltransferase-8
gene_4943	884	putative mRNA capping enzyme
gene_4944	797	indoleamine-dioxygenase
gene_4945	226	hypothetical protein
gene_4946	103	hypothetical protein
gene_4947	405	hypothetical protein
gene_4949	247	hypothetical protein
gene_495	758	putative Mak10 subunit
gene_4950	288	Domain of unknown function (DUF3328)-domain containing protein
gene_4951	787	hypothetical protein
gene_4952	285	putative proteasome A-type and B-type
gene_4953	310	putative serine/threonine-protein kinase BUD32
gene_4954	285	hypothetical protein
gene_4955	615	putative tetratricopeptide
gene_4956	445	putative acyl-CoA dehydrogenase domain-containing protein
gene_4957	312	putative phytanoyl-CoA dioxygenase
gene_4958	686	copper amine oxidase
gene_4959	313	hypothetical protein
gene_496	516	hypothetical protein
gene_4960	195	Protein of unknown function (DUF962)-domain containing protein
gene_4961	421	family 10 putative glycosyl hydrolase
gene_4962	1000	Poly(A) polymerase pla1
gene_4963	550	putative major facilitator superfamily transporter
gene_4964	1193	hypothetical protein
gene_4965	124	hypothetical protein
gene_4966	214	hypothetical protein
gene_4967	468	putative polynucleotide kinase 3 phosphatase
gene_4968	103	dimeric alpha+beta barrel
gene_4969	662	putative Vps52/Sac2 family protein
gene_497	510	hypothetical protein
gene_4970	476	Transferase family-domain containing protein
gene_4971	1006	putative heavy metal translocating P-type ATPase
gene_4973	206	hypothetical protein
gene_4974	315	hypothetical protein
gene_4975	347	hypothetical protein
gene_4976	306	putative NmrA-like family protein
gene_4977	195	putative ADP-ribosylation factor family protein
gene_4978	237	hypothetical protein
gene_4979	446	amidohydrolase EFQ26758.1 amidohydrolase
gene_498	163	hypothetical protein
gene_4980	549	putative amino acid permease
gene_4981	145	hypothetical protein
gene_4982	110	transcription factor S-II EFQ34968.1 transcription factor S-II KDN59954.1 putative transcription factor S-II
gene_4983	98	hypothetical protein
gene_4984	248	hypothetical protein
gene_4985	538	Alpha/Beta hydrolase fold
gene_4987	706	hypothetical protein
gene_4988	216	putative developmentally regulated MAPK interacting protein
gene_4989	842	putative ABC transporter
gene_499	207	putative pyridoxamine 5'-phosphate oxidase
gene_4990	565	putative TPR domain-containing protein
gene_4991	395	putative arrestin
gene_4992	54	hypothetical protein
gene_4993	1479	putative ABC transporter
gene_4994	272	hypothetical protein
gene_4995	396	putative DNA repair protein
gene_4996	804	hypothetical protein
gene_4997	646	hypothetical protein
gene_4998	488	putative IBR domain-containing protein
gene_4999	356	hypothetical protein
gene_5	432	hypothetical protein
gene_50	386	hypothetical protein
gene_500	507	putative major facilitator superfamily transporter
gene_5000	378	P-loop containing nucleoside triphosphate hydrolase protein
gene_5001	2414	alpha-glucan synthase
gene_5002	507	putative cytochrome P450
gene_5003	243	putative acetyltransferase
gene_5004	603	putative Pro-kumamolisin
gene_5005	467	putative argininosuccinate lyase
gene_5006	574	FAD dependent oxidoreductase
gene_5007	1406	hypothetical protein
gene_5008	1491	putative ABC-2 type transporter
gene_5009	1275	putative GTPase
gene_501	504	putative C2H2 type zinc finger protein
gene_5010	340	hypothetical protein
gene_5011	566	putative beta-glucosidase
gene_5012	291	hypothetical protein
gene_5013	298	putative NmrA-like family protein
gene_5014	391	Domain of unknown function (DUF367)-domain containing protein
gene_5015	718	hypothetical protein
gene_5016	276	hypothetical protein
gene_5017	206	hypothetical protein
gene_5018	367	gluconate 5-dehydrogenase
gene_5019	512	putative phosphoesterase
gene_502	294	hypothetical protein
gene_5020	448	putative serine/threonine protein kinase
gene_5021	307	trehalose-phosphatase
gene_5022	539	hypothetical protein
gene_5023	140	hypothetical protein
gene_5024	879	putative N-terminal amidase
gene_5025	805	putative fungal-specific transcription factor domain-containing protein
gene_5026	1761	hypothetical protein
gene_5027	303	hypothetical protein
gene_5028	440	hypothetical protein
gene_5029	504	hypothetical protein
gene_503	238	hypothetical protein
gene_5030	401	hypothetical protein
gene_5031	561	hypothetical protein
gene_5032	465	putative major facilitator superfamily transporter
gene_5033	531	putative X-Pro dipeptidyl-peptidase C-terminal non-catalytic domain-containing protein
gene_5034	512	putative ATPase
gene_5035	789	putative phosphatidylinositol 3
gene_5036	344	Ketopantoate reductase PanE/ApbA C terminal-domain containing protein
gene_5037	1140	putative timeless protein
gene_5038	644	putative dimethylaniline monooxygenase
gene_5039	438	putative phosphopyruvate hydratase
gene_504	389	integral membrane protein
gene_5040	153	hypothetical protein
gene_5041	522	cytochrome P450 EFQ36705.1 cytochrome P450
gene_5042	448	putative actin
gene_5043	587	hypothetical protein
gene_5044	177	Uncharacterized conserved protein (DUF2196)-domain containing protein
gene_5045	507	hypothetical protein
gene_5046	251	hypothetical protein
gene_5047	464	putative CFEM domain-containing protein
gene_5049	372	putative superoxide dismutase
gene_505	549	putative HSF-type DNA-binding protein
gene_5050	699	putative pre-mRNA-splicing factor ATP-dependent RNA helicase prp43
gene_5051	495	hypothetical protein
gene_5052	423	hypothetical protein
gene_5053	598	Thiamine pyrophosphate enzyme, N-terminal TPP binding domain-domain containing protein
gene_5054	735	hypothetical protein
gene_5055	2050	putative clathrin heavy chain
gene_5056	573	hypothetical protein
gene_5058	1793	hypothetical protein
gene_5059	348	putative phosphoadenosine phosphosulfate reductase
gene_506	169	Uncharacterized alpha/beta hydrolase domain (DUF2235)-domain containing protein
gene_5060	1507	hypothetical protein
gene_5061	503	hypothetical protein
gene_5062	266	hypothetical protein
gene_5063	231	hypothetical protein
gene_5064	477	putative D-isomer specific 2-hydroxyacid dehydrogenase
gene_5065	776	putative catalase/peroxidase HPI
gene_5066	449	putative ankyrin repeat protein
gene_5067	57	hypothetical protein
gene_5068	770	putative heterokaryon incompatibility protein
gene_5069	417	putative cellulase
gene_507	224	hypothetical protein
gene_5070	760	Fungal trichothecene efflux pump (TRI12)-domain containing protein
gene_5071	186	putative chromo domain-containing protein
gene_5072	277	hypothetical protein
gene_5073	176	hypothetical protein
gene_5074	534	putative amidase
gene_5075	282	hypothetical protein
gene_5076	1209	Fungal specific transcription factor domain-domain containing protein
gene_5077	679	putative telomere-binding alpha subunit central domain-containing protein
gene_5078	532	putative large neutral amino acids transporter small subunit 1
gene_5079	310	hypothetical protein
gene_508	475	putative glucose/galactose transporter
gene_5080	181	hypothetical protein
gene_5081	891	hypothetical protein
gene_5082	791	putative peptidase S41 family protein
gene_5083	882	family 43 putative glycosyl hydrolase
gene_5084	374	hypothetical protein
gene_5085	109	hypothetical protein
gene_5087	367	putative 2OG-Fe(II)oxygenase superfamily protein
gene_5088	531	General substrate transporter
gene_5089	400	putative methionine adenosyltransferase
gene_5090	456	hypothetical protein
gene_5091	443	putative major facilitator superfamily transporter
gene_5092	778	hypothetical protein
gene_5093	1320	hypothetical protein
gene_5094	312	putative dioxygenase
gene_5095	306	Mitochondrial genome maintenance MGM101-domain containing protein
gene_5096	307	putative cutinase
gene_5097	717	hypothetical protein
gene_5099	149	hypothetical protein
gene_51	165	Ribosomal protein L11
gene_510	120	Protein of unknown function (DUF3759)-domain containing protein
gene_5100	165	hypothetical protein
gene_5101	682	putative histone deacetylase domain-containing protein
gene_5102	599	putative flavo protein
gene_5103	687	putative heterokaryon incompatibility protein
gene_5104	432	hypothetical protein
gene_5105	445	hypothetical protein
gene_5106	881	mannosyl-oligosaccharide alpha-1 2-mannosidase 1B
gene_5107	304	putative O-methyltransferase
gene_5108	835	putative SET domain-containing protein
gene_5109	132	ACN9 family protein OHF01363.1 ACN9 family protein
gene_511	533	hypothetical protein
gene_5110	363	hypothetical protein
gene_5111	280	transcription factor TF2b
gene_5112	382	hypothetical protein
gene_5113	903	hypothetical protein
gene_5114	306	hypothetical protein
gene_5115	390	hypothetical protein
gene_5116	330	hypothetical protein
gene_5117	271	hypothetical protein
gene_5118	626	putative cora-like Mg2+ transporter
gene_5119	343	P-loop containing nucleoside triphosphate hydrolase protein
gene_512	276	putative PH domain-containing protein
gene_5120	448	hypothetical protein
gene_5121	775	Protein of unknown function (DUF1479)-domain containing protein
gene_5122	161	hypothetical protein
gene_5123	413	CTLH/CRA C-terminal to LisH motif domain-domain containing protein
gene_5124	909	putative transmembrane GTPase fzo1
gene_5125	418	hypothetical protein
gene_5126	571	putative uroporphyrin-III
gene_5127	362	hypothetical protein
gene_5128	555	hypothetical protein
gene_5129	221	hypothetical protein
gene_513	513	putative cytochrome P450
gene_5130	516	putative integral membrane protein
gene_5131	279	putative acetyltransferase
gene_5132	452	putative Mch2p
gene_5133	278	putative short chain dehydrogenase
gene_5134	626	putative SH3 domain-containing protein
gene_5135	172	Domain of unknown function (DUF1772)-domain containing protein
gene_5136	227	RmlC-like cupin domain-containing protein
gene_5137	517	putative benzoate 4-monooxygenase cytochrome P450
gene_5138	947	Transient receptor potential (TRP) ion channel-domain containing protein
gene_5139	262	hypothetical protein
gene_5140	866	putative AT hook domain-containing protein
gene_5141	282	hypothetical protein
gene_5142	521	putative cytochrome P450
gene_5143	692	putative FAD binding domain-containing protein
gene_5144	519	putative choline transporter
gene_5145	684	putative FAD dependent oxidoreductase
gene_5146	623	hypothetical protein
gene_5147	227	hypothetical protein
gene_5148	167	hypothetical protein
gene_5149	627	putative MYND finger
gene_515	425	D123-domain containing protein
gene_5150	514	General substrate transporter
gene_5151	659	putative transmembrane amino acid transporter
gene_5152	185	DnaJ domain-containing protein
gene_5153	154	ubiquitin family protein KDN65304.1 putative ubiquitin family protein TDZ16881.1 ubiquitin-40S ribosomal protein S27a TDZ32885.1 ubiquitin-40S ribosomal protein S27a TDZ60920.1 ubiquitin-40S ribosomal protein S27a TEA18461.1 ubiquitin-40S ribosomal protein S27a
gene_5154	291	O-methyltransferase
gene_5155	645	hypothetical protein
gene_5156	223	hypothetical protein
gene_5157	1117	putative calcium-translocating P-type ATPase
gene_5158	276	hypothetical protein
gene_5159	158	hypothetical protein
gene_516	707	alpha-glucan-branching enzyme
gene_5160	734	hypothetical protein
gene_5161	79	hypothetical protein
gene_5162	219	hypothetical protein
gene_5163	197	hypothetical protein
gene_5164	257	HORMA domain-containing protein EFQ34081.1 HORMA domain-containing protein
gene_5165	335	hypothetical protein
gene_5166	260	putative glutaredoxin
gene_5167	572	putative glutamate decarboxylase
gene_5168	178	hypothetical protein
gene_5169	770	putative DEAD/DEAH box helicase
gene_517	118	putative 40S ribosomal protein S25
gene_5170	671	Six-hairpin glycosidase-like protein
gene_5171	689	putative DEAD/DEAH box helicase
gene_5172	326	hypothetical protein
gene_5173	77	hypothetical protein
gene_5174	591	Fungal specific transcription factor domain-domain containing protein
gene_5175	160	hypothetical protein
gene_5176	551	putative FAD linked oxidase domain-containing protein
gene_5177	722	putative carbamoyl-phosphate synthase subunit L
gene_5178	686	putative GDP/GTP exchange factor
gene_5179	776	putative 3-isopropylmalate dehydratase
gene_518	332	putative methyltransferase domain-containing protein
gene_5180	374	hypothetical protein
gene_5181	1217	putative splicing factor 3B subunit 1
gene_5182	207	hypothetical protein
gene_5183	131	hypothetical protein
gene_5184	322	hypothetical protein
gene_5185	920	hypothetical protein
gene_5186	546	putative DnaJ domain-containing protein
gene_5187	276	hypothetical protein
gene_5188	397	hypothetical protein
gene_5189	411	hypothetical protein
gene_519	571	major facilitator superfamily transporter EFQ27759.1 major facilitator superfamily transporter
gene_5190	223	hypothetical protein
gene_5191	1269	hypothetical protein
gene_5192	289	hypothetical protein
gene_5194	198	S-adenosyl-L-methionine-dependent methyltransferase
gene_5195	301	putative urease
gene_5196	834	nonselective cation channel
gene_5197	502	hypothetical protein
gene_5198	283	hypothetical protein
gene_5199	1011	uridine kinase
gene_520	292	hypothetical protein
gene_5200	998	family 35 putative glycosyl hydrolase
gene_5201	540	hypothetical protein
gene_5202	834	putative is centromere binding protein at prophase
gene_5203	336	putative nitrilotriacetate monooxygenase component B
gene_5204	557	hypothetical protein
gene_5205	165	hypothetical protein
gene_5206	54	hypothetical protein
gene_5207	1251	putative cytosine-specific methyltransferase
gene_5208	176	hypothetical protein
gene_5209	1625	hypothetical protein
gene_521	724	putative asparagine synthase
gene_5210	152	putative endoribonuclease L-PSP
gene_5211	760	Yeast mitochondrial distribution and morphology (MDM) proteins-domain containing protein
gene_5212	110	hypothetical protein
gene_5213	515	Cytochrome P450
gene_5214	334	putative alpha-L-arabinofuranosidase II
gene_5215	74	hypothetical protein
gene_5216	1361	putative LysM domain-containing protein
gene_5217	515	putative WD domain-containing protein
gene_5218	399	putative RTA1 domain-containing protein
gene_5219	193	hypothetical protein
gene_522	167	hypothetical protein
gene_5220	780	Heterokaryon incompatibility protein (HET)-domain containing protein
gene_5221	1016	hypothetical protein
gene_5222	138	hypothetical protein
gene_5223	402	putative 18S rRNA biogenesis protein RCL1
gene_5224	222	complex i intermediate-associated protein 30 OHW90634.1 complex I intermediate-associated protein 30
gene_5225	106	hypothetical protein
gene_5226	200	hypothetical protein
gene_5227	375	hypothetical protein
gene_5228	239	hypothetical protein
gene_5229	517	putative major facilitator superfamily transporter
gene_523	226	hypothetical protein
gene_5230	299	methyltransferase
gene_5231	536	hypothetical protein
gene_5232	146	putative CFEM domain-containing protein
gene_5233	269	hypothetical protein
gene_5234	260	putative ribosome biogenesis protein nsa-2
gene_5235	322	hypothetical protein
gene_5236	138	hypothetical protein
gene_5237	286	putative short chain dehydrogenase
gene_5238	353	Domain of unknown function (DUF3328)-domain containing protein
gene_5239	276	acetoin reductase
gene_524	568	putative gamma-glutamyltranspeptidase
gene_5240	112	putative Skp1 family protein
gene_5241	701	hypothetical protein
gene_5242	421	putative RIO1 family protein
gene_5243	871	opt oligopeptide transporter OHW91813.1 opt oligopeptide transporter
gene_5244	149	Domain of unknown function (DUF3328)-domain containing protein
gene_5245	706	hypothetical protein
gene_5246	341	hypothetical protein
gene_5247	370	protein ORM1
gene_5248	353	putative uracil-DNA glycosylase
gene_5249	208	hypothetical protein
gene_525	396	putative chitin deacetylase
gene_5250	328	putative aldo/keto reductase
gene_5251	478	putative beta-1,3-glucan-binding protein
gene_5252	762	putative ATPase
gene_5253	631	putative HMG box protein
gene_5254	675	Protein of unknown function (DUF4246)-domain containing protein
gene_5255	514	putative trub family pseudouridylate synthase
gene_5256	343	putative acyl-CoA thioesterase II
gene_5257	922	putative dynamin family protein
gene_5258	146	endoribonuclease L-PSP EFQ32737.1 endoribonuclease L-PSP
gene_5259	530	putative T-complex protein 1
gene_526	298	putative lipase
gene_5260	266	putative dienelactone hydrolase
gene_5261	585	endonuclease reverse
gene_5262	328	hypothetical protein
gene_5263	446	hypothetical protein
gene_5264	375	putative alcohol dehydrogenase GroES-like domain-containing protein
gene_5265	904	hypothetical protein
gene_5266	644	putative oxidoreductase molybdopterin binding domain-containing protein
gene_5267	97	duf1748 domain containing protein KAF6823664.1 duf1748 domain-containing protein
gene_5268	501	Hydrophobic surface binding protein A-domain containing protein
gene_5269	882	putative fungal-specific transcription factor domain-containing protein
gene_527	183	hypothetical protein
gene_5270	491	putative galactosyl transferase GMA12/MNN10 family protein
gene_5271	186	hypothetical protein
gene_5272	482	putative DEAD/DEAH box helicase
gene_5273	108	hypothetical protein
gene_5274	504	putative UTP-glucose-1-phosphate uridylyltransferase
gene_5275	81	hypothetical protein
gene_5276	1264	hypothetical protein
gene_5278	253	putative oxidoreductase
gene_5279	251	putative NUDIX domain-containing protein
gene_528	348	hypothetical protein
gene_5280	1225	hypothetical protein
gene_5281	505	high-affinity nicotinic acid transporter
gene_5282	863	hypothetical protein
gene_5284	1041	putative ATP dependent DNA ligase domain-containing protein
gene_5285	309	hypothetical protein
gene_5286	554	Major facilitator superfamily domain-containing protein
gene_5287	571	hypothetical protein
gene_5288	630	putative metallopeptidase
gene_5289	676	putative fungal-specific transcription factor domain-containing protein
gene_529	216	Protein of unknown function (DUF3767)-domain containing protein
gene_5291	169	hypothetical protein
gene_5292	604	hypothetical protein
gene_5294	610	hypothetical protein
gene_5295	423	putative zinc carboxypeptidase
gene_5296	721	chromatin remodeling and histone acetyltransferase complexes subunit
gene_5297	166	hypothetical protein
gene_5298	105	putative UcrQ family protein
gene_5299	162	hypothetical protein
gene_53	269	hypothetical protein
gene_530	592	putative major facilitator superfamily transporter
gene_5300	327	putative acyltransferase
gene_5301	417	hypothetical protein
gene_5302	312	putative NmrA-like family protein
gene_5303	555	hypothetical protein
gene_5304	224	hypothetical protein
gene_5305	597	Mitochondrial carrier domain-containing protein
gene_5306	247	hypothetical protein
gene_5307	126	putative PHO85 cyclin-1
gene_5308	398	putative oxidoreductase family protein
gene_5309	1052	P-loop containing nucleoside triphosphate hydrolase protein
gene_531	330	hypothetical protein
gene_5310	361	60Kd inner membrane protein-domain containing protein
gene_5311	756	hypothetical protein
gene_5312	2524	putative KR domain-containing protein
gene_5313	220	hypothetical protein
gene_5314	591	hypothetical protein
gene_5315	432	hypothetical protein
gene_5316	923	putative GATA zinc finger protein
gene_5317	1042	hypothetical protein
gene_5318	225	putative IGR protein domain-containing protein
gene_5319	381	hypothetical protein
gene_532	500	putative major facilitator superfamily transporter
gene_5321	547	6-hydroxynicotinate 3-monooxygenase
gene_5322	1081	NAD-specific glutamate dehydrogenase
gene_5323	1147	hypothetical protein
gene_5324	164	Membrane-associating domain-domain containing protein
gene_5325	506	Protein of unknown function (DUF1479)-domain containing protein
gene_5326	167	hypothetical protein
gene_5327	263	hypothetical protein
gene_5328	361	hypothetical protein
gene_5329	526	hypothetical protein
gene_533	213	Ankyrin repeat-containing domain protein
gene_5330	337	putative methyltransferase domain-containing protein
gene_5331	552	hypothetical protein
gene_5332	562	putative immunogenic protein
gene_5333	204	mago nashi-like protein
gene_5334	414	DNA-binding protein crea
gene_5335	509	putative NLI interacting factor-like phosphatase
gene_5336	412	Protein kinase-like domain-containing protein
gene_5338	128	hypothetical protein
gene_5339	1339	putative MRC1-like domain-containing protein
gene_534	477	putative FAD binding domain-containing protein
gene_5340	197	hypothetical protein
gene_5341	250	hypothetical protein
gene_5342	448	major facilitator superfamily transporter OBR05517.1 major facilitator superfamily transporter TIC93755.1 riboflavin transporter MCH5 CCF39465.1 major facilitator superfamily transporter
gene_5343	102	hypothetical protein
gene_5344	99	putative LSM domain-containing protein
gene_5345	354	hypothetical protein
gene_5347	924	putative glycosyl hydrolase family 3 N terminal domain-containing protein
gene_5348	790	Fungal specific transcription factor domain-domain containing protein
gene_5349	372	putative 2-nitropropane dioxygenase
gene_535	637	hypothetical protein
gene_5350	364	Domain of unknown function (DUF383)-domain containing protein
gene_5351	1043	hypothetical protein
gene_5352	189	putative acetyltransferase
gene_5353	389	putative V-ATPase subunit C
gene_5354	1229	putative hsp90-like protein
gene_5355	495	putative arrestin
gene_5356	396	Isoprenoid synthase domain-containing protein
gene_5357	316	S-adenosyl-L-methionine-dependent methyltransferase
gene_5358	298	hypothetical protein
gene_5359	413	putative calcineurin-like phosphoesterase
gene_536	358	putative methyltransferase domain-containing protein
gene_5361	178	protein transport protein bet1 KAF3071193.1 protein transport protein bet1
gene_5362	582	putative cyclopentanone 1,2-monooxygenase
gene_5363	428	putative glycolipid 2-alpha-mannosyltransferase
gene_5364	1641	hypothetical protein
gene_5365	71	hypothetical protein
gene_5366	1024	putative SPX domain-containing protein
gene_5367	143	hypothetical protein
gene_5368	647	translation initiation factor RLI1
gene_5369	194	hypothetical protein
gene_537	589	hypothetical protein
gene_5370	161	hypothetical protein
gene_5371	522	putative dullard-like phosphatase domain-containing protein
gene_5372	596	putative HK97 family phage prohead protease
gene_5373	741	putative von Willebrand factor type A domain-containing protein
gene_5374	297	hypothetical protein
gene_5375	319	family 61 putative glycosyl hydrolase
gene_5376	353	DUF3445 domain-containing protein
gene_5377	64	hypothetical protein
gene_5378	235	hypothetical protein
gene_5379	530	major facilitator superfamily transporter
gene_538	251	hypothetical protein
gene_5380	452	putative glutamate/Leucine/Phenylalanine/Valine dehydrogenase
gene_5381	238	hypothetical protein
gene_5382	247	putative fatty acid hydroxylase superfamily protein
gene_5383	331	hypothetical protein
gene_5384	232	hypothetical protein
gene_5385	389	putative short chain dehydrogenase
gene_5386	299	PQ loop repeat-domain containing protein
gene_5387	316	ankyrin repeat domain-containing protein 50
gene_5388	227	putative ribosomal protein L24e
gene_5389	592	putative ferric reductase like transmembrane component
gene_539	307	putative metallo-beta-lactamase superfamily protein
gene_5390	744	SDA1-domain containing protein
gene_5391	460	putative translation elongation factor EF-1
gene_5392	197	GAF domain-containing protein EFQ29045.1 GAF domain-containing protein
gene_5393	572	putative cytochrome P450
gene_5394	303	short chain dehydrogenase reductase
gene_5395	123	hypothetical protein
gene_5397	533	putative cytochrome P450
gene_5398	695	putative glycosylhydrolase family 13-2
gene_5399	700	Alpha/Beta hydrolase fold
gene_54	539	putative major facilitator superfamily transporter
gene_540	859	OPT oligopeptide transporter
gene_5400	691	3-ketoacyl-CoA thiolase
gene_5401	547	General substrate transporter
gene_5402	170	hypothetical protein
gene_5403	188	hypothetical protein
gene_5404	1191	putative hsp90-like protein
gene_5405	449	putative FAD binding domain-containing protein
gene_5406	541	General substrate transporter
gene_5407	723	hypothetical protein
gene_5408	490	hypothetical protein
gene_5409	397	family 88 putative glycosyl hydrolase
gene_541	1056	hypothetical protein
gene_5410	106	hypothetical protein
gene_5411	451	putative calcium/proton exchanger
gene_5412	672	hypothetical protein
gene_5413	249	hypothetical protein
gene_5414	3013	hypothetical protein
gene_5415	437	Endoplasmic reticulum vesicle transporter-domain containing protein
gene_5416	241	putative splicing factor 3A subunit 2
gene_5417	291	neutral protease 2-like protein
gene_5418	178	Protein phosphatase inhibitor-domain containing protein
gene_5419	164	hypothetical protein
gene_542	1225	putative chitin synthase
gene_5421	427	formate dehydrogenase
gene_5422	2406	5-oxoprolinase KAF4785211.1 5-oxoprolinase
gene_5423	631	hypothetical protein
gene_5424	543	Cytochrome P450
gene_5425	482	putative aminotransferase class-V
gene_5426	1187	Mad3/BUB1 homology region 1-domain containing protein
gene_5427	222	hypothetical protein
gene_5428	851	hypothetical protein
gene_5429	159	hypothetical protein
gene_543	360	putative leucine carboxyl methyltransferase
gene_5430	862	putative endochitinase
gene_5431	506	hypothetical protein
gene_5432	191	putative short chain dehydrogenase
gene_5433	186	putative DNL zinc finger protein
gene_5434	507	putative ThiF family protein
gene_5435	222	hypothetical protein
gene_5436	980	hypothetical protein
gene_5437	964	putative TBC domain-containing protein
gene_5438	279	hypothetical protein
gene_5439	773	FluG domain-containing protein
gene_544	376	hypothetical protein
gene_5440	311	hypothetical protein
gene_5441	198	putative NUDIX domain-containing protein
gene_5442	409	hypothetical protein
gene_5443	274	Pyridoxamine 5'-phosphate oxidase-domain containing protein
gene_5444	132	hypothetical protein
gene_5445	106	Uncharacterised protein family (UPF0203)-domain containing protein
gene_5446	1232	putative ATPase
gene_5447	407	hypothetical protein
gene_5448	2369	putative PROCN domain-containing protein
gene_5449	794	putative glucan 1,3-beta-glucosidase
gene_545	175	hypothetical protein
gene_5450	204	hypothetical protein
gene_5451	1063	rsc complex subunit
gene_5452	458	Cytidine deaminase-like protein
gene_5453	343	Mis12 protein-domain containing protein
gene_5454	147	hypothetical protein
gene_5455	288	hypothetical protein
gene_5456	454	putative KOW domain-containing protein domain-containing protein
gene_5458	1054	putative lish protein
gene_5459	303	putative integral membrane protein
gene_546	660	hypothetical protein
gene_5460	530	General substrate transporter
gene_5461	415	hypothetical protein
gene_5462	97	hypothetical protein
gene_5463	382	putative TatD family hydrolase
gene_5464	826	putative disintegrin
gene_5465	1141	putative methyltransferase domain-containing protein
gene_5466	474	putative SH3 domain-containing protein
gene_5467	863	hypothetical protein
gene_5468	184	putative acetyltransferase
gene_547	150	hypothetical protein
gene_5470	339	Maf1 regulator-domain containing protein
gene_5471	153	putative multi protein bridging factor 1
gene_5472	259	hypothetical protein
gene_5473	545	putative helix-loop-helix DNA-binding domain-containing protein
gene_5474	257	Transcriptional regulator PAI 2-type
gene_5476	1428	hypothetical protein
gene_5477	815	pentatricopeptide repeat domain-containing protein
gene_5478	579	putative platelet-activating factor acetylhydrolase
gene_5479	1204	putative choriogenin Hminor
gene_548	165	hypothetical protein
gene_5480	303	hypothetical protein
gene_5481	851	putative HET domain-containing protein
gene_5482	249	Kinetochore Sim4 complex subunit Fta4
gene_5483	353	putative alcohol dehydrogenase GroES-like domain-containing protein
gene_5484	422	Protein kinase-like domain-containing protein
gene_5485	112	hypothetical protein
gene_5486	327	putative dihydrodipicolinate synthetase
gene_5487	210	hypothetical protein
gene_5488	422	hypothetical protein
gene_5489	922	putative muts domain V
gene_549	438	family 61 putative glycosyl hydrolase
gene_5490	515	hypothetical protein
gene_5491	375	putative alanine dehydrogenase/PNT domain-containing protein
gene_5492	522	putative serine hydroxymethyltransferase
gene_5493	296	ribosomal recycling factor OHW93160.1 ribosomal recycling factor
gene_5494	404	hypothetical protein
gene_5495	288	tRNAHis guanylyltransferase
gene_5496	834	putative fungal cellulose binding domain-containing protein
gene_5497	536	putative major facilitator superfamily transporter
gene_5498	359	putative homoserine kinase
gene_5499	461	putative flavin-containing amine oxidoreductase
gene_55	748	hypothetical protein
gene_550	363	hypothetical protein
gene_5500	498	putative benzoate 4-monooxygenase cytochrome P450
gene_5501	200	hypothetical protein
gene_5502	470	putative CFEM domain-containing protein
gene_5503	255	hypothetical protein
gene_5504	1042	hypothetical protein
gene_5505	367	hypothetical protein
gene_5506	341	putative 3-ketoacyl-CoA reductase
gene_5507	1072	u4 u6 small nuclear ribonucleo protein prp4
gene_5508	227	hypothetical protein
gene_5509	163	hypothetical protein
gene_5510	415	putative 5-methyltetrahydropteroyltriglutamate-homocysteine methyltransferase
gene_5511	109	hypothetical protein
gene_5512	563	putative glucosidase II beta subunit-like protein
gene_5513	1389	putative GANP/Nin1/mts3/eIF-3 p25 family protein
gene_5514	673	Fungal specific transcription factor domain-domain containing protein
gene_5515	689	putative ion transporter
gene_5516	211	putative ctr copper transporter
gene_5517	260	Serine hydrolase FSH
gene_5518	186	hypothetical protein
gene_5519	831	hypothetical protein
gene_552	1456	putative RNA polymerase Rpb1
gene_5520	517	putative major facilitator superfamily transporter
gene_5521	1070	NOL1/NOP2/sun family protein
gene_5522	134	hypothetical protein
gene_5523	467	putative amine oxidase
gene_5524	106	hypothetical protein
gene_5525	933	hypothetical protein
gene_5526	455	putative pyridoxal-dependent decarboxylase
gene_5527	335	putative dipeptidase 3
gene_5528	654	Protein kinase-like domain-containing protein
gene_5529	385	putative fatty acid synthase alpha subunit reductase
gene_553	422	hypothetical protein
gene_5530	435	putative peptidase family C54
gene_5531	1259	putative RNA polymerase Rpb2
gene_5532	197	putative synaptobrevin
gene_5533	1006	putative WD domain-containing protein
gene_5534	308	hypothetical protein
gene_5535	227	hypothetical protein
gene_5536	770	hypothetical protein
gene_5537	415	spfh domain band 7 family protein OHW96590.1 SPFH domain band 7 family protein
gene_5538	697	putative fungal-specific transcription factor domain-containing protein
gene_5539	1061	transcription factor yanR
gene_554	505	hypothetical protein
gene_5540	402	hypothetical protein
gene_5541	832	AKAP7 2'5' RNA ligase-like domain-domain containing protein
gene_5542	617	putative GMC oxidoreductase
gene_5543	342	putative HPP family protein
gene_5544	219	hypothetical protein
gene_5545	471	putative glutamate 5-kinase
gene_5546	741	putative alpha-L-rhamnosidase
gene_5547	1043	Pirin-like protein
gene_5548	222	Cupredoxin
gene_5549	188	hypothetical protein
gene_555	385	septin EFQ28005.1 septin KDN63116.1 putative septin
gene_5550	512	putative RadH flavin-dependent halogenase
gene_5551	173	helix-turn-helix-domain-containing protein type
gene_5552	236	hypothetical protein
gene_5554	424	putative WD domain-containing protein
gene_5555	551	putative UEV domain-containing protein
gene_5556	485	putative Sodium:dicarboxylate symporter family protein
gene_5557	324	family 10 putative glycosyl hydrolase
gene_5558	448	hypothetical protein
gene_5559	469	putative cytochrome P450
gene_556	433	putative Di-trans,poly-cis-decaprenylcistransferase
gene_5560	122	hypothetical protein
gene_5561	1455	putative SNF2 family domain-containing protein
gene_5562	335	Nucleoside phosphorylase domain-containing protein
gene_5563	523	hypothetical protein
gene_5564	434	putative cyclin
gene_5565	196	putative thioesterase superfamily protein
gene_5566	365	hypothetical protein
gene_5567	257	Protein of unknown function (DUF3129)-domain containing protein
gene_5568	332	Methyltransferase domain-domain containing protein
gene_5569	1206	Ankyrin repeat-containing domain protein
gene_557	532	hypothetical protein
gene_5570	200	putative peptidyl-tRNA hydrolase
gene_5571	427	putative phosphoesterase
gene_5572	535	putative WD domain-containing protein
gene_5573	940	Armadillo-type fold
gene_5574	379	putative oxidoreductase family protein
gene_5575	252	putative RNA cap guanine-N2 methyltransferase
gene_5576	347	putative short chain dehydrogenase
gene_5577	514	putative CBF/Mak21 family protein
gene_5578	509	hypothetical protein
gene_5579	968	putative heterokaryon incompatibility protein
gene_558	335	putative tricarboxylate carrier
gene_5580	345	Phosphatidylethanolamine-binding protein PEBP
gene_5581	1053	putative WD repeat domain-containing protein
gene_5582	625	dna repair protein rad57
gene_5583	273	putative acetyltransferase
gene_5584	384	hypothetical protein
gene_5585	362	putative vacuolar import and degradation protein
gene_5586	1052	P-loop containing nucleoside triphosphate hydrolase protein
gene_5587	2159	putative beta-ketoacyl synthase domain-containing protein
gene_5588	152	Uncharacterised protein family UPF0546-domain containing protein
gene_5589	235	putative HHE domain-containing protein
gene_559	704	Sugar (and other) transporter-domain containing protein
gene_5590	571	Heterokaryon incompatibility protein (HET)-domain containing protein
gene_5591	229	hypothetical protein
gene_5592	240	putative ras-2 protein
gene_5593	418	putative Cys/Met metabolism PLP-dependent enzyme
gene_5594	284	Telomere stability and silencing-domain containing protein
gene_5595	223	hypothetical protein
gene_5596	248	hypothetical protein
gene_5597	209	hypothetical protein
gene_5598	964	Glycoside hydrolase superfamily
gene_5599	606	putative PX domain-containing protein
gene_560	271	putative short chain dehydrogenase
gene_5600	320	hypothetical protein
gene_5601	482	aminotransferase
gene_5602	402	hypothetical protein
gene_5603	129	glyoxalase/bleomycin resistance protein/ dioxygenase
gene_5604	401	E3 ubiquitin-protein ligase CCNB1IP1
gene_5605	251	putative 37S ribosomal protein Rsm25
gene_5606	604	putative fungal-specific transcription factor domain-containing protein
gene_5607	207	putative ribosomal protein S8e
gene_5608	70	hypothetical protein
gene_5609	292	hypothetical protein
gene_561	262	hypothetical protein
gene_5610	361	hypothetical protein
gene_5611	285	putative NADP oxidoreductase coenzyme F420-dependent
gene_5612	299	hypothetical protein
gene_5613	998	putative DNA ligase I
gene_5614	647	putative WH1 domain-containing protein
gene_5615	517	cytochrome P450 monooxygenase
gene_5616	229	hypothetical protein
gene_5617	560	General substrate transporter
gene_5618	529	Region of unknown function (DUF2417)-domain containing protein
gene_5619	119	hypothetical protein
gene_5620	371	putative short chain dehydrogenase
gene_5621	301	hypothetical protein
gene_5622	429	putative zinc carboxypeptidase
gene_5623	689	hypothetical protein
gene_5624	395	putative glycosyl hydrolase
gene_5625	356	putative malate/L-lactate dehydrogenase
gene_5626	206	hypothetical protein
gene_5627	1333	hypothetical protein
gene_5628	420	hypothetical protein
gene_5629	263	putative respiratory-chain NADH dehydrogenase 24 kDa subunit
gene_563	147	hypothetical protein
gene_5630	339	putative anion-transporting ATPase
gene_5631	414	CFEM domain-containing protein
gene_5632	539	putative sugar porter family MFS transporter
gene_5633	431	3-bisphosphate nucleotidase
gene_5634	202	putative 60S ribosomal subunit assembly/export protein loc-1
gene_5635	667	putative penicillin-binding protein
gene_5636	459	putative MOSC domain-containing protein
gene_5637	364	Sec63 Brl domain-domain containing protein
gene_5638	323	hypothetical protein
gene_5639	153	hypothetical protein
gene_564	1090	putative WD repeat domain-containing protein
gene_5640	355	Domain of unknown function (DUF3425)-domain containing protein
gene_5641	308	Vps51/Vps67-domain containing protein
gene_5642	362	hypothetical protein
gene_5643	232	cellulose-binding protein
gene_5644	492	hypothetical protein
gene_5645	488	putative histidinol dehydrogenase
gene_5646	246	hypothetical protein
gene_5647	289	hypothetical protein
gene_5648	534	putative succinate-semialdehyde dehydrogenase
gene_5649	1269	hypothetical protein
gene_5650	244	hypothetical protein
gene_5651	502	putative NCS1 nucleoside transporter
gene_5652	1084	NRDE-2, necessary for RNA interference-domain containing protein
gene_5653	592	family 47 putative glycosyl hydrolase
gene_5654	233	Thioredoxin-like fold
gene_5655	253	hypothetical protein
gene_5656	852	putative topoisomerase II-associated protein PAT1
gene_5657	135	hypothetical protein
gene_5658	649	putative hsp70-like protein
gene_5659	933	aminotransferase
gene_566	312	hypothetical protein
gene_5660	757	hypothetical protein
gene_5661	240	putative CAP-Gly domain-containing protein
gene_5662	495	putative ent-kaurene oxidase
gene_5663	258	putative extracellular proline-serine rich protein
gene_5664	805	hypothetical protein
gene_5665	470	Alpha/Beta hydrolase fold
gene_5666	192	hypothetical protein
gene_5667	370	putative cell differentiation family protein
gene_5668	284	hypothetical protein
gene_5669	448	putative PHD-finger domain-containing protein
gene_567	530	S-adenosyl-L-methionine-dependent methyltransferase
gene_5670	504	major facilitator superfamily transporter EFQ25118.1 major facilitator superfamily transporter
gene_5671	558	putative vanillyl-alcohol oxidase
gene_5672	513	putative high-affinity methionine permease
gene_5673	692	putative G-patch domain-containing protein
gene_5674	811	Protein of unknown function, DUF255-domain containing protein
gene_5675	294	putative 3-oxo-5-alpha-steroid 4-dehydrogenase
gene_5676	1239	putative male sterility protein
gene_5677	1597	putative vacuolar assembly/sorting protein VPS8
gene_5678	573	putative fungal-specific transcription factor
gene_5679	138	hypothetical protein
gene_568	892	Armadillo-type fold
gene_5680	164	hypothetical protein
gene_5681	768	Fungal specific transcription factor domain-domain containing protein
gene_5682	841	hypothetical protein
gene_5683	183	ADP-ribosylation factor family-domain containing protein
gene_5684	563	putative MFS transporter
gene_5685	80	hypothetical protein
gene_5686	480	Class I glutamine amidotransferase-like protein
gene_5687	613	tRNA pseudouridine synthase
gene_5688	507	hypothetical protein
gene_5689	450	family 61 putative glycosyl hydrolase
gene_569	531	hypothetical protein
gene_5690	212	putative SelR domain-containing protein
gene_5691	322	RNA recognition domain-containing protein EFQ34511.1 RNA recognition domain-containing protein
gene_5692	759	hypothetical protein
gene_5693	685	hypothetical protein
gene_5694	288	putative Yip1 domain-containing protein
gene_5695	238	putative haloacid dehalogenase
gene_5696	404	Protein kinase-like domain-containing protein
gene_5697	221	hypothetical protein
gene_5698	627	type IIB DNA topoisomerase
gene_5699	282	Inhibitor of apoptosis-promoting Bax1-domain containing protein
gene_57	2071	putative ATG C terminal domain-containing protein
gene_570	134	hypothetical protein
gene_5700	203	hypothetical protein
gene_5701	612	putative NACHT domain-containing protein
gene_5703	501	putative integral membrane protein
gene_5704	885	hypothetical protein
gene_5705	743	putative peptidase S41 family protein
gene_5706	424	putative beta-Ig-H3/fasciclin
gene_5707	302	pyrimidine 5-nucleotidase
gene_5708	946	putative heterokaryon incompatibility protein
gene_5709	822	sulfite oxidase
gene_571	1061	hypothetical protein
gene_5710	586	PHO85 cyclin-7
gene_5711	861	Protein kinase-like domain-containing protein
gene_5712	521	putative GTP cyclohydrolase II
gene_5713	315	putative fork head domain-containing protein
gene_5714	290	hypothetical protein
gene_5715	261	putative SAP domain-containing protein
gene_5716	475	putative major facilitator superfamily transporter
gene_5717	627	hypothetical protein
gene_5718	1665	protein MSN5
gene_5719	106	hypothetical protein
gene_572	882	hypothetical protein
gene_5720	895	hypothetical protein
gene_5721	229	putative acetyltransferase
gene_5722	123	hypothetical protein
gene_5723	352	putative NAD dependent epimerase/dehydratase
gene_5724	321	putative gentisate 1,2-dioxygenase
gene_5725	208	putative NUDIX domain-containing protein
gene_5726	779	putative calcium/proton exchanger
gene_5727	159	hypothetical protein
gene_5728	208	Uncharacterized alpha/beta hydrolase domain (DUF2235)-domain containing protein
gene_5729	560	Rhamnolipids biosynthesis 3-oxoacyl-reductase
gene_573	408	putative queuine tRNA-ribosyltransferase
gene_5730	653	putative UV damage endonuclease UvdE
gene_5731	524	Protein of unknown function (DUF3112)-domain containing protein
gene_5732	400	putative biotin-requiring enzyme
gene_5733	586	Cupredoxin
gene_5734	847	putative root hair defective 3 GTP-binding protein
gene_5735	954	putative MCM2/3/5 family protein
gene_5736	532	putative amino acid permease
gene_5737	201	hypothetical protein
gene_5738	798	hypothetical protein
gene_5739	359	hypothetical protein
gene_574	562	hypothetical protein
gene_5740	895	putative DNA repair helicase
gene_5741	574	putative amino acid permease
gene_5742	316	hypothetical protein
gene_5743	615	putative major facilitator superfamily transporter
gene_5744	977	putative piwi domain-containing protein
gene_5745	361	ngg1p interacting factor 3 protein
gene_5746	465	fungal Zn binuclear cluster domain-containing protein
gene_5747	214	hypothetical protein
gene_5748	564	putative major facilitator superfamily transporter
gene_575	1273	hypothetical protein
gene_5750	296	putative inositol monophosphatase
gene_5751	394	hypothetical protein
gene_5752	462	putative WH2 domain-containing protein
gene_5753	362	hypothetical protein
gene_5754	856	putative leucine rich repeat domain-containing protein
gene_5756	360	putative short-chain dehydrogenase
gene_5757	420	putative globin
gene_5758	864	putative eukaryotic translation initiation factor 3 subunit 8
gene_5759	260	hypothetical protein
gene_576	324	putative aflatoxin B1 aldehyde reductase member 2
gene_5760	334	putative short chain dehydrogenase
gene_5761	417	putative methyltransferase domain-containing protein
gene_5762	1320	hypothetical protein
gene_5763	239	hypothetical protein
gene_5764	1345	putative WD domain-containing protein
gene_5765	501	putative cytochrome P450
gene_5766	1286	Class-II DAHP synthetase family-domain containing protein
gene_5767	837	putative coatamer subunit protein
gene_5768	716	hypothetical protein
gene_5769	162	hypothetical protein
gene_577	327	Alpha/Beta hydrolase fold
gene_5770	242	hypothetical protein
gene_5771	447	putative major facilitator superfamily transporter
gene_5772	345	putative Mov34/MPN/PAD-1 family protein
gene_5773	1068	putative SNF2 family domain-containing protein
gene_5774	137	hypothetical protein
gene_5775	452	Cytochrome P450
gene_5776	327	putative NmrA-like family protein
gene_5777	813	putative peptidase family M20/M25/M40 protein
gene_5778	178	putative pre-rRNA-processing protein TSR2
gene_5779	224	putative Snf7 family protein
gene_578	68	hypothetical protein
gene_5780	605	putative WD domain-containing protein
gene_5781	550	putative malate synthase
gene_5782	497	putative peptidase family M20/M25/M40
gene_5783	1150	putative SNF2 family domain-containing protein
gene_5784	364	putative D-xylulose reductase A
gene_5785	321	putative WW domain-containing protein
gene_5786	247	putative triosephosphate isomerase
gene_5787	289	hypothetical protein
gene_5788	880	hypothetical protein
gene_5789	701	Up-regulated During Septation-domain containing protein
gene_579	788	Serine/threonine protein kinase
gene_5790	512	hypothetical protein
gene_5791	80	hypothetical protein
gene_5792	303	putative F-box domain-containing protein
gene_5793	1219	putative fungal-specific transcription factor domain-containing protein
gene_5794	278	hypothetical protein
gene_5795	513	Major facilitator superfamily domain-containing protein
gene_5796	347	putative tRNA (uracil-5-)-methyltransferase TRM9
gene_5797	162	putative thioredoxin
gene_5798	483	Ankyrin repeat-containing domain protein
gene_5799	575	putative AMP-binding enzyme
gene_58	370	hypothetical protein
gene_580	3224	putative fermentation associated protein
gene_5800	907	permease
gene_5801	551	putative ATP-dependent protease La domain-containing protein
gene_5802	175	hypothetical protein
gene_5803	184	putative ctr copper transporter
gene_5805	272	hypothetical protein
gene_5806	313	putative ribosomal protein L10
gene_5807	323	hypothetical protein
gene_5808	1783	beta-ketoacyl synthase
gene_5809	325	hypothetical protein
gene_581	861	putative 3'5'-cyclic nucleotide phosphodiesterase
gene_5810	575	hypothetical protein
gene_5811	744	hypothetical protein
gene_5812	302	hypothetical protein
gene_5813	566	hypothetical protein
gene_5814	312	hypothetical protein
gene_5815	248	hypothetical protein
gene_5816	321	putative secreted protein
gene_5817	120	hypothetical protein
gene_5818	376	putative peroxidase
gene_5819	128	hypothetical protein
gene_582	326	putative Yip1 domain-containing protein
gene_5820	482	putative WD domain-containing protein
gene_5821	416	hypothetical protein
gene_5822	315	putative nicotinamide N-methyltransferase
gene_5823	54	hypothetical protein
gene_5824	450	putative aminotransferase class-V
gene_5825	521	putative Pal1 cell morphology protein
gene_5826	602	putative beta-xylosidase
gene_5827	369	putative NADH:flavin oxidoreductase/NADH oxidase
gene_5828	276	putative ER protein BIG1
gene_5829	378	putative alcohol dehydrogenase GroES-like domain-containing protein
gene_583	598	hypothetical protein
gene_5830	214	hypothetical protein
gene_5831	477	putative RluA family pseudouridine synthase
gene_5832	734	putative glycosyl hydrolase family 3 N terminal domain-containing protein
gene_5833	680	putative transglutaminase-like superfamily protein
gene_5834	222	NADH-ubiquinone oxidoreductase
gene_5835	571	putative calreticulin family protein
gene_5836	3995	putative AMP-binding enzyme
gene_5837	2092	putative ion transporter
gene_5838	276	proteasome A-type and B-type EFQ30101.1 proteasome A-type and B-type
gene_5839	169	putative pfs domain-containing protein
gene_584	232	Protein of unknown function (DUF3605)-domain containing protein
gene_5840	408	putative cell wall glucanase
gene_5841	674	putative carboxylesterase
gene_5842	331	hypothetical protein
gene_5843	1561	hypothetical protein
gene_5844	619	PhoD-like phosphatase
gene_5845	1088	hypothetical protein
gene_5846	428	hypothetical protein
gene_5847	1033	putative peptidase family M28
gene_5848	653	putative integral membrane protein
gene_5849	169	hypothetical protein
gene_585	669	putative INO80 chromatin remodeling complex Ies1
gene_5850	289	putative PHB depolymerase family esterase
gene_5851	603	putative major facilitator superfamily transporter
gene_5852	411	RNA polymerase II-binding domain.-domain containing protein
gene_5853	269	Superoxide dismutase, copper/zinc binding domain-containing protein
gene_5854	298	hypothetical protein
gene_5855	305	glutathione-dependent formaldehyde-activating enzyme
gene_5856	253	hypothetical protein
gene_5857	785	fungal-specific transcription factor domain-containing protein
gene_5858	559	putative sugar porter family MFS transporter
gene_5859	539	putative WD domain-containing protein
gene_586	883	serine carboxypeptidase
gene_5860	129	hypothetical protein
gene_5861	243	hypothetical protein
gene_5862	254	putative short-chain dehydrogenase/reductase SDR
gene_5863	243	hypothetical protein
gene_5864	700	putative sodium symporter family protein
gene_5865	301	Alpha/Beta hydrolase fold
gene_5866	191	DNA-binding protein
gene_5867	145	hypothetical protein
gene_5868	395	family 25 putative glycosyltransferase
gene_5869	395	hypothetical protein
gene_587	1370	putative GRAM domain-containing protein
gene_5870	451	NUDIX domain-containing protein EFQ26278.1 NUDIX domain-containing protein
gene_5871	669	putative NACHT domain-containing protein
gene_5872	1055	pH-response regulator protein palC
gene_5873	365	hypothetical protein
gene_5874	443	hypothetical protein
gene_5875	494	Major facilitator superfamily domain-containing protein
gene_5876	341	Rho GDP-dissociation inhibitor
gene_5877	288	hypothetical protein
gene_5878	250	FkbM family methyltransferase
gene_5879	494	Fungal specific transcription factor domain-domain containing protein
gene_588	245	putative oxidoreductase
gene_5880	207	hypothetical protein
gene_5881	293	hypothetical protein
gene_5882	1203	hypothetical protein
gene_5884	167	Plectin/S10 domain-containing protein KZL86949.1 30s ribosomal protein s10e OBR06004.1 Plectin/S10 domain-containing protein TIC96972.1 40S ribosomal protein S10-A
gene_5885	320	Alpha/Beta hydrolase fold
gene_5887	605	Fungal specific transcription factor domain-domain containing protein
gene_5888	489	hypothetical protein
gene_5889	263	putative ubiquitin-conjugating enzyme
gene_589	257	chaperone protein
gene_5890	500	putative endonuclease/Exonuclease/phosphatase
gene_5891	324	hypothetical protein
gene_5892	838	putative patatin-like phospholipase
gene_5893	505	putative protoheme IX farnesyltransferase
gene_5894	366	Protein of unknown function (DUF2419)-domain containing protein
gene_5895	557	putative peptidase C14
gene_5896	651	putative endonuclease/Exonuclease/phosphatase
gene_5898	1116	putative leucyl-tRNA synthetase
gene_5899	147	hypothetical protein
gene_59	395	putative mannitol dehydrogenase domain-containing protein
gene_590	2357	putative myb-like DNA-binding domain-containing protein
gene_5900	93	hypothetical protein
gene_5901	311	putative AN1-like zinc finger protein
gene_5902	196	hypothetical protein
gene_5903	399	putative RF-1 domain-containing protein
gene_5905	334	Isoprenoid synthase domain-containing protein
gene_5906	343	hypothetical protein
gene_5908	65	hypothetical protein
gene_5909	227	putative DASH complex subunit Duo1
gene_591	449	hypothetical protein
gene_5910	548	Protein of unknown function (DUF3723)-domain containing protein
gene_5911	126	putative tubulin-specific chaperone Rbl2
gene_5912	2064	glucan 1,3-beta-glucosidase
gene_5913	480	hypothetical protein
gene_5914	280	putative translation initiation factor IF-3
gene_5915	456	putative GMC oxidoreductase
gene_5916	257	putative short chain dehydrogenase
gene_5917	410	hypothetical protein
gene_5918	268	putative SH3 domain-containing protein
gene_5919	66	hypothetical protein
gene_592	794	putative YjfJ protein
gene_5920	270	transposase
gene_5922	330	putative pectinesterase
gene_5923	263	Serine/threonine protein kinase
gene_5926	217	putative transmembrane adaptor Erv26
gene_5927	344	hypothetical protein
gene_5929	392	putative phospho protein phosphatase
gene_593	775	putative Spc97/Spc98 family protein
gene_5930	246	hypothetical protein
gene_5931	286	Dolichyl-diphosphooligosaccharide--protein glycosyltransferase subunit Swp1
gene_5932	862	hypothetical protein
gene_5933	219	hypothetical protein
gene_5934	314	hypothetical protein
gene_5935	439	hypothetical protein
gene_5936	262	putative nicotinamide riboside kinase 1
gene_5937	1102	c-1-tetrahydrofolate synthase
gene_5938	237	putative galactoside O-acetyltransferase
gene_5939	206	putative cupin domain-containing protein
gene_594	336	hypothetical protein
gene_5940	268	hypothetical protein
gene_5942	193	hypothetical protein
gene_5943	696	TIP41-like family-domain containing protein
gene_5944	562	Major facilitator superfamily domain-containing protein
gene_5945	367	putative YDG/SRA domain-containing protein
gene_5946	960	putative WSC domain-containing protein
gene_5947	617	putative Sas10 domain-containing protein
gene_5948	427	hypothetical protein
gene_5949	343	putative short chain dehydrogenase
gene_595	542	MFS sugar transporter
gene_5950	263	hypothetical protein
gene_5951	150	hypothetical protein
gene_5952	260	hypothetical protein
gene_5953	98	putative biotrophy-associated secreted protein 3
gene_5954	718	putative alkaline phosphatase
gene_5955	370	putative peptidase family M28
gene_5956	1193	putative endonuclease/Exonuclease/phosphatase
gene_5957	1250	Protein of unknown function (DUF726)-domain containing protein
gene_5958	470	putative IFRD domain-containing protein
gene_5959	379	hypothetical protein
gene_596	166	putative sybindin-like family protein
gene_5960	170	hypothetical protein
gene_5961	1024	putative alpha amylase
gene_5962	336	hypothetical protein
gene_5963	184	hypothetical protein
gene_5964	135	hypothetical protein
gene_5965	492	hypothetical protein
gene_5966	1592	hypothetical protein
gene_5967	74	hypothetical protein
gene_5968	188	putative Mpv17/PMP22 family protein
gene_5969	371	hypothetical protein
gene_597	706	putative MOZ/SAS family protein
gene_5970	450	galactan-beta-galactosidase
gene_5971	707	putative transcription-silencing protein Clr2
gene_5972	349	Ankyrin repeat-containing domain protein
gene_5973	441	putative exonuclease
gene_5974	365	secondary metabolism regulator LAE1
gene_5975	128	hypothetical protein
gene_5976	838	hypothetical protein
gene_5977	157	hypothetical protein
gene_5978	1370	putative Urb2/Npa2 family protein
gene_5979	1938	putative domain found in Dishevelled
gene_598	1705	RNA polymerase III transcription factor tfiiic
gene_5980	80	hypothetical protein
gene_5981	259	putative EAP30/Vps36 family protein
gene_5982	540	hypothetical protein
gene_5983	948	LETM1-like protein-domain containing protein
gene_5984	664	putative fungal-specific transcription factor domain-containing protein
gene_5985	358	putative guanidinobutyrase
gene_5986	533	putative Sir2 family protein
gene_5987	161	hypothetical protein
gene_5989	462	putative proline dehydrogenase
gene_599	543	hypothetical protein
gene_5990	228	Hydrophobic surface binding protein A-domain containing protein
gene_5991	300	Glycosyl hydrolase family 61-domain containing protein
gene_5992	137	hypothetical protein
gene_5993	1581	P-loop containing nucleoside triphosphate hydrolase protein
gene_5995	267	putative HCNGP-like protein
gene_5996	209	Ubiquitin 3 binding protein But2 C-terminal domain-domain containing protein
gene_5997	467	hypothetical protein
gene_5998	1091	putative male sterility protein
gene_5999	487	putative glucan 1,3-beta-glucosidase
gene_6	540	hypothetical protein
gene_60	853	GrpB protein-domain containing protein
gene_600	257	chaperone protein
gene_6001	135	Mitochondrial ATPase inhibitor, IATP-domain containing protein
gene_6004	368	hypothetical protein
gene_6005	119	hypothetical protein
gene_6007	791	hypothetical protein
gene_6008	165	hypothetical protein
gene_6009	282	putative glutaredoxin
gene_601	215	hypothetical protein
gene_6010	3981	putative phenolpthiocerol synthesis polyketide synthase ppsA
gene_6011	954	putative PX domain-containing protein
gene_6012	376	putative shikimate/quinate 5-dehydrogenase
gene_6013	167	hypothetical protein
gene_6014	331	putative palmitoyl protein thioesterase
gene_6015	186	putative extracellular serine-rich protein
gene_6016	118	hypothetical protein
gene_6017	895	putative pyridoxal-5'-phosphate-dependent protein beta subunit
gene_6018	883	Protein kinase-like domain-containing protein
gene_6019	731	hypothetical protein
gene_602	326	hypothetical protein
gene_6021	322	hypothetical protein
gene_6022	600	putative GTPase-activating protein gyp1
gene_6023	722	Transcriptional repressor TCF25-domain containing protein
gene_6024	566	Protein of unknown function (DUF1446)-domain containing protein
gene_6025	747	putative melibiase
gene_6026	351	putative ATP synthase F0
gene_6027	197	hypothetical protein
gene_6028	145	Thioredoxin-like fold
gene_6029	1567	hypothetical protein
gene_603	449	alpha beta superfamily
gene_6030	493	hypothetical protein
gene_6032	626	hypothetical protein
gene_6033	513	cytochrome P450 EFQ31209.1 cytochrome P450
gene_6034	168	hypothetical protein
gene_6037	161	NUDIX domain-containing protein TIC97209.1 Diphosphoinositol polyphosphate phosphohydrolase aps1 TKW54726.1 Diphosphoinositol polyphosphate phosphohydrolase aps1 TQN75142.1 Diphosphoinositol polyphosphate phosphohydrolase aps1 OBR03639.1 NUDIX domain-containing protein CCF39798.1 NUDIX domain-containing protein
gene_6038	232	HHE domain-containing protein
gene_6039	328	putative F-box domain-containing protein
gene_604	776	putative glycosyl hydrolase family 3 N terminal domain-containing protein
gene_6040	264	putative thiamine pyrophosphokinase
gene_6041	291	S-adenosyl-L-methionine-dependent methyltransferase
gene_6042	551	putative T-complex protein 1
gene_6043	366	putative 3-isopropylmalate dehydrogenase
gene_6044	593	hypothetical protein
gene_6045	1540	family 2 glycoside hydrolase
gene_6046	849	putative glycosyl hydrolase family 3 N terminal domain-containing protein
gene_6047	1238	Dos2-interacting transcription regulator of RNA-Pol-II-domain containing protein
gene_6048	1013	putative RING finger protein
gene_6049	442	hypothetical protein
gene_605	1199	putative RecF/RecN/SMC N terminal domain-containing protein
gene_6050	118	hypothetical protein
gene_6051	214	hypothetical protein
gene_6052	263	putative zinc finger protein
gene_6053	555	putative serine carboxypeptidase S28
gene_6054	190	putative acetyltransferase
gene_6055	531	Cryptococcal mannosyltransferase 1-domain containing protein
gene_6056	526	Cytochrome P450
gene_6057	325	putative brix domain-containing protein
gene_6058	329	Concanavalin A-like lectin/glucanase domain-containing protein
gene_6059	854	hypothetical protein
gene_606	1000	hypothetical protein
gene_6060	231	hypothetical protein
gene_6061	970	TCP-1/cpn60 chaperonin family-domain containing protein
gene_6062	200	hypothetical protein
gene_6063	748	putative C2H2 finger domain-containing protein
gene_6064	201	ADP-ribose pyrophosphatase
gene_6065	75	hypothetical protein
gene_6066	456	putative TRAF-type zinc finger protein
gene_6067	165	putative DAD family protein
gene_6068	263	gnat family acetyltransferase
gene_6069	355	putative sphingolipid long chain base-responsive protein LSP1
gene_607	481	putative FAD dependent oxidoreductase
gene_6070	60	hypothetical protein
gene_6071	662	putative Pro-kumamolisin
gene_6072	829	putative dihydroorotate dehydrogenase
gene_6073	471	mitotic check point protein
gene_6074	204	hypothetical protein
gene_6075	385	putative macrophage migration inhibitory factor
gene_6077	1106	putative RNA recognition domain-containing protein
gene_6078	299	hypothetical protein
gene_6079	205	fam96b-like protein
gene_608	509	Cytochrome P450
gene_6080	226	hypothetical protein
gene_6081	1516	Mediator complex subunit 13 C-terminal-domain containing protein
gene_6082	285	putative ribosomal protein L6e
gene_6084	159	hypothetical protein
gene_6085	810	hypothetical protein
gene_6086	604	family 47 putative glycosyl hydrolase
gene_6087	4434	putative FAT domain-containing protein
gene_6088	361	putative phenylacetaldoxime dehydratase
gene_6089	394	pisatin demethylase
gene_609	431	family 28 putative glycosyl hydrolase
gene_6090	122	hypothetical protein
gene_6091	494	Mitochondrial carrier domain-containing protein
gene_6092	505	hypothetical protein
gene_6093	2138	putative peptidase family C50
gene_6094	312	hypothetical protein
gene_6095	685	major facilitator superfamily transporter
gene_6096	234	putative DJ-1/PfpI family protein
gene_6097	759	hypothetical protein
gene_6098	778	putative fungal-specific transcription factor domain-containing protein
gene_6099	440	hypothetical protein
gene_61	816	putative NIMA interactive protein
gene_610	358	dihydroorotase EFQ29155.1 dihydroorotase
gene_6100	367	hypothetical protein
gene_6101	190	hypothetical protein
gene_6102	231	putative riboflavin synthase
gene_6103	471	hypothetical protein
gene_6104	1204	putative stress response protein NST1
gene_6106	209	putative dynactin Arp1 p25 subunit
gene_6107	1740	putative endosomal peripheral membrane protein
gene_6108	587	hypothetical protein
gene_6109	432	Ankyrin repeat-containing domain protein
gene_611	155	hypothetical protein
gene_6110	324	Mitochondrial carrier domain-containing protein
gene_6111	378	family 17 putative glycosyltransferase
gene_6112	881	putative glycosyl hydrolase family 3 N terminal domain-containing protein
gene_6113	561	putative heterokaryon incompatibility protein
gene_6114	87	hypothetical protein
gene_6115	346	heterokaryon incompatibility protein
gene_6116	1046	putative TPR repeat-containing protein
gene_6117	887	putative kelch domain-containing protein
gene_6118	225	hypothetical protein
gene_6119	613	hypothetical protein
gene_612	302	putative chitin synthase export chaperone
gene_6120	184	hypothetical protein
gene_6121	682	putative transketolase
gene_6122	302	P-loop containing nucleoside triphosphate hydrolase protein
gene_6123	407	putative cyclin domain-containing protein
gene_6124	458	DNA replication complex GINS protein PSF1
gene_6125	607	putative homeobox domain-containing protein
gene_6126	133	hypothetical protein
gene_6127	1181	putative RanBP1 domain-containing protein
gene_6128	522	Plasma-membrane choline transporter-domain containing protein
gene_6129	324	cell surface glyco protein
gene_613	403	putative triose-phosphate transporter
gene_6130	282	family 61 putative glycosyl hydrolase
gene_6131	158	putative ribosomal protein L24e
gene_6132	862	hypothetical protein
gene_6133	286	putative NADH dehydrogenase
gene_6134	747	ATPase
gene_6135	330	hypothetical protein
gene_6136	252	Glycoside hydrolase family 3 C-terminal domain-containing protein
gene_6137	527	Major facilitator superfamily domain-containing protein
gene_6138	222	hypothetical protein
gene_6139	131	protein SnodProt1
gene_6141	449	putative CFEM domain-containing protein
gene_6142	233	putative GANP/Nin1/mts3/eIF-3 p25 family protein
gene_6143	519	putative kinase activator
gene_6144	726	putative major facilitator superfamily transporter
gene_6145	406	putative short-chain dehydrogenase
gene_6146	387	Haem-containing dehydratase protein
gene_6147	118	duf167 domain protein
gene_6148	545	putative carboxylesterase
gene_6149	103	hypothetical protein
gene_615	347	hypothetical protein
gene_6150	970	putative major facilitator superfamily transporter
gene_6151	440	putative SNARE domain-containing protein
gene_6152	466	hypothetical protein
gene_6153	865	hypothetical protein
gene_6154	1814	hypothetical protein
gene_6155	481	hypothetical protein
gene_6156	1076	Domain of unknown function (DUF3441)-domain containing protein
gene_6157	510	pantothenate transporter liz1
gene_6158	1215	hypothetical protein
gene_6159	847	hypothetical protein
gene_616	294	putative GDSL-like Lipase/Acylhydrolase
gene_6160	152	hypothetical protein
gene_6161	866	Phosphopantothenate--cysteine ligase CAB2
gene_6162	1141	putative WD domain-containing protein
gene_6163	179	DASH complex subunit Spc19
gene_6164	276	hypothetical protein
gene_6165	865	hypothetical protein
gene_6166	331	putative basic region leucine zipper
gene_6167	1083	hypothetical protein
gene_6168	395	putative polysaccharide deacetylase
gene_6169	623	hypothetical protein
gene_617	354	putative O-methyltransferase
gene_6170	393	putative superoxide dismutase
gene_6171	420	putative DnaJ domain-containing protein
gene_6172	610	putative aspartic proteinase
gene_6173	167	hypothetical protein
gene_6174	248	hypothetical protein
gene_6175	467	putative PhoD-like phosphatase
gene_6176	310	hypothetical protein
gene_6177	107	hypothetical protein
gene_6178	574	hypothetical protein
gene_6179	444	hypothetical protein
gene_618	824	putative SPOC domain-containing protein
gene_6180	518	putative cytochrome P450
gene_6182	1278	hydantoinase oxoprolinase
gene_6183	262	hypothetical protein
gene_6184	267	putative nucleolar protein,Nop52
gene_6185	667	hypothetical protein
gene_6186	116	hypothetical protein
gene_6187	707	putative ABC transporter
gene_6188	240	hypothetical protein
gene_6189	341	hypothetical protein
gene_619	257	putative isopentenyl-diphosphate delta-isomerase
gene_6190	495	L-lactate dehydrogenase
gene_6191	596	putative tat pathway signal sequence
gene_6192	411	Ubiquitin-conjugating enzyme/RWD-like protein
gene_6193	432	putative LYAR-type C2HC zinc finger protein
gene_6194	394	putative methyltransferase domain-containing protein
gene_6195	166	mitochondrial inner membrane protease subunit 1
gene_6196	201	hypothetical protein
gene_6197	150	Protein of unknown function (DUF1761)-domain containing protein
gene_6198	488	hypothetical protein
gene_6199	391	hypothetical protein
gene_62	454	putative peptidase family M48
gene_620	233	Centromere protein H (CENP-H)-domain containing protein
gene_6200	136	hypothetical protein
gene_6201	751	putative heterokaryon incompatibility protein
gene_6202	262	ribosomal protein L7Ae/L30e/S12e/Gadd45 family protein EFQ35458.1 ribosomal protein L7Ae/L30e/S12e/Gadd45 family protein KDN65938.1 putative ribosomal protein L7Ae/L30e/S12e/Gadd45 family protein
gene_6203	570	putative major facilitator superfamily transporter
gene_6204	259	hypothetical protein
gene_6205	345	putative fructose-1-6-bisphosphatase
gene_6206	323	putative memo-like protein
gene_6207	437	hypothetical protein
gene_6208	318	putative acyl-protein thioesterase
gene_6209	1345	putative SIT4 phosphatase-associated protein
gene_621	417	hypothetical protein
gene_6210	238	putative haloacid dehalogenase
gene_6211	687	putative heterokaryon incompatibility protein
gene_6212	1406	hypothetical protein
gene_6213	333	putative C2H2 transcription factor
gene_6214	110	putative bola-like protein
gene_6215	240	hypothetical protein
gene_6216	472	family 76 putative glycosyl hydrolase
gene_6217	220	hypothetical protein
gene_6218	299	putative Rtr1/RPAP2 family protein
gene_6219	374	zinc-binding dehydrogenase
gene_622	414	putative branched-chain amino acid aminotransferase
gene_6220	176	hypothetical protein
gene_6221	990	putative calpain family cysteine protease
gene_6222	660	Peptide N-acetyl-beta-D-glucosaminyl asparaginase amidase A-domain containing protein
gene_6223	555	putative serine carboxypeptidase
gene_6224	201	hypothetical protein
gene_6225	314	putative fructosamine kinase
gene_6226	2951	Armadillo-type fold
gene_6227	549	putative amidase
gene_6228	759	Heterokaryon incompatibility protein (HET)-domain containing protein
gene_6229	614	Acyltransferase 3
gene_623	419	endochitinase OBR02105.1 endochitinase
gene_6230	291	putative GDSL-like Lipase/Acylhydrolase
gene_6231	1278	kinesin light chain 5
gene_6232	825	putative microtubule associated protein
gene_6234	305	Clr5 domain-domain containing protein
gene_6236	741	putative transcriptional regulator
gene_6237	200	hypothetical protein
gene_6238	304	hypothetical protein
gene_6239	222	Protein of unknown function (DUF1014)-domain containing protein
gene_624	467	putative beta-glucosidase
gene_6240	285	putative alkaline phytoceramidase
gene_6241	180	hypothetical protein
gene_6242	528	putative ubiquitin carboxyl-terminal hydrolase, family 1
gene_6243	344	hypothetical protein
gene_6244	699	putative beta-1,3-endoglucanase
gene_6245	372	family 28 putative glycosyl hydrolase
gene_6246	139	hypothetical protein
gene_6247	393	hypothetical protein
gene_6248	207	putative CFEM domain-containing protein
gene_6249	369	putative major facilitator superfamily transporter
gene_625	321	putative short chain dehydrogenase
gene_6250	196	Isochorismatase-like protein
gene_6251	543	putative methyltransferase domain-containing protein
gene_6252	549	putative haloacid dehalogenase-like hydrolase
gene_6253	119	hypothetical protein
gene_6254	550	putative 3'-5
gene_6255	992	putative ubiquitination network signaling protein
gene_6256	973	Alpha and gamma adaptin binding protein p34-domain containing protein
gene_6257	107	hypothetical protein
gene_6258	619	Mannosyltransferase putative-domain containing protein
gene_6259	372	putative TAP domain-containing protein
gene_626	324	family 10 putative glycosyl hydrolase
gene_6260	424	Ankyrin repeat-containing domain protein
gene_6261	179	hypothetical protein
gene_6262	88	hypothetical protein
gene_6263	586	hypothetical protein
gene_6264	445	putative eukaryotic rRNA processing protein EBP2
gene_6265	776	putative peptidase family M13
gene_6266	425	putative F-box domain-containing protein
gene_6267	135	HD domain-containing protein
gene_6268	459	putative geranylgeranyl pyrophosphate synthetase
gene_6269	205	WD40-repeat-containing domain protein
gene_6270	382	hypothetical protein
gene_6271	241	putative trichothecene efflux pump
gene_6272	305	hypothetical protein
gene_6273	800	family 18 putative glycosyl hydrolase
gene_6274	236	hypothetical protein
gene_6275	331	putative deuterolysin metalloprotease
gene_6276	277	hypothetical protein
gene_6277	399	hypothetical protein
gene_6278	357	putative 2-nitropropane dioxygenase
gene_6279	455	methyltransferase
gene_628	691	N terminus of Rad21 / Rec8 like protein-domain containing protein
gene_6280	263	putative catalase
gene_6281	1106	putative KR domain-containing protein
gene_6282	595	putative POT family protein
gene_6283	283	hypothetical protein
gene_6284	457	family 76 putative glycosyl hydrolase
gene_6285	455	family 76 putative glycosyl hydrolase
gene_6286	551	putative FAD binding domain-containing protein
gene_6287	312	proline-specific peptidase protein (L-amino-acid amidase)
gene_6288	253	MED7 protein-domain containing protein
gene_6289	302	SMP-30/Gluconolactonase/LRE-like region
gene_629	454	putative membrane transporter
gene_6290	325	hypothetical protein
gene_6291	260	hypothetical protein
gene_6292	588	putative major facilitator superfamily transporter
gene_6293	175	hypothetical protein
gene_6294	365	putative tartrate dehydrogenase
gene_6295	1965	Rapamycin-insensitive companion of mTOR, N-term-domain containing protein
gene_6297	244	hypothetical protein
gene_6298	1093	hypothetical protein
gene_6299	161	putative ribosomal protein S26e
gene_63	1000	hypothetical protein
gene_6300	280	putative F-box domain-containing protein
gene_6301	1179	putative copper-translocating P-type ATPase
gene_6302	128	hypothetical protein
gene_6303	280	Oligosaccharide biosynthesis protein Alg14 like-domain containing protein
gene_6304	58	hypothetical protein
gene_6305	268	FUB4 KAF4483355.1 hydrolase
gene_6306	773	putative Sec23/Sec24 trunk domain-containing protein
gene_6307	81	hypothetical protein
gene_6309	582	putative permease
gene_631	809	putative copper amine oxidase
gene_6310	548	putative coenzyme A transferase
gene_6311	339	putative phospholipase A2
gene_6312	83	hypothetical protein
gene_6313	995	Protein of unknown function (DUF917)-domain containing protein
gene_6314	516	putative dihydropyrimidinase
gene_6315	674	putative methionyl-tRNA synthetase
gene_6316	463	Major facilitator superfamily domain-containing protein
gene_6317	512	putative major facilitator superfamily transporter
gene_6318	595	putative multicopper oxidase
gene_6319	240	putative hemerythrin HHE cation binding domain-containing protein
gene_632	538	putative amino acid permease
gene_6320	191	Nucleophile aminohydrolases
gene_6321	409	putative glutathione S-transferase domain-containing protein
gene_6322	835	hypothetical protein
gene_6323	201	Cyclin-like protein
gene_6324	236	hypothetical protein
gene_6325	578	putative SPFH domain/Band 7 family protein
gene_6326	236	hypothetical protein
gene_6327	242	hypothetical protein
gene_6328	1829	hypothetical protein
gene_6329	335	alpha/beta hydrolase fold-domain containing protein
gene_633	183	ADP-ribosylation factor family protein EFQ29243.1 ADP-ribosylation factor family protein KZL73353.1 ADP-ribosylation factor family protein
gene_6330	221	hypothetical protein
gene_6331	1079	isoleucyl-tRNA synthetase
gene_6332	286	putative tat pathway signal sequence
gene_6333	251	methionyl-tRNA synthetase
gene_6334	1017	carboxylesterase EFQ32446.1 carboxylesterase
gene_6335	536	putative amidase
gene_6336	252	putative lovastatin nonaketide synthase
gene_6337	271	hypothetical protein
gene_6338	832	WD40-repeat-containing domain protein
gene_6339	490	putative peptidase family M28
gene_634	439	putative FMN-dependent dehydrogenase
gene_6340	154	Tim17/Tim22/Tim23/Pmp24 family-domain containing protein
gene_6341	1417	HET domain-containing protein
gene_6344	106	putative CVNH domain-containing protein
gene_6345	125	Protein of unknown function (DUF952)-domain containing protein
gene_6346	248	hypothetical protein
gene_6347	147	XP_009649571.1 ubiquitin-conjugating enzyme
gene_6348	2528	putative KR domain-containing protein
gene_6349	832	hypothetical protein
gene_635	751	putative fungal-specific transcription factor domain-containing protein
gene_6350	181	putative ML domain-containing protein
gene_6351	956	Fungal specific transcription factor domain-domain containing protein
gene_6353	329	Serine/threonine protein kinase
gene_6354	625	Uncharacterised ACR, YagE family COG1723-domain containing protein
gene_6355	511	putative major facilitator superfamily transporter
gene_6356	610	hypothetical protein
gene_6357	717	hypothetical protein
gene_6358	374	hypothetical protein
gene_6359	350	hypothetical protein
gene_636	663	putative SRP54-type protein
gene_6360	597	hypothetical protein
gene_6361	351	hypothetical protein
gene_6362	674	Peptidase S8/S53 domain-containing protein
gene_6363	142	hypothetical protein
gene_6364	350	Mannose-6-phosphate receptor binding domain-containing protein
gene_6365	538	putative amino acid permease
gene_6366	236	methyltransferase domain-containing protein
gene_6367	495	Protein of unknown function (DUF3723)-domain containing protein
gene_6368	147	hypothetical protein
gene_6369	851	hypothetical protein
gene_637	355	putative homocysteine S-methyltransferase
gene_6370	324	hypothetical protein
gene_6371	333	putative myb family transcription factor
gene_6372	852	putative anaphase-promoting complex component Cut20/Apc4
gene_6373	360	putative transcription factor tfb4
gene_6374	259	putative triosephosphate isomerase
gene_6375	601	hypothetical protein
gene_6376	62	ribosomal protein S30 XP_018157284.1 ribosomal protein S30 XP_022473604.1 40S ribosomal protein S30 KDN61874.1 putative 40S ribosomal protein S30 KXH59847.1 40S ribosomal protein S30 TKW59005.1 40S ribosomal protein S30-B TQN71243.1 40S ribosomal protein S30-B CCF39289.1 40S ribosomal protein S30
gene_6377	447	hypothetical protein
gene_6378	794	hypothetical protein
gene_6379	539	putative aldo/keto reductase
gene_638	469	putative cellulase
gene_6380	488	hypothetical protein
gene_6381	760	hypothetical protein
gene_6382	1593	putative MIF4G domain-containing protein
gene_6383	74	hypothetical protein
gene_6384	171	hypothetical protein
gene_6385	873	hypothetical protein
gene_6386	178	hypothetical protein
gene_6387	608	hypothetical protein
gene_6388	1612	putative exo-1,3-beta-D-glucanase
gene_6389	849	putative major facilitator superfamily transporter
gene_639	349	putative JmjC domain-containing protein
gene_6390	545	putative cytochrome P450 monooxygenase
gene_6391	300	Cytochrome P450
gene_6392	1298	hypothetical protein
gene_6393	870	hypothetical protein
gene_6394	141	hypothetical protein
gene_6395	591	putative HET domain-containing protein
gene_6396	287	putative isoflavone reductase
gene_6397	278	putative N-acetyltransferase
gene_6398	191	hypothetical protein
gene_6399	599	putative cystathionine gamma-synthase
gene_64	685	putative acetoacetate-CoA ligase
gene_640	306	hypothetical protein
gene_6400	110	hypothetical protein
gene_6401	469	putative phosphotransferase enzyme family protein
gene_6402	222	putative mitochondrial chaperone bcs1
gene_6403	72	hypothetical protein
gene_6404	502	family 2 putative glycosyltransferase
gene_6405	209	hypothetical protein
gene_6406	266	Mss4-like protein
gene_6407	120	Protein of unknown function (DUF3759)-domain containing protein
gene_6408	242	putative emopamil binding protein
gene_6409	386	hypothetical protein
gene_641	696	putative inositol phospholipid synthesis protein Scs3p
gene_6410	248	Protein tyrosine phosphatase-like protein, PTPLA-domain containing protein
gene_6411	640	putative impB/mucB/samB family protein
gene_6412	183	hypothetical protein
gene_6413	565	putative major facilitator superfamily transporter
gene_6414	361	Intradiol ring-cleavage dioxygenase
gene_6415	407	chorismate synthase
gene_6416	238	family 12 putative glycosyl hydrolase
gene_6417	392	1, 4-beta cellobiohydrolase
gene_6418	703	Protein kinase-like domain-containing protein
gene_6419	428	Cytochrome oxidase c assembly-domain containing protein
gene_642	353	hypothetical protein
gene_6420	443	hypothetical protein
gene_6421	405	putative aromatic prenyltransferase
gene_6422	512	Cytochrome P450
gene_6423	469	hypothetical protein
gene_6424	155	putative microtubule associated protein 1A/1B
gene_6425	909	Pro-apoptotic serine protease NMA111
gene_6426	421	hypothetical protein
gene_6427	96	Proteolipid membrane potential modulator-domain containing protein
gene_6428	650	hypothetical protein
gene_6429	165	hypothetical protein
gene_643	257	hypothetical protein
gene_6430	465	hypothetical protein
gene_6431	658	putative DEAD/DEAH box helicase
gene_6432	364	family 17 putative glycosyltransferase
gene_6433	389	o-sialoglyco protein endopeptidase
gene_6434	224	hypothetical protein
gene_6435	373	putative DUF636 domain-containing protein
gene_6436	682	putative sodium symporter family protein
gene_6437	1564	putative WD domain-containing protein
gene_6438	271	putative ATP synthase F0
gene_6439	155	ubiquitin-conjugating enzyme EFQ26525.1 ubiquitin-conjugating enzyme
gene_644	879	hypothetical protein
gene_6440	221	hypothetical protein
gene_6441	107	hypothetical protein
gene_6442	1028	putative WD domain-containing protein
gene_6443	466	early growth response protein 1 is a zinc-finger protein KAF4785875.1 early growth response protein 1 is a zinc-finger protein
gene_6444	1066	putative kelch domain-containing protein
gene_6445	299	hypothetical protein
gene_6446	317	hypothetical protein
gene_6447	409	putative integral membrane protein
gene_6448	493	hypothetical protein
gene_6449	382	hypothetical protein
gene_645	725	hypothetical protein
gene_6450	775	putative fungal-specific transcription factor domain-containing protein
gene_6451	611	hypothetical protein
gene_6452	475	putative enoyl-CoA hydratase/isomerase
gene_6453	394	putative BRCA1 C terminus domain-containing protein
gene_6454	393	Apc15p protein-domain containing protein
gene_6455	248	hypothetical protein
gene_6456	1269	peroxisomal targeting signal receptor
gene_6458	93	hypothetical protein
gene_6459	414	putative DNA-binding protein
gene_646	601	putative ergosterol biosynthesis ERG4/ERG24 family protein
gene_6460	1094	hypothetical protein
gene_6461	172	hypothetical protein
gene_6462	828	Alpha/Beta hydrolase fold
gene_6463	472	hypothetical protein
gene_6464	1603	Putative death-receptor fusion protein (DUF2428)-domain containing protein
gene_6465	429	hypothetical protein
gene_6466	739	putative ThiF family protein
gene_6467	94	hypothetical protein
gene_6468	784	putative neutral/alkaline non-lysosomal ceramidase
gene_6469	446	hypothetical protein
gene_647	433	hypothetical protein
gene_6470	241	putative short chain dehydrogenase
gene_6471	265	hypothetical protein
gene_6472	367	Anp1-domain containing protein
gene_6473	1092	hypothetical protein
gene_6474	379	hypothetical protein
gene_6475	738	sorting nexin-3
gene_6476	553	putative phenylacetone monooxygenase
gene_6477	184	Ribosomal protein L7/L12 C-terminal domain-domain containing protein
gene_6478	206	putative catabolic 3-dehydroquinase
gene_6479	358	putative tat pathway signal sequence
gene_648	132	hypothetical protein
gene_6480	426	family 18 putative glycosyl hydrolase
gene_6481	340	putative 1-aminocyclopropane-1-carboxylate deaminase
gene_6482	216	Transcription regulator HTH, APSES-type DNA-binding domain-containing protein
gene_6483	1144	putative C2H2 finger domain-containing protein
gene_6484	415	putative biotin synthase
gene_6485	208	putative cwf18 pre-mRNA splicing factor
gene_6487	738	hypothetical protein
gene_6488	98	putative DASH complex subunit Dad3
gene_6489	83	ribosomal L38e family protein EFQ29723.1 ribosomal L38e family protein KDN65809.1 putative ribosomal L38e family protein
gene_649	406	hypothetical protein
gene_6490	755	hypothetical protein
gene_6491	433	putative integral membrane protein
gene_6492	1201	hypothetical protein
gene_6493	223	hypothetical protein
gene_6494	945	hypothetical protein
gene_6495	351	hypothetical protein
gene_6496	297	hypothetical protein
gene_6497	283	hypothetical protein
gene_6498	156	putative RNA polymerase II transcription subunit 31 mediator
gene_6499	484	hypothetical protein
gene_65	410	CTLH/CRA C-terminal to LisH motif domain-domain containing protein
gene_650	453	putative nucleotide sugar dehydrogenase
gene_6500	205	hypothetical protein
gene_6501	617	putative sugar porter family MFS transporter
gene_6502	1103	putative DNA polymerase family B
gene_6503	397	hypothetical protein
gene_6504	333	6-phosphogluconate dehydrogenase, C-terminal-like protein
gene_6505	490	putative metallopeptidase family M24
gene_6506	298	putative extracellular solute-binding protein family 1
gene_6507	457	hypothetical protein
gene_6508	543	putative polysaccharide deacetylase
gene_6509	446	phosphoribosylformylglycinamidine cyclo-ligase
gene_651	633	hypothetical protein
gene_6510	340	kinase-like protein
gene_6511	428	54S ribosomal protein L3
gene_6512	367	putative TGS domain-containing protein
gene_6513	282	putative metalloprotease
gene_6514	521	putative GANP/Nin1/mts3/eIF-3 p25 family protein
gene_6515	61	hypothetical protein
gene_6516	536	putative WSC domain-containing protein
gene_6517	496	putative major facilitator superfamily transporter
gene_6518	830	cystathionine beta-lyase
gene_6519	973	putative NACHT domain-containing protein
gene_652	428	putative NAD-dependent deacetylase sirtuin-7
gene_6520	106	C6 finger domain-containing protein
gene_6521	716	hypothetical protein
gene_6522	1402	hypothetical protein
gene_6523	394	hypothetical protein
gene_6524	440	putative A49-like RNA polymerase I associated factor
gene_6525	707	putative ATPase
gene_6526	226	putative zinc knuckle
gene_6527	569	putative methyltransferase domain-containing protein
gene_6528	230	hypothetical protein
gene_6529	419	Glycosyl hydrolase catalytic core-domain containing protein
gene_653	280	hypothetical protein
gene_6530	437	hypothetical protein
gene_6531	671	putative cytochrome P450
gene_6532	255	putative ATP synthase subunit D
gene_6533	725	putative sterol esterase
gene_6534	488	hypothetical protein
gene_6535	415	Batten's disease protein Cln3
gene_6536	424	hypothetical protein
gene_6537	133	hypothetical protein
gene_6538	543	Protein of unknown function (DUF3295)-domain containing protein
gene_6539	232	putative ABC transporter
gene_654	540	Abscisic acid G-protein coupled receptor-domain containing protein
gene_6540	369	putative HhH-GPD superfamily base excision DNA repair protein
gene_6541	226	hypothetical protein
gene_6542	590	putative GMC oxidoreductase
gene_6543	834	putative fungal-specific transcription factor
gene_6544	1920	putative ABC transporter ATP-binding protein
gene_6545	266	putative phosphomannomutase
gene_6546	600	L-ascorbate oxidase
gene_6547	96	hypothetical protein
gene_6548	319	hypothetical protein
gene_6549	442	putative ThiF family protein
gene_655	544	sugar-lactone oxidase
gene_6550	196	hypothetical protein
gene_6551	660	hypothetical protein
gene_6552	168	hypothetical protein
gene_6553	114	hypothetical protein
gene_6554	598	putative glucose transporter rco-3
gene_6555	758	hypothetical protein
gene_6556	1222	hypothetical protein
gene_6557	700	hypothetical protein
gene_6558	378	putative mitogen-activated protein kinase
gene_6559	964	putative Spc97/Spc98 family protein
gene_656	1267	putative glycosyltransferase family 28 domain-containing protein
gene_6560	383	putative delta-aminolevulinic acid dehydratase
gene_6561	264	putative peptidase A4 family protein
gene_6562	1015	Zn-finger in ubiquitin-hydrolase
gene_6563	589	cytochrome P450 EFQ36765.1 cytochrome P450
gene_6564	370	PIF1-like helicase-domain containing protein
gene_6565	321	calcineurin-like phosphoesterase
gene_6566	413	hypothetical protein
gene_6567	73	hypothetical protein
gene_6568	131	hypothetical protein
gene_6569	738	putative endo-beta-1,3-glucanase
gene_657	1862	hypothetical protein
gene_6570	276	Protein kinase-like domain-containing protein
gene_6571	575	putative major facilitator superfamily transporter
gene_6572	526	family 7 putative glycosyl hydrolase
gene_6573	206	hypothetical protein
gene_6574	607	putative replication factor-a protein 1
gene_6575	135	hypothetical protein
gene_6576	869	putative SNF2 family domain-containing protein
gene_6577	489	putative prenyltransferase and squalene oxidase
gene_6578	2155	hypothetical protein
gene_6579	143	putative LSM domain-containing protein
gene_658	89	putative NADH-ubiquinone oxidoreductase B12 subunit family protein
gene_6580	410	putative endothiapepsin
gene_6582	1113	hypothetical protein
gene_6583	1025	muts domain V EFQ26361.1 muts domain V
gene_6584	97	hypothetical protein
gene_6586	219	putative emp24/gp25L/p24 family/GOLD
gene_6587	258	Domain of unknown function (DUF3328)-domain containing protein
gene_6588	591	hypothetical protein
gene_6589	561	putative phosphoenolpyruvate carboxykinase
gene_659	226	hypothetical protein
gene_6590	237	hypothetical protein
gene_6591	1185	putative smr domain-containing protein
gene_6592	1319	putative canalicular multispecific organic anion transporter 1
gene_6593	591	putative cation efflux family protein
gene_6594	310	Trypsin-like cysteine/serine peptidase domain-containing protein
gene_6595	1165	putative heavy metal translocating P-type ATPase
gene_6596	172	putative acetyltransferase
gene_6597	451	putative acyl-CoA dehydrogenase domain-containing protein
gene_6598	470	putative peptide chain release factor eRF/aRF
gene_6599	103	hypothetical protein
gene_66	623	putative major facilitator superfamily transporter
gene_660	363	hypothetical protein
gene_6600	543	hypothetical protein
gene_6601	588	putative carboxylesterase
gene_6602	305	putative arsenical resistance protein ArsH
gene_6603	142	hypothetical protein
gene_6604	180	hypothetical protein
gene_6605	483	putative amino acid permease
gene_6606	360	putative triose-phosphate transporter
gene_6607	238	putative extracellular serine-rich protein
gene_6608	303	putative acyltransferase
gene_6609	204	putative prefoldin subunit
gene_661	75	hypothetical protein
gene_6610	115	putative synaptobrevin
gene_6611	476	glycosyl hydrolase family 1 OHW96319.1 beta-glucosidase a
gene_6612	223	hypothetical protein
gene_6613	269	putative cytochrome b5-like Heme/Steroid binding domain-containing protein
gene_6614	968	hypothetical protein
gene_6615	750	E3 SUMO-protein ligase pli1
gene_6617	351	hypothetical protein
gene_6618	1062	hypothetical protein
gene_6619	598	putative major facilitator superfamily transporter
gene_662	689	putative ion transporter
gene_6620	201	hypothetical protein
gene_6621	749	putative FHA domain-containing protein
gene_6622	1064	hypothetical protein
gene_6624	479	putative RNA polymerase I-associated factor PAF67
gene_6625	634	Sugar (and other) transporter-domain containing protein
gene_6626	102	hypothetical protein
gene_6627	148	putative Ctf8
gene_6628	144	hypothetical protein
gene_6629	610	putative phenylalanyl-tRNA synthetase
gene_663	509	putative cytochrome P450
gene_6630	318	putative WD repeat domain-containing protein
gene_6631	367	putative TfdA family taurine catabolism dioxygenase TauD
gene_6632	1320	putative phospholipid-translocating P-type ATPase
gene_6633	1200	hypothetical protein
gene_6634	403	putative F-box domain-containing protein
gene_6635	59	hypothetical protein
gene_6636	191	putative CS domain-containing protein
gene_6637	279	phosphorylase superfamily protein EFQ27981.1 phosphorylase superfamily protein
gene_6638	1081	Rad9-domain containing protein
gene_6639	460	Methyltransferase domain-domain containing protein
gene_664	819	hypothetical protein
gene_6640	333	putative fructose-1-6-bisphosphatase
gene_6641	89	Domain of unknown function (DUF543)-domain containing protein
gene_6642	324	hypothetical protein
gene_6643	333	hypothetical protein
gene_6644	642	putative prolyl oligopeptidase
gene_6645	396	putative WW domain-containing protein
gene_6647	452	putative HAD-superfamily subfamily IIA hydrolase
gene_6648	1228	Gryzun, putative trafficking through Golgi-domain containing protein
gene_6649	173	Cerato-platanin-domain containing protein
gene_665	1654	hypothetical protein
gene_6650	460	hypothetical protein
gene_6651	125	hypothetical protein
gene_6652	732	PalH/RIM21-domain containing protein
gene_6653	909	hypothetical protein
gene_6654	750	heterokaryon incompatibility protein EFQ34118.1 heterokaryon incompatibility protein
gene_6655	621	hypothetical protein
gene_6656	1409	putative XRN 5'-3
gene_6657	190	hypothetical protein
gene_6658	610	putative patatin-like phospholipase
gene_6659	271	hypothetical protein
gene_666	366	putative TAP42-like family protein
gene_6660	534	General substrate transporter
gene_6661	526	putative major facilitator superfamily transporter
gene_6662	364	putative TatD family hydrolase
gene_6663	201	hypothetical protein
gene_6664	248	putative FkbM family methyltransferase
gene_6665	244	hypothetical protein
gene_6666	187	hypothetical protein
gene_6667	335	putative histone-like transcription factor and archaeal histone
gene_6668	256	hypothetical protein
gene_667	218	hypothetical protein
gene_6670	808	putative NCS1 nucleoside transporter
gene_6671	491	putative major facilitator superfamily transporter
gene_6672	398	putative epoxide hydrolase
gene_6673	592	putative AMP-binding enzyme
gene_6674	403	WD domain-containing protein EFQ30129.1 WD domain-containing protein
gene_6675	507	putative major facilitator superfamily transporter
gene_6676	272	putative GDSL-like Lipase/Acylhydrolase
gene_6677	707	putative multicopper oxidase
gene_6678	366	S-adenosyl-L-methionine-dependent methyltransferase
gene_6679	1471	putative ABC-2 type transporter
gene_668	515	putative major facilitator superfamily transporter
gene_6680	112	hypothetical protein
gene_6681	158	hypothetical protein
gene_6682	182	gnat family protein OHW91975.1 n-GNAT protein
gene_6683	233	putative pectate lyase F
gene_6684	631	hypothetical protein
gene_6685	500	putative succinate-semialdehyde dehydrogenase
gene_6686	502	putative cytochrome P450
gene_6687	942	hypothetical protein
gene_6688	327	aromatic prenyltransferase
gene_6689	220	hypothetical protein
gene_669	476	hypothetical protein
gene_6690	252	hypothetical protein
gene_6691	333	Protein of unknown function (DUF1640)-domain containing protein
gene_6692	75	hypothetical protein
gene_6693	534	hypothetical protein
gene_6694	575	hypothetical protein
gene_6695	522	Arylsulfotransferase (ASST)-domain containing protein
gene_6696	330	family 10 putative glycosyl hydrolase
gene_6697	801	hypothetical protein
gene_6698	115	putative 40S ribosomal protein S20 OLN90002.1 40S ribosomal protein S20 TDZ13992.1 40S ribosomal protein S20 TDZ15329.1 40S ribosomal protein S20 TDZ58263.1 40S ribosomal protein S20 TEA13878.1 40S ribosomal protein S20
gene_6699	165	hypothetical protein
gene_67	224	hypothetical protein
gene_670	563	putative integral membrane protein
gene_6700	1641	putative gelsolin
gene_6701	420	Uncharacterised conserved protein (DUF2373)-domain containing protein
gene_6702	1440	putative intron-binding protein aquarius
gene_6703	365	putative homoserine dehydrogenase
gene_6704	120	hypothetical protein
gene_6705	433	hypothetical protein
gene_6706	464	putative squalene synthase
gene_6707	375	putative ubiquitin-conjugating enzyme
gene_6708	598	putative FGGY-family pentulose kinase
gene_6709	300	putative aldo/keto reductase
gene_671	479	putative tubulin/FtsZ family protein
gene_6710	110	hypothetical protein
gene_6711	320	hypothetical protein
gene_6712	836	proliferating cell nuclear antigen
gene_6713	182	hypothetical protein
gene_6714	534	putative major facilitator superfamily transporter
gene_6715	308	Domain of unknown function (DUF3425)-domain containing protein
gene_6716	173	hypothetical protein
gene_6717	774	Exocyst complex subunit Sec15-like-domain containing protein
gene_6718	765	putative RNA recognition domain-containing protein
gene_6719	274	putative metalloprotease
gene_672	271	hypothetical protein
gene_6720	210	putative phosphoribosyl transferase domain-containing protein
gene_6721	267	putative UBA domain-containing protein Ucp14
gene_6722	652	putative F-box domain-containing protein
gene_6724	323	Polyketide synthase dehydratase-domain containing protein
gene_6725	828	malic enzyme
gene_6726	990	hypothetical protein
gene_6727	428	Aldehyde/histidinol dehydrogenase
gene_6728	207	Protein of unknown function (DUF775)-domain containing protein
gene_6729	1181	putative MIF4G domain-containing protein
gene_673	1795	hypothetical protein
gene_6730	564	putative major facilitator superfamily transporter
gene_6731	231	hypothetical protein
gene_6732	477	putative serine incorporator
gene_6733	273	hypothetical protein
gene_6734	165	RING finger protein 43
gene_6735	649	putative lysophospholipase catalytic domain-containing protein
gene_6736	160	RmlC-like cupin domain-containing protein
gene_6738	266	hypothetical protein
gene_6739	307	Glycosyl hydrolase catalytic core-domain containing protein
gene_674	875	hypothetical protein
gene_6740	274	putative 3-oxoacyl-reductase
gene_6741	568	putative major facilitator superfamily transporter
gene_6742	498	putative DNA polymerase alpha/epsilon subunit B
gene_6743	330	hypothetical protein
gene_6744	791	putative threonyl-tRNA synthetase
gene_6745	215	putative AhpC/TSA family protein
gene_6746	450	Protein kinase-like domain-containing protein
gene_6747	1088	hypothetical protein
gene_6748	900	hypothetical protein
gene_6749	462	hypothetical protein
gene_675	180	hypothetical protein
gene_6750	862	Protein of unknown function (DUF3433)-domain containing protein
gene_6751	119	hypothetical protein
gene_6752	532	Amino acid/polyamine transporter I
gene_6753	768	putative Rap1 Myb domain-containing protein
gene_6754	342	putative phosphotransferase enzyme family protein
gene_6755	328	putative GNS1/SUR4 family protein
gene_6756	356	hypothetical protein
gene_6757	331	hypothetical protein
gene_6758	514	hypothetical protein
gene_6759	254	putative DJ-1/PfpI family protein
gene_676	859	Baeyer-Villiger monooxygenase
gene_6760	1459	glycosyl hydrolase
gene_6761	456	putative TLC domain-containing protein
gene_6762	206	hypothetical protein
gene_6763	154	hypothetical protein
gene_6764	859	Coatomer WD associated region-domain containing protein
gene_6765	382	putative alpha/beta hydrolase fold-3 domain-containing protein
gene_6766	475	putative DNA replication regulator SLD2
gene_6767	3268	putative CCR4-Not complex component
gene_6768	704	mitochondrial carrier protein
gene_6769	557	hypothetical protein
gene_677	132	hypothetical protein
gene_6770	778	Heterokaryon incompatibility protein (HET)-domain containing protein
gene_6771	282	p21-C-terminal region-binding protein-domain containing protein
gene_6772	568	protein-L-isoaspartate O-methyltransferase
gene_6773	483	putative major facilitator superfamily transporter
gene_6774	909	D-galactonate dehydratase
gene_6775	740	hypothetical protein
gene_6776	256	putative SnoaL-like polyketide cyclase
gene_6777	965	hypothetical protein
gene_6778	1146	Glycosyl hydrolase family 61-domain containing protein
gene_6779	1247	Armadillo-type fold
gene_678	329	putative FAD binding domain-containing protein
gene_6780	318	hypothetical protein
gene_6781	295	hypothetical protein
gene_6782	1168	putative TPR domain-containing protein
gene_6783	402	hypothetical protein
gene_6784	889	hypothetical protein
gene_6786	340	hypothetical protein
gene_6787	195	putative golgi apparatus membrane protein TVP23
gene_6788	811	putative fungal-specific transcription factor domain-containing protein
gene_6789	1018	putative DDHD domain-containing protein
gene_679	396	putative fasciclin domain-containing protein
gene_6790	490	hypothetical protein
gene_6791	803	putative DNA repair protein Rad26
gene_6792	243	hypothetical protein
gene_6793	1039	Domain of unknown function (DUF1708)-domain containing protein
gene_6794	548	General substrate transporter
gene_6795	284	D-isomer specific 2-hydroxyacid dehydrogenase, NAD binding domain-domain containing protein
gene_6796	365	putative G-patch domain-containing protein
gene_6797	425	putative DNA polymerase subunit Cdc27
gene_6798	1569	hypothetical protein
gene_6799	603	hypothetical protein
gene_68	189	putative ABC transporter
gene_680	122	putative cytochrome b5-like Heme/Steroid binding domain-containing protein
gene_6800	130	ribosomal protein S8 EFQ27062.1 ribosomal protein S8 KDN65531.1 putative ribosomal protein S8
gene_6801	453	putative ZIP zinc transporter
gene_6802	403	hypothetical protein
gene_6803	310	Protein of unknown function (DUF3129)-domain containing protein
gene_6804	802	putative glycosyl hydrolase family 3 N terminal domain-containing protein
gene_6805	632	P-loop containing nucleoside triphosphate hydrolase protein
gene_6806	208	hypothetical protein
gene_6807	565	hypothetical protein
gene_6808	339	putative daunorubicin C-13 ketoreductase
gene_6809	651	putative variant SH3 domain-containing protein
gene_681	770	Protein kinase-like domain-containing protein
gene_6810	483	putative tRNA splicing endonuclease subunit
gene_6811	258	hypothetical protein
gene_6812	379	hypothetical protein
gene_6814	412	hypothetical protein
gene_6815	912	hypothetical protein
gene_6816	354	putative transmembrane alpha-helix domain-containing protein
gene_6817	181	hypothetical protein
gene_6818	523	putative cytochrome P450 oxidoreductase GliF
gene_6819	551	hypothetical protein
gene_682	592	putative TRAUB domain-containing protein
gene_6820	854	hypothetical protein
gene_6821	318	hypothetical protein
gene_6822	263	putative GDSL-like Lipase/Acylhydrolase
gene_6823	1869	hypothetical protein
gene_6824	463	putative nicotinate phosphoribosyltransferase
gene_6825	389	Sialidase
gene_6826	581	putative sulfatase
gene_6827	668	hypothetical protein
gene_6828	557	hypothetical protein
gene_6829	304	hypothetical protein
gene_683	245	putative RecQ mediated genome instability protein Rmi1
gene_6830	491	putative apses transcription factor Xbp1
gene_6831	403	putative alanine racemase domain-containing protein
gene_6832	71	hypothetical protein
gene_6833	318	putative dihydrodipicolinate synthetase
gene_6834	565	hypothetical protein
gene_6835	514	putative cytochrome P450
gene_6837	1782	putative topoisomerase IV
gene_6838	886	Domain of unknown function DUF221-domain containing protein
gene_6839	83	hypothetical protein
gene_684	653	putative LCCL domain-containing protein
gene_6840	689	Protein phosphatase 2A regulatory B subunit (B56 family)-domain containing protein
gene_6841	296	Alpha/Beta hydrolase fold
gene_6842	663	family 2 putative glycosyltransferase
gene_6843	389	putative base excision DNA repair protein
gene_6844	109	hypothetical protein
gene_6845	259	putative short chain dehydrogenase
gene_6846	673	Uncharacterized alpha/beta hydrolase domain (DUF2235)-domain containing protein
gene_6847	203	hypothetical protein
gene_6848	570	lactose permease
gene_6849	738	Fungal specific transcription factor domain-domain containing protein
gene_685	92	putative ribosomal L39 protein
gene_6850	944	hypothetical protein
gene_6851	255	hypothetical protein
gene_6852	175	hypothetical protein
gene_6853	185	hypothetical protein
gene_6854	234	putative orotate phosphoribosyltransferase
gene_6855	509	putative methionine permease
gene_6856	358	hypothetical protein
gene_6857	1197	hypothetical protein
gene_6858	138	hypothetical protein
gene_6859	232	hypothetical protein
gene_686	550	putative cytochrome P450
gene_6860	245	hypothetical protein
gene_6861	490	putative WD domain-containing protein
gene_6862	261	putative Ulp1 protease family protein
gene_6863	488	Major facilitator superfamily domain-containing protein
gene_6864	794	putative anaphase-promoting complex protein
gene_6865	348	lactose permease
gene_6866	505	DNA repair protein rhp51
gene_6867	161	Zinc-binding domain-domain containing protein
gene_6868	586	putative ATP-dependent Clp protease
gene_6869	211	ras family protein OBR12074.1 ras family protein
gene_687	262	putative short chain dehydrogenase
gene_6870	747	Ankyrin repeat-containing domain protein
gene_6871	506	putative oxalate decarboxylase family bicupin
gene_6872	345	putative WD domain-containing protein
gene_6873	864	hypothetical protein
gene_6874	98	hypothetical protein
gene_6875	1511	hypothetical protein
gene_6876	952	putative PH domain-containing protein
gene_6877	406	putative EXS family protein
gene_6878	223	hypothetical protein
gene_6879	535	Protein of unknown function (DUF1688)-domain containing protein
gene_688	584	hypothetical protein
gene_6880	541	putative acyl-CoA dehydrogenase domain-containing protein
gene_6881	291	Mitochondrial carrier domain-containing protein
gene_6882	528	putative major facilitator superfamily transporter
gene_6883	833	putative glycosyl hydrolase family 3 N terminal domain-containing protein
gene_6884	259	putative Sin3 associated polypeptide p18
gene_6885	114	hypothetical protein
gene_6886	599	Domain of unknown function (DUF382)-domain containing protein
gene_6887	380	putative tyrosinase central domain-containing protein
gene_6889	754	putative phytase
gene_689	955	hypothetical protein
gene_6890	663	putative GMC oxidoreductase
gene_6891	127	hypothetical protein
gene_6892	501	putative ATPase
gene_6893	588	putative cofactor FMO1 FAD enzyme
gene_6894	694	putative acetolactate synthase
gene_6895	274	Secretory lipase-domain containing protein
gene_6896	831	hypothetical protein
gene_6897	417	hypothetical protein
gene_6898	374	putative cyclophilin type peptidyl-prolyl cis-trans isomerase/CLD
gene_6899	341	putative calcineurin-like phosphoesterase
gene_69	1072	putative eukaryotic translation initiation factor 3 subunit A
gene_690	1016	aromatic-l-amino-acid decarboxylase
gene_6900	446	putative acyl-CoA dehydrogenase domain-containing protein
gene_6901	134	hypothetical protein
gene_6902	321	putative transcription elongation factor S-II
gene_6903	277	putative carbonic anhydrase
gene_6904	750	hypothetical protein
gene_6905	183	hypothetical protein
gene_6906	334	hypothetical protein
gene_6907	365	putative ATP synthase subunit
gene_6908	299	hypothetical protein
gene_6909	343	S-adenosyl-L-methionine-dependent methyltransferase
gene_691	287	hypothetical protein
gene_6910	161	putative translation initiation factor eIF-1A KZL67342.1 eukaryotic translation initiation factor 1a KZL86331.1 translation initiation factor eif-1a OHX00612.1 translation initiation factor eif-1a
gene_6911	916	hypothetical protein
gene_6912	305	family 61 putative glycosyl hydrolase
gene_6913	343	hypothetical protein
gene_6914	380	putative glycosyl hydrolase
gene_6915	1047	putative WD domain-containing protein
gene_6916	276	hypothetical protein
gene_6917	543	XLF (XRCC4-like factor)-domain containing protein
gene_6918	413	putative phosphotransferase
gene_6919	881	putative arsenite resistance protein Ars2
gene_6921	330	putative integral membrane protein DUF125
gene_6922	209	hypothetical protein
gene_6923	110	hypothetical protein
gene_6924	969	putative tetratricopeptide repeat domain-containing protein
gene_6925	347	family 61 putative glycosyl hydrolase
gene_6926	286	hypothetical protein
gene_6927	904	putative MCM2/3/5 family protein
gene_6928	359	hypothetical protein
gene_6929	571	putative amino acid permease
gene_693	223	hypothetical protein
gene_6930	283	putative methyltransferase domain-containing protein
gene_6931	580	hypothetical protein
gene_6932	258	hypothetical protein
gene_6933	1012	putative mRNA 3'-end-processing protein RNA14
gene_6934	295	KR domain-domain containing protein
gene_6935	1189	putative PHD-finger domain-containing protein
gene_6936	322	oxalate formate antiporter
gene_6937	470	putative CFEM domain-containing protein
gene_6938	289	hypothetical protein
gene_6939	746	putative catalase
gene_694	545	putative C6 zinc finger domain-containing protein
gene_6940	183	hypothetical protein
gene_6941	2280	putative beta-ketoacyl synthase domain-containing protein
gene_6942	746	hypothetical protein
gene_6943	821	hypothetical protein
gene_6944	319	putative carbon-nitrogen hydrolase
gene_6945	522	putative ent-kaurene oxidase
gene_6946	410	putative homeobox domain-containing protein
gene_6947	1258	origin recognition complex subunit OHE98865.1 origin recognition complex subunit
gene_6948	654	hypothetical protein
gene_6949	533	Major facilitator superfamily domain-containing protein
gene_695	120	hypothetical protein
gene_6951	234	Protein of unknown function (DUF4243)-domain containing protein
gene_6952	518	hypothetical protein
gene_6953	308	hypothetical protein
gene_6954	541	putative major facilitator superfamily transporter
gene_6955	164	hypothetical protein
gene_6956	1363	putative hsp90-like protein
gene_6957	145	putative RNA polymerase III subunit C17
gene_6958	360	putative acetyl esterase
gene_6959	359	putative nucleoporin nup44
gene_696	211	hypothetical protein
gene_6960	623	putative FAD-binding domain-containing protein
gene_6961	424	Uncharacterised protein (DUF2406)-domain containing protein
gene_6962	605	hypothetical protein
gene_6963	301	Alpha/Beta hydrolase fold
gene_6964	449	putative HAD-superfamily subfamily IIA hydrolase
gene_6965	483	hypothetical protein
gene_6966	397	hypothetical protein
gene_6967	377	putative D-isomer specific 2-hydroxyacid dehydrogenase
gene_6968	1092	valyl-tRNA synthetase
gene_6969	639	putative L-amino acid oxidase
gene_697	1807	RNA-dependent RNA polymerase
gene_6970	894	putative proline-specific permease put4
gene_6971	624	putative salicylate hydroxylase
gene_6972	515	Domain of unknown function (DUF3328)-domain containing protein
gene_6973	90	putative CSL zinc finger protein
gene_6974	361	putative NUDIX domain-containing protein
gene_6975	354	methyltransferase
gene_6976	819	putative MCM2/3/5 family protein
gene_6977	246	hypothetical protein
gene_6978	904	putative oxidoreductase family protein
gene_6979	106	kinesin light
gene_698	262	Integral membrane protein DUF106-domain containing protein
gene_6980	956	Adaptin N terminal region-domain containing protein
gene_6981	484	putative serine hydroxymethyltransferase
gene_6982	776	hypothetical protein
gene_6983	208	hypothetical protein
gene_6984	693	hypothetical protein
gene_6985	581	family 47 putative glycosyl hydrolase
gene_6986	715	hypothetical protein
gene_6987	544	putative C6 zinc finger domain-containing protein
gene_6988	372	hypothetical protein
gene_6989	366	alcohol dehydrogenase
gene_699	1047	dihydroxyacetone kinase
gene_6990	460	putative 4-aminobutyrate aminotransferase
gene_6991	181	hypothetical protein
gene_6992	162	hypothetical protein
gene_6993	120	hypothetical protein
gene_6994	447	Tom37 C-terminal domain-domain containing protein
gene_6995	799	putative R3H domain-containing protein
gene_6996	300	putative short chain dehydrogenase
gene_6997	149	cytosine deaminase
gene_6998	291	hypothetical protein
gene_6999	98	hypothetical protein
gene_70	321	putative ras family protein
gene_700	1976	putative Sec63 Brl domain-containing protein
gene_7001	1478	hypothetical protein
gene_7002	333	hypothetical protein
gene_7003	729	Magnesium transporter NIPA-domain containing protein
gene_7004	494	hypothetical protein
gene_7005	205	hypothetical protein
gene_7006	99	hypothetical protein
gene_7007	1523	putative ABC-2 type transporter
gene_7008	377	hypothetical protein
gene_701	493	putative PCI domain-containing protein
gene_7010	1092	putative pentatricopeptide repeat domain-containing protein
gene_7011	691	putative AMP-binding enzyme
gene_7012	481	putative fatty acid desaturase
gene_7013	554	putative major facilitator superfamily transporter
gene_7014	158	hypothetical protein
gene_7015	251	hypothetical protein
gene_7016	548	putative NCS1 nucleoside transporter
gene_7017	606	Prefoldin subunit-domain containing protein
gene_7018	166	hypothetical protein
gene_7019	269	hypothetical protein
gene_702	228	acetyltransferase
gene_7020	868	beta-eliminating lyase
gene_7021	175	hypothetical protein
gene_7022	1137	Ankyrin repeat-containing domain protein
gene_7023	773	Ima1 N-terminal domain-domain containing protein
gene_7024	988	hypothetical protein
gene_7025	353	PQ loop repeat-domain containing protein
gene_7026	690	hypothetical protein
gene_7027	139	Uncharacterised protein family (UPF0041)-domain containing protein
gene_7028	379	putative fatty acid desaturase
gene_7029	231	hypothetical protein
gene_703	168	hypothetical protein
gene_7030	448	putative major facilitator superfamily transporter
gene_7031	1149	family 18 putative glycosyl hydrolase
gene_7032	448	adaptor complexes medium subunit family protein EFQ34890.1 adaptor complexes medium subunit family protein
gene_7033	376	hypothetical protein
gene_7034	123	hypothetical protein
gene_7035	319	putative acetolactate synthase
gene_7036	340	family 8 putative glycosyl transferase
gene_7037	126	hypothetical protein
gene_7038	494	putative FAD binding domain-containing protein
gene_7039	539	General substrate transporter
gene_704	323	putative SNARE domain-containing protein
gene_7040	442	putative chalcone and stilbene synthase domain-containing protein
gene_7041	155	putative 50S ribosomal protein L11
gene_7042	264	putative ThiJ/PfpI family protein
gene_7043	157	hypothetical protein
gene_7044	1182	putative transcription initiation factor TFIID subunit 1
gene_7045	480	Protein of unknown function (DUF3115)-domain containing protein
gene_7046	724	putative WD domain-containing protein
gene_7047	629	Fungal specific transcription factor domain-domain containing protein
gene_7048	2074	putative helicase sen1
gene_7049	261	putative essential for mitotic growth 1
gene_705	1131	kinesin motor domain-containing protein EFQ26015.1 kinesin motor domain-containing protein
gene_7050	1373	hypothetical protein
gene_7051	539	hypothetical protein
gene_7052	471	family 28 putative glycosyl hydrolase
gene_7053	874	putative glycosyl hydrolase family 3 N terminal domain-containing protein
gene_7054	721	methionine aminopeptidase 2-1
gene_7055	424	hypothetical protein
gene_7056	711	hypothetical protein
gene_7057	370	G protein-coupled receptor GPR1-like protein 2
gene_7058	922	putative ATPase
gene_7059	396	hypothetical protein
gene_706	189	putative ubiquitin-conjugating enzyme
gene_7060	501	Ankyrin repeat-containing domain protein
gene_7061	309	hypothetical protein
gene_7062	350	hypothetical protein
gene_7063	332	hypothetical protein
gene_7064	790	family 81 putative glycosyl hydrolase
gene_7065	408	putative RNA recognition domain-containing protein
gene_7066	228	Tryptophan synthase beta subunit-like PLP-dependent enzyme
gene_7067	644	putative MBOAT family protein
gene_7068	399	putative gelsolin
gene_7069	1015	putative SH3 domain-containing protein
gene_707	858	hypothetical protein
gene_7070	361	putative fic/DOC family protein
gene_7071	843	putative translation elongation factor aEF-2
gene_7072	450	ATP synthase F0
gene_7073	219	hypothetical protein
gene_7074	641	hypothetical protein
gene_7075	1049	putative DNA polymerase phi
gene_7076	205	transcription initiation factor tfiie-like protein
gene_7077	622	Armadillo-type fold
gene_7078	184	ubiquinol-cytochrome C reductase
gene_7079	473	Transferase
gene_708	317	Mitochondrial carrier domain-containing protein
gene_7080	298	INO80 complex, subunit Ies4
gene_7081	658	hypothetical protein
gene_7083	710	family 20 putative glycosyl hydrolase
gene_7084	220	hypothetical protein
gene_7085	195	hypothetical protein
gene_7086	241	putative GDSL-like Lipase/Acylhydrolase
gene_7087	380	hypothetical protein
gene_7088	331	FAD binding domain-containing protein OBR04755.1 FAD binding domain-containing protein
gene_7089	741	hypothetical protein
gene_709	305	hypothetical protein
gene_7090	803	putative A/G-specific adenine glycosylase
gene_7091	568	putative major facilitator superfamily transporter
gene_7093	220	hypothetical protein
gene_7094	2251	U3 small nucleolar RNA-associated protein 10
gene_7095	180	hypothetical protein
gene_7096	618	putative lysophospholipase catalytic domain-containing protein
gene_7097	515	putative aminotransferase class I and II
gene_7098	304	Domain of unknown function (DUF947)-domain containing protein
gene_7099	161	hypothetical protein
gene_71	179	Protein of unknown function (DUF3505)-domain containing protein
gene_710	416	putative oxidoreductase family protein
gene_7100	459	putative Met-10+ like-protein
gene_7101	185	hypothetical protein
gene_7102	375	hypothetical protein
gene_7103	386	hypothetical protein
gene_7104	680	serin endopeptidase
gene_7105	575	hypothetical protein
gene_7106	656	Protein of unknown function (DUF1237)-domain containing protein
gene_7107	858	H/ACA ribonucleo protein complex subunit cbf5
gene_7108	91	hypothetical protein
gene_7109	313	putative RING-like domain-containing protein
gene_711	763	putative LysM domain-containing protein
gene_7110	1120	hypothetical protein
gene_7111	915	DNA replication regulator SLD3-domain containing protein
gene_7112	237	hypothetical protein
gene_7113	240	hypothetical protein
gene_7114	53	hypothetical protein
gene_7115	866	putative fungal-specific transcription factor domain-containing protein
gene_7116	401	putative RNA recognition domain-containing protein
gene_7117	203	acetyltransferase
gene_7118	265	putative pyridoxamine phosphate oxidase
gene_7119	1161	putative FAD binding domain-containing protein
gene_712	351	hypothetical protein
gene_7120	113	Transcription factor Pcc1-domain containing protein
gene_7121	530	putative amino acid permease
gene_7122	181	hypothetical protein
gene_7123	186	hypothetical protein
gene_7124	945	putative WD domain-containing protein
gene_7125	476	putative major facilitator superfamily transporter
gene_7126	385	family 93 putative glycoside hydrolase
gene_7127	667	fork head domain-containing protein EFQ33260.1 fork head domain-containing protein
gene_7128	366	putative SOM1 protein
gene_7129	200	hypothetical protein
gene_713	601	glycosyltransferase family 57 protein
gene_7130	482	putative RNA recognition domain-containing protein
gene_7132	805	quinone oxidoreductase
gene_7133	284	putative short chain dehydrogenase
gene_7134	639	putative SWR1-complex protein 4
gene_7135	324	putative dual specificity phosphatase
gene_7136	532	hypothetical protein
gene_7137	810	putative glycosyl hydrolase
gene_7138	378	hypothetical protein
gene_7139	574	putative NCS1 nucleoside transporter
gene_714	487	putative cytochrome P450
gene_7140	756	putative mixed-linked glucanase
gene_7141	356	putative WD domain-containing protein
gene_7142	442	Ribokinase-like protein
gene_7143	569	putative asparagine synthase
gene_7144	91	hypothetical protein
gene_7145	359	P-loop containing nucleoside triphosphate hydrolase protein
gene_7146	1539	putative GRIP domain-containing protein
gene_7147	298	hypothetical protein
gene_7148	360	hypothetical protein
gene_7149	851	hypothetical protein
gene_715	235	putative acetyltransferase
gene_7150	588	putative major facilitator superfamily transporter
gene_7151	657	putative major facilitator superfamily transporter
gene_7152	334	putative Pex19 protein family
gene_7153	177	RmlC-like cupin domain-containing protein
gene_7154	340	hypothetical protein
gene_7155	421	putative acid phosphatase
gene_7156	496	putative tafazzin
gene_7157	524	putative metallopeptidase family M24
gene_7158	638	putative endomembrane protein 70
gene_7159	352	hypothetical protein
gene_716	283	hypothetical protein
gene_7160	647	Sugar (and other) transporter-domain containing protein
gene_7161	231	putative DSBA-like thioredoxin domain-containing protein
gene_7162	510	major facilitator superfamily transporter EFQ34741.1 major facilitator superfamily transporter
gene_7163	751	hypothetical protein
gene_7164	324	putative nicotianamine synthase
gene_7166	253	Domain of unknown function (DUF3328)-domain containing protein
gene_7167	1661	RecF/RecN/SMC N terminal domain-domain containing protein
gene_7168	272	Domain of unknown function (DUF3328)-domain containing protein
gene_7169	1295	SacI homology domain-domain containing protein
gene_717	245	hypothetical protein
gene_7170	1031	putative armadillo repeat protein
gene_7171	1279	putative AMP-binding enzyme
gene_7172	459	hypothetical protein
gene_7173	347	putative 50S ribosomal protein L3
gene_7174	125	hypothetical protein
gene_7175	858	putative major facilitator superfamily transporter
gene_7176	66	hypothetical protein
gene_7177	775	OPT oligopeptide transporter
gene_7178	535	putative defects in morphology protein 1
gene_7179	609	Protein of unknown function (DUF2985)-domain containing protein
gene_718	235	acetyltransferase
gene_7181	255	Casein kinase substrate phosphoprotein PP28-domain containing protein
gene_7182	312	putative initiation-specific alpha-1,6-mannosyltransferase
gene_7183	128	hypothetical protein
gene_7184	577	FAD binding domain-containing protein EFQ31334.1 FAD binding domain-containing protein
gene_7185	320	hypothetical protein
gene_7186	599	putative transmembrane amino acid transporter
gene_7187	363	putative methyltransferase domain-containing protein
gene_7188	819	P-loop containing nucleoside triphosphate hydrolase protein
gene_7189	700	putative tetratricopeptide
gene_719	423	putative NAPE-hydrolyzing phospholipase D
gene_7190	268	hypothetical protein
gene_7191	515	putative major facilitator superfamily transporter
gene_7192	1499	putative lipa and NB-ARC domain-containing protein
gene_7193	224	survival motor neuron-like protein 1
gene_7194	507	putative CAF1 family ribonuclease
gene_7195	218	hypothetical protein
gene_7196	286	hypothetical protein
gene_7197	977	Uso1 / p115 like vesicle tethering protein, head region-domain containing protein
gene_7198	129	hypothetical protein
gene_7199	573	putative FAD binding domain-containing protein
gene_72	1008	KsdD-like steroid dehydrogenase
gene_720	223	hypothetical protein
gene_7200	148	putative 40S ribosomal protein S17
gene_7201	753	hypothetical protein
gene_7202	492	hypothetical protein
gene_7203	247	Protein of unknown function (DUF3129)-domain containing protein
gene_7204	168	Permease for cytosine/purines, uracil, thiamine, allantoin-domain containing protein
gene_7205	453	putative initiation factor 2 subunit family protein
gene_7206	1085	putative potassium/sodium efflux P-type ATPase
gene_7207	535	putative hexokinase-1
gene_7208	347	putative short chain dehydrogenase
gene_7209	434	putative integral membrane protein
gene_721	279	Protein of unknown function (DUF3129)-domain containing protein
gene_7210	257	hypothetical protein
gene_7211	245	hypothetical protein
gene_7212	269	Thioesterase-like superfamily-domain containing protein
gene_7213	173	Marvel domain-containing protein
gene_7214	312	putative haloacid dehalogenase-like hydrolase
gene_7216	209	hypothetical protein
gene_7217	301	hypothetical protein
gene_7218	291	Protein kinase-like domain-containing protein
gene_7219	1478	hypothetical protein
gene_722	765	Dynamin family protein OBR03058.1 Dynamin family protein
gene_7220	321	putative 3-hydroxyacyl-CoA dehydrogenase
gene_7221	433	putative DEAD/DEAH box helicase
gene_7223	148	putative trafficking PGA2
gene_7224	364	hypothetical protein
gene_7225	69	hypothetical protein
gene_7226	482	putative aminotransferase class-V
gene_7227	880	hypothetical protein
gene_7228	392	hypothetical protein
gene_7229	240	hypothetical protein
gene_723	507	ER lumen protein retaining receptor OHE92045.1 ER lumen protein retaining receptor
gene_7230	319	putative methyltransferase
gene_7231	326	hypothetical protein
gene_7232	542	putative cytochrome P450 family protein
gene_7233	393	putative Ni2+-Co2+ transporter transition metal uptake transporter
gene_7234	128	ribonuclease EFQ34469.1 ribonuclease
gene_7235	266	hypothetical protein
gene_7236	447	Regulator of chromosome condensation 1/beta-lactamase-inhibitor protein II
gene_7237	193	putative transferase hexapeptide domain-containing protein
gene_7238	1195	putative WSC domain-containing protein
gene_7239	215	Mitochondrial ribosomal protein subunit L20-domain containing protein
gene_724	306	putative aldo/keto reductase
gene_7240	633	hypothetical protein
gene_7241	529	putative alpha amylase
gene_7242	137	hypothetical protein
gene_7243	693	hypothetical protein
gene_7244	652	Amidase signature domain-containing protein
gene_7245	550	putative ZIP zinc transporter
gene_7246	270	Phosphatidylethanolamine-binding protein PEBP
gene_7247	960	P-loop containing nucleoside triphosphate hydrolase protein
gene_7248	698	putative ATPase
gene_7249	528	General substrate transporter
gene_725	1045	cytochrome p450 family protein
gene_7250	268	putative methyltransferase
gene_7251	1987	putative hsp90-like protein
gene_7252	212	hypothetical protein
gene_7253	522	hypothetical protein
gene_7254	186	hypothetical protein
gene_7255	327	putative fatty acid hydroxylase superfamily protein
gene_7256	345	putative WLM domain-containing protein
gene_7257	425	putative GTPase-activating protein gyp10
gene_7258	554	hypothetical protein
gene_7259	366	hypothetical protein
gene_726	389	Alpha/Beta hydrolase fold
gene_7260	463	putative FAD binding domain-containing protein
gene_7261	522	putative cytochrome P450
gene_7262	708	hypothetical protein
gene_7263	887	putative nuclear membrane fusion protein Kar5
gene_7264	265	hypothetical protein
gene_7265	553	hypothetical protein
gene_7266	541	Putative methyltransferase-domain containing protein
gene_7267	613	putative cytochrome P450
gene_7268	591	aldo keto
gene_7269	467	putative ribosomal protein L32
gene_727	967	putative fungal-specific transcription factor domain-containing protein
gene_7270	1574	hypothetical protein
gene_7271	172	hypothetical protein
gene_7272	519	Protein kinase-like domain-containing protein
gene_7273	236	Hemerythrin HHE cation binding domain-domain containing protein
gene_7274	588	hypothetical protein
gene_7275	163	putative translation initiation factor eIF-5A
gene_7276	287	Domain of unknown function (DUF3328)-domain containing protein
gene_7277	254	hypothetical protein
gene_7278	56	hypothetical protein
gene_7279	618	hypothetical protein
gene_728	177	hypothetical protein
gene_7280	585	hypothetical protein
gene_7281	521	cytochrome P450
gene_7282	78	hypothetical protein
gene_7283	323	hypothetical protein
gene_7284	374	hypothetical protein
gene_7285	974	hypothetical protein
gene_7286	381	putative RNA recognition domain-containing protein
gene_7287	306	putative WSC domain-containing protein
gene_7288	437	hypothetical protein
gene_7289	123	hypothetical protein
gene_729	407	8-oxoguanine DNA-glycosylase
gene_7290	399	Putative serine dehydratase domain-domain containing protein
gene_7291	1051	hypothetical protein
gene_7292	512	putative sugar transporter
gene_7293	544	putative FAD dependent oxidoreductase
gene_7294	161	hypothetical protein
gene_7295	558	hypothetical protein
gene_7297	727	putative flavodoxin
gene_7298	961	gpi-anchor
gene_7299	320	acetyltransferase
gene_73	1038	putative potassium/sodium efflux P-type ATPase
gene_730	308	Uncharacterised conserved protein (DUF2361)-domain containing protein
gene_7300	542	putative F-box domain-containing protein
gene_7301	663	Pre-mRNA-processing factor 17
gene_7302	694	hypothetical protein
gene_7303	224	putative nucleolar protein 12
gene_7304	409	hypothetical protein
gene_7305	361	putative RNA recognition domain-containing protein
gene_7306	1368	putative phospholipid-translocating P-type ATPase
gene_7307	552	putative L-ornithine 5-monooxygenase
gene_7308	797	putative fungal-specific transcription factor domain-containing protein
gene_7309	419	putative lipase
gene_731	484	putative cytochrome P450 52A11
gene_7310	201	hypothetical protein
gene_7311	407	putative O-methyltransferase
gene_7312	185	Phosphatidylethanolamine-binding protein PEBP
gene_7313	1126	Sterol-sensing domain of SREBP cleavage-activation-domain containing protein
gene_7314	330	hypothetical protein
gene_7316	815	putative glycosyl hydrolase family 3 N terminal domain-containing protein
gene_7317	232	Protein tyrosine phosphatase-like protein, PTPLA-domain containing protein
gene_7318	628	putative GMC oxidoreductase
gene_7319	192	hypothetical protein
gene_732	234	hypothetical protein
gene_7320	1531	ankyrin repeat domain-containing protein 50 KAF4487581.1 ankyrin repeat domain-containing protein 50
gene_7321	300	putative endonuclease/Exonuclease/phosphatase
gene_7322	767	putative pre-mRNA splicing factor CLF1
gene_7323	882	putative mechanosensitive ion channel
gene_7324	206	hypothetical protein
gene_7325	611	putative GMC oxidoreductase
gene_7326	342	putative CFEM domain-containing protein
gene_7327	508	Protein kinase-like domain-containing protein
gene_7330	515	family 43 putative glycosyl hydrolase
gene_7331	491	F-box domain-containing protein EFQ32599.1 F-box domain-containing protein
gene_7332	271	hypothetical protein
gene_7333	272	LicD family-domain containing protein
gene_7334	144	hypothetical protein
gene_7335	670	Fungal specific transcription factor domain-domain containing protein
gene_7336	562	putative multicopper oxidase
gene_7337	260	hypothetical protein
gene_7338	1439	CPSF A subunit region-domain containing protein
gene_7339	484	hypothetical protein
gene_7340	555	hypothetical protein
gene_7341	227	putative ribosome biogenesis protein Nop16
gene_7342	559	putative tannase and feruloyl esterase
gene_7343	1617	Anticodon binding domain of tRNAs-domain containing protein
gene_7345	212	putative glutathione S-transferase
gene_7346	647	putative heterokaryon incompatibility protein
gene_7347	186	hypothetical protein
gene_7348	823	Vps16, N-terminal region-domain containing protein
gene_7349	824	putative nonsense-mediated mRNA decay protein 1
gene_735	827	putative translation elongation factor G
gene_7350	620	putative carotenoid cleavage dioxygenase 1
gene_7351	982	putative subtilase
gene_7352	144	putative oxidoreductase
gene_7353	1394	Adaptin N terminal region-domain containing protein
gene_7354	356	putative DASH complex subunit Dad1
gene_7355	712	putative peptidase family M28
gene_7356	586	putative ferric reductase like transmembrane component
gene_7357	727	putative ubiquitin family protein
gene_7359	393	hypothetical protein
gene_736	399	family 2 putative glycosyl transferase
gene_7360	397	retinol dehydrogenase 12
gene_7361	1085	pyruvate decarboxylase
gene_7362	428	Soluble quinoprotein glucose/sorbosone dehydrogenase
gene_7363	639	putative Dfp1/Him1
gene_7364	237	putative acetyltransferase
gene_7365	417	hypothetical protein
gene_7367	130	hypothetical protein
gene_7368	450	putative zinc carboxypeptidase
gene_7369	659	hypothetical protein
gene_737	780	Fungal specific transcription factor domain-domain containing protein
gene_7370	425	hypothetical protein
gene_7371	209	hypothetical protein
gene_7372	181	hypothetical protein
gene_7373	329	hypothetical protein
gene_7374	484	Protein kinase domain-domain containing protein
gene_7375	503	putative major facilitator superfamily transporter
gene_7376	707	hypothetical protein
gene_7377	319	hypothetical protein
gene_7378	292	putative PHB depolymerase family esterase
gene_7379	213	putative glycoside hydrolase
gene_738	441	hypothetical protein
gene_7381	737	putative fork head domain-containing protein
gene_7382	551	Armadillo-type fold
gene_7383	269	putative adenylate kinase
gene_7384	512	hypothetical protein
gene_7385	302	hypothetical protein
gene_7386	837	putative calcineurin-like phosphoesterase
gene_7387	616	hypothetical protein
gene_7388	1124	hypothetical protein
gene_7389	198	Pathogen effector; putative necrosis-inducing factor-domain containing protein
gene_739	564	hypothetical protein
gene_7390	203	hypothetical protein
gene_7391	255	putative translin family protein
gene_7392	270	hypothetical protein
gene_7393	488	putative argininosuccinate lyase
gene_7394	575	putative carboxylesterase
gene_7395	299	hypothetical protein
gene_7396	513	putative major facilitator superfamily transporter
gene_7397	309	putative aldo/keto reductase
gene_7398	536	putative ubiquitin carboxyl-terminal hydrolase
gene_7399	264	hypothetical protein
gene_74	617	putative FAD binding domain-containing protein
gene_740	259	putative nicotinamide N-methyltransferase
gene_7400	580	hypothetical protein
gene_7401	1192	putative polymerase
gene_7402	389	hypothetical protein
gene_7403	216	60S ribosomal protein L17
gene_7404	1866	putative SNF2 family domain-containing protein
gene_7405	256	putative GPI biosynthesis protein family Pig-F
gene_7407	996	putative calcium-translocating P-type ATPase
gene_7409	684	hypothetical protein
gene_741	121	Protein of unknown function (DUF2423)-domain containing protein
gene_7411	454	Domain of unknown function (DUF3844)-domain containing protein
gene_7412	1197	ABC transporter EFQ36428.1 ABC transporter
gene_7413	367	putative PX domain-containing protein
gene_7414	583	Peptidase S8/S53 domain-containing protein
gene_7416	377	putative Mob1/phocein family protein
gene_7417	530	Ketopantoate reductase PanE/ApbA C terminal-domain containing protein
gene_7418	794	hypothetical protein
gene_742	559	putative amidophosphoribosyltransferase
gene_7420	517	hypothetical protein
gene_7421	145	hypothetical protein
gene_7422	520	putative SET domain-containing protein
gene_7423	365	3-hydroxyanthranilate 3 4-dioxygenase
gene_7424	331	hypothetical protein
gene_7425	541	Fungal specific transcription factor domain-domain containing protein
gene_7427	418	putative membrane dipeptidase
gene_7428	270	putative PRP38 family protein
gene_7429	597	putative fatty acid desaturase
gene_743	527	UTP-glucose-1-phosphate uridylyltransferase
gene_7430	1189	putative C6 zinc finger domain-containing protein
gene_7431	443	hypothetical protein
gene_7432	254	hypothetical protein
gene_7433	539	putative serine carboxypeptidase S28
gene_7434	233	hypothetical protein
gene_7435	138	hypothetical protein
gene_7436	623	hypothetical protein
gene_7437	565	putative multicopper oxidase
gene_7438	382	hypothetical protein
gene_7439	1030	Glycosyl hydrolase family 76-domain containing protein
gene_744	410	hypothetical protein
gene_7440	155	hypothetical protein
gene_7441	102	hypothetical protein
gene_7442	214	hypothetical protein
gene_7443	1579	putative 3-phosphoshikimate 1-carboxyvinyltransferase
gene_7444	902	NDT80/PhoG like DNA-binding family protein
gene_7445	402	hypothetical protein
gene_7446	455	putative major facilitator superfamily transporter
gene_7447	406	hypothetical protein
gene_7448	578	HCO3- transporter family-domain containing protein
gene_7449	168	hypothetical protein
gene_745	856	putative PALB protein
gene_7450	587	family 47 putative glycosyl hydrolase
gene_7451	81	hypothetical protein
gene_7452	134	hypothetical protein
gene_7453	923	putative plasma-membrane proton-efflux P-type ATPase
gene_7454	182	hypothetical protein
gene_7455	416	putative peptidase C13 family protein
gene_7456	198	hypothetical protein
gene_7457	112	hypothetical protein
gene_7458	252	hypothetical protein
gene_7459	139	hypothetical protein
gene_746	206	putative cutinase
gene_7460	485	hypothetical protein
gene_7461	411	putative peroxidase
gene_7462	546	Protein similar to CwfJ C-terminus 1-domain containing protein
gene_7463	465	putative aminotransferase class I and II
gene_7464	821	putative fungal tRNA ligase adenylyltransferase
gene_7465	243	hypothetical protein
gene_7466	570	putative MBOAT family protein
gene_7467	844	Alpha/Beta hydrolase fold
gene_7468	1191	putative WW domain-containing protein
gene_7469	390	hypothetical protein
gene_747	410	putative tubulin binding cofactor C
gene_7470	695	putative leucine rich repeat protein
gene_7471	915	V-type proton ATPase
gene_7472	135	putative double-stranded DNA-binding domain-containing protein
gene_7473	440	putative methionine aminopeptidase
gene_7474	414	putative FAD binding domain-containing protein
gene_7475	477	hypothetical protein
gene_7476	471	putative KH domain-containing protein
gene_7477	691	putative LIM domain-containing protein
gene_7478	771	putative amino acid permease
gene_7479	637	5'-nucleotidase
gene_748	718	Protein kinase-like domain-containing protein
gene_7480	250	putative ribosomal L28 family protein
gene_7481	204	hypothetical protein
gene_7482	50	hypothetical protein
gene_7483	586	putative FYVE zinc finger protein
gene_7484	296	Peptidase S8/S53 domain-containing protein
gene_7485	546	hypothetical protein
gene_7486	170	hypothetical protein
gene_7487	467	dioxygenase
gene_7488	1029	putative fungal-specific transcription factor domain-containing protein
gene_7489	199	putative AIG2-like family protein
gene_749	594	hypothetical protein
gene_7490	798	putative OPT family small oligopeptide transporter
gene_7491	1270	putative MYND finger
gene_7492	540	Protein kinase-like domain-containing protein
gene_7493	155	putative CoA binding domain-containing protein
gene_7494	305	hypothetical protein
gene_7495	135	hypothetical protein
gene_7496	738	hypothetical protein
gene_7497	446	hypothetical protein
gene_7498	204	YL1 nuclear protein C-terminal domain-domain containing protein
gene_7499	329	putative methyltransferase domain-containing protein
gene_75	634	hypothetical protein
gene_750	437	putative eIF3 subunit 6 N terminal domain-containing protein
gene_7500	375	hypothetical protein
gene_7501	95	hypothetical protein
gene_7502	416	hypothetical protein
gene_7503	901	putative fungal-specific transcription factor domain-containing protein
gene_7504	527	putative QDE-2-interacting protein
gene_7505	578	Mov34/MPN/PAD-1 family protein
gene_7506	484	hypothetical protein
gene_7507	159	hypothetical protein
gene_7508	390	putative isochorismatase
gene_7509	598	Isocitrate lyase
gene_751	237	hypothetical protein
gene_7510	79	hypothetical protein
gene_7511	228	putative vesicle transport V-SNARE protein
gene_7512	770	putative glycosyl hydrolase family 3 N terminal domain-containing protein
gene_7513	318	putative aldose 1-epimerase
gene_7514	266	hypothetical protein
gene_7515	61	hypothetical protein
gene_7516	239	putative pectate lyase
gene_7517	152	putative RNA recognition domain-containing protein
gene_7518	448	hypothetical protein
gene_7519	489	putative nucleotide-sugar transporter
gene_752	740	hypothetical protein
gene_7520	217	Rab5-interacting protein (Rab5ip)-domain containing protein
gene_7521	762	hypothetical protein
gene_7522	354	putative alcohol dehydrogenase
gene_7523	239	putative thermoresistant glucokinase family carbohydrate kinase
gene_7524	416	family 18 putative glycosyl hydrolase
gene_7525	539	Cytochrome P450
gene_7526	640	putative capsular associated protein
gene_7527	963	putative tat pathway signal sequence
gene_7528	924	putative F-box domain-containing protein
gene_7529	299	putative tetratricopeptide
gene_753	146	hypothetical protein
gene_7530	367	putative TTL domain-containing protein
gene_7531	1527	Armadillo-type fold
gene_7532	472	putative transmembrane amino acid transporter
gene_7533	144	hypothetical protein
gene_7534	850	Fungal specific transcription factor domain-domain containing protein
gene_7535	75	hypothetical protein
gene_7536	1347	putative chromo domain-containing protein
gene_7537	458	hypothetical protein
gene_7538	768	putative sulfate permease
gene_7539	65	hypothetical protein
gene_754	209	hypothetical protein
gene_7540	243	hypothetical protein
gene_7541	650	putative glycosyl hydrolase
gene_7542	568	putative ubiquitin carboxyl-terminal hydrolase
gene_7543	721	hypothetical protein
gene_7544	324	family 62 putative glycosyl hydrolase
gene_7545	1107	hypothetical protein
gene_7546	407	hypothetical protein
gene_7547	1151	putative calcium-translocating P-type ATPase
gene_7548	97	mitochondrial ribosomal protein L44 KZL82287.1 39s ribosomal protein l53 mrp-l53 OHW95470.1 39s ribosomal protein l53 mrp-l53
gene_7549	333	putative agglutinin isolectin 1
gene_755	179	histone H3-like centromeric protein hH3v
gene_7550	344	NMT1/THI5 like-domain containing protein
gene_7551	290	hypothetical protein
gene_7552	2331	putative KR domain-containing protein
gene_7553	110	hypothetical protein
gene_7554	1165	putative linoleate diol synthase
gene_7555	1434	hypothetical protein
gene_7556	1365	putative ABC-2 type transporter
gene_7557	484	putative transmembrane amino acid transporter
gene_7558	345	putative bax inhibitor family protein
gene_7559	253	caleosin domain-containing protein
gene_756	290	hypothetical protein
gene_7560	331	hypothetical protein
gene_7561	290	hypothetical protein
gene_7562	251	proteasome A-type and B-type XP_022469415.1 proteasome A-type and B-type XP_035325996.1 proteasome A-type and B-type EXF83435.1 proteasome A-type and B-type KDN64109.1 putative proteasome A-type and B-type KXH42966.1 proteasome A-type and B-type KXH53356.1 proteasome A-type and B-type KXH63275.1 proteasome A-type and B-type KZL63061.1 proteasome subunit alpha type-4 OLN87020.1 putative proteasome subunit alpha type-3 TKW48910.1 putative proteasome subunit alpha type-3 TQN66372.1 putative proteasome subunit alpha type-3
gene_7564	175	hypothetical protein
gene_7565	264	DASH complex subunit Spc34 EFQ31763.1 DASH complex subunit Spc34
gene_7566	241	bZIP transcription factor
gene_7567	1016	Conserved hypothetical ATP binding protein-domain containing protein
gene_7568	303	putative isoflavone reductase
gene_7569	514	putative serine carboxypeptidase
gene_757	358	putative RING finger domain-containing protein
gene_7571	208	hypothetical protein
gene_7572	162	hypothetical protein
gene_7573	209	hypothetical protein
gene_7574	474	putative DEAD/DEAH box helicase
gene_7575	213	hypothetical protein
gene_7576	371	putative tartrate dehydrogenase
gene_7577	295	hypothetical protein
gene_7578	725	hypothetical protein
gene_7579	368	putative zinc-binding dehydrogenase
gene_758	443	Small acidic protein family-domain containing protein
gene_7580	438	putative phosphopyruvate hydratase
gene_7581	271	hypothetical protein
gene_7582	143	ribosomal protein S9/S16 XP_018161801.1 ribosomal protein S9/S16 XP_022468692.1 ribosomal protein S9/S16 KDN71973.1 putative ribosomal protein S9/S16 KZL68784.1 40S ribosomal protein S16 OHW90031.1 40s ribosomal protein s16 TID02214.1 40S ribosomal protein S16 TKW50749.1 40S ribosomal protein S16 TQN69791.1 40S ribosomal protein S16
gene_7583	159	arsenate reductase
gene_7584	133	hypothetical protein
gene_7585	464	putative hydroxymethylglutaryl-CoA synthase
gene_7586	404	hypothetical protein
gene_7587	251	hypothetical protein
gene_7588	654	putative cytochrome P450 monooxygenase
gene_7589	496	putative PHD-finger domain-containing protein
gene_759	154	hypothetical protein
gene_7590	575	hypothetical protein
gene_7591	241	putative iron/manganese superoxide dismutase
gene_7592	972	putative elongation factor Tu GTP binding domain-containing protein
gene_7593	468	hypothetical protein
gene_7594	265	hypothetical protein
gene_7595	458	TIP49 C-terminus-domain containing protein
gene_7596	757	2-oxoglutarate-Fe(II) type oxidoreductase hxnY
gene_7597	549	Sugar (and other) transporter-domain containing protein
gene_7598	330	putative chitin deacetylase 1
gene_7599	148	hypothetical protein
gene_76	310	hypothetical protein
gene_760	721	Alpha/Beta hydrolase fold
gene_7600	348	putative 2OG-Fe(II)oxygenase superfamily protein
gene_7601	273	putative capsule polysaccharide biosynthesis protein
gene_7602	706	gibberellin 2-beta-dioxygenase 4
gene_7603	315	hypothetical protein
gene_7604	661	Fumarylacetoacetase
gene_7605	256	hypothetical protein
gene_7606	144	putative glutathione-dependent formaldehyde-activating enzyme
gene_7607	478	hypothetical protein
gene_7608	235	putative synaptobrevin
gene_7609	130	hypothetical protein
gene_761	836	putative amidase
gene_7610	819	carnosine N-methyltransferase
gene_7611	786	ATPase EFQ26482.1 ATPase
gene_7612	1235	hypothetical protein
gene_7613	227	putative isochorismatase hydrolase
gene_7614	71	putative glucose-repressible protein
gene_7615	866	putative fungal-specific transcription factor domain-containing protein
gene_7616	322	putative phosphatidylserine decarboxylase
gene_7617	98	hypothetical protein
gene_7618	314	Mitochondrial carrier domain-containing protein
gene_7619	322	putative vacuolar protein sorting-associated protein 26
gene_762	494	major facilitator superfamily transporter EFQ29399.1 major facilitator superfamily transporter
gene_7620	786	putative 6-phosphofructokinase
gene_7621	839	putative FF domain-containing protein
gene_7622	108	hypothetical protein
gene_7623	492	hypothetical protein
gene_7624	502	putative major facilitator superfamily transporter
gene_7626	202	hypothetical protein
gene_7627	797	putative stress-activated map kinase-interacting protein
gene_7628	524	cytochrome p450
gene_7629	552	50S ribosomal protein L1
gene_763	302	hypothetical protein
gene_7630	247	putative GDSL-like Lipase/Acylhydrolase
gene_7631	247	putative ubiquitin carboxyl-terminal hydrolase, family 1
gene_7632	430	hypothetical protein
gene_7633	617	putative L-amino acid oxidase
gene_7634	203	hypothetical protein
gene_7636	543	putative cytochrome P450
gene_7637	242	hypothetical protein
gene_7638	692	Dynamin central region-domain containing protein
gene_7639	240	hypothetical protein
gene_764	513	putative major facilitator superfamily transporter
gene_7640	518	Uncharacterized protein family UPF0016-domain containing protein
gene_7641	1399	putative GYF domain-containing protein
gene_7642	1055	putative D-xylulose kinase A
gene_7643	416	hypothetical protein
gene_7644	330	Isoprenoid synthase domain-containing protein
gene_7645	634	hypothetical protein
gene_7646	1580	PXA domain-domain containing protein
gene_7647	338	Membrane bound O-acyl transferase family-domain containing protein
gene_7648	479	hypothetical protein
gene_7649	305	putative aldo/keto reductase
gene_765	213	hypothetical protein
gene_7650	432	Alpha/beta hydrolase family-domain containing protein
gene_7651	604	hypothetical protein
gene_7652	169	alcohol dehydrogenase-like protein-like protein
gene_7653	1163	putative kinesin motor domain-containing protein
gene_7654	664	Thymidylate synthase/dCMP hydroxymethylase domain-containing protein
gene_7655	666	putative transcription factor SPT8
gene_7656	2268	WSC domain-domain containing protein
gene_7657	430	putative 2-oxoacid dehydrogenase acyltransferase
gene_7658	299	putative ribosomal protein S9/S16
gene_7659	939	transmembrane amino acid transporter
gene_766	978	family 31 putative glycosyl hydrolase
gene_7660	101	putative oxidoreductase
gene_7661	896	hypothetical protein
gene_7662	557	Scd6-like Sm domain-domain containing protein
gene_7663	374	hypothetical protein
gene_7664	255	hypothetical protein
gene_7665	130	hypothetical protein
gene_7666	527	putative major facilitator superfamily transporter
gene_7667	133	putative endoribonuclease L-PSP
gene_7668	858	putative Ulp1 protease family protein
gene_7669	234	ribosomal protein L14
gene_767	252	hypothetical protein
gene_7670	1036	Serine/threonine-protein kinase
gene_7671	761	peptidase family M49
gene_7672	753	hypothetical protein
gene_7673	187	Rho-like small GTPase KZL82127.1 rho-like small OHW99838.1 transforming protein rho
gene_7674	1376	hypothetical protein
gene_7675	82	hypothetical protein
gene_7676	501	putative aldehyde dehydrogenase
gene_7677	372	hypothetical protein
gene_7678	540	hypothetical protein
gene_7679	497	hypothetical protein
gene_768	557	putative MYND finger
gene_7680	333	putative PhlG protein
gene_7681	511	Alpha/Beta hydrolase fold
gene_7682	507	putative major facilitator superfamily transporter
gene_7683	313	putative ribosomal protein L15
gene_7684	771	putative geranylgeranyl pyrophosphate synthase
gene_7685	354	hypothetical protein
gene_7686	552	putative glycosyl transferase group 1
gene_7687	655	putative AFG1-like ATPase
gene_7688	316	UbiA prenyltransferase family-domain containing protein
gene_7689	376	putative transcription factor IIA
gene_769	658	zinc-type alcohol dehydrogenase-like protein PB24D3.08c 2
gene_7690	647	Beta-lactamase-like protein
gene_7691	309	putative short chain dehydrogenase
gene_7692	1263	putative ABC-2 type transporter
gene_7693	197	ATP synthase subunit 9, mitochondrial
gene_7694	716	hypothetical protein
gene_7695	322	hypothetical protein
gene_7696	232	hypothetical protein
gene_7697	71	Mitochondrial ATP synthase epsilon chain-domain containing protein
gene_7698	363	putative fibronectin type III domain-containing protein
gene_7699	422	putative pre-mRNA-splicing factor 38B
gene_77	150	hypothetical protein
gene_770	1578	hypothetical protein
gene_7700	427	hypothetical protein
gene_7701	1214	Coatomer WD associated region-domain containing protein
gene_7702	185	hypothetical protein
gene_7703	648	Protein phosphatase 2C (PP2C)-like domain-containing protein
gene_7704	157	KR domain-domain containing protein
gene_7705	482	hypothetical protein
gene_7706	274	putative phospholipase/Carboxylesterase superfamily protein
gene_7707	463	putative cation efflux family protein
gene_7709	1066	F-box and wd repeat-containing protein
gene_771	1269	putative ATPase
gene_7710	928	putative actin interacting protein 3
gene_7711	363	S-adenosyl-L-methionine-dependent methyltransferase
gene_7712	192	hypothetical protein
gene_7713	914	putative peptidase C65 Otubain
gene_7714	568	hypothetical protein
gene_7715	96	cupin domain-containing protein
gene_7716	661	putative fungal-specific transcription factor domain-containing protein
gene_7717	418	putative TfdA family taurine catabolism dioxygenase TauD
gene_7718	362	S-adenosyl-L-methionine-dependent methyltransferase
gene_7719	746	NmrA-like family protein
gene_772	329	putative tyrosine phosphatase
gene_7720	324	hypothetical protein
gene_7721	402	hypothetical protein
gene_7722	420	putative pantothenate transporter liz1
gene_7723	289	Alpha/Beta hydrolase fold
gene_7724	358	hypothetical protein
gene_7725	343	hypothetical protein
gene_7726	721	putative L-serine ammonia-lyase
gene_7727	1162	mitochondrial processing peptidase alpha chain precursor MPP
gene_7728	234	acetyltransferase
gene_7729	347	putative sphingoid long-chain base transporter RSB1
gene_773	681	putative heterokaryon incompatibility protein
gene_7730	218	hypothetical protein
gene_7731	350	hypothetical protein
gene_7732	448	hypothetical protein
gene_7733	344	hypothetical protein
gene_7734	474	putative YidC/Oxa1 family membrane protein insertase
gene_7735	349	putative bucentaur or craniofacial development
gene_7736	301	hypothetical protein
gene_7737	82	hypothetical protein
gene_7738	445	Mitochondrial carrier domain-containing protein
gene_774	527	Amino acid permease-domain containing protein
gene_7740	188	hypothetical protein
gene_7741	1193	putative endonuclease/Exonuclease/phosphatase
gene_7742	1792	putative GMC oxidoreductase
gene_7743	212	hypothetical protein
gene_7744	895	WD40-repeat-containing domain protein
gene_7745	614	archaeal flagellin N-terminal-like domain-containing protein EFQ34155.1 archaeal flagellin N-terminal-like domain-containing protein
gene_7746	1288	serine threonine protein KAF4776189.1 serine threonine protein
gene_7747	876	putative guanylate kinase
gene_7748	1149	putative ribosome biogenesis protein Urb1
gene_7749	211	putative VanZ like family protein
gene_775	326	putative glutathione S-transferase
gene_7750	535	Senescence-associated protein-domain containing protein
gene_7751	462	putative GDSL-like Lipase/Acylhydrolase
gene_7752	1068	putative cytochrome P450
gene_7753	324	putative phosphotransferase
gene_7754	482	alkaline phosphatase
gene_7755	1492	putative UDP-glucose:Glyco protein glucosyltransferase
gene_7756	1098	hypothetical protein
gene_7757	477	putative phosphotransferase enzyme family protein
gene_7758	208	putative complex I intermediate-associated protein 30
gene_7759	524	Pyridoxal phosphate-dependent transferase
gene_776	2519	putative beta-ketoacyl synthase domain-containing protein
gene_7760	1042	putative amino acid adenylation domain-containing protein
gene_7761	414	family 18 putative glycosyl hydrolase
gene_7762	323	putative spermidine synthase
gene_7763	455	g-protein coupled receptor
gene_7764	221	hypothetical protein
gene_7765	245	hypothetical protein
gene_7766	175	hypothetical protein
gene_7767	715	putative exonuclease
gene_7768	261	putative peroxidase
gene_7769	158	hypothetical protein
gene_777	503	hypothetical protein
gene_7770	471	putative aminotransferase class-III
gene_7771	480	hypothetical protein
gene_7772	500	Protein kinase-like domain-containing protein
gene_7773	257	hypothetical protein
gene_7774	245	putative superoxide dismutase
gene_7775	240	putative G-patch domain-containing protein
gene_7776	368	hypothetical protein
gene_7777	364	hypothetical protein
gene_7778	247	putative methyltransferase domain-containing protein
gene_7779	391	putative cytochrome P450 78A3
gene_778	507	Mitochondrial matrix Mmp37-domain containing protein
gene_7781	517	putative GMC oxidoreductase
gene_7782	441	putative caspase domain-containing protein
gene_7783	222	hypothetical protein
gene_7784	556	hypothetical protein
gene_7785	128	hypothetical protein
gene_7786	539	putative SMI1/KNR4 family protein
gene_7787	298	hypothetical protein
gene_7788	912	putative chitin synthase
gene_7789	185	hypothetical protein
gene_779	489	Protein kinase-like domain-containing protein
gene_7790	399	PUA-like domain-containing protein
gene_7791	2978	Mitochondrial protein from FMP27-domain containing protein
gene_7792	175	putative ricin B lectin
gene_7793	998	putative hydantoinase/oxoprolinase
gene_7794	653	family 15 putative glycosyl hydrolase
gene_7795	205	hypothetical protein
gene_7796	275	peptidase M76 family protein
gene_7797	477	putative oxidoreductase NAD-binding domain-containing protein
gene_7798	171	putative ribosomal protein L27
gene_7799	158	SUMO-conjugating enzyme ubc9 KDN66307.1 putative SUMO-conjugating enzyme ubc9 KZL68489.1 sumo-conjugating enzyme ubc9 TIC92780.1 SUMO-conjugating enzyme ubc9 TKW57938.1 SUMO-conjugating enzyme ubc9 KAF4785865.1 SUMO-conjugating enzyme ubc9
gene_78	617	hypothetical protein
gene_780	619	putative methylenetetrahydrofolate reductase
gene_7800	738	hypothetical protein
gene_7801	1510	autophagy-related protein 13
gene_7802	321	family 28 putative glycosyl hydrolase
gene_7803	415	putative cellulase
gene_7804	165	hypothetical protein
gene_7805	311	hypothetical protein
gene_7806	336	Clr5 domain-domain containing protein
gene_7807	304	hypothetical protein
gene_7808	815	Six-hairpin glycosidase-like protein
gene_7809	432	hypothetical protein
gene_781	236	hypothetical protein
gene_7811	627	Mitochondrial carrier domain-containing protein
gene_7812	576	Protein of unknown function (DUF2434)-domain containing protein
gene_7813	994	aldolase vrtJ KAF4925662.1 aldolase vrtJ
gene_7814	304	cyclin-dependent kinase 2
gene_7815	484	hypothetical protein
gene_7816	369	hypothetical protein
gene_7817	448	putative FAD dependent oxidoreductase
gene_7818	157	putative transcriptional Coactivator p15
gene_7819	854	Protein kinase-like domain-containing protein
gene_782	393	hypothetical protein
gene_7820	361	hypothetical protein
gene_7821	660	putative FAD binding domain-containing protein
gene_7822	391	Batten's disease protein Cln3
gene_7823	229	Protein of unknown function (DUF4237)-domain containing protein
gene_7824	602	hypothetical protein
gene_7825	417	Protein of unknown function (DUF3429)-domain containing protein
gene_7826	680	hypothetical protein
gene_7827	369	putative Cip2
gene_7828	205	putative Snf7 family protein OHX01025.1 snf7 family protein TIC96187.1 vacuolar protein-sorting-associated protein 46 TKW51175.1 vacuolar protein-sorting-associated protein 46 TQN70949.1 vacuolar protein-sorting-associated protein 46
gene_7829	423	Amino acid permease/ SLC12A domain-containing protein
gene_783	671	putative fungal-specific transcription factor domain-containing protein
gene_7830	978	putative FAD binding domain-containing protein
gene_7831	715	putative transcription initiation factor IIF subunit alpha
gene_7832	547	putative calcineurin-like phosphoesterase
gene_7833	308	putative RTA1 like protein
gene_7834	460	Methyltransferase domain-domain containing protein
gene_7835	383	putative ubiquitin fusion degradation protein UFD1
gene_7836	270	Major facilitator superfamily domain-containing protein
gene_7837	214	putative ER lumen protein retaining receptor
gene_7838	524	hypothetical protein
gene_7839	1517	putative Sec7 domain-containing protein
gene_784	603	putative major facilitator superfamily transporter
gene_7840	614	Protein of unknown function (DUF1446)-domain containing protein
gene_7841	188	hypothetical protein
gene_7842	894	putative RNA-binding protein
gene_7843	892	hypothetical protein
gene_7844	347	putative ankyrin repeat domain-containing protein
gene_7846	799	major facilitator superfamily transporter
gene_7847	117	50S ribosomal protein L30e-like protein
gene_7848	384	putative O-methyltransferase
gene_7849	576	putative major facilitator superfamily transporter
gene_785	4973	putative ATPase
gene_7850	478	putative oxidoreductase
gene_7851	1131	family 18 putative glycosyl hydrolase
gene_7852	1283	hypothetical protein
gene_7853	997	hypothetical protein
gene_7854	102	hypothetical protein
gene_7855	572	hypothetical protein
gene_7856	95	hypothetical protein
gene_7857	466	putative ATP-NAD kinase
gene_7858	323	hypothetical protein
gene_7859	1067	family 47 putative glycosyl hydrolase
gene_786	165	hypothetical protein
gene_7860	840	putative cytochrome P450
gene_7861	586	hypothetical protein
gene_7863	317	hypothetical protein
gene_7864	922	putative Cullin family protein
gene_7865	1167	hypothetical protein
gene_7866	373	Glycosyl hydrolase catalytic core-domain containing protein
gene_7867	729	putative fungal-specific transcription factor domain-containing protein
gene_7868	867	P-loop containing nucleoside triphosphate hydrolase protein
gene_7869	436	benzoate 4-monooxygenase cytochrome P450
gene_787	143	hypothetical protein
gene_7870	296	hypothetical protein
gene_7871	1783	putative chitin synthase
gene_7872	975	putative helicase associated domain-containing protein
gene_7873	232	Bacterial protein of unknown function (DUF925)-domain containing protein
gene_7874	137	hypothetical protein
gene_7875	110	hypothetical protein
gene_7876	755	putative voltage gated chloride channel
gene_7877	226	hypothetical protein
gene_7878	679	putative dihydrofolate synthetase
gene_7879	141	hypothetical protein
gene_788	452	putative prephenate dehydrogenase
gene_7880	116	hypothetical protein
gene_7881	176	hypothetical protein
gene_7882	287	putative endoplasmic reticulum protein
gene_7883	178	Transposase-domain containing protein
gene_7884	371	putative alcohol dehydrogenase GroES-like domain-containing protein
gene_7885	258	hypothetical protein
gene_7886	519	hypothetical protein
gene_7887	795	Nitrogen permease regulator 2-domain containing protein
gene_7888	742	putative ATPase
gene_7889	296	putative von Willebrand factor type A domain-containing protein
gene_789	1582	putative RhoGAP domain-containing protein
gene_7890	388	hypothetical protein
gene_7891	365	putative 2OG-Fe(II)oxygenase superfamily protein
gene_7892	788	putative fungal-specific transcription factor domain-containing protein
gene_7893	113	hypothetical protein
gene_7894	377	hypothetical protein
gene_7895	322	putative zinc knuckle
gene_7896	153	hypothetical protein
gene_7897	675	putative cyclin
gene_7898	135	hypothetical protein
gene_7899	243	hypothetical protein
gene_79	309	hypothetical protein
gene_790	240	hypothetical protein
gene_7900	82	hypothetical protein
gene_7901	637	putative Exo70 exocyst complex subunit
gene_7902	115	hypothetical protein
gene_7903	427	hypothetical protein
gene_7904	243	putative exosome complex subunit Rrp46
gene_7905	419	putative ZIP zinc transporter
gene_7906	333	putative WD domain-containing protein
gene_7907	206	hypothetical protein
gene_7908	1255	hypothetical protein
gene_7909	298	hypothetical protein
gene_791	54	hypothetical protein
gene_7910	406	hypothetical protein
gene_7911	277	putative Mpv17/PMP22 family protein
gene_7912	874	putative DNA ligase I
gene_7913	575	putative rhomboid family protein
gene_7914	992	hypothetical protein
gene_7915	429	CFEM domain-containing protein
gene_7916	392	hypothetical protein
gene_7917	377	hypothetical protein
gene_7918	1365	hypothetical protein
gene_7919	199	pterin 4 alpha carbinolamine dehydratase
gene_792	546	Uncharacterized alpha/beta hydrolase domain (DUF2235)-domain containing protein
gene_7920	1479	hypothetical protein
gene_7921	342	putative class II aldolase and Adducin domain-containing protein
gene_7922	964	putative fungal-specific transcription factor domain-containing protein
gene_7923	334	putative nicotinate-nucleotide diphosphorylase
gene_7924	415	putative DnaJ domain-containing protein
gene_7926	777	putative N-acetylglucosaminyl transferase component
gene_7927	316	ribose-phosphate pyrophosphokinase 1
gene_7928	335	Alpha/Beta hydrolase fold
gene_7929	295	hypothetical protein
gene_793	309	hypothetical protein
gene_7930	364	exoribonuclease family protein
gene_7931	883	Glycosyl transferase family group 2-domain containing protein
gene_7932	287	putative cell division control protein 14
gene_7933	968	putative SET domain-containing protein
gene_7935	393	hypothetical protein
gene_7936	490	putative ergosterol biosynthesis ERG4/ERG24 family protein
gene_7937	419	hypothetical protein
gene_7939	715	putative FAD binding domain-containing protein
gene_794	647	putative heterokaryon incompatibility protein
gene_7940	470	Alpha/Beta hydrolase fold
gene_7941	370	putative 3-hydroxyacyl-CoA dehydrogenase
gene_7942	138	hypothetical protein
gene_7943	539	hypothetical protein
gene_7944	179	family protein EFQ28674.1 ARD/ARD
gene_7945	293	putative NAD dependent epimerase/dehydratase
gene_7946	581	hypothetical protein
gene_7947	529	putative chalcone-flavanone isomerase
gene_7948	797	putative PAP2 superfamily protein
gene_7949	523	hypothetical protein
gene_7950	561	putative major facilitator superfamily transporter
gene_7951	315	putative lactoylglutathione lyase
gene_7952	225	hypothetical protein
gene_7953	632	putative histidine acid phosphatase
gene_7954	391	Cryptococcal mannosyltransferase 1-domain containing protein
gene_7955	504	Domain of unknown function (DUF1338)-domain containing protein
gene_7956	382	hypothetical protein
gene_7957	606	putative UV radiation resistance-associated protein
gene_7958	96	hypothetical protein
gene_7959	254	hypothetical protein
gene_796	563	putative arginine-tRNA-protein transferase
gene_7960	618	putative multicopper oxidase
gene_7961	203	hypothetical protein
gene_7962	307	hypothetical protein
gene_7963	504	SGNH hydrolase-type esterase domain-containing protein
gene_7964	192	hypothetical protein
gene_7965	524	cytochrome p450
gene_7966	587	putative major facilitator superfamily transporter
gene_7967	2118	putative mitochondrial membrane protein
gene_7968	1394	hypothetical protein
gene_7969	709	putative modin
gene_797	510	hypothetical protein
gene_7970	1054	putative leucine carboxyl methyltransferase
gene_7971	527	putative heterokaryon incompatibility protein
gene_7972	245	putative Isy1-like splicing family protein
gene_7973	1195	putative SNF2 family domain-containing protein
gene_7974	450	hypothetical protein
gene_7975	1255	aminopeptidase 2
gene_7976	239	hypothetical protein
gene_7977	546	hypothetical protein
gene_7978	599	putative high-affinity methionine permease
gene_7979	212	hypothetical protein
gene_798	519	putative repetitive proline-rich cell wall protein
gene_7980	251	hypothetical protein
gene_7981	844	Protein of unknown function (DUF3419)-domain containing protein
gene_7982	689	putative ABC1 family protein
gene_7983	300	putative HIT zinc finger protein
gene_7984	903	family 20 putative glycosyltransferase
gene_7985	333	putative cutinase
gene_7986	1045	glycoside hydrolase
gene_7987	200	putative mediator complex protein
gene_7988	1881	putative HECT-domain-containing protein
gene_799	846	hypothetical protein
gene_7990	769	Fungal specific transcription factor domain-domain containing protein
gene_7991	80	hypothetical protein
gene_7992	414	hypothetical protein
gene_7993	204	ETC complex I subunit conserved region-domain containing protein
gene_7994	281	hypothetical protein
gene_7995	827	hypothetical protein
gene_7997	1727	hypothetical protein
gene_7998	515	Major facilitator superfamily domain-containing protein
gene_7999	254	putative enoyl-CoA hydratase/isomerase
gene_8	473	hypothetical protein
gene_80	835	Protein of unknown function (DUF726)-domain containing protein
gene_800	1157	hypothetical protein
gene_8000	463	putative FAD dependent oxidoreductase
gene_8001	1024	putative kinesin light chain
gene_8002	290	putative BTB/POZ domain-containing protein
gene_8003	945	hypothetical protein
gene_8004	159	calmodulin
gene_8005	399	family 76 putative glycosyl hydrolase
gene_8006	474	hypothetical protein
gene_8007	269	putative acetyltransferase
gene_8008	366	hypothetical protein
gene_8009	347	putative Prp18 domain-containing protein
gene_801	486	hypothetical protein
gene_8010	578	CoA-transferase family III domain-containing protein
gene_8011	540	putative C6 zinc finger protein
gene_8012	1352	putative ABC transporter
gene_8013	1032	Glycosyl hydrolase family 71-domain containing protein
gene_8014	538	putative major facilitator superfamily transporter
gene_8015	311	Mitochondrial carrier domain-containing protein
gene_8016	255	putative isoprenylcysteine carboxyl methyltransferase
gene_8017	243	putative chromo domain-containing protein
gene_8018	185	hypothetical protein
gene_8019	500	putative NCS1 nucleoside transporter
gene_802	346	hypothetical protein
gene_8021	889	hypothetical protein
gene_8022	512	hypothetical protein
gene_8023	1736	Serine/threonine-protein kinase VPS15
gene_8024	508	Uncharacterised conserved protein UCP028846
gene_8026	228	hypothetical protein
gene_8027	661	putative GMC oxidoreductase
gene_8028	848	putative voltage gated chloride channel
gene_8029	415	Family of unknown function (DUF500)-domain containing protein
gene_803	575	putative FAD binding domain-containing protein
gene_8030	194	hypothetical protein
gene_8031	425	putative endo-beta-1,6-glucanase
gene_8032	67	cytochrome c oxidase
gene_8033	256	hypothetical protein
gene_8034	272	Protein of unknown function (DUF1295)-domain containing protein
gene_8035	354	putative GEgh16 protein
gene_8036	790	putative RNA recognition domain-containing protein
gene_8037	497	hypothetical protein
gene_8038	1475	putative DNA polymerase
gene_8039	182	ribonuclease EFQ30862.1 ribonuclease
gene_804	367	putative platelet-activating factor acetylhydrolase
gene_8040	600	putative AMP-binding enzyme
gene_8041	208	hypothetical protein
gene_8042	172	hypothetical protein
gene_8043	334	hypothetical protein
gene_8044	1031	putative MCM2/3/5 family protein
gene_8045	509	putative cellulase
gene_8046	61	hypothetical protein
gene_8047	1739	hypothetical protein
gene_8048	1106	acyltransferase
gene_8049	344	hypothetical protein
gene_805	573	hypothetical protein
gene_8050	541	putative DEAD/DEAH box helicase
gene_8051	83	hypothetical protein
gene_8052	975	Frequency clock protein
gene_8053	551	hypothetical protein
gene_8054	119	hypothetical protein
gene_8055	732	putative formyl transferase domain-containing protein
gene_8056	4122	putative polyketide synthetase
gene_8057	737	putative shugoshin
gene_8058	170	putative cytochrome c oxidase subunit IV
gene_8059	363	putative peptidase family M3
gene_806	271	Domain of unknown function (DUF3328)-domain containing protein
gene_8060	467	hypothetical protein
gene_8061	600	hypothetical protein
gene_8062	519	putative coenzyme A transferase
gene_8063	411	putative phosphomannose isomerase type I
gene_8064	1061	putative WSC domain-containing protein
gene_8065	511	putative ubiquitin carboxyl-terminal hydrolase
gene_8066	203	hypothetical protein
gene_8067	380	putative PAF acetylhydrolase
gene_8068	78	hypothetical protein
gene_8069	534	putative G-patch domain-containing protein
gene_807	606	putative dehydratase
gene_8070	322	hypothetical protein
gene_8071	432	putative phosphotransferase enzyme family protein
gene_8072	325	hypothetical protein
gene_8073	628	putative AMP-binding enzyme
gene_8074	361	putative CDK-activating kinase assembly factor MAT1
gene_8075	642	Neurochondrin-domain containing protein
gene_8076	159	putative ribose 5-phosphate isomerase
gene_8077	555	putative sugar porter family MFS transporter
gene_8078	370	putative zinc-binding dehydrogenase
gene_8079	366	putative alcohol dehydrogenase GroES-like domain-containing protein
gene_808	115	V-type proton ATPase
gene_8080	310	Eukaryotic protein of unknown function (DUF829)-domain containing protein
gene_8081	438	putative major facilitator superfamily transporter
gene_8082	914	hypothetical protein
gene_8083	758	P-loop containing nucleoside triphosphate hydrolase protein
gene_8085	242	hypothetical protein
gene_8086	555	hypothetical protein
gene_8087	613	Protein of unknown function (DUF3295)-domain containing protein
gene_8088	169	putative acetyltransferase
gene_8089	470	WD40-repeat-containing domain protein
gene_809	429	putative beta-glucosidase
gene_8090	398	hypothetical protein
gene_8091	96	putative fungal hydrophobin
gene_8092	895	putative nuclear pore complex protein An-Nup82
gene_8093	298	hypothetical protein
gene_8094	394	hypothetical protein
gene_8095	631	putative bZIP transcription factor
gene_8096	508	putative glutathione-disulfide reductase
gene_8097	433	putative NADH:flavin oxidoreductase/NADH oxidase
gene_8098	486	hypothetical protein
gene_81	517	hypothetical protein
gene_810	852	family 92 putative glycosyl hydrolase
gene_8100	309	hypothetical protein
gene_8101	737	Heterokaryon incompatibility protein (HET)-domain containing protein
gene_8102	299	putative ribosomal protein L27
gene_8103	80	hypothetical protein
gene_8104	491	putative tat pathway signal sequence
gene_8105	736	putative fungal-specific transcription factor domain-containing protein
gene_8106	705	putative AMP-binding enzyme
gene_8107	244	hypothetical protein
gene_8108	515	endoribonuclease l-psp protein
gene_8109	577	hypothetical protein
gene_811	213	hypothetical protein
gene_8110	628	putative IBR domain-containing protein
gene_8111	230	hypothetical protein
gene_8112	150	hypothetical protein
gene_8113	295	hypothetical protein
gene_8114	487	putative serine carboxypeptidase
gene_8115	365	hypothetical protein
gene_8116	944	hypothetical protein
gene_8117	208	hypothetical protein
gene_8118	329	putative ribokinase
gene_8119	922	putative raffinose synthase Sip1
gene_812	485	putative COP9 signalosome complex subunit 3
gene_8120	138	hypothetical protein
gene_8121	628	putative ferric reductase like transmembrane component
gene_8122	226	hypothetical protein
gene_8123	200	putative V-type ATPase
gene_8124	128	putative ppic-type ppiase domain-containing protein
gene_8125	393	hypothetical protein
gene_8126	588	putative ERCC4 domain-containing protein
gene_8127	528	putative cytochrome P450
gene_8128	3484	hypothetical protein
gene_813	634	putative DEAD/DEAH box helicase
gene_8130	1030	WD domain-containing protein EFQ31374.1 WD domain-containing protein
gene_8131	283	hypothetical protein
gene_8132	700	mitochondrial import receptor subunit tom22
gene_8133	491	putative transcription factor tfb2
gene_8134	362	Alpha/Beta hydrolase fold
gene_8135	213	hypothetical protein
gene_8136	701	hypothetical protein
gene_8137	873	putative M protein repeat protein
gene_8138	636	putative LCCL domain-containing protein
gene_8139	173	hypothetical protein
gene_814	118	putative microtubule-associated protein
gene_8140	317	Alpha/beta hydrolase family-domain containing protein
gene_8141	527	putative threonyl-tRNA synthetase
gene_8142	1030	hypothetical protein
gene_8143	117	putative Cgr1 family protein
gene_8144	424	putative phosphoserine aminotransferase
gene_8145	313	hypothetical protein
gene_8146	1205	putative C2 domain-containing protein
gene_8147	139	putative 60S ribosomal protein L23
gene_8148	494	putative WSC domain-containing protein
gene_8149	479	hypothetical protein
gene_815	188	putative cytochrome c oxidase subunit VB
gene_8150	392	GA4 desaturase
gene_8151	330	putative prenyltransferase and squalene oxidase
gene_8152	317	Ribosomal L28e protein family-domain containing protein
gene_8153	148	50S ribosomal protein L30e-like protein
gene_8154	167	hypothetical protein
gene_8155	57	hypothetical protein
gene_8156	521	Domain of unknown function (DUF1992)-domain containing protein
gene_8157	260	hypothetical protein
gene_8158	782	Ferric reductase like transmembrane component-domain containing protein
gene_8159	632	putative NUDIX domain-containing protein
gene_816	505	putative acyltransferase
gene_8160	248	hypothetical protein
gene_8161	1359	hypothetical protein
gene_8162	404	hypothetical protein
gene_8163	606	putative WD domain-containing protein
gene_8164	499	Domain of unknown function (DUF1996)-domain containing protein
gene_8165	101	hypothetical protein
gene_8166	174	hypothetical protein
gene_8167	338	hypothetical protein
gene_8168	479	hypothetical protein
gene_8169	261	kinase domain-containing protein
gene_817	250	hypothetical protein
gene_8170	492	putative tRNA-guanine transglycosylase
gene_8171	549	hypothetical protein
gene_8173	267	putative ubiquitin-conjugating enzyme
gene_8174	471	putative glutathionylspermidine synthase
gene_8175	442	O-methyltransferase family protein
gene_8176	776	putative VTC domain-containing protein
gene_8177	576	Major facilitator superfamily domain-containing protein
gene_8178	717	hypothetical protein
gene_8179	148	glutathione-dependent formaldehyde-activating enzyme OHW96546.1 glutathione-dependent formaldehyde-activating enzyme
gene_818	156	hypothetical protein
gene_8180	704	hypothetical protein
gene_8181	260	putative 2-deoxy-D-gluconate 3-dehydrogenase
gene_8182	689	fungal-specific transcription factor domain-containing protein
gene_8183	73	hypothetical protein
gene_8184	1529	protein EFR3
gene_8185	765	putative squalene/oxidosqualene cyclase
gene_8186	163	hypothetical protein
gene_8187	487	putative Gti1/Pac2 family protein
gene_8188	1099	hypothetical protein
gene_8189	284	putative YDG/SRA domain-containing protein
gene_819	351	Putative methyltransferase-domain containing protein
gene_8190	344	putative ras family protein
gene_8192	527	hypothetical protein
gene_8193	1109	hypothetical protein
gene_8194	754	ebs-bah-phd domain-containing protein
gene_8195	544	putative carboxylesterase
gene_8196	593	putative obg family GTPase CgtA
gene_8197	732	hypothetical protein
gene_8198	165	hypothetical protein
gene_8199	230	putative aminodeoxychorismate lyase
gene_82	378	O-methyltransferase-domain containing protein
gene_820	442	putative threonyl and alanyl tRNA synthetase second additional domain-containing protein
gene_8200	118	Protein of unknown function (DUF3317)-domain containing protein
gene_8201	253	putative ribosomal protein L6
gene_8202	579	Sugar (and other) transporter-domain containing protein
gene_8203	304	hypothetical protein
gene_8204	102	hypothetical protein
gene_8205	535	putative FAD binding domain-containing protein
gene_8206	294	putative S-formylglutathione hydrolase
gene_8207	1128	G-patch domain-containing protein
gene_8208	337	putative cation diffusion facilitator family transporter
gene_8209	414	Prion-inhibition and propagation-domain containing protein
gene_8210	731	putative heterokaryon incompatibility protein
gene_8211	703	Ankyrin repeat-containing domain protein
gene_8212	274	hypothetical protein
gene_8213	602	putative WD domain-containing protein
gene_8214	196	putative glutathione S-transferase domain-containing protein
gene_8216	215	putative transporter sec22
gene_8217	249	hypothetical protein
gene_8218	433	putative CUE domain-containing protein
gene_8219	292	hypothetical protein
gene_822	884	hypothetical protein
gene_8220	177	putative ricin B lectin
gene_8222	717	putative DnaJ domain-containing protein
gene_8223	184	putative Cnl2/NKP2 family protein
gene_8224	280	hypothetical protein
gene_8225	911	putative fungal-specific transcription factor
gene_8226	628	RNA polymerase ii paf1
gene_8227	182	hypothetical protein
gene_8228	1021	putative RhoGEF domain-containing protein
gene_8229	1195	putative PHD-finger domain-containing protein
gene_823	300	putative autophagy protein Apg5
gene_8230	181	hypothetical protein
gene_8231	751	Adaptin N terminal region-domain containing protein
gene_8232	345	hypothetical protein
gene_8233	1094	putative NF-X1 type zinc finger protein
gene_8234	351	putative pirin
gene_8235	455	putative ribonuclease T2 family protein
gene_8236	210	putative CS domain-containing protein
gene_8237	358	putative zinc-binding dehydrogenase
gene_8238	54	hypothetical protein
gene_8239	357	putative WD domain-containing protein
gene_824	142	hypothetical protein
gene_8240	847	dimethylaniline monooxygenase
gene_8241	495	putative kynureninase
gene_8242	421	hypothetical protein
gene_8244	544	putative epoxide hydrolase
gene_8245	335	putative triacylglycerol lipase
gene_8246	98	hypothetical protein
gene_8247	483	putative dehydrogenase E1 component
gene_8248	277	putative meiotic recombination protein DMC1
gene_8249	412	putative methionine aminopeptidase
gene_825	353	Guanine nucleotide binding protein (G-protein), alpha subunit
gene_8250	623	putative OPT oligopeptide transporter
gene_8251	146	hypothetical protein
gene_8252	286	putative short chain dehydrogenase
gene_8254	675	putative RNA polymerase II mediator complex component SRB4
gene_8255	157	hypothetical protein
gene_8256	1053	putative RNB domain-containing protein
gene_8257	176	putative Erg28 like protein
gene_8258	100	ubiquitin family protein EFQ29218.1 ubiquitin family protein KDN70134.1 putative ubiquitin family protein
gene_8259	453	hypothetical protein
gene_826	411	P-loop containing nucleoside triphosphate hydrolase protein
gene_8260	513	putative major facilitator superfamily transporter
gene_8261	1123	putative MOZ/SAS family protein
gene_8263	1141	putative potassium/sodium efflux P-type ATPase
gene_8264	617	hypothetical protein
gene_8265	781	Six-hairpin glycosidase-like protein
gene_8266	493	hypothetical protein
gene_8267	3070	beta-ketoacyl synthase
gene_8269	571	hypothetical protein
gene_827	247	putative haloacid dehalogenase-like hydrolase
gene_8270	470	putative nucleotide sugar dehydrogenase
gene_8271	613	putative PHD-finger domain-containing protein
gene_8272	249	putative ribosomal protein L10
gene_8273	484	hypothetical protein
gene_8274	220	hypothetical protein
gene_8275	252	putative phosphoglycerate mutase
gene_8276	947	hypothetical protein
gene_8277	405	hypothetical protein
gene_8278	230	putative DlpA domain-containing protein
gene_8279	655	Protein kinase-like domain-containing protein
gene_828	503	putative acetyltransferase
gene_8280	313	putative SPFH domain/Band 7 family protein
gene_8281	560	short-chain dehydrogenase/ reductase
gene_8282	375	hypothetical protein
gene_8283	557	putative major facilitator superfamily transporter
gene_8284	550	putative ankyrin repeat protein
gene_8285	106	Zinc-binding ribosomal protein
gene_8286	158	Lipocalin-like domain-containing protein
gene_8287	297	putative short chain dehydrogenase
gene_8288	205	hypothetical protein
gene_8289	1124	protein kinase gsk3
gene_829	280	hypothetical protein
gene_8290	280	putative glutathione-dependent formaldehyde-activating enzyme
gene_8291	482	putative major facilitator superfamily transporter
gene_8293	1232	putative SH3 domain-containing protein
gene_8294	723	hypothetical protein
gene_8295	516	Protein of unknown function (DUF3176)-domain containing protein
gene_8296	393	hypothetical protein
gene_8297	1052	hypothetical protein
gene_8298	411	hypothetical protein
gene_8299	920	Dipeptidyl peptidase IV (DPP IV) N-terminal region-domain containing protein
gene_83	553	phosphoglucose isomerase
gene_830	912	Fcf1-domain containing protein
gene_8300	155	hypothetical protein
gene_8301	192	hypothetical protein
gene_8302	603	putative major facilitator superfamily transporter
gene_8303	391	26S proteasome subunit P45 family protein KDN71144.1 putative 26S proteasome subunit P45 family protein KZL69647.1 26s protease
gene_8304	148	hypothetical protein
gene_8305	1416	putative PH domain-containing protein
gene_8306	315	putative formamidase
gene_8307	127	Eukaryotic protein of unknown function (DUF953)-domain containing protein
gene_8308	512	Major facilitator superfamily domain-containing protein
gene_8309	470	putative alpha-1,3-mannosyltransferase CMT1
gene_831	394	hypothetical protein
gene_8310	1425	L-2-aminoadipate reductase large subunit
gene_8311	320	dual oxidase
gene_8312	1188	putative transporter YgaY
gene_8313	908	putative DENN domain-containing protein
gene_8314	1755	family 18 putative glycosyl hydrolase
gene_8316	1182	putative NACHT domain-containing protein
gene_8317	167	hypothetical protein
gene_8318	574	D-xylose-proton symporter
gene_8319	557	putative ferric reductase like transmembrane component
gene_832	2249	putative Mus7/MMS22 family protein
gene_8320	524	putative cytochrome P450
gene_8321	312	putative aldo/keto reductase
gene_8322	409	DEAD/DEAH box helicase
gene_8323	637	putative ubiquitin carboxyl-terminal hydrolase
gene_8324	626	putative Gcd10p family protein
gene_8325	214	hypothetical protein
gene_8326	600	putative dihydroxy-acid dehydratase
gene_8327	1160	CLASP N terminal-domain containing protein
gene_8328	70	SEC61 complex gamma subunit KDN70008.1 putative translocase
gene_8329	650	putative adenosine/AMP deaminase
gene_833	792	OPT oligopeptide transporter protein-domain containing protein
gene_8330	203	calmodulin EFQ28037.1 calmodulin
gene_8331	340	putative glycylpeptide N-tetradecanoyltransferase
gene_8332	348	putative integral membrane protein
gene_8333	352	family 10 putative glycosyl hydrolase
gene_8334	664	putative alpha-L-arabinofuranosidase
gene_8335	949	Ankyrin repeat-containing domain protein
gene_8336	976	hypothetical protein
gene_8337	426	family 18 putative glycosyl hydrolase
gene_8338	643	mitochondrial carnitine O-acetyltransferase
gene_8339	134	quinone oxidoreductase-like protein 2
gene_834	60	hypothetical protein
gene_8340	571	SNF2 family N-terminal domain-domain containing protein
gene_8341	279	putative RWD domain-containing protein
gene_8342	141	hypothetical protein
gene_8343	2959	putative phosphatidylinositol 3
gene_8344	264	putative BRCA1 C terminus domain-containing protein
gene_8345	741	putative amine oxidase
gene_8346	771	putative RFX DNA-binding domain-containing protein
gene_8347	640	hypothetical protein
gene_8348	419	hypothetical protein
gene_8349	381	putative RNA recognition domain-containing protein
gene_835	569	putative RNA recognition domain-containing protein
gene_8350	147	hypothetical protein
gene_8351	507	hypothetical protein
gene_8352	800	hypothetical protein
gene_8353	497	putative major facilitator superfamily transporter
gene_8354	70	hypothetical protein
gene_8355	547	amidase EFQ36554.1 amidase
gene_8356	162	Domain of unknown function (DUF1772)-domain containing protein
gene_8357	542	Cytochrome P450
gene_8358	277	Maf-like protein-domain containing protein
gene_8359	423	putative CCCH zinc finger DNA binding protein
gene_8360	391	hypothetical protein
gene_8361	365	putative short-chain dehydrogenase
gene_8362	287	hypothetical protein
gene_8363	346	putative glutathione S-transferase
gene_8364	384	hypothetical protein
gene_8365	262	putative methyltransferase
gene_8366	366	putative integral membrane protein
gene_8367	199	hypothetical protein
gene_8368	720	putative DASH family cryptochrome
gene_8369	167	Domain of unknown function (DUF4604)-domain containing protein
gene_837	877	family 2 putative glycosyl hydrolase
gene_8370	543	putative serine/threonine protein kinase-20
gene_8371	297	putative phosphotransferase
gene_8372	538	putative S4 domain-containing protein
gene_8373	736	Poly(ADP-ribose) polymerase catalytic domain-domain containing protein
gene_8374	1187	mitochondrial division protein 1
gene_8375	1144	major facilitator superfamily transporter
gene_8376	1962	Ankyrin repeat-containing domain protein
gene_8377	278	putative NAD dependent epimerase/dehydratase
gene_8378	585	putative cysteine protease domain-containing protein
gene_8379	186	hypothetical protein
gene_838	218	hypothetical protein
gene_8380	803	putative capsule biosynthesis phosphatase
gene_8381	1120	Protein of unknown function (DUF2422)-domain containing protein
gene_8382	181	hypothetical protein
gene_8383	374	putative G-protein alpha subunit
gene_8385	614	hypothetical protein
gene_8386	509	putative major facilitator superfamily transporter
gene_8387	1842	putative WD repeat domain-containing protein
gene_8388	163	hypothetical protein
gene_8389	240	Protein of unknown function (DUF2470)-domain containing protein
gene_839	360	putative dienelactone hydrolase
gene_8390	767	putative heterokaryon incompatibility protein
gene_8391	333	hypothetical protein
gene_8392	1245	putative F-box domain-containing protein
gene_8393	253	putative glutamine amidotransferase class-I
gene_8394	808	putative AARP2CN domain-containing protein
gene_8396	330	hypothetical protein
gene_8397	259	hypothetical protein
gene_8398	129	hypothetical protein
gene_8399	632	hypothetical protein
gene_84	671	putative bacterial transferase hexapeptide
gene_840	211	hypothetical protein
gene_8400	320	Glycosyl hydrolase catalytic core-domain containing protein
gene_8401	538	hypothetical protein
gene_8402	400	Quinonprotein alcohol dehydrogenase-like superfamily
gene_8403	212	putative LSM domain-containing protein
gene_8404	713	hypothetical protein
gene_8405	169	hypothetical protein
gene_8406	112	hypothetical protein
gene_8407	344	hypothetical protein
gene_8408	914	Altered inheritance of mitochondria protein 21
gene_8409	260	hypothetical protein
gene_841	738	Fungal specific transcription factor domain-domain containing protein
gene_8410	186	hypothetical protein
gene_8411	395	putative CoA-transferase family III
gene_8412	214	Glycoside hydrolase superfamily
gene_8413	694	putative eukaryotic translation initiation factor eIF2A
gene_8414	366	alcohol dehydrogenase
gene_8415	324	putative exonuclease
gene_8416	678	Major facilitator superfamily domain-containing protein
gene_8417	382	hypothetical protein
gene_8419	178	putative ppic-type ppiase domain-containing protein
gene_842	532	putative major facilitator superfamily transporter
gene_8420	583	putative alpha amylase
gene_8421	390	Mitochondrial ribosomal subunit protein-domain containing protein
gene_8422	1285	putative LEA domain-containing protein
gene_8423	210	hypothetical protein
gene_8424	789	hypothetical protein
gene_8425	388	putative tRNA wybutosine-synthesizing protein
gene_8426	1356	putative ABC transporter
gene_8427	533	Cytochrome P450
gene_8428	130	putative COPI associated protein
gene_8429	522	General substrate transporter
gene_843	541	putative cytochrome P450 2D18
gene_8430	255	putative nucleoside-diphosphate-sugar epimerase
gene_8431	66	hypothetical protein
gene_8432	302	putative MIP family channel protein
gene_8433	820	Domain of unknown function (DUF4139)-domain containing protein
gene_8434	1182	hypothetical protein
gene_8435	928	putative secretory pathway protein Sec39
gene_8436	330	putative cutinase
gene_8437	573	hypothetical protein
gene_8438	538	putative carboxylesterase
gene_8439	532	putative alpha amylase
gene_844	506	putative major facilitator superfamily transporter
gene_8440	398	hypothetical protein
gene_8441	581	putative amidase
gene_8442	427	putative SWIRM domain-containing protein
gene_8443	219	putative spherulin-1A
gene_8444	379	Mitochondrial biogenesis AIM24-domain containing protein
gene_8445	237	hypothetical protein
gene_8447	763	hypothetical protein
gene_8448	238	putative DSBA-like thioredoxin domain-containing protein
gene_8449	243	U3-containing 90S pre-ribosomal complex subunit-domain containing protein
gene_845	470	putative FAD dependent oxidoreductase
gene_8450	289	Mitochondrial K+-H+ exchange-related-domain containing protein
gene_8451	829	PIG-X / PBN1-domain containing protein
gene_8452	773	putative BOP1NT domain-containing protein
gene_8453	601	putative POT family protein
gene_8454	377	putative alpha/beta hydrolase fold protein
gene_8455	348	putative HMG box protein
gene_8456	418	putative phosphoglycerate kinase
gene_8457	572	hypothetical protein
gene_8458	418	putative integral membrane protein
gene_8459	372	hypothetical protein
gene_846	289	hypothetical protein
gene_8460	399	hypothetical protein
gene_8461	844	multidrug resistance protein
gene_8462	423	putative formamidopyrimidine-DNA glycosylase domain-containing protein
gene_8463	890	putative LysM domain-containing protein
gene_8464	1109	putative SH3 domain-containing protein
gene_8465	274	hypothetical protein
gene_8466	88	hypothetical protein
gene_8467	1012	putative peptidase M16 inactive domain-containing protein
gene_8468	169	Pectin lyase fold/virulence factor
gene_8469	393	hypothetical protein
gene_847	849	hypothetical protein
gene_8470	478	putative calcineurin-like phosphoesterase
gene_8471	1162	putative FAD binding domain-containing protein
gene_8472	152	hypothetical protein
gene_8473	343	hypothetical protein
gene_8474	265	hypothetical protein
gene_8475	421	putative peroxidase
gene_8476	770	LNS2 (Lipin/Ned1/Smp2)-domain containing protein
gene_8478	336	hypothetical protein
gene_8479	643	putative ANTH domain-containing protein
gene_848	547	protein transport protein yif1
gene_8480	655	putative rhamnogalacturonate lyase
gene_8481	294	hypothetical protein
gene_8482	311	hypothetical protein
gene_8483	983	putative RNB domain-containing protein
gene_8484	446	putative ubiquitin-conjugating enzyme
gene_8485	393	Mitochondrial carrier domain-containing protein
gene_8486	418	RPAP1-like, C-terminal-domain containing protein
gene_8487	472	hypothetical protein
gene_8488	523	NADP-dependent alcohol dehydrogenase 6
gene_8489	312	putative major facilitator superfamily transporter
gene_849	850	hypothetical protein
gene_8490	625	putative retinal pigment epithelial membrane protein
gene_8491	2178	putative beta-ketoacyl synthase domain-containing protein
gene_8492	61	hypothetical protein
gene_8493	192	hypothetical protein
gene_8494	245	hypothetical protein
gene_8495	467	hypothetical protein
gene_8496	555	putative ENTH domain-containing protein
gene_8497	1277	putative KH domain-containing protein
gene_8498	261	hypothetical protein
gene_8499	80	hypothetical protein
gene_85	223	hypothetical protein
gene_850	517	Nucleophile aminohydrolases
gene_8500	1061	putative AT hook domain-containing protein
gene_8501	87	hypothetical protein
gene_8502	77	ubiquitin family protein XP_035327503.1 ubiquitin family protein EFQ29237.1 ubiquitin family protein KAF4774500.1 ubiquitin family protein KDN70152.1 putative ubiquitin family protein
gene_8503	504	putative mannitol dehydrogenase domain-containing protein
gene_8504	131	hypothetical protein
gene_8505	907	putative RNA recognition domain-containing protein
gene_8506	90	hypothetical protein
gene_8507	454	hypothetical protein
gene_8508	352	hypothetical protein
gene_8509	316	hypothetical protein
gene_851	254	hypothetical protein
gene_8510	672	putative potassium ion channel Yvc1
gene_8511	540	putative phosphoglucomutase/phosphomannomutase domain-containing protein
gene_8512	263	putative short chain dehydrogenase
gene_8513	190	hypothetical protein
gene_8514	327	putative aldo/keto reductase
gene_8515	138	putative cerato-platanin
gene_8516	352	putative xylose isomerase-like TIM barrel
gene_8517	65	hypothetical protein
gene_8518	133	hypothetical protein
gene_8519	510	putative cytochrome b2
gene_852	205	hypothetical protein
gene_8520	1792	putative ABC transporter
gene_8521	244	family 12 putative glycosyl hydrolase
gene_8522	789	hypothetical protein
gene_8523	199	CVNH domain-containing protein EFQ32561.1 CVNH domain-containing protein
gene_8524	790	40S ribosomal protein S4
gene_8525	289	putative carbonic anhydrase
gene_8527	116	hypothetical protein
gene_8528	338	putative NUDIX domain-containing protein
gene_8529	365	hypothetical protein
gene_853	891	putative N-acetyl-gamma-glutamyl-phosphate reductase
gene_8530	939	putative fungal-specific transcription factor domain-containing protein
gene_8531	703	putative ankyrin and HET domain-containing protein
gene_8532	306	Mitochondrial carrier domain-containing protein
gene_8534	381	S-adenosyl-L-methionine-dependent methyltransferase
gene_8535	388	putative transcriptional activator
gene_8536	564	hypothetical protein
gene_8537	808	putative potassium uptake protein
gene_8538	383	hypothetical protein
gene_8539	1080	putative ABC-2 type transporter
gene_854	1070	putative ubiquitin carboxyl-terminal hydrolase
gene_8540	955	putative arid/bright DNA binding domain-containing protein
gene_8541	2069	hypothetical protein
gene_8542	337	putative gentisate 1,2-dioxygenase
gene_8543	979	hypothetical protein
gene_8545	517	General substrate transporter
gene_8546	615	Probable N6-adenine methyltransferase-domain containing protein
gene_8547	330	Mitochondrial carrier domain-containing protein
gene_8548	266	putative lipase
gene_8549	282	RlpA-like double-psi beta-barrel-containing protein domain-containing protein
gene_855	1111	hypothetical protein
gene_8550	547	G protein-coupled glucose receptor regulating Gpa2-domain containing protein
gene_8551	794	Transient receptor potential (TRP) ion channel-domain containing protein
gene_8552	309	hypothetical protein
gene_8553	2031	hypothetical protein
gene_8554	285	hypothetical protein
gene_8555	312	hypothetical protein
gene_8557	449	hypothetical protein
gene_8558	246	putative organic hydroperoxide resistance protein
gene_8559	215	hypothetical protein
gene_856	323	putative ribosomal RNA assembly protein KRR1
gene_8560	77	hypothetical protein
gene_8561	211	hypothetical protein
gene_8562	558	2-methylcitrate dehydratase
gene_8563	1027	peptidase family m1
gene_8564	160	Protein of unknown function (DUF788)-domain containing protein
gene_8565	319	putative SAM-dependent methyltransferase
gene_8566	492	putative FAD dependent oxidoreductase
gene_8567	136	hypothetical protein
gene_8568	175	putative CybS protein
gene_8569	368	putative methyltransferase domain-containing protein
gene_857	86	hypothetical protein
gene_8570	145	hypothetical protein
gene_8571	447	General substrate transporter
gene_8572	849	MOSC domain-containing protein
gene_8573	767	E3 ubiquitin-protein ligase dbl4
gene_8574	281	family 11 putative glycosyl hydrolase
gene_8575	313	putative cytochrome P450
gene_8576	274	putative haloacid dehalogenase
gene_8577	514	putative major facilitator superfamily transporter
gene_8578	247	Alpha/beta hydrolase fold-1
gene_8579	184	putative DNase1 protein
gene_858	586	putative major facilitator superfamily transporter
gene_8580	192	hypothetical protein
gene_8581	547	putative GDA1/CD39 family protein
gene_8582	436	putative O-methyltransferase
gene_8583	210	putative acetyltransferase
gene_8584	431	putative acyl-CoA dehydrogenase domain-containing protein
gene_8585	282	hypothetical protein
gene_8586	822	Ankyrin repeat-containing domain protein
gene_8587	1164	putative phosphorylase superfamily protein
gene_8589	1154	hypothetical protein
gene_859	408	Family of unknown function (DUF500)-domain containing protein
gene_8590	428	hypothetical protein
gene_8591	565	putative oxidoreductase molybdopterin binding domain-containing protein
gene_8592	108	Kinetochore component CENP-S-domain containing protein
gene_8593	223	hypothetical protein
gene_8594	1012	hypothetical protein
gene_8595	551	P-loop containing nucleoside triphosphate hydrolase protein
gene_8596	435	hypothetical protein
gene_8597	88	hypothetical protein
gene_8598	333	putative TLC domain-containing protein
gene_8599	555	putative P450 monooxygenase
gene_86	473	hypothetical protein
gene_860	542	putative LPXTG-domain-containing protein
gene_8600	648	Domain of unknown function (DUF4387)-domain containing protein
gene_8601	771	putative helicase associated domain-containing protein
gene_8602	808	putative spindle pole body interacting protein
gene_8603	524	hypothetical protein
gene_8604	531	putative Mob1/phocein family protein
gene_8605	868	putative PH domain-containing protein
gene_8606	1239	tubulin-tyrosine ligase
gene_8607	202	ribosomal protein L13 EFQ25839.1 ribosomal protein L13
gene_8608	318	putative dihydrodipicolinate synthetase
gene_8609	876	putative 2OG-Fe(II)oxygenase
gene_861	339	hypothetical protein
gene_8610	266	hypothetical protein
gene_8611	420	Glycoside hydrolase superfamily
gene_8612	270	Protein of unknown function (DUF3632)-domain containing protein
gene_8613	654	putative RNA polymerase III subunit RPC82
gene_8614	211	hypothetical protein
gene_8615	262	hypothetical protein
gene_8616	707	FMN-dependent dehydrogenase
gene_8617	385	putative MOSC domain-containing protein
gene_8619	96	hypothetical protein
gene_862	562	hypothetical protein
gene_8620	370	putative MIP family channel protein
gene_8621	117	hypothetical protein
gene_8622	434	hypothetical protein
gene_8623	744	hypothetical protein
gene_8624	315	hypothetical protein
gene_8625	330	putative pyoverdine/dityrosine biosynthesis protein
gene_8626	208	putative peptide methionine sulfoxide reductase
gene_8627	1697	putative JmjC domain-containing protein
gene_8628	169	hypothetical protein
gene_8629	179	Protein of unknown function (DUF3807)-domain containing protein
gene_863	373	hypothetical protein
gene_8630	161	hypothetical protein
gene_8631	283	Protein of unknown function (DUF3129)-domain containing protein
gene_8632	394	hypothetical protein
gene_8633	726	Protein similar to CwfJ C-terminus 1-domain containing protein
gene_8634	722	hypothetical protein
gene_8635	76	hypothetical protein
gene_8636	1440	ABC transporter type 1, transmembrane domain-containing protein
gene_8637	853	hypothetical protein
gene_8638	313	hypothetical protein
gene_864	460	putative dolichyl-diphosphooligosaccharide-protein glycosyltransferase 48kD subunit
gene_8640	840	Domain of unknown function DUF221-domain containing protein
gene_8641	308	hypothetical protein
gene_8642	984	putative ubiquitin-conjugating enzyme
gene_8643	192	hypothetical protein
gene_8644	134	hypothetical protein
gene_8645	715	putative WD domain-containing protein
gene_8646	270	putative short-chain dehydrogenase
gene_8647	476	putative major facilitator superfamily transporter
gene_8648	301	hypothetical protein
gene_865	1316	P-loop containing nucleoside triphosphate hydrolase protein
gene_8650	868	hypothetical protein
gene_8651	346	hypothetical protein
gene_8652	711	putative HMG box protein
gene_8653	852	putative eukaryotic aspartyl protease
gene_8654	196	hypothetical protein
gene_8655	1059	hypothetical protein
gene_8656	265	hypothetical protein
gene_8657	294	phosphotransferase family protein
gene_8658	709	putative zinc knuckle
gene_8659	314	putative short chain dehydrogenase
gene_866	130	putative 6-O-methylguanine DNA methyltransferase
gene_8660	492	hypothetical protein
gene_8661	225	hypothetical protein
gene_8662	520	General substrate transporter
gene_8663	239	hypothetical protein
gene_8664	149	Cytochrome P450
gene_8665	1011	Armadillo-type fold
gene_8666	2726	putative cell morphogenesis protein PAG1
gene_8667	707	hypothetical protein
gene_8668	700	hypothetical protein
gene_8669	334	putative pectate lyase
gene_867	236	glutathione peroxidase
gene_8670	265	hypothetical protein
gene_8671	634	putative heterokaryon incompatibility protein
gene_8672	530	putative glucosidase II beta subunit-like protein
gene_8673	608	putative endoplasmic reticulum Oxidoreductin 1
gene_8674	202	hypothetical protein
gene_8675	465	putative WSC domain-containing protein
gene_8676	629	putative glycosyl hydrolase family 3 N terminal domain-containing protein
gene_8677	552	putative citrate synthase
gene_8678	362	putative zinc-binding dehydrogenase
gene_8679	258	putative chromosome segregation protein
gene_868	1350	hypothetical protein
gene_8680	389	putative oxidoreductase
gene_8681	153	hypothetical protein
gene_8682	391	putative NADPH dehydrogenase
gene_8683	243	secreted lipase
gene_8684	356	putative deoxyhypusine synthase
gene_8685	496	putative NMD3 family protein
gene_8686	392	putative hsp20-like protein
gene_8687	371	Ankyrin repeat-containing domain protein
gene_8688	197	Ribosome biogenesis protein SLX9-domain containing protein
gene_8689	345	hypothetical protein
gene_869	455	hypothetical protein
gene_8690	249	putative cutinase
gene_8691	861	putative beta-eliminating lyase
gene_8692	308	putative aldo/keto reductase
gene_8693	510	hypothetical protein
gene_8694	101	hypothetical protein
gene_8695	1117	putative SNF2 family domain-containing protein
gene_8696	783	putative wyosine base formation
gene_8697	629	putative aspartate kinase
gene_8698	405	putative DNA-directed RNA polymerase III complex subunit Rpc37
gene_8699	231	hypothetical protein
gene_87	404	putative RNA polymerase Rpc34 subunit
gene_870	1205	hypothetical protein
gene_8700	450	hypothetical protein
gene_8701	600	putative HET domain-containing protein
gene_8702	455	putative PAP2 superfamily protein
gene_8703	413	hypothetical protein
gene_8704	263	putative proteasome A-type and B-type
gene_8705	583	putative phenylacetone monooxygenase
gene_8706	837	putative urease accessory protein ureD-like
gene_8707	195	ribosomal protein L17 EFQ28323.1 ribosomal protein L17
gene_8708	500	putative major facilitator superfamily transporter
gene_8709	105	hypothetical protein
gene_871	397	hypothetical protein
gene_8710	842	family 2 putative glycosyl transferase
gene_8711	152	hypothetical protein
gene_8712	1174	Armadillo-type fold
gene_8713	1284	Vacuolar protein 14 C-terminal Fig4p binding-domain containing protein
gene_8714	240	hypothetical protein
gene_8715	601	fungal-specific transcription factor domain-containing protein EFQ34874.1 fungal-specific transcription factor domain-containing protein
gene_8716	289	hypothetical protein
gene_8717	341	Serine/threonine-protein kinase
gene_8718	224	hypothetical protein
gene_8719	1264	putative oxysterol-binding protein
gene_872	285	putative SCP-like extracellular protein
gene_8720	1553	putative microtubule associated protein
gene_8721	243	Domain of unknown function (DUF3328)-domain containing protein
gene_8722	284	hypothetical protein
gene_8723	673	hypothetical protein
gene_8724	552	replication factor C subunit 5
gene_8725	299	glycosyl transferase
gene_8726	523	putative F-box domain-containing protein
gene_8727	570	putative amidohydrolase
gene_8728	574	hypothetical protein
gene_8729	1411	putative PH domain-containing protein
gene_873	408	hypothetical protein
gene_8730	625	Enhancer of polycomb-like-domain containing protein
gene_8731	514	S-adenosyl-L-methionine-dependent methyltransferase
gene_8732	204	putative nuclear distribution protein
gene_8733	122	putative CHY zinc finger protein
gene_8734	149	putative golgi apparatus membrane protein TVP18
gene_8735	666	hypothetical protein
gene_8736	542	putative carboxylesterase
gene_8737	691	hypothetical protein
gene_8738	479	hypothetical protein
gene_8739	324	hypothetical protein
gene_874	383	putative endoglucanase-6B
gene_8740	303	Domain of unknown function (DUF336)-domain containing protein
gene_8741	332	putative ubiquitin-conjugating enzyme
gene_8742	455	putative pre-mRNA cleavage complex II protein Clp1
gene_8743	576	Protein kinase-like domain-containing protein
gene_8744	949	SacI homology domain-domain containing protein
gene_8745	140	hypothetical protein
gene_8746	274	putative adenylate kinase
gene_8747	380	putative cell wall glycosyl hydrolase YteR
gene_8748	799	putative WD domain-containing protein
gene_8749	1004	putative 2OG-Fe(II)oxygenase superfamily protein
gene_875	452	hypothetical protein
gene_8750	149	putative 60S ribosomal protein L27a
gene_8751	1466	Cytochrome P450
gene_8752	477	putative FAD binding domain-containing protein
gene_8753	272	hypothetical protein
gene_8754	1996	hypothetical protein
gene_8755	125	outer membrane protein TOM13 EFQ35610.1 outer membrane protein TOM13
gene_8756	997	hypothetical protein
gene_8757	527	hypothetical protein
gene_8759	263	hypothetical protein
gene_876	109	hypothetical protein
gene_8760	995	Isotrichodermin C-15 hydroxylase
gene_8761	249	hypothetical protein
gene_8762	197	hypothetical protein
gene_8763	723	putative multicopper oxidase
gene_8764	287	hypothetical protein
gene_8765	507	putative tannase and feruloyl esterase
gene_8766	128	hypothetical protein
gene_8767	1897	putative SNF2 family domain-containing protein
gene_8768	496	putative major facilitator superfamily transporter
gene_8769	1315	putative di and tripeptidase DUG2
gene_877	100	hypothetical protein
gene_8770	111	hypothetical protein
gene_8771	379	putative metallo-beta-lactamase superfamily protein
gene_8772	90	hypothetical protein
gene_8773	380	hypothetical protein
gene_8774	240	Domain of unknown function (DUF3328)-domain containing protein
gene_8776	696	putative SPRY domain-containing protein
gene_8777	115	hypothetical protein
gene_8778	3337	putative beta-ketoacyl synthase domain-containing protein
gene_8779	105	hypothetical protein
gene_878	165	putative HVA22 family TB2/DP1 protein
gene_8780	218	hypothetical protein
gene_8781	391	C2H2 type zinc-finger (2 copies)-domain containing protein
gene_8782	270	hypothetical protein
gene_8783	382	putative alcohol dehydrogenase GroES-like domain-containing protein
gene_8784	375	putative alcohol dehydrogenase GroES-like domain-containing protein
gene_8785	142	putative LSM domain-containing protein
gene_8786	117	hypothetical protein
gene_8787	746	putative C-5 cytosine-specific DNA methylase
gene_8788	664	3-deoxy-7-phosphoheptulonate synthase
gene_8789	258	hypothetical protein
gene_879	197	hypothetical protein
gene_8790	240	hypothetical protein
gene_8791	956	hypothetical protein
gene_8792	223	hypothetical protein
gene_8793	403	putative ankyrin repeat protein
gene_8794	474	putative aldehyde dehydrogenase
gene_8795	1528	putative phospholipid-translocating P-type ATPase
gene_8796	417	hypothetical protein
gene_8797	331	Pectin lyase fold/virulence factor
gene_8798	70	hypothetical protein
gene_8799	333	Alpha/Beta hydrolase fold
gene_88	175	putative OHCU decarboxylase
gene_880	392	hypothetical protein
gene_8800	424	putative PCI domain-containing protein
gene_8801	1041	family 2 putative glycosyl hydrolase
gene_8802	291	putative cytochrome P450
gene_8803	205	hypothetical protein
gene_8804	321	hypothetical protein
gene_8805	651	C6 transcription factor
gene_8806	432	hypothetical protein
gene_8807	527	putative glycoside hydrolase family 79 protein
gene_8808	283	putative SCO1/SenC
gene_8809	288	hypothetical protein
gene_8810	252	putative RWD repeat domain-containing protein
gene_8811	543	putative cytochrome P450
gene_8812	137	putative endoribonuclease L-PSP
gene_8813	351	putative NAD dependent epimerase/dehydratase
gene_8814	323	Alpha/Beta hydrolase fold
gene_8815	290	hypothetical protein
gene_8817	108	hypothetical protein
gene_8818	291	hypothetical protein
gene_8819	216	thioredoxin-like protein
gene_882	248	nascent polypeptide-associated complex subunit beta
gene_8820	377	putative triose-phosphate transporter
gene_8821	106	hypothetical protein
gene_8822	969	SacI homology domain-domain containing protein
gene_8823	335	hypothetical protein
gene_8824	851	putative fungal-specific transcription factor domain-containing protein
gene_8825	375	putative septin
gene_8826	467	putative initiator tRNA phosphoribosyl transferase
gene_8827	234	hypothetical protein
gene_8828	1113	putative type III restriction enzyme
gene_8829	225	hypothetical protein
gene_883	373	hypothetical protein
gene_8830	411	putative calcineurin-like phosphoesterase
gene_8831	447	aminotransferase
gene_8833	1251	Heterokaryon incompatibility protein (HET)-domain containing protein
gene_8834	191	hypothetical protein
gene_8835	313	putative cytochrome P450
gene_8836	608	putative glycoside hydrolase family 79 protein
gene_8837	333	Alpha/Beta hydrolase fold
gene_8838	480	putative glycine cleavage system T protein
gene_8839	356	hypothetical protein
gene_884	163	hypothetical protein
gene_8840	991	hypothetical protein
gene_8841	2262	hypothetical protein
gene_8842	593	putative major facilitator superfamily transporter
gene_8843	850	Fungal specific transcription factor domain-domain containing protein
gene_8844	503	hypothetical protein
gene_8845	201	putative clathrin adaptor complex small chain
gene_8846	404	putative pyridoxal kinase
gene_8847	875	putative Rad17 cell cycle checkpoint protein
gene_8848	552	General substrate transporter
gene_8849	951	putative dolichyl-phosphate-mannose-protein mannosyltransferase
gene_885	175	glycine cleavage system H protein
gene_8850	419	Protein kinase-like domain-containing protein
gene_8851	283	hypothetical protein
gene_8852	1179	putative DENN domain-containing protein
gene_8853	665	putative F-box domain-containing protein
gene_8854	502	Uncharacterized conserved protein (DUF2183)-domain containing protein
gene_8855	230	putative 2OG-Fe(II)oxygenase superfamily protein
gene_8856	687	putative Sodium:neurotransmitter symporter family protein
gene_8857	664	putative ankyrin repeat protein
gene_8858	190	hypothetical protein
gene_8859	475	putative HC-toxin synthetase
gene_886	1142	hypothetical protein
gene_8860	117	hypothetical protein
gene_8861	240	putative methyltransferase domain-containing protein
gene_8862	125	hypothetical protein
gene_8863	489	hypothetical protein
gene_8864	229	putative isoprenylcysteine carboxyl methyltransferase
gene_8865	377	putative 3-beta hydroxysteroid dehydrogenase/isomerase
gene_8866	431	putative acyl-CoA dehydrogenase domain-containing protein
gene_8867	890	putative cytidylyltransferase
gene_8868	1148	hypothetical protein
gene_8869	365	putative inorganic pyrophosphatase
gene_887	294	Domain of unknown function (DUF3328)-domain containing protein
gene_8870	343	hypothetical protein
gene_8871	359	putative CVNH domain-containing protein
gene_8872	607	hypothetical protein
gene_8873	259	Alpha/beta hydrolase fold-1
gene_8874	477	putative NADH oxidoreductase
gene_8875	315	putative 3-ketoacyl-CoA reductase
gene_8876	190	Ubiquitin-related domain-containing protein
gene_8877	471	hypothetical protein
gene_8878	283	putative MSP domain-containing protein
gene_8879	301	Domain of unknown function (DUF1989)-domain containing protein
gene_888	554	putative cAMP phosphodiesterase class-II
gene_8880	525	putative cytochrome P450
gene_8881	383	hypothetical protein
gene_8882	375	family 88 putative glycosyl hydrolase
gene_8883	245	ras family protein EFQ32962.1 ras family protein
gene_8884	487	putative major facilitator superfamily transporter
gene_8885	250	hypothetical protein
gene_8886	416	putative adenosine-deaminase domain-containing protein
gene_8887	86	putative peptidase C14
gene_8888	807	Ankyrin repeat-containing domain protein
gene_8889	550	putative imidazoleglycerol phosphate synthase
gene_889	1228	hypothetical protein
gene_8890	585	putative alpha amylase
gene_8891	395	hypothetical protein
gene_8893	535	putative T-complex protein 1
gene_8894	143	hypothetical protein
gene_8895	245	hypothetical protein
gene_8896	339	putative RNA polymerase Rpb3/RpoA insert domain-containing protein
gene_8897	324	putative short-chain dehydrogenase/ reductase
gene_8898	442	hypothetical protein
gene_8899	264	hypothetical protein
gene_89	111	hypothetical protein
gene_890	821	putative DNA repair helicase rad25
gene_8900	283	hypothetical protein
gene_8901	653	putative vegetative incompatibility protein HET-E-1
gene_8902	496	putative RNA recognition domain-containing protein
gene_8903	427	putative PCI domain-containing protein
gene_8905	321	hypothetical protein
gene_8906	1513	putative vacuolar protein sorting/targeting protein PEP1
gene_8908	940	hypothetical protein
gene_8909	463	Protein of unknown function (DUF2418)-domain containing protein
gene_891	208	hypothetical protein
gene_8910	426	hypothetical protein
gene_8911	792	family 92 putative glycosyl hydrolase
gene_8912	287	hypothetical protein
gene_8913	346	hypothetical protein
gene_8914	205	AAA domain-domain containing protein
gene_8915	1006	putative phosphatidylinositol-4-phosphate 5-kinase
gene_8916	721	hypothetical protein
gene_8917	418	Protein kinase-like domain-containing protein
gene_8918	1312	putative viral A-type inclusion protein repeat domain-containing protein
gene_8919	398	hypothetical protein
gene_892	573	putative alkaline phosphatase
gene_8920	444	S-adenosyl-L-methionine-dependent methyltransferase
gene_8921	104	putative NADH:ubiquinone oxidoreductase 11.5kD subunit
gene_8922	463	Acyl-CoA N-acyltransferase
gene_8923	724	Fungal domain of unknown function (DUF1750)-domain containing protein
gene_8924	345	hypothetical protein
gene_8925	431	Alpha/Beta hydrolase fold
gene_8926	438	hypothetical protein
gene_8927	517	hypothetical protein
gene_8928	565	putative major facilitator superfamily transporter
gene_8929	174	Ankyrin repeat-containing domain protein
gene_893	1082	CRM1 C terminal-domain containing protein
gene_8930	174	hypothetical protein
gene_8931	96	SCA7, zinc-binding domain-domain containing protein
gene_8932	523	endoglucanase EG-II
gene_8933	566	putative RNA recognition domain-containing protein
gene_8934	555	Putative zinc finger in N-recognin (UBR box)-domain containing protein
gene_8935	381	hypothetical protein
gene_8936	513	putative major facilitator superfamily transporter
gene_8938	381	putative starch binding domain-containing protein
gene_8939	1001	putative protamine P1
gene_894	343	Protein of unknown function (DUF3712)-domain containing protein
gene_8940	276	hypothetical protein
gene_8941	299	hypothetical protein
gene_8942	468	tRNA (Guanine-1)-methyltransferase-domain containing protein
gene_8943	897	family 31 putative glycosyl hydrolase
gene_8944	558	vacuolar protein
gene_8945	298	putative enoyl-CoA hydratase/isomerase
gene_8946	318	Mitochondrial carrier domain-containing protein
gene_8947	545	putative monocarboxylate transporter
gene_8948	166	hypothetical protein
gene_8949	493	putative major facilitator superfamily transporter
gene_895	826	hypothetical protein
gene_8950	1156	putative lipase
gene_8952	95	hypothetical protein
gene_8953	242	putative polysaccharide deacetylase
gene_8954	342	putative profilin
gene_8955	356	hypothetical protein
gene_8956	216	hypothetical protein
gene_8957	201	hypothetical protein
gene_8958	401	putative LD-carboxypeptidase
gene_8959	125	hypothetical protein
gene_896	185	hypothetical protein
gene_8960	623	putative major facilitator superfamily transporter
gene_8961	515	Cytochrome P450
gene_8962	813	family 8 putative glycosyl transferase
gene_8963	769	putative ATPase
gene_8964	276	hypothetical protein
gene_8965	296	putative short chain dehydrogenase
gene_8966	602	putative FAD binding domain-containing protein
gene_8967	244	hypothetical protein
gene_8968	603	putative alpha-L-fucosidase
gene_8969	181	hypothetical protein
gene_897	152	putative RbsD/FucU transporter
gene_8970	287	putative formyltetrahydrofolate deformylase
gene_8971	381	hypothetical protein
gene_8972	286	putative necrosis inducing protein
gene_8973	238	putative PRELI-like family protein
gene_8974	1259	family 71 putative glycosyl hydrolase
gene_8975	237	Protein of Unknown function (DUF1690)-domain containing protein
gene_8976	135	hypothetical protein
gene_8977	297	hypothetical protein
gene_8978	921	family 31 putative glycosyl hydrolase
gene_8979	307	hypothetical protein
gene_898	426	putative integral membrane family protein
gene_8980	115	LSM domain-containing protein XP_018160073.1 LSM domain-containing protein XP_022478944.1 LSM domain-containing protein XP_035332993.1 LSM domain-containing protein EQB56354.1 LSM domain-containing protein EXF81437.1 LSM domain-containing protein KAF0317697.1 LSM domain-containing protein KAF3804227.1 small nuclear ribonucleo protein Sm D3 KAF4812405.1 small nuclear ribonucleo protein Sm D3 KAF4823492.1 small nuclear ribonucleo protein Sm D3 KAF4930132.1 small nuclear ribonucleo protein Sm D3 KAF5524539.1 small nuclear ribonucleo protein Sm D3 KAF6790586.1 LSM domain-containing protein KAF6803742.1 LSM domain-containing protein KAF6831656.1 LSM domain-containing protein KAF6837118.1 LSM domain-containing protein KXH50432.1 LSM domain-containing protein KXH64093.1 LSM domain-containing protein OHW98160.1 small nuclear ribonucleo protein sm d3 OLN86854.1 small nuclear ribonucleo protein Sm D3 TDZ19515.1 small nuclear ribonucleo protein Sm D3 TDZ38229.1 small nuclear ribonucleo protein Sm D3 TDZ68368.1 small nuclear ribonucleo protein Sm D3 TEA15919.1 small nuclear ribonucleo protein Sm D3 TIC98822.1 small nuclear ribonucleo protein Sm D3 TKW58370.1 small nuclear ribonucleo protein Sm D3 TQN69498.1 small nuclear ribonucleo protein Sm D3
gene_8981	1519	Calcium-activated chloride channel-domain containing protein
gene_8982	305	Mitochondrial glycoprotein
gene_8983	719	Protein of unknown function (DUF2457)-domain containing protein
gene_8984	2035	histidine acid phosphatase
gene_8985	515	Domain of unknown function (DUF3328)-domain containing protein
gene_8986	549	putative ent-kaurene oxidase
gene_8987	304	ubiquitin domain-containing protein EFQ36055.1 ubiquitin domain-containing protein
gene_8988	143	putative integral membrane protein
gene_8989	454	putative CRAL/TRIO domain-containing protein
gene_899	63	hypothetical protein
gene_8990	599	hypothetical protein
gene_8991	854	Uncharacterized conserved protein (DUF2293)-domain containing protein
gene_8992	657	putative NDT80/PhoG like DNA-binding family protein
gene_8993	192	hypothetical protein
gene_8994	101	hypothetical protein
gene_8995	318	hypothetical protein
gene_8996	475	family 4 putative glycosyl transferase
gene_8997	2207	putative glycosyl transferase group 1
gene_8998	592	hypothetical protein
gene_8999	402	hypothetical protein
gene_9	1632	apoptosis-inducing factor 1 KAF4867842.1 apoptosis-inducing factor 1
gene_90	930	putative NCS1 nucleoside transporter
gene_900	401	hypothetical protein
gene_9000	361	Concanavalin A-like lectin/glucanase domain-containing protein
gene_9001	149	hypothetical protein
gene_9002	429	hypothetical protein
gene_9003	413	putative integral membrane protein
gene_9004	262	Domain of unknown function (DUF3328)-domain containing protein
gene_9005	381	S-adenosyl-L-methionine-dependent methyltransferase
gene_9006	606	putative alpha amylase
gene_9007	458	hypothetical protein
gene_9008	353	Metal-dependent protein hydrolase
gene_9009	308	DOPA-dioxygenase
gene_9010	538	putative NCS1 nucleoside transporter
gene_9011	712	putative elongation factor Tu GTP binding domain-containing protein
gene_9012	365	putative adenosine deaminase
gene_9013	460	hypothetical protein
gene_9014	351	NRDE protein-domain containing protein
gene_9015	110	Yippee/Mis18
gene_9016	350	hypothetical protein
gene_9017	389	putative pheromone receptor
gene_9018	242	putative ubiquitin-conjugating enzyme E2-18 kDa
gene_9019	655	hypothetical protein
gene_902	346	putative prephenate dehydratase
gene_9020	460	putative TLC domain-containing protein
gene_9021	310	putative 3-oxo-5-alpha-steroid 4-dehydrogenase
gene_9022	1078	family 15 putative glycosyl hydrolase
gene_9023	346	putative UMTA
gene_9024	288	putative ras family protein
gene_9025	107	hypothetical protein
gene_9026	695	hypothetical protein
gene_9027	281	thiamine biosynthetic bifunctional enzyme
gene_9028	581	hypothetical protein
gene_9029	399	hypothetical protein
gene_903	118	Cyanovirin-N
gene_9030	95	hypothetical protein
gene_9031	264	putative ras family protein
gene_9032	424	putative molybdopterin biosynthesis protein
gene_9033	387	Mitotic checkpoint regulator, MAD2B-interacting-domain containing protein
gene_9034	122	hypothetical protein
gene_9035	559	putative major facilitator superfamily transporter
gene_9036	509	putative allantoate permease
gene_9037	287	hypothetical protein
gene_9038	1068	major facilitator superfamily transporter
gene_9039	1343	vacuolar transporter chaperone 4
gene_904	159	putative zinc metalloprotease mde10
gene_9040	447	putative nucleoside transporter
gene_9041	1143	Pro-apoptotic serine protease
gene_9042	442	hypothetical protein
gene_9043	310	putative ubiquitin carboxyl-terminal hydrolase, family 1
gene_9044	271	putative Frag1/DRAM/Sfk1 family protein
gene_9045	512	putative PHD-finger domain-containing protein
gene_9046	219	S-adenosyl-L-methionine-dependent methyltransferase
gene_9047	1287	putative beta-tubulin cofactor d
gene_9048	163	hypothetical protein
gene_905	555	glycosyltransferase family 28 domain-containing protein
gene_9050	331	putative NmrA-like family protein
gene_9051	642	Protein kinase-like domain-containing protein
gene_9052	528	putative asparaginase
gene_9053	222	putative cell wall protein
gene_9054	178	Cytidine deaminase-like protein
gene_9055	358	putative zinc-binding dehydrogenase
gene_9056	499	putative calcium/proton exchanger
gene_9057	536	putative cytochrome P450 oxidoreductase GliF
gene_9058	267	putative Ssu72-like protein
gene_9059	220	integral membrane protein
gene_906	249	hypothetical protein
gene_9060	467	putative polygalacturonase
gene_9061	108	transmembrane protein 14C EFQ29565.1 transmembrane protein 14C
gene_9062	123	putative major facilitator superfamily transporter
gene_9063	217	Integral membrane protein S linking to the trans Golgi network-domain containing protein
gene_9064	161	hypothetical protein
gene_9065	305	hypothetical protein
gene_9067	539	putative chromo domain-containing protein
gene_9068	941	hypothetical protein
gene_9069	494	putative major facilitator superfamily transporter
gene_907	242	hypothetical protein
gene_9070	735	putative peptidase family M13
gene_9071	343	hypothetical protein
gene_9072	515	putative FAD binding domain-containing protein
gene_9073	224	hypothetical protein
gene_9074	466	putative homogentisate 1,2-dioxygenase
gene_9075	213	putative ABC-2 type transporter
gene_9076	329	putative polysaccharide deacetylase
gene_9077	1211	putative alpha-1,3-glucanase/mutanase
gene_9078	452	putative major facilitator superfamily transporter
gene_9079	323	putative enoyl-CoA hydratase/isomerase
gene_908	553	major facilitator superfamily transporter OHW91563.1 major facilitator superfamily transporter
gene_9080	211	hypothetical protein
gene_9081	239	hypothetical protein
gene_9082	919	putative pentatricopeptide repeat domain-containing protein
gene_9083	739	CASP C terminal-domain containing protein
gene_9084	439	putative actin
gene_9085	487	hypothetical protein
gene_9086	299	putative urate oxidase
gene_9087	698	putative nucleolar complex-associated protein
gene_9088	590	hypothetical protein
gene_9089	960	WD40-repeat-containing domain protein
gene_909	757	Nsp1-like C-terminal region-domain containing protein
gene_9091	223	putative adenine phosphoribosyltransferase
gene_9092	175	cutinase transcription factor 1 alpha
gene_9093	389	family 53 putative glycosyl hydrolase
gene_9094	219	hypothetical protein
gene_9095	291	hypothetical protein
gene_9096	611	putative ABC1 family protein
gene_9097	1082	hypothetical protein
gene_9098	138	hypothetical protein
gene_9099	239	hypothetical protein
gene_91	1075	putative HEAT repeat protein
gene_910	118	NADH:ubiquinone oxidoreductase 14kDa subunit OHW96151.1 NADH dehydrogenase
gene_9100	939	fungal-specific transcription factor domain-containing protein EFQ29770.1 fungal-specific transcription factor domain-containing protein
gene_9101	366	putative Sir2 family protein
gene_9102	566	putative dynactin p62 family protein
gene_9103	1255	aminopeptidase 2
gene_9104	116	hypothetical protein
gene_9105	493	family 18 putative glycosyl hydrolase
gene_9106	423	putative aromatic prenyltransferase
gene_9107	845	hypothetical protein
gene_9108	760	putative DEAD/DEAH box helicase
gene_9109	594	putative FAD dependent oxidoreductase
gene_911	786	hypothetical protein
gene_9111	112	hypothetical protein
gene_9112	175	hypothetical protein
gene_9113	122	hypothetical protein
gene_9114	575	hypothetical protein
gene_9115	192	hypothetical protein
gene_9116	274	hypothetical protein
gene_9117	459	family 7 putative glycosyl hydrolase
gene_9118	265	putative endo-1,4-beta-xylanase B
gene_9119	541	putative ceramide glucosyltransferase
gene_912	557	Fungal specific transcription factor domain-domain containing protein
gene_9120	641	Sugar (and other) transporter-domain containing protein
gene_9121	762	Amidase signature domain-containing protein
gene_9122	662	putative cleft lip and palate transmembrane protein 1
gene_9123	214	hypothetical protein
gene_9124	151	hypothetical protein
gene_9125	482	Vitamin B6 photo-protection and homoeostasis-domain containing protein
gene_9126	510	putative carboxylesterase
gene_9127	1114	hypothetical protein
gene_9128	205	putative glycolipid transfer protein
gene_9129	737	hypothetical protein
gene_913	885	hypothetical protein
gene_9130	530	putative diphthamide biosynthesis protein 2
gene_9131	653	hypothetical protein
gene_9132	76	hypothetical protein
gene_9133	528	putative cytochrome P450
gene_9134	393	putative superoxide dismutase
gene_9135	231	hypothetical protein
gene_9136	1230	putative UbiD family decarboxylase
gene_9137	280	hypothetical protein
gene_9138	220	hypothetical protein
gene_9139	1215	putative fibronectin type III domain-containing protein
gene_914	379	hypothetical protein
gene_9140	453	hypothetical protein
gene_9141	463	putative major facilitator superfamily transporter
gene_9142	3728	COPII coat assembly protein sec16
gene_9143	430	putative D-lactonohydrolase
gene_9144	225	hypothetical protein
gene_9145	390	hypothetical protein
gene_9146	341	putative alcohol dehydrogenase GroES-like domain-containing protein
gene_9147	142	putative V-type proton ATPase subunit F
gene_9148	461	hypothetical protein
gene_9149	1277	putative calcium-translocating P-type ATPase
gene_9150	686	zinc-binding protein
gene_9151	525	hypothetical protein
gene_9152	548	putative hexokinase
gene_9153	246	Ankyrin repeat-containing domain protein
gene_9154	372	putative amidohydrolase
gene_9155	807	Dynamin central region-domain containing protein
gene_9156	107	hypothetical protein
gene_9157	1640	putative MYND finger
gene_9158	82	hypothetical protein
gene_9159	601	hypothetical protein
gene_916	150	putative plays a role in the entry into G0
gene_9160	656	hypothetical protein
gene_9162	553	putative cytochrome P450
gene_9163	740	putative pfs domain-containing protein
gene_9164	1160	putative linoleate diol synthase
gene_9165	660	putative pentatricopeptide repeat domain-containing protein
gene_9166	523	putative FAD monooxygenase
gene_9167	539	putative feruloyl esterase B
gene_9168	199	hypothetical protein
gene_9169	863	putative glutamine synthetase
gene_917	78	hypothetical protein
gene_9170	796	putative choline/ethanolamine kinase
gene_9171	1162	putative ubiquitin carboxyl-terminal hydrolase
gene_9172	222	putative O-methyltransferase
gene_9173	99	hypothetical protein
gene_9174	303	putative glycolipid anchored surface protein
gene_9175	1153	Ankyrin repeat-containing domain protein
gene_9176	328	putative dihydrodipicolinate synthase
gene_9177	577	putative ELP3 family histone acetyltransferase
gene_9178	154	Rhodanese-like domain-containing protein
gene_9179	202	3-5 exonuclease
gene_918	259	hypothetical protein
gene_9180	49	hypothetical protein
gene_9181	252	hypothetical protein
gene_9183	193	putative ribosomal protein L6
gene_9184	358	hypothetical protein
gene_9185	243	hypothetical protein
gene_9186	161	putative actin lateral binding protein
gene_9187	549	hypothetical protein
gene_9188	316	hypothetical protein
gene_9189	240	putative Dcp1-like decapping family protein
gene_919	307	putative phosphoribosylaminoimidazole-succinocarboxamide synthase
gene_9190	656	hypothetical protein
gene_9191	207	putative metallo-beta-lactamase superfamily protein
gene_9192	437	hypothetical protein
gene_9193	775	putative Spc97/Spc98 family protein
gene_9194	414	hypothetical protein
gene_9195	1222	vacuolar protein sorting-associated protein 45 KAF4783498.1 vacuolar protein sorting-associated protein 45
gene_9196	277	hypothetical protein
gene_9197	194	hypothetical protein
gene_9198	877	hypothetical protein
gene_9199	106	hypothetical protein
gene_92	1512	putative ABC transporter
gene_920	146	microtubule-associated protein KZL80402.1 microtubule-associated protein OHW94709.1 microtubule-associated protein
gene_9201	140	hypothetical protein
gene_9202	169	hypothetical protein
gene_9203	533	hypothetical protein
gene_9204	267	putative short-chain dehydrogenase
gene_9205	531	putative diacylglycerol kinase catalytic domain-containing protein
gene_9206	1667	SNF2 family domain-containing protein OBR10715.1 SNF2 family domain-containing protein
gene_9207	181	hypothetical protein
gene_9208	357	Protein of unknown function (DUF1264)-domain containing protein
gene_9209	443	putative nucleotidyl transferase
gene_921	595	hypothetical protein
gene_9210	519	putative cytochrome P450
gene_9212	479	Actin-domain containing protein
gene_9213	288	hypothetical protein
gene_9214	317	hypothetical protein
gene_9215	158	putative prefoldin subunit
gene_9216	283	hypothetical protein
gene_9217	758	Transient receptor potential (TRP) ion channel-domain containing protein
gene_9218	361	putative serine/threonine protein kinase
gene_9219	456	hypothetical protein
gene_922	540	putative pyoverdine/dityrosine biosynthesis protein
gene_9220	497	putative origin recognition complex subunit Orc5
gene_9221	487	putative major facilitator superfamily transporter
gene_9222	203	putative RNA recognition domain-containing protein
gene_9223	77	hypothetical protein
gene_9224	304	putative NADP-dependent L-serine/L-allo-threonine dehydrogenase ydfG
gene_9225	232	family 61 putative glycosyl hydrolase
gene_9226	512	putative AAR2 protein
gene_9227	1508	ALG6, ALG8 glycosyltransferase family-domain containing protein
gene_9228	1436	GPI transamidase component GPI16
gene_9229	492	Vesicle coat protein involved in Golgi to plasma membrane transport-domain containing protein
gene_923	613	Protein kinase-like domain-containing protein
gene_9230	962	putative fungal-specific transcription factor domain-containing protein
gene_9231	548	putative myo-inositol-1-phosphate synthase
gene_9232	217	hypothetical protein
gene_9233	373	hypothetical protein
gene_9234	72	hypothetical protein
gene_9235	448	hypothetical protein
gene_9236	752	putative ferric reductase like transmembrane component
gene_9237	894	putative ribonucleoside-diphosphate reductase large subunit
gene_9238	586	Beta-lactamase/transpeptidase-like protein
gene_9239	282	putative alcohol dehydrogenase
gene_924	916	putative PA domain-containing protein
gene_9240	312	putative heterokaryon incompatibility protein
gene_9241	1161	putative serine/threonine protein kinase
gene_9242	181	hypothetical protein
gene_9243	211	Skp1 family, dimerisation domain-domain containing protein
gene_9244	480	putative cytidylyltransferase
gene_9245	148	hypothetical protein
gene_9246	185	hypothetical protein
gene_9247	353	Nbl1 / Borealin N terminal-domain containing protein
gene_9248	475	hypothetical protein
gene_9249	415	hypothetical protein
gene_925	454	Nin one binding (NOB1) Zn-ribbon like-domain containing protein
gene_9250	630	Protein kinase-like domain-containing protein
gene_9251	137	hypothetical protein
gene_9252	664	putative ankyrin repeat protein
gene_9254	154	hypothetical protein
gene_9256	613	putative SAM domain-containing protein
gene_9258	224	hypothetical protein
gene_9259	243	putative iron-sulfur cluster assembly accessory protein
gene_926	425	hypothetical protein
gene_9260	308	Protein kinase-like domain-containing protein
gene_9261	814	hypothetical protein
gene_9262	795	hypothetical protein
gene_9263	103	hypothetical protein
gene_9264	390	GroES (chaperonin 10)-like protein
gene_9265	340	hypothetical protein
gene_9266	1416	Glycosyl hydrolase family 92-domain containing protein
gene_9267	1540	putative RecF/RecN/SMC N terminal domain-containing protein
gene_9268	418	putative 4-hydroxyphenylpyruvate dioxygenase
gene_9269	477	hypothetical protein
gene_927	318	family 61 putative glycosyl hydrolase
gene_9270	944	hypothetical protein
gene_9271	444	hypothetical protein
gene_9272	548	AFG1-like ATPase
gene_9273	328	putative allantoinase
gene_9274	762	putative polysaccharide deacetylase
gene_9275	539	mannose-p-dolichol utilization defect 1
gene_9276	212	hypothetical protein
gene_9277	249	methyltransferase
gene_9278	670	putative acetate-CoA ligase
gene_9279	761	hypothetical protein
gene_928	352	hypothetical protein
gene_9280	165	hypothetical protein
gene_9281	429	putative C4-dicarboxylate transporter/malic acid transporter
gene_9282	313	hypothetical protein
gene_9283	206	hypothetical protein
gene_9284	162	putative cyanate hydratase
gene_9285	453	hypothetical protein
gene_9286	481	putative cytidylyltransferase
gene_9287	368	hypothetical protein
gene_9288	911	Saccharolysin
gene_9289	476	hypothetical protein
gene_9290	146	hypothetical protein
gene_9291	440	putative WD domain-containing protein
gene_9292	361	hypothetical protein
gene_9294	114	hypothetical protein
gene_9295	260	hypothetical protein
gene_9296	1055	hypothetical protein
gene_9297	829	putative sulfate permease
gene_9298	669	putative ATP synthase regulation protein NCA2
gene_9299	505	putative 9-cis-epoxycarotenoid dioxygenase 1
gene_93	807	Protein of unknown function (DUF3405)-domain containing protein
gene_930	767	Amino acid permease-domain containing protein
gene_9300	2580	hypothetical protein
gene_9301	678	putative ThiF family protein
gene_9302	874	Putative methyltransferase-domain containing protein
gene_9303	692	Spindle pole body formation-associated protein-domain containing protein
gene_9304	559	putative phosphate-repressible phosphate permease
gene_9305	576	putative sodium/hydrogen exchanger family protein
gene_9306	627	BCS1 N terminal-domain containing protein
gene_9307	380	putative integral membrane protein
gene_9308	929	hypothetical protein
gene_9309	499	putative FAD dependent oxidoreductase
gene_931	255	putative RNA polymerase II mediator complex component Med8
gene_9310	700	putative Sir2 family protein
gene_9311	576	putative DEAD/DEAH box helicase
gene_9312	387	putative TfdA family taurine catabolism dioxygenase TauD
gene_9313	343	hypothetical protein
gene_9314	278	hypothetical protein
gene_9315	221	Protein of unknown function (DUF498/DUF598)-domain containing protein
gene_9316	531	putative pantothenate transporter liz1
gene_9317	533	Cytochrome P450
gene_9318	292	Domain of unknown function (DUF3328)-domain containing protein
gene_9319	333	WD domain-containing protein EFQ28714.1 WD domain-containing protein
gene_932	181	Protein of unknown function (DUF1077)-domain containing protein
gene_9320	517	putative splicing factor 3a
gene_9321	690	putative DHHC zinc finger domain-containing protein
gene_9322	510	NOSIC domain-containing protein
gene_9323	1013	putative RING finger protein
gene_9324	443	hypothetical protein
gene_9325	234	hypothetical protein
gene_9326	352	putative histone-like transcription factor and archaeal histone
gene_9327	692	hypothetical protein
gene_9328	228	putative flavo protein
gene_9329	743	putative WD repeat domain-containing protein
gene_933	499	putative prolyl 4-hydroxylase
gene_9330	136	hypothetical protein
gene_9331	353	Major facilitator superfamily domain-containing protein
gene_9332	541	putative DEAD/DEAH box helicase
gene_9333	171	hypothetical protein
gene_9334	351	Beta-lactamase-like protein
gene_9335	748	hypothetical protein
gene_9336	227	AhpD-like protein
gene_9337	2103	meiotic regulator-interacting
gene_9338	162	putative glyoxalase/Bleomycin resistance protein/Dioxygenase superfamily protein
gene_9339	1440	hypothetical protein
gene_934	553	putative phenylacetone monooxygenase
gene_9340	171	hypothetical protein
gene_9341	213	hypothetical protein
gene_9342	275	putative fork head domain-containing protein
gene_9343	863	P-loop containing nucleoside triphosphate hydrolase protein
gene_9344	469	hypothetical protein
gene_9345	189	Ergosterol biosynthesis ERG4/ERG24 family-domain containing protein
gene_9346	398	hypothetical protein
gene_9347	767	Armadillo-type fold
gene_9348	1075	Component of IIS longevity pathway SMK-1-domain containing protein
gene_9349	657	family 10 putative glycosyl hydrolase
gene_935	314	Carbonic anhydrase
gene_9350	344	Domain of Kin17 curved DNA-binding protein-domain containing protein
gene_9351	292	Der1-like family-domain containing protein
gene_9352	147	hypothetical protein
gene_9353	451	putative WD domain-containing protein
gene_9355	303	putative transcription initiation factor TFIID subunit 9
gene_9356	613	hypothetical protein
gene_9357	302	hypothetical protein
gene_9358	123	hypothetical protein
gene_9359	135	hypothetical protein
gene_936	359	hypothetical protein
gene_9360	193	ARP2/3 complex ARPC3 subunit EFQ31099.1 ARP2/3 complex ARPC3 subunit
gene_9361	466	putative benzoate 4-monooxygenase cytochrome P450
gene_9362	633	putative heterokaryon incompatibility protein
gene_9363	698	DNA repair protein EFQ31143.1 DNA repair protein
gene_9364	662	putative amidase
gene_9365	276	hypothetical protein
gene_9366	151	hypothetical protein
gene_9367	315	putative serine/threonine protein kinase
gene_9368	496	cytochrome P450 EFQ32001.1 cytochrome P450
gene_9369	217	hypothetical protein
gene_937	1938	putative AMP-binding enzyme
gene_9370	1955	vacuolar cation-chloride cotransporter 1
gene_9371	486	hypothetical protein
gene_9372	575	hypothetical protein
gene_9373	699	hypothetical protein
gene_9374	390	putative TfdA family taurine catabolism dioxygenase TauD
gene_9375	298	putative myb-like DNA-binding domain-containing protein
gene_9376	263	hypothetical protein
gene_9377	322	hypothetical protein
gene_9378	325	hypothetical protein
gene_9379	382	putative methyltransferase domain-containing protein
gene_938	451	putative NADH:flavin oxidoreductase/NADH oxidase
gene_9380	602	Protein phosphatase 2C (PP2C)-like domain-containing protein
gene_9381	104	hypothetical protein
gene_9383	557	putative cytochrome P450
gene_9384	499	putative TPR domain-containing protein
gene_9385	291	Domain of unknown function (DUF3425)-domain containing protein
gene_9386	398	hypothetical protein
gene_9387	156	hypothetical protein
gene_9388	638	hypothetical protein
gene_9389	174	hypothetical protein
gene_939	88	hypothetical protein
gene_9390	341	hypothetical protein
gene_9391	738	Nitrogen Permease regulator of amino acid transport activity 3-domain containing protein
gene_9392	336	putative inosine/uridine-preferring nucleoside hydrolase
gene_9393	541	putative transferase
gene_9394	433	hypothetical protein
gene_9395	631	HET domain-containing protein KAF4784180.1 HET domain-containing protein
gene_9396	735	hypothetical protein
gene_9397	1186	putative RhoGAP domain-containing protein
gene_9398	514	putative cytochrome P450
gene_9399	170	carbonate dehydratase
gene_94	624	hypothetical protein
gene_940	465	hypothetical protein
gene_9401	361	putative glucose N-acetyltransferase
gene_9402	906	putative phosphatidylinositol 3
gene_9403	363	hypothetical protein
gene_9404	523	putative BTB/POZ domain-containing protein
gene_9405	388	putative CFEM domain-containing protein
gene_9406	202	hypothetical protein
gene_9407	100	DASH complex subunit Dad1 EFQ35182.1 DASH complex subunit Dad1
gene_9408	414	hypothetical protein
gene_9409	547	putative pentatricopeptide repeat domain-containing protein
gene_9410	106	putative mitochondrial DnaJ chaperone RWQ97821.1 putative mitochondrial DnaJ chaperone
gene_9411	225	putative calcineurin is a calcium-dependent
gene_9412	1357	polyamine transport protein
gene_9413	507	putative cysteine desulfurase IscS
gene_9414	355	putative DNA/RNA non-specific endonuclease
gene_9415	137	hypothetical protein
gene_9416	570	Alpha/Beta hydrolase fold
gene_9417	374	hypothetical protein
gene_9419	347	putative methyltransferase domain-containing protein
gene_942	402	Leo1-like protein-domain containing protein
gene_9420	299	hypothetical protein
gene_9421	1598	hypothetical protein
gene_9422	418	putative BAR domain-containing protein
gene_9423	741	Protein kinase-like domain-containing protein
gene_9424	580	hypothetical protein
gene_9425	186	putative acetyltransferase
gene_9426	494	putative endonuclease/Exonuclease/phosphatase
gene_9427	978	putative RNA-metabolising metallo-beta-lactamase
gene_9428	578	putative cation diffusion facilitator family transporter
gene_9429	180	hypothetical protein
gene_943	924	hypothetical protein
gene_9430	1109	putative DSHCT domain-containing protein
gene_9431	332	hypothetical protein
gene_9432	1223	Golgi apparatus membrane protein tvp38
gene_9433	514	hypothetical protein
gene_9434	558	putative rhomboid family protein
gene_9435	1219	putative integral membrane protein
gene_9436	1094	GTPase-activating protein GYP7
gene_9437	618	L-Aspartase-like protein
gene_9438	647	putative fungal-specific transcription factor
gene_9439	469	putative oxalate decarboxylase family bicupin
gene_9440	510	hypothetical protein
gene_9441	308	14-3-3 domain-containing protein
gene_9442	536	hypothetical protein
gene_9443	195	Kinase binding protein CGI-121-domain containing protein
gene_9444	587	putative 3-hydroxyacyl-CoA dehydrogenase
gene_9445	1025	Heterokaryon incompatibility protein (HET)-domain containing protein
gene_9446	262	Polysaccharide lyase-domain containing protein
gene_9447	238	hypothetical protein
gene_9448	708	putative ARS binding protein 2
gene_9449	730	hypothetical protein
gene_945	272	putative methyltransferase domain-containing protein
gene_9450	141	putative CVNH domain-containing protein
gene_9451	244	putative nitroreductase
gene_9452	238	hypothetical protein
gene_9453	430	hypothetical protein
gene_9454	464	putative tat pathway signal sequence
gene_9455	337	putative triose-phosphate transporter
gene_9456	312	hypothetical protein
gene_9458	125	hypothetical protein
gene_9459	646	YT521-B-like domain-domain containing protein
gene_946	173	Uncharacterised protein family (UPF0041)-domain containing protein
gene_9460	292	hypothetical protein
gene_9461	515	putative GAT domain-containing protein
gene_9462	843	hypothetical protein
gene_9463	225	hypothetical protein
gene_9464	1031	putative OPT oligopeptide transporter
gene_9465	363	putative D-isomer specific 2-hydroxyacid dehydrogenase
gene_9466	855	tRNA nucleotidyltransferase
gene_9467	764	hypothetical protein
gene_9468	238	hypothetical protein
gene_9469	490	hypothetical protein
gene_947	609	hypothetical protein
gene_9470	135	putative DSS1/SEM1 family protein
gene_9471	402	Concanavalin A-like lectin/glucanase domain-containing protein
gene_9472	586	hypothetical protein
gene_9473	174	DNA-directed RNA polymerase, RBP11-like dimerisation domain-containing protein
gene_9474	833	putative fungal-specific transcription factor domain-containing protein
gene_9475	146	hypothetical protein
gene_9476	328	putative 2OG-Fe(II)oxygenase family oxidoreductase
gene_9477	725	hypothetical protein
gene_9478	212	Hydrophobic surface binding protein A-domain containing protein
gene_9479	384	hypothetical protein
gene_948	479	putative helix-loop-helix DNA-binding domain-containing protein
gene_9480	333	putative SAM-dependent methyltransferase
gene_9481	244	hypothetical protein
gene_9482	750	putative geranylgeranyl pyrophosphate synthase
gene_9483	722	glutamine-dependent NAD(+) synthetase
gene_9484	136	putative ubiquinol-cytochrome C reductase hinge protein
gene_9485	1077	putative vault protein inter-alpha-trypsin
gene_9486	423	P-loop containing nucleoside triphosphate hydrolase protein
gene_9487	375	putative deoxyhypusine hydroxylase
gene_9488	174	hypothetical protein
gene_9489	1078	putative Sec8 exocyst complex component-specific domain-containing protein
gene_949	417	Zinc-finger of the MIZ type in Nse subunit-domain containing protein
gene_9490	456	putative phosphomevalonate kinase
gene_9491	1261	hypothetical protein
gene_9492	451	short chain dehydrogenase
gene_9493	481	putative major facilitator superfamily transporter
gene_9494	1084	cytochrome P450 monooxygenase FCK2
gene_9495	578	putative phytoene desaturase
gene_9496	609	putative GMC oxidoreductase
gene_9497	194	hypothetical protein
gene_9498	406	putative short-chain dehydrogenase
gene_9499	455	NAD-dependent glycerol-3-phosphate dehydrogenase N-terminus-domain containing protein
gene_95	292	hypothetical protein
gene_950	108	hypothetical protein
gene_9500	287	putative cytochrome P450
gene_9501	1018	hypothetical protein
gene_9502	218	putative acetyltransferase
gene_9504	103	hypothetical protein
gene_9505	449	hypothetical protein
gene_9507	195	P-loop containing nucleoside triphosphate hydrolase protein
gene_9508	407	hypothetical protein
gene_9509	676	putative LAS seventeen-binding protein
gene_951	62	hypothetical protein
gene_9510	289	hypothetical protein
gene_9511	460	hypothetical protein
gene_9512	504	hypothetical protein
gene_9513	641	putative fungal-specific transcription factor domain-containing protein
gene_9514	668	putative cation transporter
gene_9515	115	hypothetical protein
gene_9516	378	putative mismatch-specific thymine-DNA glycosylate
gene_9517	682	hypothetical protein
gene_9518	707	hypothetical protein
gene_9519	548	Amino acid/polyamine transporter I
gene_952	73	hypothetical protein
gene_9520	339	UMTA protein
gene_9521	143	hypothetical protein
gene_9522	303	putative class II aldolase and Adducin domain-containing protein
gene_9523	454	putative initiation-specific alpha-1,6-mannosyltransferase
gene_9524	264	hypothetical protein
gene_9525	284	putative short-chain dehydrogenase/reductase
gene_9526	1109	putative phosphatidylserine decarboxylase
gene_9527	1250	hypothetical protein
gene_9528	111	hypothetical protein
gene_9529	95	hypothetical protein
gene_953	313	putative GTP cyclohydrolase I
gene_9531	186	hypothetical protein
gene_9532	522	transmembrane amino acid transporter OBR08248.1 transmembrane amino acid transporter
gene_9533	628	hypothetical protein
gene_9534	388	hypothetical protein
gene_9535	67	hypothetical protein
gene_9537	98	putative fungal hydrophobin
gene_9538	204	hypothetical protein
gene_9539	603	putative major facilitator superfamily transporter
gene_954	479	Citrate synthase-like protein
gene_9540	294	family 12 putative glycosyl hydrolase
gene_9541	418	hypothetical protein
gene_9542	548	putative major facilitator superfamily transporter
gene_9543	349	Protein kinase-like domain-containing protein
gene_9544	331	putative NAD-dependent epimerase/dehydratase
gene_9545	795	putative patatin-like phospholipase
gene_9546	355	putative adenosine deaminase
gene_9547	304	putative amidase
gene_9548	266	putative short chain dehydrogenase
gene_9549	677	hypothetical protein
gene_955	236	hypothetical protein
gene_9550	635	Heterokaryon incompatibility protein (HET)-domain containing protein
gene_9551	935	hypothetical protein
gene_9552	1978	RAVE protein 1 C terminal-domain containing protein
gene_9553	359	hypothetical protein
gene_9555	324	hypothetical protein
gene_9556	198	putative 6,7-dimethyl-8-ribityllumazine synthase
gene_9557	206	hypothetical protein
gene_9558	541	putative formyl-CoA transferase
gene_9559	120	hypothetical protein
gene_956	689	hypothetical protein
gene_9560	548	putative tannase and feruloyl esterase
gene_9561	99	hypothetical protein
gene_9562	317	integral membrane protein
gene_9563	217	putative lipocalin-like domain-containing protein
gene_9564	475	putative WD domain-containing protein
gene_9565	253	hypothetical protein
gene_9566	288	putative Arv1-like family protein
gene_9567	387	hypothetical protein
gene_9568	536	putative cytochrome P450
gene_9569	538	putative RNA recognition domain-containing protein
gene_957	574	putative quinate permease
gene_9570	110	hypothetical protein
gene_9571	400	hypothetical protein
gene_9572	289	FAR-17a/AIG1-like protein-domain containing protein
gene_9573	427	Zinc finger protein-domain containing protein
gene_9574	59	hypothetical protein
gene_9575	252	hypothetical protein
gene_9576	723	putative phenylalanine ammonia-lyase
gene_9577	751	Protein of unknown function (DUF2439)-domain containing protein
gene_9578	308	Cut8 six-helix bundle-domain containing protein
gene_9579	236	hypothetical protein
gene_958	505	Nineteen complex-related protein 2-domain containing protein
gene_9580	468	hypothetical protein
gene_9581	869	putative sodium/hydrogen exchanger family protein
gene_9582	611	putative translation initiation factor IF-2
gene_9583	634	putative major facilitator superfamily transporter
gene_9584	1064	Calcium-activated chloride channel-domain containing protein
gene_9585	1050	putative exocyst complex component Sec5
gene_9586	1562	putative Sec7 domain-containing protein
gene_9587	1135	putative arid/bright DNA binding domain-containing protein
gene_9588	190	hypothetical protein
gene_9589	298	putative brix domain-containing protein
gene_959	318	hypothetical protein
gene_9590	743	zinc-binding oxidoreductase
gene_9592	284	hypothetical protein
gene_9593	209	hypothetical protein
gene_9594	113	hypothetical protein
gene_9595	355	methyltransferase
gene_9596	270	haloacid dehalogenase-like hydrolase
gene_9597	972	Retinoic acid induced 16-like protein-domain containing protein
gene_9598	377	putative amidohydrolase
gene_9599	325	Hydrophobic surface binding protein A-domain containing protein
gene_960	587	putative iron only hydrogenase large subunit domain-containing protein
gene_9600	170	hypothetical protein
gene_9601	233	putative citrinin biosynthesis oxydoreductase CtnB
gene_9602	220	endonuclease reverse
gene_9603	442	putative ABC transporter
gene_9604	211	putative fungal-specific transcription factor domain-containing protein
gene_9605	153	hypothetical protein
gene_9606	478	hypothetical protein
gene_9607	273	hypothetical protein
gene_9608	510	hypothetical protein
gene_9609	225	hypothetical protein
gene_961	502	eukaryotic and archaeal DNA primase EFQ26051.1 eukaryotic and archaeal DNA primase
gene_9610	590	major facilitator superfamily transporter EFQ33026.1 major facilitator superfamily transporter
gene_9611	639	hypothetical protein
gene_9612	290	hypothetical protein
gene_9613	336	Domain of unknown function (DUF4078)-domain containing protein
gene_9614	494	integral membrane protein
gene_9615	221	Bacteriocin-protection, YdeI or OmpD-Associated-domain containing protein
gene_9616	615	putative GMC oxidoreductase
gene_9617	583	Protein of unknown function (DUF1308)-domain containing protein
gene_9618	323	hypothetical protein
gene_9619	237	hypothetical protein
gene_962	825	hypothetical protein
gene_9620	536	hypothetical protein
gene_9621	224	hypothetical protein
gene_9622	124	putative nuclear transport factor 2 domain-containing protein
gene_9623	569	putative sugar porter family MFS transporter
gene_9624	221	hypothetical protein
gene_9625	153	hypothetical protein
gene_9626	209	hypothetical protein
gene_9627	738	putative eIF4-gamma/eIF5/eIF2-epsilon
gene_9628	193	hypothetical protein
gene_9629	527	putative leucine rich repeat family protein
gene_963	205	hypothetical protein
gene_9630	111	hypothetical protein
gene_9631	642	Uncharacterized ACR, YdiU/UPF0061 family-domain containing protein
gene_9632	599	putative major facilitator superfamily transporter
gene_9633	975	putative RAM signaling pathway protein
gene_9634	541	putative ankyrin-2 ankyrin
gene_9635	275	putative mold-specific protein MS95
gene_9636	702	hypothetical protein
gene_9637	389	putative WD repeat domain-containing phosphoinositide-interacting protein 4
gene_9638	250	putative bZIP transcription factor
gene_9639	285	putative S1/P1 nuclease
gene_964	417	o-methyltransferase
gene_9640	206	hypothetical protein
gene_9641	293	hypothetical protein
gene_9642	267	putative DnaJ domain-containing protein
gene_9643	359	hypothetical protein
gene_9644	446	hypothetical protein
gene_9645	916	putative DnaJ domain-containing protein
gene_9646	1084	putative cytochrome P450
gene_9647	102	ATP synthase
gene_9648	149	hypothetical protein
gene_9649	580	putative H3 K56 histone acetylation protein KAT11
gene_965	289	putative fumarylacetoacetate hydrolase
gene_9650	627	putative glutamyl-tRNA synthetase
gene_9651	342	hypothetical protein
gene_9653	509	putative major facilitator superfamily transporter
gene_9654	956	putative lon protease 2
gene_9655	207	hypothetical protein
gene_9656	507	hypothetical protein
gene_9657	463	putative TATA box binding protein associated factor
gene_9658	483	hypothetical protein
gene_9659	473	putative riboflavin transporter MCH5
gene_966	898	WD40-repeat-containing domain protein
gene_9660	759	putative catalase/peroxidase HPI
gene_9661	335	putative RNase P subunit p30
gene_9662	382	hypothetical protein
gene_9663	375	putative peptidase family M28
gene_9664	453	hypothetical protein
gene_9665	748	putative WD domain-containing protein
gene_9666	244	putative molybdenum cofactor biosynthesis protein C
gene_9667	500	hypothetical protein
gene_9668	699	putative prolyl oligopeptidase
gene_9669	1056	Sulfate transporter family-domain containing protein
gene_967	173	putative pre-mRNA-splicing factor CWC21
gene_9670	973	putative cell wall proline rich protein
gene_9671	270	putative Fe-S protein assembly co-chaperone HscB
gene_9672	1009	hypothetical protein
gene_9674	667	putative serine carboxypeptidase
gene_9675	2341	putative beta-ketoacyl synthase domain-containing protein
gene_9676	443	putative major facilitator superfamily transporter
gene_9677	348	putative asparaginase
gene_9678	165	D-Tyr tRNAtyr deacylase-like domain-containing protein
gene_9679	305	Mitochondrial carrier domain-containing protein
gene_968	456	Uncharacterized alpha/beta hydrolase domain (DUF2235)-domain containing protein
gene_9680	753	hypothetical protein
gene_9681	247	Class I glutamine amidotransferase-like protein
gene_9682	268	putative SNARE domain-containing protein
gene_9683	560	putative cytochrome P450
gene_9684	330	hypothetical protein
gene_9685	212	hypothetical protein
gene_9686	1131	putative carboxylesterase
gene_9687	104	hypothetical protein
gene_9688	225	hypothetical protein
gene_9689	254	hypothetical protein
gene_969	476	UV radiation resistance protein and autophagy-related subunit 14-domain containing protein
gene_9690	166	hypothetical protein
gene_9691	508	cytochrome p450
gene_9692	371	RGS domain-containing protein
gene_9693	371	putative zinc-binding dehydrogenase
gene_9694	439	hypothetical protein
gene_9695	516	putative histidine acid phosphatase
gene_9696	186	ADP-ribosylation factor family-domain containing protein
gene_9697	165	hypothetical protein
gene_9698	663	ubiquitin-60S ribosomal protein L40
gene_9699	633	putative POT family protein
gene_97	1378	hypothetical protein
gene_970	405	hypothetical protein
gene_9700	367	Per1-like-domain containing protein
gene_9701	2004	hypothetical protein
gene_9702	603	putative aldehyde dehydrogenase
gene_9703	276	hypothetical protein
gene_9704	122	hypothetical protein
gene_9705	397	putative BZIP-type transcription factor
gene_9706	1223	putative RasGEF domain-containing protein
gene_9707	238	putative DnaJ domain-containing protein
gene_9708	455	putative major facilitator superfamily transporter
gene_9709	302	hypothetical protein
gene_971	84	hypothetical protein
gene_9710	689	Protein of unknown function (DUF3112)-domain containing protein
gene_9711	681	hypothetical protein
gene_9712	365	hypothetical protein
gene_9713	179	hypothetical protein
gene_9714	473	putative NADH dehydrogenase
gene_9715	115	hypothetical protein
gene_9716	272	putative replication fork protection component Swi3
gene_9717	634	Glycoside hydrolase superfamily
gene_9718	851	Putative diphthamide synthesis protein-domain containing protein
gene_9719	245	putative ubiquinone biosynthesis protein COQ7
gene_972	639	Thiamine pyrophosphate enzyme, N-terminal TPP binding domain-domain containing protein
gene_9720	171	Mss4-like protein
gene_9721	350	UbiA prenyltransferase
gene_9722	1236	FAD binding domain-containing protein
gene_9723	424	putative amidohydrolase
gene_9724	89	hypothetical protein
gene_9725	1525	Conserved oligomeric complex COG6-domain containing protein
gene_9726	342	putative G-patch domain-containing protein
gene_9727	1225	putative RNA polymerase Rpb2
gene_9728	653	putative smg-4/UPF3 family protein
gene_9729	182	hypothetical protein
gene_973	428	Protein kinase-like domain-containing protein
gene_9730	562	hypothetical protein
gene_9731	500	RXT2-like, N-terminal-domain containing protein
gene_9732	585	putative major facilitator superfamily transporter
gene_9733	588	putative F-box domain-containing protein
gene_9735	119	hypothetical protein
gene_9736	423	putative nucleotide exchange factor SIL1
gene_9737	592	hypothetical protein
gene_9738	300	putative ribosomal L18p/L5e family protein
gene_9739	907	putative TBC domain-containing protein
gene_974	617	putative multicopper oxidase
gene_9741	403	alkaline ceramidase 3
gene_9742	390	hypothetical protein
gene_9743	119	hypothetical protein
gene_9744	188	hypothetical protein
gene_9745	413	putative vacuolar protein sorting-associated protein 62
gene_9746	231	hypothetical protein
gene_9747	484	putative CrcB-like protein
gene_9748	209	hypothetical protein
gene_9749	415	hypothetical protein
gene_975	550	putative ankyrin repeat protein
gene_9750	268	family 16 putative glycoside hydrolase
gene_9751	675	hypothetical protein
gene_9752	311	putative eukaryotic translation initiation factor 2 alpha subunit
gene_9753	106	ribosomal protein L36e EFQ29357.1 ribosomal protein L36e KDN63450.1 putative ribosomal protein L36e
gene_9754	423	putative RNase3 domain-containing protein
gene_9755	286	putative FYVE zinc finger protein
gene_9756	229	hypothetical protein
gene_9757	571	uracil permease 2
gene_9758	481	family 71 putative glycosyl hydrolase
gene_9759	885	putative ankyrin repeat domain-containing protein
gene_976	159	hypothetical protein
gene_9760	241	hypothetical protein
gene_9761	268	hypothetical protein
gene_9762	552	putative PAF-acetylhydrolase family member
gene_9763	634	hypothetical protein
gene_9764	1109	hypothetical protein
gene_9765	517	hypothetical protein
gene_9766	2009	hypothetical protein
gene_9767	345	hypothetical protein
gene_9768	263	C6 transcription factor OBR08754.1 C6 transcription factor TIC95728.1 nitrogen assimilation transcription factor nit-4
gene_9769	679	putative GMC oxidoreductase
gene_977	576	putative pyoverdine/dityrosine biosynthesis protein
gene_9770	427	hypothetical protein
gene_9771	555	family 43 putative glycosyl hydrolase
gene_9772	1065	P-loop containing nucleoside triphosphate hydrolase protein
gene_9773	396	putative XPG domain-containing protein
gene_9774	500	putative succinate-semialdehyde dehydrogenase
gene_9775	484	hypothetical protein
gene_9776	348	hypothetical protein
gene_9777	145	putative DASH complex subunit Dad2
gene_9778	855	hypothetical protein
gene_9779	628	putative myb-like DNA-binding domain-containing protein
gene_978	1355	putative major facilitator superfamily transporter
gene_9780	188	hypothetical protein
gene_9781	372	hypothetical protein
gene_9782	1522	putative RhoGEF domain-containing protein
gene_9783	1238	mitochondrial D-lactate dehydrogenase
gene_9784	413	eukaryotic translation initiation factor 3 39 kda subunit
gene_9785	282	putative short chain dehydrogenase
gene_9786	198	infection structure-specific protein EFQ34768.1 infection structure specific protein
gene_9787	435	putative GRF zinc finger protein
gene_9788	201	putative capsule polysaccharide biosynthesis protein
gene_9789	401	hypothetical protein
gene_979	434	putative glucosyltransferase
gene_9790	221	ras family protein EFQ25626.1 ras family protein
gene_9791	620	putative major facilitator superfamily transporter
gene_9792	112	hypothetical protein
gene_9793	440	Alpha/Beta hydrolase fold
gene_9794	743	putative RNA recognition domain-containing protein
gene_9795	429	Dynamitin-domain containing protein
gene_9796	412	putative coproporphyrinogen III oxidase
gene_9797	688	putative cyclin
gene_9798	335	putative septin
gene_9799	105	putative dolichol-phosphate mannosyltransferase subunit 3
gene_98	710	hypothetical protein
gene_980	1622	putative ATPase
gene_9800	739	hypothetical protein
gene_9801	827	putative FAD-binding domain-containing protein
gene_9802	480	putative major facilitator superfamily transporter
gene_9803	671	Ribonuclease H-like domain-containing protein
gene_9804	605	hypothetical protein
gene_9805	1371	hypothetical protein
gene_9806	297	hypothetical protein
gene_9807	148	hypothetical protein
gene_9808	252	putative chitinase
gene_9809	143	Bladder cancer-related protein BC10-domain containing protein
gene_981	129	hypothetical protein
gene_9810	268	hypothetical protein
gene_9811	362	putative alcohol dehydrogenase GroES-like domain-containing protein
gene_9812	155	hypothetical protein
gene_9813	389	putative agmatinase 1
gene_9814	393	hypothetical protein
gene_9815	758	amidohydrolase family protein KAF4783169.1 amidohydrolase family protein
gene_9816	653	putative general alpha-glucoside permease
gene_9817	377	hypothetical protein
gene_9818	399	putative insulin-induced protein
gene_9819	257	hypothetical protein
gene_982	960	putative WD domain-containing protein
gene_9820	721	Heterokaryon incompatibility protein (HET)-domain containing protein
gene_9821	624	hypothetical protein
gene_9823	512	hypothetical protein
gene_9824	830	putative homeobox and C2H2 transcription factor
gene_9825	341	hypothetical protein
gene_9826	259	putative 2OG-Fe(II)oxygenase superfamily protein
gene_9827	405	putative vegetative cell wall protein gp1
gene_9828	261	hypothetical protein
gene_9829	1236	hypothetical protein
gene_983	163	putative tctex-1 family protein
gene_9830	770	Sugar (and other) transporter-domain containing protein
gene_9831	561	CRAL-TRIO domain-containing protein C23B6.04c
gene_9832	647	putative ABC transporter
gene_9833	711	putative interferon-induced GTP-binding protein Mx1
gene_9834	209	hypothetical protein
gene_9835	173	Molybdopterin biosynthesis MoaE
gene_9836	800	XFP N-terminal domain-domain containing protein
gene_9837	58	hypothetical protein
gene_9838	304	hypothetical protein
gene_9839	381	putative cytoplasm protein
gene_984	529	putative H+ symporter family protein
gene_9840	541	cytochrome P450 EFQ34955.1 cytochrome P450
gene_9841	234	hypothetical protein
gene_9842	428	hypothetical protein
gene_9843	674	putative major facilitator superfamily transporter
gene_9844	1142	P-loop containing nucleoside triphosphate hydrolase protein
gene_9845	123	prefoldin subunit 2
gene_9846	336	hypothetical protein
gene_9847	365	PLC-like phosphodiesterase, TIM beta/alpha-barrel-containing protein domain-containing protein
gene_9848	343	GroES (chaperonin 10)-like protein
gene_9849	378	hypothetical protein
gene_985	602	putative serine carboxypeptidase
gene_9850	518	Putative zinc finger motif, C2HC5-type-domain containing protein
gene_9851	666	PX-associated-domain containing protein
gene_9852	740	putative HSF-type DNA-binding protein
gene_9853	204	ADP-ribosylation factor family protein
gene_9854	2808	hypothetical protein
gene_9855	237	putative cutinase
gene_9856	1088	hypothetical protein
gene_9857	118	hypothetical protein
gene_9858	157	putative 40S ribosomal protein S27
gene_9859	214	putative DnaJ domain-containing protein
gene_986	468	putative cytochrome P450
gene_9860	171	hypothetical protein
gene_9861	885	hypothetical protein
gene_9862	1602	fungal-specific transcription factor
gene_9863	447	hypothetical protein
gene_9864	458	Mitochondrial ribosomal protein MRP51
gene_9865	708	Ankyrin repeat-containing domain protein
gene_9866	549	Thioesterase-like superfamily-domain containing protein
gene_9868	154	putative LysM domain-containing protein
gene_987	235	putative GrpE protein
gene_9870	280	putative metalloprotease MEP1
gene_9871	134	hypothetical protein
gene_9872	327	hypothetical protein
gene_9873	305	putative calcium/calmodulin-dependent protein kinase type 1B
gene_9874	252	putative oxidoreductase
gene_9875	396	putative acetyl-CoA acetyltransferase
gene_9876	600	hypothetical protein
gene_9877	396	hypothetical protein
gene_9878	691	putative LIM domain-containing protein
gene_9879	4370	putative dynein heavy chain
gene_988	1012	putative beta-galactosidase/beta-glucuronidase
gene_9880	218	hypothetical protein
gene_9881	224	Hypothetical protein FLILHELTA-domain containing protein
gene_9882	882	putative sulfatase
gene_9883	229	hypothetical protein
gene_9884	490	putative phosphoserine phosphatase serb
gene_9885	436	putative short-chain dehydrogenase/ reductase
gene_9886	100	dynein light chain TID06454.1 dynein light chain, cytoplasmic TKW58448.1 dynein light chain, cytoplasmic TQN74997.1 dynein light chain
gene_9887	518	hypothetical protein
gene_9888	2441	phosphatidylinositol 3 EFQ26771.1 phosphatidylinositol 3
gene_9889	156	hypothetical protein
gene_989	603	putative X-Pro dipeptidyl-peptidase
gene_9890	614	putative flavin-containing amine oxidoreductase
gene_9891	215	hypothetical protein
gene_9892	839	major facilitator superfamily transporter
gene_9893	588	XPG domain containing-domain containing protein
gene_9894	468	putative glucose/galactose transporter
gene_9895	482	putative ammonium transporter
gene_9896	573	putative prenylated rab acceptor 1
gene_9897	303	5'/3'-nucleotidase
gene_9898	815	putative transporter Avl9
gene_9899	731	hypothetical protein
gene_99	1067	hypothetical protein
gene_990	399	putative ABC multidrug transporter
gene_9900	191	putative dopa 4,5-dioxygenase
gene_9901	279	Domain of unknown function (DUF3328)-domain containing protein
gene_9902	550	hypothetical protein
gene_9903	1700	putative RecQ family ATP-dependent DNA helicase
gene_9904	233	hypothetical protein
gene_9905	1139	putative von Willebrand factor type A domain-containing protein
gene_9906	518	putative tannase and feruloyl esterase
gene_9908	286	hypothetical protein
gene_9909	636	hypothetical protein
gene_991	610	hypothetical protein
gene_9910	384	putative fic/DOC family protein
gene_9911	304	hypothetical protein
gene_9912	362	hypothetical protein
gene_9913	346	putative glycylpeptide N-tetradecanoyltransferase
gene_9914	393	putative carboxypeptidase A5
gene_9915	280	hypothetical protein
gene_9916	579	putative phosphate transporter
gene_9917	446	acyl transferase
gene_9918	364	putative L-asparaginase
gene_9919	441	putative endonuclease/Exonuclease/phosphatase
gene_992	325	Protein of unknown function (DUF4448)-domain containing protein
gene_9920	263	putative isocitrate dehydrogenase subunit 2
gene_9921	252	hypothetical protein
gene_9922	231	putative isochorismatase
gene_9923	507	putative major facilitator superfamily transporter
gene_9924	557	hypothetical protein
gene_9925	349	putative HVA22 family TB2/DP1 protein
gene_9926	82	Protein of unknown function (DUF1242)-domain containing protein
gene_9927	159	putative intracellular hyphae protein 1
gene_9928	385	hypothetical protein
gene_9929	412	arginosuccinate synthase
gene_993	521	putative glycosyl transferase group 1
gene_9930	229	hypothetical protein
gene_9931	620	hypothetical protein
gene_9932	210	putative bZIP transcription factor
gene_9933	595	hypothetical protein
gene_9934	1184	putative HECT-domain-containing protein
gene_9935	414	putative eukaryotic aspartyl protease
gene_9937	366	hypothetical protein
gene_9938	219	ribosomal protein L19 EFQ27134.1 ribosomal protein L19
gene_9939	167	redoxin EFQ29569.1 redoxin
gene_994	774	putative MOSC N-terminal beta barrel domain-containing protein
gene_9940	90	putative ribosomal protein S19
gene_9941	343	putative pyrroline-5-carboxylate reductase
gene_9942	87	hypothetical protein
gene_9943	381	Oxidative stress survival, Svf1-like protein
gene_9944	520	hypothetical protein
gene_9945	176	putative CFEM domain-containing protein
gene_9946	365	hypothetical protein
gene_9947	624	MBOAT family protein EFQ25531.1 MBOAT family protein
gene_9948	528	putative benzoate 4-monooxygenase cytochrome P450
gene_9949	223	hypothetical protein
gene_995	561	putative membrane transporter
gene_9950	173	putative cytochrome b5-like Heme/Steroid binding domain-containing protein
gene_9951	1823	putative urea carboxylase
gene_9952	732	hypothetical protein
gene_9953	501	hypothetical protein
gene_9954	1309	glycoside hydrolase
gene_9955	709	putative vacuolar sorting protein VPS1
gene_9956	319	putative NAD dependent epimerase/dehydratase
gene_9957	560	putative origin recognition complex subunit 2
gene_9958	459	serine threonine-protein kinase
gene_9959	871	hypothetical protein
gene_996	273	putative HD domain-containing protein
gene_9960	225	putative ubiquitin-conjugating enzyme
gene_9961	442	hypothetical protein
gene_9962	542	putative helix-loop-helix DNA-binding domain-containing protein
gene_9963	614	putative NGP1NT domain-containing protein
gene_9964	668	Heterokaryon incompatibility protein (HET)-domain containing protein
gene_9965	863	putative mechanosensitive ion channel
gene_9967	901	putative autophagy protein Apg9
gene_9968	384	putative phosphoesterase
gene_9969	275	putative ABC multidrug transporter
gene_997	129	putative LSM domain-containing protein
gene_9970	244	putative beta-lactamase
gene_9971	220	chromo domain-containing protein
gene_9972	931	biotin--protein ligase
gene_9974	167	structural toxin protein
gene_9975	554	putative cytochrome P450
gene_9976	447	hypothetical protein
gene_9977	262	hypothetical protein
gene_9978	511	putative ThiF family protein
gene_9979	388	putative TfdA family taurine catabolism dioxygenase TauD
gene_998	463	putative calcium/proton exchanger
gene_9980	585	hypothetical protein
gene_9981	476	hypothetical protein
gene_9982	1822	Nucleoporin subcomplex protein binding to Pom34-domain containing protein
gene_9983	302	Caleosin related protein-domain containing protein
gene_9984	184	hypothetical protein
gene_9985	760	Protein kinase-like domain-containing protein
gene_9986	305	hypothetical protein
gene_9987	343	hypothetical protein
gene_9988	187	hypothetical protein
gene_9989	1011	putative IQ calmodulin-binding domain-containing family protein
gene_999	128	endoribonuclease l-psp
gene_9990	298	hypothetical protein
gene_9991	65	hypothetical protein
gene_9993	622	putative NOSIC domain-containing protein
gene_9994	90	hypothetical protein
gene_9995	383	protein phosphatase 1 regulatory subunit sds22
gene_9996	613	putative ABC transporter
gene_9997	345	putative cellulase
gene_9998	191	Protein of unknown function (DUF1349)-domain containing protein
gene_9999	465	hypothetical protein
