gene_id	length	cys	cys_frac	sig_peptide	effector_like	kw_effector	localization
S1_only_classu|MSTRG.10012.1.p1	389	0	0.0	0	0	0	other
S1_only_classu|MSTRG.10015.1.p1	434	7	0.0161	1	0	0	secreted (pred.)
S1_only_classu|MSTRG.10017.1.p1	336	0	0.0	0	0	0	other
S1_only_classu|MSTRG.1002.1.p1	416	7	0.0168	1	0	0	secreted (pred.)
S1_only_classu|MSTRG.10022.1.p1	838	11	0.0131	0	0	0	other
S1_only_classu|MSTRG.10058.1.p1	476	4	0.0084	1	0	0	secreted (pred.)
S1_only_classu|MSTRG.10058.1.p2	117	5	0.0427	0	0	0	other
S1_only_classu|MSTRG.10059.1.p1	207	6	0.029	0	0	0	other
S1_only_classu|MSTRG.10060.1.p1	309	5	0.0162	0	0	0	other
S1_only_classu|MSTRG.10061.1.p1	855	7	0.0082	0	0	0	other
S1_only_classu|MSTRG.10076.1.p1	643	5	0.0078	0	0	0	other
S1_only_classu|MSTRG.10076.1.p4	243	2	0.0082	0	0	0	other
S1_only_classu|MSTRG.10079.1.p1	1167	8	0.0069	0	0	0	other
S1_only_classu|MSTRG.10079.1.p4	123	1	0.0081	1	0	0	secreted (pred.)
S1_only_classu|MSTRG.1009.1.p1	299	10	0.0334	1	1	0	secreted (pred.)
S1_only_classu|MSTRG.1009.1.p2	271	12	0.0443	0	0	0	other
S1_only_classu|MSTRG.1009.1.p3	196	14	0.0714	1	1	0	secreted (pred.)
S1_only_classu|MSTRG.10098.1.p1	523	1	0.0019	0	0	0	other
S1_only_classu|MSTRG.10108.1.p1	738	1	0.0014	0	0	0	other
S1_only_classu|MSTRG.10108.1.p5	200	2	0.01	0	0	0	other
S1_only_classu|MSTRG.10108.2.p1	356	7	0.0197	0	0	0	other
S1_only_classu|MSTRG.10110.1.p1	100	6	0.06	0	0	0	other
S1_only_classu|MSTRG.10116.1.p2	485	10	0.0206	0	0	0	other
S1_only_classu|MSTRG.10124.1.p1	143	1	0.007	0	0	0	other
S1_only_classu|MSTRG.10132.1.p1	171	0	0.0	0	0	0	other
S1_only_classu|MSTRG.10133.1.p1	437	3	0.0069	0	0	0	other
S1_only_classu|MSTRG.10140.1.p1	354	7	0.0198	0	0	0	other
S1_only_classu|MSTRG.10163.1.p1	961	7	0.0073	0	0	0	other
S1_only_classu|MSTRG.10167.1.p1	733	2	0.0027	0	0	0	other
S1_only_classu|MSTRG.10171.1.p1	1143	17	0.0149	0	0	0	other
S1_only_classu|MSTRG.10171.1.p2	405	2	0.0049	1	0	0	secreted (pred.)
S1_only_classu|MSTRG.10177.1.p1	346	4	0.0116	1	0	0	secreted (pred.)
S1_only_classu|MSTRG.10177.1.p2	335	12	0.0358	1	0	0	secreted (pred.)
S1_only_classu|MSTRG.10182.1.p1	248	3	0.0121	0	0	0	other
S1_only_classu|MSTRG.10185.1.p1	235	5	0.0213	0	0	0	other
S1_only_classu|MSTRG.10186.1.p1	543	8	0.0147	0	0	0	other
S1_only_classu|MSTRG.10186.1.p2	313	3	0.0096	1	0	0	secreted (pred.)
S1_only_classu|MSTRG.10186.1.p5	100	1	0.01	0	0	0	other
S1_only_classu|MSTRG.10194.1.p1	2960	44	0.0149	0	0	0	other
S1_only_classu|MSTRG.10206.1.p1	114	2	0.0175	0	0	0	other
S1_only_classu|MSTRG.10214.1.p1	1592	26	0.0163	1	0	0	secreted (pred.)
S1_only_classu|MSTRG.10214.1.p2	352	8	0.0227	0	0	0	other
S1_only_classu|MSTRG.10219.1.p1	408	4	0.0098	0	0	0	other
S1_only_classu|MSTRG.10219.1.p2	238	0	0.0	0	0	0	other
S1_only_classu|MSTRG.10219.1.p5	214	4	0.0187	0	0	0	other
S1_only_classu|MSTRG.10219.1.p6	213	2	0.0094	0	0	0	other
S1_only_classu|MSTRG.10229.1.p1	319	0	0.0	0	0	0	other
S1_only_classu|MSTRG.10229.1.p2	187	0	0.0	0	0	0	other
S1_only_classu|MSTRG.1024.1.p1	326	10	0.0307	1	0	0	secreted (pred.)
S1_only_classu|MSTRG.10246.1.p1	598	5	0.0084	0	0	0	other
S1_only_classu|MSTRG.10252.1.p3	187	0	0.0	0	0	0	other
S1_only_classu|MSTRG.10252.1.p4	145	3	0.0207	0	0	0	other
S1_only_classu|MSTRG.10252.1.p7	125	3	0.024	0	0	0	other
S1_only_classu|MSTRG.1026.1.p1	529	2	0.0038	0	0	0	other
S1_only_classu|MSTRG.10270.1.p2	123	1	0.0081	0	0	0	other
S1_only_classu|MSTRG.10272.1.p1	840	3	0.0036	0	0	0	other
S1_only_classu|MSTRG.10272.1.p10	115	1	0.0087	1	0	0	secreted (pred.)
S1_only_classu|MSTRG.10272.1.p3	407	2	0.0049	0	0	0	other
S1_only_classu|MSTRG.10294.1.p1	500	7	0.014	0	0	0	other
S1_only_classu|MSTRG.10315.1.p1	296	6	0.0203	0	0	0	other
S1_only_classu|MSTRG.10315.1.p3	124	3	0.0242	1	1	0	secreted (pred.)
S1_only_classu|MSTRG.10316.1.p1	289	3	0.0104	0	0	0	other
S1_only_classu|MSTRG.10340.1.p1	1441	3	0.0021	0	0	0	other
S1_only_classu|MSTRG.10355.1.p1	537	6	0.0112	1	0	0	secreted (pred.)
S1_only_classu|MSTRG.10371.1.p1	363	9	0.0248	0	0	0	other
S1_only_classu|MSTRG.10371.1.p2	117	5	0.0427	0	0	0	other
S1_only_classu|MSTRG.10393.1.p2	128	2	0.0156	1	0	0	secreted (pred.)
S1_only_classu|MSTRG.10393.2.p1	297	8	0.0269	0	0	0	other
S1_only_classu|MSTRG.10406.1.p1	625	8	0.0128	1	0	0	secreted (pred.)
S1_only_classu|MSTRG.10406.1.p7	117	0	0.0	0	0	0	other
S1_only_classu|MSTRG.10409.3.p1	198	2	0.0101	0	0	0	other
S1_only_classu|MSTRG.10409.3.p3	129	1	0.0078	0	0	0	other
S1_only_classu|MSTRG.10413.1.p1	461	11	0.0239	0	0	0	other
S1_only_classu|MSTRG.10413.1.p3	151	5	0.0331	0	0	0	other
S1_only_classu|MSTRG.10414.1.p1	890	8	0.009	0	0	0	other
S1_only_classu|MSTRG.10419.1.p1	354	4	0.0113	0	0	0	other
S1_only_classu|MSTRG.10421.1.p1	217	2	0.0092	0	0	0	other
S1_only_classu|MSTRG.10422.1.p1	311	3	0.0096	0	0	0	other
S1_only_classu|MSTRG.10442.1.p1	383	2	0.0052	0	0	0	other
S1_only_classu|MSTRG.10442.1.p3	184	1	0.0054	0	0	0	other
S1_only_classu|MSTRG.10452.1.p2	208	0	0.0	0	0	0	other
S1_only_classu|MSTRG.10452.1.p5	131	1	0.0076	0	0	0	other
S1_only_classu|MSTRG.10477.1.p3	101	0	0.0	0	0	0	other
S1_only_classu|MSTRG.10478.1.p1	101	5	0.0495	0	0	0	other
S1_only_classu|MSTRG.10496.1.p1	227	0	0.0	0	0	0	other
S1_only_classu|MSTRG.10496.2.p1	207	0	0.0	0	0	0	other
S1_only_classu|MSTRG.105.1.p2	120	0	0.0	0	0	0	other
S1_only_classu|MSTRG.10504.1.p1	1047	12	0.0115	0	0	0	other
S1_only_classu|MSTRG.10508.1.p2	114	0	0.0	0	0	0	other
S1_only_classu|MSTRG.10531.1.p2	236	8	0.0339	1	1	0	secreted (pred.)
S1_only_classu|MSTRG.10531.1.p6	123	1	0.0081	1	0	0	secreted (pred.)
S1_only_classu|MSTRG.1054.1.p1	588	2	0.0034	0	0	0	other
S1_only_classu|MSTRG.10608.1.p2	169	1	0.0059	0	0	0	other
S1_only_classu|MSTRG.10608.1.p3	146	1	0.0068	0	0	0	other
S1_only_classu|MSTRG.10608.1.p6	107	2	0.0187	0	0	0	other
S1_only_classu|MSTRG.10608.2.p2	159	0	0.0	0	0	0	other
S1_only_classu|MSTRG.10608.2.p3	146	1	0.0068	0	0	0	other
S1_only_classu|MSTRG.10608.2.p4	141	8	0.0567	1	1	0	secreted (pred.)
S1_only_classu|MSTRG.10608.2.p7	107	2	0.0187	0	0	0	other
S1_only_classu|MSTRG.10611.1.p1	343	6	0.0175	0	0	0	other
S1_only_classu|MSTRG.1062.1.p1	892	15	0.0168	0	0	0	other
S1_only_classu|MSTRG.10641.1.p1	347	4	0.0115	0	0	0	other
S1_only_classu|MSTRG.10652.1.p1	411	3	0.0073	1	0	0	secreted (pred.)
S1_only_classu|MSTRG.10652.1.p2	309	6	0.0194	1	0	0	secreted (pred.)
S1_only_classu|MSTRG.10652.1.p5	158	0	0.0	1	0	0	secreted (pred.)
S1_only_classu|MSTRG.10728.1.p1	242	6	0.0248	0	0	0	other
S1_only_classu|MSTRG.10729.1.p1	246	0	0.0	0	0	0	other
S1_only_classu|MSTRG.10748.1.p1	432	7	0.0162	0	0	0	other
S1_only_classu|MSTRG.10776.1.p2	212	3	0.0142	0	0	0	other
S1_only_classu|MSTRG.10776.1.p6	133	4	0.0301	1	1	0	secreted (pred.)
S1_only_classu|MSTRG.10786.1.p1	652	10	0.0153	0	0	0	other
S1_only_classu|MSTRG.10795.1.p1	365	3	0.0082	0	0	0	other
S1_only_classu|MSTRG.10802.1.p1	567	5	0.0088	0	0	0	other
S1_only_classu|MSTRG.10810.1.p1	1309	9	0.0069	0	0	0	other
S1_only_classu|MSTRG.10821.1.p1	259	1	0.0039	0	0	0	other
S1_only_classu|MSTRG.10823.1.p1	161	1	0.0062	0	0	0	other
S1_only_classu|MSTRG.10841.1.p1	483	8	0.0166	0	0	0	other
S1_only_classu|MSTRG.10853.1.p1	399	5	0.0125	0	0	0	other
S1_only_classu|MSTRG.10853.1.p2	397	7	0.0176	0	0	0	other
S1_only_classu|MSTRG.10853.1.p3	320	6	0.0187	0	0	0	other
S1_only_classu|MSTRG.10859.1.p1	214	4	0.0187	0	0	0	other
S1_only_classu|MSTRG.1086.1.p1	817	3	0.0037	0	0	0	other
S1_only_classu|MSTRG.1086.1.p3	204	1	0.0049	0	0	0	other
S1_only_classu|MSTRG.1086.1.p8	109	1	0.0092	0	0	0	other
S1_only_classu|MSTRG.10862.1.p1	789	13	0.0165	1	0	0	secreted (pred.)
S1_only_classu|MSTRG.10882.1.p1	308	0	0.0	0	0	0	other
S1_only_classu|MSTRG.10894.1.p1	166	2	0.012	0	0	0	other
S1_only_classu|MSTRG.10912.1.p1	479	4	0.0084	0	0	0	other
S1_only_classu|MSTRG.1092.1.p1	130	4	0.0308	0	0	0	other
S1_only_classu|MSTRG.10928.1.p1	1033	5	0.0048	0	0	0	other
S1_only_classu|MSTRG.10928.1.p2	347	3	0.0086	1	0	0	secreted (pred.)
S1_only_classu|MSTRG.10933.1.p1	204	7	0.0343	1	1	0	secreted (pred.)
S1_only_classu|MSTRG.10935.1.p2	270	3	0.0111	1	0	0	secreted (pred.)
S1_only_classu|MSTRG.10935.1.p4	172	0	0.0	0	0	0	other
S1_only_classu|MSTRG.10952.1.p1	4045	36	0.0089	1	0	0	secreted (pred.)
S1_only_classu|MSTRG.10956.1.p1	449	7	0.0156	0	0	0	other
S1_only_classu|MSTRG.1097.1.p1	290	10	0.0345	0	0	0	other
S1_only_classu|MSTRG.10994.1.p1	243	6	0.0247	0	0	0	other
S1_only_classu|MSTRG.10996.1.p1	459	6	0.0131	0	0	0	other
S1_only_classu|MSTRG.10997.1.p1	343	3	0.0087	0	0	0	other
S1_only_classu|MSTRG.10999.1.p1	355	2	0.0056	0	0	0	other
S1_only_classu|MSTRG.11011.1.p1	576	4	0.0069	0	0	0	other
S1_only_classu|MSTRG.11032.1.p1	407	7	0.0172	1	0	0	secreted (pred.)
S1_only_classu|MSTRG.11033.1.p2	344	10	0.0291	0	0	0	other
S1_only_classu|MSTRG.11061.1.p1	288	6	0.0208	1	1	0	secreted (pred.)
S1_only_classu|MSTRG.11064.1.p1	119	1	0.0084	0	0	0	other
S1_only_classu|MSTRG.11067.1.p1	150	1	0.0067	0	0	0	other
S1_only_classu|MSTRG.11068.1.p2	159	4	0.0252	0	0	0	other
S1_only_classu|MSTRG.11068.1.p3	150	1	0.0067	0	0	0	other
S1_only_classu|MSTRG.11068.1.p4	135	9	0.0667	0	0	0	other
S1_only_classu|MSTRG.11068.1.p6	103	1	0.0097	0	0	0	other
S1_only_classu|MSTRG.11104.1.p1	510	5	0.0098	0	0	0	other
S1_only_classu|MSTRG.11105.1.p1	173	2	0.0116	0	0	0	other
S1_only_classu|MSTRG.11108.1.p1	223	3	0.0135	0	0	0	other
S1_only_classu|MSTRG.11165.1.p1	899	1	0.0011	0	0	0	other
S1_only_classu|MSTRG.11174.1.p1	416	5	0.012	1	0	0	secreted (pred.)
S1_only_classu|MSTRG.11197.1.p1	695	5	0.0072	0	0	0	other
S1_only_classu|MSTRG.11210.1.p1	908	1	0.0011	0	0	0	other
S1_only_classu|MSTRG.11225.1.p1	142	1	0.007	0	0	0	other
S1_only_classu|MSTRG.11258.1.p1	780	5	0.0064	0	0	0	other
S1_only_classu|MSTRG.11270.1.p1	357	4	0.0112	0	0	0	other
S1_only_classu|MSTRG.11277.1.p1	795	6	0.0075	0	0	0	other
S1_only_classu|MSTRG.11293.1.p1	618	9	0.0146	0	0	0	other
S1_only_classu|MSTRG.11293.1.p3	197	0	0.0	0	0	0	other
S1_only_classu|MSTRG.11312.1.p1	622	5	0.008	0	0	0	other
S1_only_classu|MSTRG.11312.1.p7	121	2	0.0165	0	0	0	other
S1_only_classu|MSTRG.11326.1.p1	578	5	0.0087	0	0	0	other
S1_only_classu|MSTRG.11327.1.p3	166	3	0.0181	0	0	0	other
S1_only_classu|MSTRG.11327.1.p4	103	0	0.0	0	0	0	other
S1_only_classu|MSTRG.11330.2.p2	147	5	0.034	0	0	0	other
S1_only_classu|MSTRG.11332.1.p2	148	0	0.0	0	0	0	other
S1_only_classu|MSTRG.11334.1.p1	362	5	0.0138	0	0	0	other
S1_only_classu|MSTRG.11350.1.p1	976	6	0.0061	0	0	0	other
S1_only_classu|MSTRG.11350.2.p1	976	6	0.0061	0	0	0	other
S1_only_classu|MSTRG.11365.1.p1	102	1	0.0098	0	0	0	other
S1_only_classu|MSTRG.11371.1.p1	299	4	0.0134	0	0	0	other
S1_only_classu|MSTRG.11374.2.p1	1711	9	0.0053	0	0	0	other
S1_only_classu|MSTRG.11379.1.p1	762	17	0.0223	0	0	0	other
S1_only_classu|MSTRG.1138.1.p1	268	7	0.0261	1	1	0	secreted (pred.)
S1_only_classu|MSTRG.11414.1.p1	436	4	0.0092	1	0	0	secreted (pred.)
S1_only_classu|MSTRG.11414.1.p2	175	3	0.0171	0	0	0	other
S1_only_classu|MSTRG.1142.1.p2	105	2	0.019	0	0	0	other
S1_only_classu|MSTRG.11441.1.p1	747	8	0.0107	1	0	0	secreted (pred.)
S1_only_classu|MSTRG.11451.1.p1	1696	34	0.02	1	0	0	secreted (pred.)
S1_only_classu|MSTRG.11451.1.p2	166	8	0.0482	1	1	0	secreted (pred.)
S1_only_classu|MSTRG.11471.1.p1	203	3	0.0148	0	0	0	other
S1_only_classu|MSTRG.11504.1.p2	109	1	0.0092	0	0	0	other
S1_only_classu|MSTRG.11505.1.p1	302	7	0.0232	0	0	0	other
S1_only_classu|MSTRG.11516.2.p1	399	3	0.0075	0	0	0	other
S1_only_classu|MSTRG.11562.1.p1	349	3	0.0086	0	0	0	other
S1_only_classu|MSTRG.11617.1.p1	107	0	0.0	0	0	0	other
S1_only_classu|MSTRG.11631.1.p1	452	12	0.0265	1	0	0	secreted (pred.)
S1_only_classu|MSTRG.11639.1.p1	192	8	0.0417	1	1	0	secreted (pred.)
S1_only_classu|MSTRG.11639.1.p2	140	9	0.0643	0	0	0	other
S1_only_classu|MSTRG.11639.1.p4	120	2	0.0167	0	0	0	other
S1_only_classu|MSTRG.11647.1.p1	313	7	0.0224	0	0	0	other
S1_only_classu|MSTRG.11655.1.p1	1201	19	0.0158	0	0	0	other
S1_only_classu|MSTRG.11666.1.p1	849	10	0.0118	0	0	0	other
S1_only_classu|MSTRG.11668.1.p1	192	1	0.0052	0	0	0	other
S1_only_classu|MSTRG.11690.1.p1	157	1	0.0064	1	0	0	secreted (pred.)
S1_only_classu|MSTRG.11691.2.p1	273	1	0.0037	0	0	0	other
S1_only_classu|MSTRG.1171.1.p1	1031	12	0.0116	0	0	0	other
S1_only_classu|MSTRG.11717.1.p1	1590	18	0.0113	0	0	0	other
S1_only_classu|MSTRG.11717.2.p1	1590	18	0.0113	0	0	0	other
S1_only_classu|MSTRG.11757.1.p1	1256	0	0.0	0	0	0	other
S1_only_classu|MSTRG.11766.1.p1	446	6	0.0135	0	0	0	other
S1_only_classu|MSTRG.11793.1.p1	1184	5	0.0042	0	0	0	other
S1_only_classu|MSTRG.11808.1.p1	235	7	0.0298	0	0	0	other
S1_only_classu|MSTRG.1183.1.p1	416	0	0.0	0	0	0	other
S1_only_classu|MSTRG.11844.1.p1	549	5	0.0091	0	0	0	other
S1_only_classu|MSTRG.11846.1.p1	284	4	0.0141	1	1	0	secreted (pred.)
S1_only_classu|MSTRG.11849.1.p1	622	7	0.0113	0	0	0	other
S1_only_classu|MSTRG.11849.1.p3	467	2	0.0043	1	0	0	secreted (pred.)
S1_only_classu|MSTRG.11853.1.p2	313	0	0.0	0	0	0	other
S1_only_classu|MSTRG.11874.1.p1	198	0	0.0	0	0	0	other
S1_only_classu|MSTRG.11875.1.p1	445	2	0.0045	0	0	0	other
S1_only_classu|MSTRG.11875.1.p3	132	0	0.0	0	0	0	other
S1_only_classu|MSTRG.11875.2.p1	152	0	0.0	0	0	0	other
S1_only_classu|MSTRG.11879.1.p1	670	8	0.0119	1	0	0	secreted (pred.)
S1_only_classu|MSTRG.11880.1.p1	643	5	0.0078	0	0	0	other
S1_only_classu|MSTRG.11880.1.p2	554	1	0.0018	0	0	0	other
S1_only_classu|MSTRG.11880.2.p1	643	5	0.0078	0	0	0	other
S1_only_classu|MSTRG.11880.2.p2	554	1	0.0018	0	0	0	other
S1_only_classu|MSTRG.11880.3.p1	554	1	0.0018	0	0	0	other
S1_only_classu|MSTRG.11884.1.p1	291	7	0.0241	0	0	0	other
S1_only_classu|MSTRG.11891.1.p1	504	4	0.0079	0	0	0	other
S1_only_classu|MSTRG.11891.1.p2	265	3	0.0113	0	0	0	other
S1_only_classu|MSTRG.11903.1.p1	358	5	0.014	0	0	0	other
S1_only_classu|MSTRG.11903.1.p3	106	4	0.0377	0	0	0	other
S1_only_classu|MSTRG.11904.1.p1	200	1	0.005	0	0	0	other
S1_only_classu|MSTRG.11909.1.p1	362	5	0.0138	1	0	0	secreted (pred.)
S1_only_classu|MSTRG.1192.1.p4	135	3	0.0222	0	0	0	other
S1_only_classu|MSTRG.1192.1.p6	118	2	0.0169	0	0	0	other
S1_only_classu|MSTRG.11936.1.p1	714	15	0.021	0	0	0	other
S1_only_classu|MSTRG.11936.1.p5	137	1	0.0073	0	0	0	other
S1_only_classu|MSTRG.11938.1.p1	349	2	0.0057	1	0	0	secreted (pred.)
S1_only_classu|MSTRG.11940.1.p1	1171	5	0.0043	0	0	0	other
S1_only_classu|MSTRG.12011.1.p1	366	4	0.0109	1	0	0	secreted (pred.)
S1_only_classu|MSTRG.12011.1.p2	185	3	0.0162	1	0	0	secreted (pred.)
S1_only_classu|MSTRG.12028.1.p1	593	7	0.0118	0	0	0	other
S1_only_classu|MSTRG.12028.1.p3	175	2	0.0114	0	0	0	other
S1_only_classu|MSTRG.12028.1.p9	123	1	0.0081	0	0	0	other
S1_only_classu|MSTRG.12041.1.p1	493	5	0.0101	1	0	0	secreted (pred.)
S1_only_classu|MSTRG.12075.1.p1	171	3	0.0175	1	0	0	secreted (pred.)
S1_only_classu|MSTRG.12076.1.p1	149	0	0.0	0	0	0	other
S1_only_classu|MSTRG.12090.1.p1	532	10	0.0188	0	0	0	other
S1_only_classu|MSTRG.12090.1.p2	202	0	0.0	0	0	0	other
S1_only_classu|MSTRG.12106.1.p1	226	4	0.0177	0	0	0	other
S1_only_classu|MSTRG.12137.1.p1	679	7	0.0103	0	0	0	other
S1_only_classu|MSTRG.12150.1.p1	418	6	0.0144	0	0	0	other
S1_only_classu|MSTRG.12160.1.p1	712	1	0.0014	0	0	0	other
S1_only_classu|MSTRG.12167.1.p1	299	2	0.0067	0	0	0	other
S1_only_classu|MSTRG.12174.1.p1	1738	20	0.0115	0	0	0	other
S1_only_classu|MSTRG.12180.1.p1	173	5	0.0289	1	1	0	secreted (pred.)
S1_only_classu|MSTRG.12183.1.p1	1032	10	0.0097	0	0	0	other
S1_only_classu|MSTRG.12183.1.p2	655	2	0.0031	0	0	0	other
S1_only_classu|MSTRG.12183.1.p6	124	1	0.0081	0	0	0	other
S1_only_classu|MSTRG.12199.1.p1	626	4	0.0064	0	0	0	other
S1_only_classu|MSTRG.12199.1.p12	109	7	0.0642	0	0	0	other
S1_only_classu|MSTRG.12199.1.p2	492	7	0.0142	1	0	0	secreted (pred.)
S1_only_classu|MSTRG.12202.1.p1	925	2	0.0022	0	0	0	other
S1_only_classu|MSTRG.12210.1.p1	274	1	0.0036	1	0	0	secreted (pred.)
S1_only_classu|MSTRG.12228.1.p1	627	6	0.0096	0	0	0	other
S1_only_classu|MSTRG.12242.1.p2	184	4	0.0217	1	1	0	secreted (pred.)
S1_only_classu|MSTRG.12242.1.p5	130	0	0.0	1	0	0	secreted (pred.)
S1_only_classu|MSTRG.12267.1.p1	848	4	0.0047	0	0	0	other
S1_only_classu|MSTRG.12270.1.p1	120	0	0.0	0	0	0	other
S1_only_classu|MSTRG.12271.1.p1	572	4	0.007	0	0	0	other
S1_only_classu|MSTRG.12271.1.p2	325	5	0.0154	0	0	0	other
S1_only_classu|MSTRG.12271.1.p3	242	4	0.0165	0	0	0	other
S1_only_classu|MSTRG.12276.1.p1	304	10	0.0329	0	0	0	other
S1_only_classu|MSTRG.12276.1.p2	245	1	0.0041	0	0	0	other
S1_only_classu|MSTRG.12278.1.p3	140	0	0.0	0	0	0	other
S1_only_classu|MSTRG.12298.1.p1	700	7	0.01	0	0	0	other
S1_only_classu|MSTRG.12299.1.p1	1067	16	0.015	0	0	0	other
S1_only_classu|MSTRG.12299.1.p11	113	2	0.0177	1	0	0	secreted (pred.)
S1_only_classu|MSTRG.12299.1.p2	914	11	0.012	0	0	0	other
S1_only_classu|MSTRG.12299.1.p3	512	4	0.0078	0	0	0	other
S1_only_classu|MSTRG.12301.1.p1	318	2	0.0063	1	0	0	secreted (pred.)
S1_only_classu|MSTRG.1231.1.p1	992	9	0.0091	0	0	0	other
S1_only_classu|MSTRG.12319.1.p1	991	8	0.0081	0	0	0	other
S1_only_classu|MSTRG.12334.1.p1	92	1	0.0109	0	0	0	other
S1_only_classu|MSTRG.1234.1.p1	594	4	0.0067	0	0	0	other
S1_only_classu|MSTRG.1234.1.p5	125	5	0.04	0	0	0	other
S1_only_classu|MSTRG.12340.1.p1	857	3	0.0035	0	0	0	other
S1_only_classu|MSTRG.12342.1.p1	678	11	0.0162	0	0	0	other
S1_only_classu|MSTRG.12342.1.p2	545	9	0.0165	0	0	0	other
S1_only_classu|MSTRG.12344.1.p1	844	16	0.019	0	0	0	other
S1_only_classu|MSTRG.12344.1.p4	125	2	0.016	0	0	0	other
S1_only_classu|MSTRG.12350.1.p1	309	12	0.0388	0	0	0	other
S1_only_classu|MSTRG.12350.1.p2	236	10	0.0424	0	0	0	other
S1_only_classu|MSTRG.12362.1.p1	125	7	0.056	0	0	0	other
S1_only_classu|MSTRG.12362.1.p3	109	3	0.0275	0	0	0	other
S1_only_classu|MSTRG.12372.1.p1	760	8	0.0105	0	0	0	other
S1_only_classu|MSTRG.12383.1.p1	433	3	0.0069	0	0	0	other
S1_only_classu|MSTRG.12383.1.p2	282	11	0.039	0	0	0	other
S1_only_classu|MSTRG.12395.1.p1	583	1	0.0017	0	0	0	other
S1_only_classu|MSTRG.12396.1.p1	456	7	0.0154	0	0	0	other
S1_only_classu|MSTRG.12396.1.p3	207	0	0.0	0	0	0	other
S1_only_classu|MSTRG.12397.1.p1	741	9	0.0121	0	0	0	other
S1_only_classu|MSTRG.12397.1.p3	102	1	0.0098	0	0	0	other
S1_only_classu|MSTRG.12402.1.p1	295	4	0.0136	0	0	0	other
S1_only_classu|MSTRG.12404.1.p1	515	6	0.0117	0	0	0	other
S1_only_classu|MSTRG.12404.1.p2	256	3	0.0117	0	0	0	other
S1_only_classu|MSTRG.12404.1.p3	254	9	0.0354	0	0	0	other
S1_only_classu|MSTRG.12408.1.p1	837	4	0.0048	0	0	0	other
S1_only_classu|MSTRG.12419.1.p1	195	7	0.0359	1	1	0	secreted (pred.)
S1_only_classu|MSTRG.12429.1.p1	888	15	0.0169	0	0	0	other
S1_only_classu|MSTRG.12432.1.p2	160	4	0.025	0	0	0	other
S1_only_classu|MSTRG.12435.1.p1	797	3	0.0038	0	0	0	other
S1_only_classu|MSTRG.12439.1.p1	386	2	0.0052	0	0	0	other
S1_only_classu|MSTRG.12449.1.p1	604	7	0.0116	1	0	0	secreted (pred.)
S1_only_classu|MSTRG.12470.1.p1	803	4	0.005	0	0	0	other
S1_only_classu|MSTRG.12480.1.p1	2028	43	0.0212	0	0	0	other
S1_only_classu|MSTRG.12493.1.p2	105	2	0.019	0	0	0	other
S1_only_classu|MSTRG.12500.1.p1	689	20	0.029	0	0	0	other
S1_only_classu|MSTRG.12500.1.p4	123	3	0.0244	0	0	0	other
S1_only_classu|MSTRG.12502.1.p1	642	22	0.0343	0	0	0	other
S1_only_classu|MSTRG.12502.1.p2	420	5	0.0119	0	0	0	other
S1_only_classu|MSTRG.12502.1.p3	267	7	0.0262	0	0	0	other
S1_only_classu|MSTRG.12506.1.p1	554	8	0.0144	0	0	0	other
S1_only_classu|MSTRG.12509.1.p1	434	3	0.0069	0	0	0	other
S1_only_classu|MSTRG.12509.1.p5	106	3	0.0283	1	1	0	secreted (pred.)
S1_only_classu|MSTRG.12513.1.p3	106	1	0.0094	0	0	0	other
S1_only_classu|MSTRG.12515.1.p1	531	14	0.0264	0	0	0	other
S1_only_classu|MSTRG.12515.1.p4	280	2	0.0071	0	0	0	other
S1_only_classu|MSTRG.12521.1.p1	140	3	0.0214	0	0	0	other
S1_only_classu|MSTRG.12522.1.p3	111	14	0.1261	1	1	0	secreted (pred.)
S1_only_classu|MSTRG.12556.1.p2	184	0	0.0	1	0	0	secreted (pred.)
S1_only_classu|MSTRG.12556.1.p3	169	1	0.0059	0	0	0	other
S1_only_classu|MSTRG.1258.1.p1	320	3	0.0094	0	0	0	other
S1_only_classu|MSTRG.12591.1.p1	415	2	0.0048	0	0	0	other
S1_only_classu|MSTRG.12594.1.p1	116	3	0.0259	0	0	0	other
S1_only_classu|MSTRG.12596.1.p1	366	6	0.0164	1	0	0	secreted (pred.)
S1_only_classu|MSTRG.12596.1.p2	306	6	0.0196	1	0	0	secreted (pred.)
S1_only_classu|MSTRG.12609.1.p4	100	1	0.01	0	0	0	other
S1_only_classu|MSTRG.12628.1.p2	144	4	0.0278	0	0	0	other
S1_only_classu|MSTRG.12628.1.p7	103	2	0.0194	0	0	0	other
S1_only_classu|MSTRG.12630.1.p1	271	0	0.0	0	0	0	other
S1_only_classu|MSTRG.12630.1.p2	134	3	0.0224	0	0	0	other
S1_only_classu|MSTRG.12638.1.p1	524	3	0.0057	0	0	0	other
S1_only_classu|MSTRG.12638.1.p3	169	1	0.0059	0	0	0	other
S1_only_classu|MSTRG.12641.1.p1	543	4	0.0074	0	0	0	other
S1_only_classu|MSTRG.12655.1.p1	787	2	0.0025	0	0	0	other
S1_only_classu|MSTRG.12655.1.p2	665	24	0.0361	0	0	0	other
S1_only_classu|MSTRG.1266.1.p1	782	1	0.0013	0	0	0	other
S1_only_classu|MSTRG.12660.1.p1	237	0	0.0	0	0	0	other
S1_only_classu|MSTRG.12663.1.p1	348	0	0.0	0	0	0	other
S1_only_classu|MSTRG.1267.1.p1	569	9	0.0158	0	0	0	other
S1_only_classu|MSTRG.1267.1.p4	137	0	0.0	0	0	0	other
S1_only_classu|MSTRG.12684.1.p1	790	12	0.0152	0	0	0	other
S1_only_classu|MSTRG.12684.1.p2	410	4	0.0098	0	0	0	other
S1_only_classu|MSTRG.12715.1.p1	275	2	0.0073	0	0	0	other
S1_only_classu|MSTRG.12716.1.p1	638	5	0.0078	0	0	0	other
S1_only_classu|MSTRG.12734.1.p1	265	0	0.0	0	0	0	other
S1_only_classu|MSTRG.12748.1.p1	1109	6	0.0054	0	0	0	other
S1_only_classu|MSTRG.12777.1.p1	290	6	0.0207	0	0	0	other
S1_only_classu|MSTRG.12777.1.p5	137	2	0.0146	0	0	0	other
S1_only_classu|MSTRG.12780.1.p1	476	3	0.0063	0	0	0	other
S1_only_classu|MSTRG.12784.1.p2	137	0	0.0	0	0	0	other
S1_only_classu|MSTRG.12786.1.p1	219	5	0.0228	1	1	0	secreted (pred.)
S1_only_classu|MSTRG.12791.1.p1	238	5	0.021	0	0	0	other
S1_only_classu|MSTRG.12795.1.p2	182	1	0.0055	0	0	0	other
S1_only_classu|MSTRG.12806.1.p1	416	7	0.0168	0	0	0	other
S1_only_classu|MSTRG.12816.1.p1	703	6	0.0085	0	0	0	other
S1_only_classu|MSTRG.12816.1.p2	455	5	0.011	0	0	0	other
S1_only_classu|MSTRG.12832.1.p2	202	0	0.0	0	0	0	other
S1_only_classu|MSTRG.12836.2.p1	518	6	0.0116	1	0	0	secreted (pred.)
S1_only_classu|MSTRG.12845.1.p1	292	4	0.0137	0	0	0	other
S1_only_classu|MSTRG.1289.1.p1	1817	16	0.0088	0	0	0	other
S1_only_classu|MSTRG.12898.1.p1	180	1	0.0056	0	0	0	other
S1_only_classu|MSTRG.12898.1.p2	179	1	0.0056	1	0	0	secreted (pred.)
S1_only_classu|MSTRG.12898.1.p4	103	3	0.0291	0	0	0	other
S1_only_classu|MSTRG.12934.1.p1	302	1	0.0033	0	0	0	other
S1_only_classu|MSTRG.12936.1.p1	507	9	0.0178	0	0	0	other
S1_only_classu|MSTRG.12942.1.p1	452	10	0.0221	0	0	0	other
S1_only_classu|MSTRG.12946.1.p1	747	4	0.0054	0	0	0	other
S1_only_classu|MSTRG.12962.1.p1	485	4	0.0082	0	0	0	other
S1_only_classu|MSTRG.12962.1.p2	329	8	0.0243	0	0	0	other
S1_only_classu|MSTRG.12971.1.p1	1241	14	0.0113	0	0	0	other
S1_only_classu|MSTRG.12971.1.p2	251	1	0.004	0	0	0	other
S1_only_classu|MSTRG.12986.2.p1	118	2	0.0169	1	0	0	secreted (pred.)
S1_only_classu|MSTRG.12988.1.p1	1157	18	0.0156	0	0	0	other
S1_only_classu|MSTRG.12988.1.p2	302	1	0.0033	0	0	0	other
S1_only_classu|MSTRG.12988.1.p6	112	3	0.0268	0	0	0	other
S1_only_classu|MSTRG.12988.3.p1	302	1	0.0033	0	0	0	other
S1_only_classu|MSTRG.12988.3.p4	112	3	0.0268	0	0	0	other
S1_only_classu|MSTRG.13002.1.p1	407	14	0.0344	0	0	0	other
S1_only_classu|MSTRG.13006.1.p1	973	28	0.0288	0	0	0	other
S1_only_classu|MSTRG.13006.1.p2	125	18	0.144	0	0	0	other
S1_only_classu|MSTRG.13021.1.p1	134	1	0.0075	0	0	0	other
S1_only_classu|MSTRG.13023.1.p1	518	4	0.0077	1	0	0	secreted (pred.)
S1_only_classu|MSTRG.13023.2.p1	518	4	0.0077	1	0	0	secreted (pred.)
S1_only_classu|MSTRG.13049.2.p4	101	0	0.0	1	0	0	secreted (pred.)
S1_only_classu|MSTRG.13049.2.p5	101	2	0.0198	0	0	0	other
S1_only_classu|MSTRG.13065.1.p1	950	2	0.0021	1	0	0	secreted (pred.)
S1_only_classu|MSTRG.1307.1.p1	120	14	0.1167	1	1	0	secreted (pred.)
S1_only_classu|MSTRG.13076.1.p1	1784	25	0.014	0	0	0	other
S1_only_classu|MSTRG.13077.1.p1	458	4	0.0087	0	0	0	other
S1_only_classu|MSTRG.13083.1.p1	277	6	0.0217	0	0	0	other
S1_only_classu|MSTRG.13092.1.p1	262	1	0.0038	1	0	0	secreted (pred.)
S1_only_classu|MSTRG.13108.1.p1	957	19	0.0199	0	0	0	other
S1_only_classu|MSTRG.13108.1.p2	293	3	0.0102	0	0	0	other
S1_only_classu|MSTRG.13108.1.p3	135	4	0.0296	0	0	0	other
S1_only_classu|MSTRG.13131.1.p1	237	2	0.0084	0	0	0	other
S1_only_classu|MSTRG.1315.1.p2	142	1	0.007	0	0	0	other
S1_only_classu|MSTRG.1319.1.p2	301	3	0.01	1	0	0	secreted (pred.)
S1_only_classu|MSTRG.1321.1.p1	994	5	0.005	1	0	0	secreted (pred.)
S1_only_classu|MSTRG.1321.1.p3	308	8	0.026	0	0	0	other
S1_only_classu|MSTRG.13212.1.p1	972	7	0.0072	0	0	0	other
S1_only_classu|MSTRG.13212.1.p2	460	7	0.0152	0	0	0	other
S1_only_classu|MSTRG.13212.1.p9	102	3	0.0294	0	0	0	other
S1_only_classu|MSTRG.13222.1.p1	589	3	0.0051	1	0	0	secreted (pred.)
S1_only_classu|MSTRG.13222.1.p2	201	1	0.005	0	0	0	other
S1_only_classu|MSTRG.1323.1.p1	101	0	0.0	0	0	0	other
S1_only_classu|MSTRG.13238.1.p1	367	1	0.0027	0	0	0	other
S1_only_classu|MSTRG.13238.1.p2	342	2	0.0058	0	0	0	other
S1_only_classu|MSTRG.13238.1.p3	261	5	0.0192	0	0	0	other
S1_only_classu|MSTRG.1324.1.p1	161	8	0.0497	0	0	0	other
S1_only_classu|MSTRG.13244.1.p1	629	19	0.0302	0	0	0	other
S1_only_classu|MSTRG.13244.1.p2	603	10	0.0166	0	0	0	other
S1_only_classu|MSTRG.1326.1.p1	1914	29	0.0152	0	0	0	other
S1_only_classu|MSTRG.1326.1.p2	398	4	0.0101	1	0	0	secreted (pred.)
S1_only_classu|MSTRG.13274.1.p1	416	6	0.0144	0	0	0	other
S1_only_classu|MSTRG.13290.1.p1	511	12	0.0235	0	0	0	other
S1_only_classu|MSTRG.13290.1.p4	100	2	0.02	0	0	0	other
S1_only_classu|MSTRG.13295.1.p1	459	2	0.0044	0	0	0	other
S1_only_classu|MSTRG.13295.1.p2	271	3	0.0111	1	0	0	secreted (pred.)
S1_only_classu|MSTRG.13305.1.p1	602	2	0.0033	1	0	0	secreted (pred.)
S1_only_classu|MSTRG.13307.1.p1	758	6	0.0079	0	0	0	other
S1_only_classu|MSTRG.13340.1.p1	469	3	0.0064	0	0	0	other
S1_only_classu|MSTRG.1335.1.p1	160	1	0.0063	1	0	0	secreted (pred.)
S1_only_classu|MSTRG.13350.1.p1	407	5	0.0123	0	0	0	other
S1_only_classu|MSTRG.13362.1.p1	993	7	0.007	0	0	0	other
S1_only_classu|MSTRG.13362.1.p14	117	6	0.0513	0	0	0	other
S1_only_classu|MSTRG.13362.1.p16	106	4	0.0377	0	0	0	other
S1_only_classu|MSTRG.13362.1.p2	686	8	0.0117	0	0	0	other
S1_only_classu|MSTRG.13367.1.p1	371	7	0.0189	0	0	0	other
S1_only_classu|MSTRG.1338.1.p2	107	0	0.0	0	0	0	other
S1_only_classu|MSTRG.13404.1.p1	277	0	0.0	0	0	0	other
S1_only_classu|MSTRG.13419.1.p1	389	5	0.0129	0	0	0	other
S1_only_classu|MSTRG.13420.1.p1	199	3	0.0151	0	0	0	other
S1_only_classu|MSTRG.1343.1.p1	152	1	0.0066	0	0	0	other
S1_only_classu|MSTRG.13430.1.p1	1427	20	0.014	0	0	0	other
S1_only_classu|MSTRG.13439.1.p1	528	2	0.0038	0	0	0	other
S1_only_classu|MSTRG.13456.1.p1	167	4	0.024	1	1	0	secreted (pred.)
S1_only_classu|MSTRG.13456.1.p2	132	0	0.0	0	0	0	other
S1_only_classu|MSTRG.13460.1.p1	386	8	0.0207	0	0	0	other
S1_only_classu|MSTRG.13483.1.p1	123	3	0.0244	0	0	0	other
S1_only_classu|MSTRG.13490.1.p1	245	5	0.0204	1	1	0	secreted (pred.)
S1_only_classu|MSTRG.13497.1.p1	387	6	0.0155	0	0	0	other
S1_only_classu|MSTRG.13498.1.p1	141	0	0.0	0	0	0	other
S1_only_classu|MSTRG.13499.1.p1	112	4	0.0357	0	0	0	other
S1_only_classu|MSTRG.13501.1.p1	750	10	0.0133	1	0	0	secreted (pred.)
S1_only_classu|MSTRG.13501.1.p4	112	2	0.0179	1	0	0	secreted (pred.)
S1_only_classu|MSTRG.13504.1.p1	573	10	0.0175	1	0	0	secreted (pred.)
S1_only_classu|MSTRG.13509.1.p1	126	2	0.0159	0	0	0	other
S1_only_classu|MSTRG.13511.1.p2	193	5	0.0259	0	0	0	other
S1_only_classu|MSTRG.13511.1.p6	112	0	0.0	0	0	0	other
S1_only_classu|MSTRG.13511.1.p9	103	2	0.0194	0	0	0	other
S1_only_classu|MSTRG.13511.2.p2	193	5	0.0259	0	0	0	other
S1_only_classu|MSTRG.13511.2.p9	103	2	0.0194	0	0	0	other
S1_only_classu|MSTRG.13511.3.p3	122	4	0.0328	0	0	0	other
S1_only_classu|MSTRG.13513.1.p1	512	9	0.0176	0	0	0	other
S1_only_classu|MSTRG.13513.1.p2	190	0	0.0	0	0	0	other
S1_only_classu|MSTRG.13513.1.p8	104	3	0.0288	0	0	0	other
S1_only_classu|MSTRG.13518.1.p1	193	1	0.0052	0	0	0	other
S1_only_classu|MSTRG.13522.1.p1	696	7	0.0101	0	0	0	other
S1_only_classu|MSTRG.13522.1.p2	442	3	0.0068	0	0	0	other
S1_only_classu|MSTRG.13524.1.p1	269	2	0.0074	0	0	0	other
S1_only_classu|MSTRG.13524.1.p2	256	0	0.0	0	0	0	other
S1_only_classu|MSTRG.13524.1.p5	102	2	0.0196	0	0	0	other
S1_only_classu|MSTRG.13528.1.p3	122	0	0.0	0	0	0	other
S1_only_classu|MSTRG.1353.1.p2	267	7	0.0262	0	0	0	other
S1_only_classu|MSTRG.1353.1.p4	191	1	0.0052	1	0	0	secreted (pred.)
S1_only_classu|MSTRG.13532.1.p1	567	2	0.0035	0	0	0	other
S1_only_classu|MSTRG.13537.1.p1	1161	17	0.0146	0	0	0	other
S1_only_classu|MSTRG.13542.1.p1	2012	7	0.0035	0	0	0	other
S1_only_classu|MSTRG.13546.1.p1	677	11	0.0162	0	0	0	other
S1_only_classu|MSTRG.13557.1.p1	540	13	0.0241	0	0	0	other
S1_only_classu|MSTRG.13568.1.p1	510	6	0.0118	0	0	0	other
S1_only_classu|MSTRG.13568.1.p2	500	16	0.032	0	0	0	other
S1_only_classu|MSTRG.13570.1.p1	344	7	0.0203	1	0	0	secreted (pred.)
S1_only_classu|MSTRG.1358.1.p1	239	4	0.0167	0	0	0	other
S1_only_classu|MSTRG.1358.1.p2	164	2	0.0122	0	0	0	other
S1_only_classu|MSTRG.13582.1.p1	478	0	0.0	0	0	0	other
S1_only_classu|MSTRG.13588.1.p1	896	12	0.0134	0	0	0	other
S1_only_classu|MSTRG.13588.1.p4	141	2	0.0142	0	0	0	other
S1_only_classu|MSTRG.13591.1.p3	115	4	0.0348	0	0	0	other
S1_only_classu|MSTRG.13606.1.p1	506	1	0.002	0	0	0	other
S1_only_classu|MSTRG.13606.1.p2	455	11	0.0242	0	0	0	other
S1_only_classu|MSTRG.13606.1.p9	126	2	0.0159	0	0	0	other
S1_only_classu|MSTRG.13626.1.p1	525	5	0.0095	0	0	0	other
S1_only_classu|MSTRG.13626.1.p2	378	5	0.0132	0	0	0	other
S1_only_classu|MSTRG.13627.1.p1	1185	11	0.0093	0	0	0	other
S1_only_classu|MSTRG.13627.1.p3	401	5	0.0125	0	0	0	other
S1_only_classu|MSTRG.13628.1.p1	787	15	0.0191	0	0	0	other
S1_only_classu|MSTRG.13653.1.p1	1204	2	0.0017	0	0	0	other
S1_only_classu|MSTRG.13653.1.p8	115	4	0.0348	1	1	0	secreted (pred.)
S1_only_classu|MSTRG.13692.1.p1	683	7	0.0102	0	0	0	other
S1_only_classu|MSTRG.13702.1.p1	553	2	0.0036	0	0	0	other
S1_only_classu|MSTRG.13702.1.p3	122	0	0.0	1	0	0	secreted (pred.)
S1_only_classu|MSTRG.13727.1.p3	216	6	0.0278	0	0	0	other
S1_only_classu|MSTRG.13749.1.p1	631	4	0.0063	0	0	0	other
S1_only_classu|MSTRG.13749.1.p5	107	1	0.0093	1	0	0	secreted (pred.)
S1_only_classu|MSTRG.13757.1.p1	394	5	0.0127	0	0	0	other
S1_only_classu|MSTRG.13760.1.p2	103	4	0.0388	0	0	0	other
S1_only_classu|MSTRG.13773.1.p1	1171	17	0.0145	0	0	0	other
S1_only_classu|MSTRG.13773.1.p2	455	4	0.0088	0	0	0	other
S1_only_classu|MSTRG.13778.1.p1	300	1	0.0033	1	0	0	secreted (pred.)
S1_only_classu|MSTRG.13778.1.p6	111	2	0.018	1	0	0	secreted (pred.)
S1_only_classu|MSTRG.13789.1.p1	349	2	0.0057	1	0	0	secreted (pred.)
S1_only_classu|MSTRG.13809.1.p2	173	3	0.0173	0	0	0	other
S1_only_classu|MSTRG.13815.1.p1	591	8	0.0135	1	0	0	secreted (pred.)
S1_only_classu|MSTRG.13825.1.p1	1594	17	0.0107	0	0	0	other
S1_only_classu|MSTRG.13840.1.p1	1057	1	0.0009	0	0	0	other
S1_only_classu|MSTRG.13840.1.p2	415	6	0.0145	0	0	0	other
S1_only_classu|MSTRG.13841.1.p1	1568	7	0.0045	0	0	0	other
S1_only_classu|MSTRG.13887.1.p1	1738	20	0.0115	0	0	0	other
S1_only_classu|MSTRG.13888.1.p1	188	3	0.016	0	0	0	other
S1_only_classu|MSTRG.13920.1.p1	467	9	0.0193	0	0	0	other
S1_only_classu|MSTRG.13929.1.p1	314	6	0.0191	1	0	0	secreted (pred.)
S1_only_classu|MSTRG.13934.1.p1	146	1	0.0068	0	0	0	other
S1_only_classu|MSTRG.13937.1.p1	292	6	0.0205	1	1	0	secreted (pred.)
S1_only_classu|MSTRG.13947.1.p1	510	10	0.0196	0	0	0	other
S1_only_classu|MSTRG.13947.1.p2	382	4	0.0105	1	0	0	secreted (pred.)
S1_only_classu|MSTRG.13953.1.p1	1128	0	0.0	1	0	0	secreted (pred.)
S1_only_classu|MSTRG.13966.1.p1	512	2	0.0039	0	0	0	other
S1_only_classu|MSTRG.13974.1.p1	238	4	0.0168	0	0	0	other
S1_only_classu|MSTRG.13974.1.p4	146	0	0.0	0	0	0	other
S1_only_classu|MSTRG.13990.1.p1	758	5	0.0066	0	0	0	other
S1_only_classu|MSTRG.13990.1.p3	150	0	0.0	0	0	0	other
S1_only_classu|MSTRG.13996.1.p1	208	2	0.0096	0	0	0	other
S1_only_classu|MSTRG.14011.1.p1	450	8	0.0178	0	0	0	other
S1_only_classu|MSTRG.14017.1.p1	530	9	0.017	1	0	0	secreted (pred.)
S1_only_classu|MSTRG.14017.2.p1	530	9	0.017	1	0	0	secreted (pred.)
S1_only_classu|MSTRG.14017.3.p1	384	7	0.0182	0	0	0	other
S1_only_classu|MSTRG.1403.1.p1	255	5	0.0196	0	0	0	other
S1_only_classu|MSTRG.14032.1.p1	155	0	0.0	0	0	0	other
S1_only_classu|MSTRG.14063.1.p1	334	7	0.021	0	0	0	other
S1_only_classu|MSTRG.14097.1.p1	119	6	0.0504	1	1	0	secreted (pred.)
S1_only_classu|MSTRG.14097.1.p2	106	5	0.0472	0	0	0	other
S1_only_classu|MSTRG.14098.2.p1	352	1	0.0028	0	0	0	other
S1_only_classu|MSTRG.14127.1.p2	108	1	0.0093	0	0	0	other
S1_only_classu|MSTRG.14136.1.p1	441	10	0.0227	0	0	0	other
S1_only_classu|MSTRG.14136.1.p10	100	0	0.0	0	0	0	other
S1_only_classu|MSTRG.14138.1.p1	159	0	0.0	0	0	0	other
S1_only_classu|MSTRG.14138.1.p6	100	0	0.0	0	0	0	other
S1_only_classu|MSTRG.14140.1.p1	665	1	0.0015	0	0	0	other
S1_only_classu|MSTRG.14146.1.p1	431	0	0.0	0	0	0	other
S1_only_classu|MSTRG.14146.1.p3	168	2	0.0119	0	0	0	other
S1_only_classu|MSTRG.14152.1.p1	1479	1	0.0007	0	0	0	other
S1_only_classu|MSTRG.14152.1.p10	113	1	0.0088	0	0	0	other
S1_only_classu|MSTRG.14152.1.p2	388	4	0.0103	0	0	0	other
S1_only_classu|MSTRG.14155.1.p1	367	8	0.0218	0	0	0	other
S1_only_classu|MSTRG.14155.1.p3	317	0	0.0	0	0	0	other
S1_only_classu|MSTRG.14186.1.p1	353	2	0.0057	0	0	0	other
S1_only_classu|MSTRG.14188.1.p1	440	6	0.0136	0	0	0	other
S1_only_classu|MSTRG.14192.1.p1	346	5	0.0145	0	0	0	other
S1_only_classu|MSTRG.14192.1.p2	253	1	0.004	0	0	0	other
S1_only_classu|MSTRG.14192.1.p3	249	2	0.008	0	0	0	other
S1_only_classu|MSTRG.14192.2.p1	483	5	0.0104	0	0	0	other
S1_only_classu|MSTRG.14192.2.p2	249	2	0.008	0	0	0	other
S1_only_classu|MSTRG.14242.1.p1	586	3	0.0051	0	0	0	other
S1_only_classu|MSTRG.14243.1.p2	194	0	0.0	0	0	0	other
S1_only_classu|MSTRG.14245.1.p1	743	14	0.0188	0	0	0	other
S1_only_classu|MSTRG.14248.1.p1	146	1	0.0068	0	0	0	other
S1_only_classu|MSTRG.14251.1.p1	264	0	0.0	0	0	0	other
S1_only_classu|MSTRG.14269.1.p1	341	3	0.0088	0	0	0	other
S1_only_classu|MSTRG.14271.1.p1	762	2	0.0026	0	0	0	other
S1_only_classu|MSTRG.14276.1.p1	499	15	0.0301	0	0	0	other
S1_only_classu|MSTRG.14276.2.p1	499	15	0.0301	0	0	0	other
S1_only_classu|MSTRG.14277.1.p1	360	1	0.0028	0	0	0	other
S1_only_classu|MSTRG.14277.1.p2	253	6	0.0237	0	0	0	other
S1_only_classu|MSTRG.14279.1.p1	371	6	0.0162	0	0	0	other
S1_only_classu|MSTRG.14288.1.p1	319	7	0.0219	0	0	0	other
S1_only_classu|MSTRG.1430.1.p1	697	7	0.01	0	0	0	other
S1_only_classu|MSTRG.14311.1.p1	563	9	0.016	0	0	0	other
S1_only_classu|MSTRG.14311.1.p2	181	4	0.0221	0	0	0	other
S1_only_classu|MSTRG.14312.1.p1	143	1	0.007	0	0	0	other
S1_only_classu|MSTRG.14312.2.p1	124	0	0.0	0	0	0	other
S1_only_classu|MSTRG.14340.1.p1	703	16	0.0228	1	0	0	secreted (pred.)
S1_only_classu|MSTRG.14347.1.p1	245	2	0.0082	0	0	0	other
S1_only_classu|MSTRG.14351.1.p1	1449	19	0.0131	0	0	0	other
S1_only_classu|MSTRG.14352.1.p1	327	1	0.0031	0	0	0	other
S1_only_classu|MSTRG.14381.1.p1	587	0	0.0	0	0	0	other
S1_only_classu|MSTRG.14381.1.p2	289	0	0.0	0	0	0	other
S1_only_classu|MSTRG.14413.1.p1	1044	14	0.0134	0	0	0	other
S1_only_classu|MSTRG.14421.1.p6	107	2	0.0187	0	0	0	other
S1_only_classu|MSTRG.14421.2.p6	107	2	0.0187	0	0	0	other
S1_only_classu|MSTRG.14461.1.p1	558	9	0.0161	0	0	0	other
S1_only_classu|MSTRG.14461.1.p2	285	8	0.0281	1	1	0	secreted (pred.)
S1_only_classu|MSTRG.14467.1.p1	501	6	0.012	0	0	0	other
S1_only_classu|MSTRG.14471.1.p1	466	8	0.0172	0	0	0	other
S1_only_classu|MSTRG.14475.1.p1	2050	9	0.0044	0	0	0	other
S1_only_classu|MSTRG.14486.1.p1	510	8	0.0157	1	0	0	secreted (pred.)
S1_only_classu|MSTRG.14515.1.p1	2235	9	0.004	0	0	0	other
S1_only_classu|MSTRG.14515.1.p2	511	9	0.0176	0	0	0	other
S1_only_classu|MSTRG.14515.1.p3	441	7	0.0159	0	0	0	other
S1_only_classu|MSTRG.14516.1.p1	2256	9	0.004	0	0	0	other
S1_only_classu|MSTRG.14516.1.p2	511	9	0.0176	0	0	0	other
S1_only_classu|MSTRG.14517.1.p1	594	7	0.0118	0	0	0	other
S1_only_classu|MSTRG.14517.1.p2	534	6	0.0112	0	0	0	other
S1_only_classu|MSTRG.14517.1.p7	134	7	0.0522	0	0	0	other
S1_only_classu|MSTRG.14529.1.p1	313	2	0.0064	0	0	0	other
S1_only_classu|MSTRG.14529.1.p2	159	1	0.0063	0	0	0	other
S1_only_classu|MSTRG.14546.1.p1	336	6	0.0179	0	0	0	other
S1_only_classu|MSTRG.14547.1.p1	275	6	0.0218	0	0	0	other
S1_only_classu|MSTRG.14547.1.p2	161	1	0.0062	0	0	0	other
S1_only_classu|MSTRG.14547.1.p4	121	3	0.0248	0	0	0	other
S1_only_classu|MSTRG.14547.1.p7	105	0	0.0	0	0	0	other
S1_only_classu|MSTRG.14548.1.p1	533	7	0.0131	0	0	0	other
S1_only_classu|MSTRG.14549.1.p1	178	3	0.0169	0	0	0	other
S1_only_classu|MSTRG.14556.1.p1	153	1	0.0065	0	0	0	other
S1_only_classu|MSTRG.14568.1.p1	359	1	0.0028	0	0	0	other
S1_only_classu|MSTRG.14601.1.p1	141	1	0.0071	1	0	0	secreted (pred.)
S1_only_classu|MSTRG.14601.1.p2	137	2	0.0146	0	0	0	other
S1_only_classu|MSTRG.1461.1.p1	378	1	0.0026	0	0	0	other
S1_only_classu|MSTRG.1461.1.p2	109	1	0.0092	1	0	0	secreted (pred.)
S1_only_classu|MSTRG.14611.1.p1	641	17	0.0265	0	0	0	other
S1_only_classu|MSTRG.1463.1.p1	463	2	0.0043	0	0	0	other
S1_only_classu|MSTRG.14643.1.p1	209	1	0.0048	0	0	0	other
S1_only_classu|MSTRG.14664.1.p1	576	18	0.0312	1	0	0	secreted (pred.)
S1_only_classu|MSTRG.147.1.p1	4350	39	0.009	0	0	0	other
S1_only_classu|MSTRG.14701.1.p1	250	7	0.028	0	0	0	other
S1_only_classu|MSTRG.14704.1.p2	128	3	0.0234	0	0	0	other
S1_only_classu|MSTRG.14722.1.p1	357	4	0.0112	0	0	0	other
S1_only_classu|MSTRG.14722.1.p3	135	0	0.0	0	0	0	other
S1_only_classu|MSTRG.14737.1.p1	642	11	0.0171	0	0	0	other
S1_only_classu|MSTRG.14737.1.p2	186	5	0.0269	0	0	0	other
S1_only_classu|MSTRG.14745.1.p1	392	2	0.0051	0	0	0	other
S1_only_classu|MSTRG.14745.1.p3	172	2	0.0116	0	0	0	other
S1_only_classu|MSTRG.14746.1.p1	626	1	0.0016	0	0	0	other
S1_only_classu|MSTRG.14763.1.p2	516	8	0.0155	0	0	0	other
S1_only_classu|MSTRG.14768.1.p1	263	1	0.0038	0	0	0	other
S1_only_classu|MSTRG.14795.1.p2	634	7	0.011	0	0	0	other
S1_only_classu|MSTRG.14795.1.p5	198	3	0.0152	1	0	0	secreted (pred.)
S1_only_classu|MSTRG.14795.1.p6	173	3	0.0173	1	0	0	secreted (pred.)
S1_only_classu|MSTRG.14796.1.p1	574	5	0.0087	0	0	0	other
S1_only_classu|MSTRG.14796.1.p2	380	6	0.0158	0	0	0	other
S1_only_classu|MSTRG.148.1.p1	296	0	0.0	0	0	0	other
S1_only_classu|MSTRG.148.1.p2	185	2	0.0108	0	0	0	other
S1_only_classu|MSTRG.148.2.p1	296	0	0.0	0	0	0	other
S1_only_classu|MSTRG.14822.1.p1	657	0	0.0	0	0	0	other
S1_only_classu|MSTRG.14840.1.p1	482	0	0.0	0	0	0	other
S1_only_classu|MSTRG.14845.1.p2	547	6	0.011	0	0	0	other
S1_only_classu|MSTRG.14846.1.p1	150	0	0.0	0	0	0	other
S1_only_classu|MSTRG.14850.1.p1	534	0	0.0	0	0	0	other
S1_only_classu|MSTRG.14850.1.p2	392	5	0.0128	0	0	0	other
S1_only_classu|MSTRG.14851.1.p1	1524	13	0.0085	0	0	0	other
S1_only_classu|MSTRG.14867.1.p1	364	8	0.022	0	0	0	other
S1_only_classu|MSTRG.14878.1.p1	293	3	0.0102	0	0	0	other
S1_only_classu|MSTRG.1488.1.p1	178	9	0.0506	0	0	0	other
S1_only_classu|MSTRG.1488.2.p1	223	11	0.0493	0	0	0	other
S1_only_classu|MSTRG.1488.2.p2	183	10	0.0546	1	1	0	secreted (pred.)
S1_only_classu|MSTRG.1488.2.p3	170	1	0.0059	0	0	0	other
S1_only_classu|MSTRG.1488.3.p1	374	12	0.0321	0	0	0	other
S1_only_classu|MSTRG.1488.3.p2	183	10	0.0546	1	1	0	secreted (pred.)
S1_only_classu|MSTRG.1489.1.p1	188	3	0.016	0	0	0	other
S1_only_classu|MSTRG.14898.1.p2	105	2	0.019	0	0	0	other
S1_only_classu|MSTRG.14908.1.p1	466	8	0.0172	0	0	0	other
S1_only_classu|MSTRG.14908.1.p2	262	2	0.0076	0	0	0	other
S1_only_classu|MSTRG.14909.1.p1	523	3	0.0057	0	0	0	other
S1_only_classu|MSTRG.14919.1.p1	960	7	0.0073	0	0	0	other
S1_only_classu|MSTRG.14919.1.p2	393	1	0.0025	1	0	0	secreted (pred.)
S1_only_classu|MSTRG.14924.1.p1	715	11	0.0154	0	0	0	other
S1_only_classu|MSTRG.1494.1.p1	142	3	0.0211	0	0	0	other
S1_only_classu|MSTRG.14940.1.p1	1622	17	0.0105	0	0	0	other
S1_only_classu|MSTRG.1495.1.p1	889	12	0.0135	1	0	0	secreted (pred.)
S1_only_classu|MSTRG.14951.1.p1	1038	4	0.0039	0	0	0	other
S1_only_classu|MSTRG.14953.1.p1	841	4	0.0048	1	0	0	secreted (pred.)
S1_only_classu|MSTRG.14953.2.p1	553	2	0.0036	0	0	0	other
S1_only_classu|MSTRG.14953.2.p2	268	6	0.0224	1	1	0	secreted (pred.)
S1_only_classu|MSTRG.14967.1.p1	841	16	0.019	0	0	0	other
S1_only_classu|MSTRG.14968.1.p1	983	10	0.0102	0	0	0	other
S1_only_classu|MSTRG.14976.1.p5	103	2	0.0194	0	0	0	other
S1_only_classu|MSTRG.14979.1.p1	656	1	0.0015	0	0	0	other
S1_only_classu|MSTRG.14980.1.p1	1480	13	0.0088	0	0	0	other
S1_only_classu|MSTRG.14981.1.p1	610	4	0.0066	1	0	0	secreted (pred.)
S1_only_classu|MSTRG.14982.1.p1	1109	11	0.0099	0	0	0	other
S1_only_classu|MSTRG.14982.1.p4	191	1	0.0052	0	0	0	other
S1_only_classu|MSTRG.14982.1.p5	185	0	0.0	0	0	0	other
S1_only_classu|MSTRG.14983.1.p1	264	1	0.0038	0	0	0	other
S1_only_classu|MSTRG.14991.1.p1	610	10	0.0164	1	0	0	secreted (pred.)
S1_only_classu|MSTRG.14991.1.p2	591	3	0.0051	0	0	0	other
S1_only_classu|MSTRG.14991.1.p3	457	4	0.0088	1	0	0	secreted (pred.)
S1_only_classu|MSTRG.14991.1.p4	303	8	0.0264	0	0	0	other
S1_only_classu|MSTRG.15006.1.p1	224	1	0.0045	0	0	0	other
S1_only_classu|MSTRG.15015.1.p1	903	6	0.0066	0	0	0	other
S1_only_classu|MSTRG.15015.1.p3	132	1	0.0076	1	0	0	secreted (pred.)
S1_only_classu|MSTRG.15016.1.p1	238	1	0.0042	0	0	0	other
S1_only_classu|MSTRG.1502.1.p1	171	9	0.0526	1	1	0	secreted (pred.)
S1_only_classu|MSTRG.15027.1.p1	154	5	0.0325	0	0	0	other
S1_only_classu|MSTRG.1503.1.p2	123	0	0.0	0	0	0	other
S1_only_classu|MSTRG.15036.1.p1	379	4	0.0106	0	0	0	other
S1_only_classu|MSTRG.15036.1.p2	270	4	0.0148	1	1	0	secreted (pred.)
S1_only_classu|MSTRG.15040.1.p1	298	2	0.0067	0	0	0	other
S1_only_classu|MSTRG.15054.1.p1	1313	16	0.0122	0	0	0	other
S1_only_classu|MSTRG.15054.1.p2	389	6	0.0154	0	0	0	other
S1_only_classu|MSTRG.15072.1.p2	117	0	0.0	0	0	0	other
S1_only_classu|MSTRG.15074.1.p1	861	5	0.0058	0	0	0	other
S1_only_classu|MSTRG.15077.1.p1	162	0	0.0	0	0	0	other
S1_only_classu|MSTRG.15092.1.p1	1728	37	0.0214	0	0	0	other
S1_only_classu|MSTRG.15132.1.p1	402	3	0.0075	0	0	0	other
S1_only_classu|MSTRG.15134.1.p2	109	3	0.0275	1	1	0	secreted (pred.)
S1_only_classu|MSTRG.15145.1.p2	202	7	0.0347	1	1	0	secreted (pred.)
S1_only_classu|MSTRG.1515.1.p1	233	7	0.03	0	0	0	other
S1_only_classu|MSTRG.1515.1.p2	229	3	0.0131	0	0	0	other
S1_only_classu|MSTRG.1515.1.p9	100	0	0.0	0	0	0	other
S1_only_classu|MSTRG.15158.1.p2	118	2	0.0169	0	0	0	other
S1_only_classu|MSTRG.15175.1.p1	113	2	0.0177	0	0	0	other
S1_only_classu|MSTRG.15176.1.p1	224	4	0.0179	0	0	0	other
S1_only_classu|MSTRG.1518.1.p1	816	6	0.0074	1	0	0	secreted (pred.)
S1_only_classu|MSTRG.15182.1.p1	534	5	0.0094	1	0	0	secreted (pred.)
S1_only_classu|MSTRG.15185.1.p1	350	3	0.0086	0	0	0	other
S1_only_classu|MSTRG.1520.1.p1	644	9	0.014	1	0	0	secreted (pred.)
S1_only_classu|MSTRG.15226.1.p1	451	2	0.0044	0	0	0	other
S1_only_classu|MSTRG.15227.1.p1	472	1	0.0021	0	0	0	other
S1_only_classu|MSTRG.15227.1.p3	132	0	0.0	1	0	0	secreted (pred.)
S1_only_classu|MSTRG.15228.1.p1	255	3	0.0118	0	0	0	other
S1_only_classu|MSTRG.15228.1.p3	109	0	0.0	1	0	0	secreted (pred.)
S1_only_classu|MSTRG.15235.1.p1	524	2	0.0038	1	0	0	secreted (pred.)
S1_only_classu|MSTRG.15235.1.p2	459	5	0.0109	0	0	0	other
S1_only_classu|MSTRG.15256.1.p1	529	2	0.0038	1	0	0	secreted (pred.)
S1_only_classu|MSTRG.15256.1.p3	140	7	0.05	1	1	0	secreted (pred.)
S1_only_classu|MSTRG.15261.1.p1	189	1	0.0053	0	0	0	other
S1_only_classu|MSTRG.15265.1.p1	876	11	0.0126	1	0	0	secreted (pred.)
S1_only_classu|MSTRG.15265.2.p1	929	12	0.0129	1	0	0	secreted (pred.)
S1_only_classu|MSTRG.15266.1.p1	699	10	0.0143	0	0	0	other
S1_only_classu|MSTRG.15273.1.p1	774	0	0.0	0	0	0	other
S1_only_classu|MSTRG.15278.1.p1	178	0	0.0	0	0	0	other
S1_only_classu|MSTRG.15279.1.p1	293	5	0.0171	0	0	0	other
S1_only_classu|MSTRG.15288.1.p2	140	2	0.0143	0	0	0	other
S1_only_classu|MSTRG.1529.1.p1	365	9	0.0247	0	0	0	other
S1_only_classu|MSTRG.15295.1.p1	478	12	0.0251	1	0	0	secreted (pred.)
S1_only_classu|MSTRG.15296.1.p1	227	3	0.0132	0	0	0	other
S1_only_classu|MSTRG.15308.1.p1	609	9	0.0148	0	0	0	other
S1_only_classu|MSTRG.15309.1.p1	524	10	0.0191	0	0	0	other
S1_only_classu|MSTRG.15312.1.p1	162	0	0.0	0	0	0	other
S1_only_classu|MSTRG.15319.1.p1	402	5	0.0124	0	0	0	other
S1_only_classu|MSTRG.15319.1.p3	202	2	0.0099	1	0	0	secreted (pred.)
S1_only_classu|MSTRG.1556.1.p1	288	5	0.0174	0	0	0	other
S1_only_classu|MSTRG.1556.1.p4	106	2	0.0189	0	0	0	other
S1_only_classu|MSTRG.1559.1.p2	242	3	0.0124	0	0	0	other
S1_only_classu|MSTRG.156.1.p1	557	14	0.0251	1	0	0	secreted (pred.)
S1_only_classu|MSTRG.156.1.p3	175	0	0.0	1	0	0	secreted (pred.)
S1_only_classu|MSTRG.1586.1.p1	375	2	0.0053	1	0	0	secreted (pred.)
S1_only_classu|MSTRG.1594.1.p1	255	4	0.0157	0	0	0	other
S1_only_classu|MSTRG.1619.1.p1	176	6	0.0341	0	0	0	other
S1_only_classu|MSTRG.1632.1.p1	445	6	0.0135	0	0	0	other
S1_only_classu|MSTRG.1638.1.p2	193	7	0.0363	1	1	0	secreted (pred.)
S1_only_classu|MSTRG.1638.1.p3	150	0	0.0	0	0	0	other
S1_only_classu|MSTRG.1639.1.p1	575	11	0.0191	0	0	0	other
S1_only_classu|MSTRG.1663.1.p1	594	5	0.0084	0	0	0	other
S1_only_classu|MSTRG.1664.1.p1	1005	3	0.003	0	0	0	other
S1_only_classu|MSTRG.1685.1.p1	150	1	0.0067	1	0	0	secreted (pred.)
S1_only_classu|MSTRG.1718.1.p1	534	4	0.0075	0	0	0	other
S1_only_classu|MSTRG.1732.1.p1	226	2	0.0088	0	0	0	other
S1_only_classu|MSTRG.1732.1.p3	123	3	0.0244	0	0	0	other
S1_only_classu|MSTRG.1744.1.p1	2439	32	0.0131	1	0	0	secreted (pred.)
S1_only_classu|MSTRG.1750.1.p1	224	2	0.0089	0	0	0	other
S1_only_classu|MSTRG.1763.1.p1	564	0	0.0	0	0	0	other
S1_only_classu|MSTRG.1781.1.p1	432	1	0.0023	0	0	0	other
S1_only_classu|MSTRG.1785.1.p1	267	2	0.0075	0	0	0	other
S1_only_classu|MSTRG.1808.1.p1	258	4	0.0155	0	0	0	other
S1_only_classu|MSTRG.1819.1.p3	111	0	0.0	0	0	0	other
S1_only_classu|MSTRG.183.1.p3	128	1	0.0078	0	0	0	other
S1_only_classu|MSTRG.1840.1.p1	363	3	0.0083	0	0	0	other
S1_only_classu|MSTRG.1842.1.p2	316	1	0.0032	0	0	0	other
S1_only_classu|MSTRG.1843.1.p1	384	11	0.0286	1	0	0	secreted (pred.)
S1_only_classu|MSTRG.1866.1.p1	469	5	0.0107	0	0	0	other
S1_only_classu|MSTRG.187.1.p1	386	5	0.013	0	0	0	other
S1_only_classu|MSTRG.1882.1.p1	195	1	0.0051	0	0	0	other
S1_only_classu|MSTRG.1914.1.p1	748	8	0.0107	0	0	0	other
S1_only_classu|MSTRG.1914.1.p4	163	5	0.0307	0	0	0	other
S1_only_classu|MSTRG.1914.2.p1	748	8	0.0107	0	0	0	other
S1_only_classu|MSTRG.1916.1.p1	379	1	0.0026	1	0	0	secreted (pred.)
S1_only_classu|MSTRG.1936.1.p1	484	8	0.0165	0	0	0	other
S1_only_classu|MSTRG.1937.1.p1	573	8	0.014	0	0	0	other
S1_only_classu|MSTRG.1937.1.p3	105	3	0.0286	0	0	0	other
S1_only_classu|MSTRG.1937.1.p4	105	1	0.0095	0	0	0	other
S1_only_classu|MSTRG.1947.1.p1	542	3	0.0055	1	0	0	secreted (pred.)
S1_only_classu|MSTRG.1953.1.p1	553	2	0.0036	0	0	0	other
S1_only_classu|MSTRG.1953.1.p2	370	2	0.0054	0	0	0	other
S1_only_classu|MSTRG.1967.1.p1	444	4	0.009	0	0	0	other
S1_only_classu|MSTRG.1967.1.p2	366	9	0.0246	0	0	0	other
S1_only_classu|MSTRG.1967.1.p3	321	5	0.0156	1	0	0	secreted (pred.)
S1_only_classu|MSTRG.1967.1.p5	207	2	0.0097	0	0	0	other
S1_only_classu|MSTRG.197.1.p1	311	3	0.0096	0	0	0	other
S1_only_classu|MSTRG.1977.1.p1	121	5	0.0413	0	0	0	other
S1_only_classu|MSTRG.1977.2.p2	113	2	0.0177	0	0	0	other
S1_only_classu|MSTRG.1978.1.p1	265	5	0.0189	0	0	0	other
S1_only_classu|MSTRG.1978.1.p2	231	2	0.0087	0	0	0	other
S1_only_classu|MSTRG.1978.1.p9	102	2	0.0196	0	0	0	other
S1_only_classu|MSTRG.1997.1.p1	849	4	0.0047	0	0	0	other
S1_only_classu|MSTRG.2038.1.p1	169	4	0.0237	1	1	0	secreted (pred.)
S1_only_classu|MSTRG.2041.1.p2	180	4	0.0222	0	0	0	other
S1_only_classu|MSTRG.2041.1.p4	132	5	0.0379	1	1	0	secreted (pred.)
S1_only_classu|MSTRG.2041.1.p5	107	4	0.0374	0	0	0	other
S1_only_classu|MSTRG.2051.1.p1	276	1	0.0036	0	0	0	other
S1_only_classu|MSTRG.2060.1.p1	411	3	0.0073	0	0	0	other
S1_only_classu|MSTRG.207.1.p1	326	6	0.0184	0	0	0	other
S1_only_classu|MSTRG.2084.1.p2	165	1	0.0061	1	0	0	secreted (pred.)
S1_only_classu|MSTRG.209.1.p1	776	3	0.0039	0	0	0	other
S1_only_classu|MSTRG.209.1.p2	520	1	0.0019	0	0	0	other
S1_only_classu|MSTRG.209.1.p3	474	8	0.0169	0	0	0	other
S1_only_classu|MSTRG.211.1.p1	447	7	0.0157	0	0	0	other
S1_only_classu|MSTRG.212.1.p1	705	8	0.0113	0	0	0	other
S1_only_classu|MSTRG.2129.1.p1	1952	18	0.0092	0	0	0	other
S1_only_classu|MSTRG.2130.1.p1	111	5	0.045	0	0	0	other
S1_only_classu|MSTRG.2131.1.p2	118	1	0.0085	0	0	0	other
S1_only_classu|MSTRG.2135.1.p1	298	5	0.0168	1	1	0	secreted (pred.)
S1_only_classu|MSTRG.2135.1.p4	160	2	0.0125	0	0	0	other
S1_only_classu|MSTRG.2135.1.p7	109	1	0.0092	0	0	0	other
S1_only_classu|MSTRG.2136.1.p1	338	7	0.0207	0	0	0	other
S1_only_classu|MSTRG.2137.1.p1	372	8	0.0215	0	0	0	other
S1_only_classu|MSTRG.2145.1.p1	430	7	0.0163	0	0	0	other
S1_only_classu|MSTRG.2145.1.p2	277	3	0.0108	0	0	0	other
S1_only_classu|MSTRG.2169.1.p1	739	7	0.0095	0	0	0	other
S1_only_classu|MSTRG.2181.1.p1	340	8	0.0235	0	0	0	other
S1_only_classu|MSTRG.2186.1.p1	355	1	0.0028	0	0	0	other
S1_only_classu|MSTRG.222.1.p1	770	16	0.0208	0	0	0	other
S1_only_classu|MSTRG.2234.1.p1	625	10	0.016	0	0	0	other
S1_only_classu|MSTRG.2260.1.p1	349	8	0.0229	0	0	0	other
S1_only_classu|MSTRG.2260.1.p14	102	2	0.0196	0	0	0	other
S1_only_classu|MSTRG.2260.1.p2	334	3	0.009	0	0	0	other
S1_only_classu|MSTRG.2260.1.p3	331	2	0.006	0	0	0	other
S1_only_classu|MSTRG.228.1.p1	296	2	0.0068	0	0	0	other
S1_only_classu|MSTRG.2313.1.p1	1143	3	0.0026	0	0	0	other
S1_only_classu|MSTRG.2313.1.p11	120	2	0.0167	0	0	0	other
S1_only_classu|MSTRG.2314.1.p1	222	0	0.0	0	0	0	other
S1_only_classu|MSTRG.2353.1.p1	376	5	0.0133	0	0	0	other
S1_only_classu|MSTRG.2353.1.p3	244	2	0.0082	1	0	0	secreted (pred.)
S1_only_classu|MSTRG.238.1.p1	296	6	0.0203	0	0	0	other
S1_only_classu|MSTRG.2403.1.p1	576	3	0.0052	0	0	0	other
S1_only_classu|MSTRG.2403.1.p2	375	9	0.024	0	0	0	other
S1_only_classu|MSTRG.2416.1.p1	118	1	0.0085	0	0	0	other
S1_only_classu|MSTRG.2417.1.p1	202	3	0.0149	0	0	0	other
S1_only_classu|MSTRG.2417.1.p2	115	6	0.0522	0	0	0	other
S1_only_classu|MSTRG.2420.1.p1	433	7	0.0162	0	0	0	other
S1_only_classu|MSTRG.2420.1.p2	423	8	0.0189	0	0	0	other
S1_only_classu|MSTRG.2420.1.p6	102	2	0.0196	0	0	0	other
S1_only_classu|MSTRG.2425.1.p1	399	15	0.0376	1	0	0	secreted (pred.)
S1_only_classu|MSTRG.2425.1.p2	349	6	0.0172	0	0	0	other
S1_only_classu|MSTRG.2435.1.p2	170	0	0.0	1	0	0	secreted (pred.)
S1_only_classu|MSTRG.2438.1.p1	346	4	0.0116	0	0	0	other
S1_only_classu|MSTRG.2441.1.p1	202	2	0.0099	0	0	0	other
S1_only_classu|MSTRG.2442.1.p1	433	2	0.0046	1	0	0	secreted (pred.)
S1_only_classu|MSTRG.2449.1.p1	607	3	0.0049	0	0	0	other
S1_only_classu|MSTRG.2449.1.p3	271	4	0.0148	0	0	0	other
S1_only_classu|MSTRG.2468.1.p1	882	7	0.0079	0	0	0	other
S1_only_classu|MSTRG.2474.1.p1	1106	9	0.0081	0	0	0	other
S1_only_classu|MSTRG.2475.1.p1	201	0	0.0	0	0	0	other
S1_only_classu|MSTRG.2500.1.p2	393	0	0.0	0	0	0	other
S1_only_classu|MSTRG.2500.1.p6	110	2	0.0182	0	0	0	other
S1_only_classu|MSTRG.2508.1.p1	314	0	0.0	0	0	0	other
S1_only_classu|MSTRG.2508.1.p3	212	0	0.0	0	0	0	other
S1_only_classu|MSTRG.2508.1.p6	112	1	0.0089	0	0	0	other
S1_only_classu|MSTRG.2533.1.p1	387	4	0.0103	0	0	0	other
S1_only_classu|MSTRG.2535.1.p1	353	6	0.017	0	0	0	other
S1_only_classu|MSTRG.2538.1.p1	1226	11	0.009	0	0	0	other
S1_only_classu|MSTRG.2554.1.p1	99	1	0.0101	1	0	0	secreted (pred.)
S1_only_classu|MSTRG.2562.1.p1	846	5	0.0059	0	0	0	other
S1_only_classu|MSTRG.2571.1.p2	101	2	0.0198	0	0	0	other
S1_only_classu|MSTRG.2589.1.p1	489	3	0.0061	0	0	0	other
S1_only_classu|MSTRG.2602.1.p1	995	5	0.005	0	0	0	other
S1_only_classu|MSTRG.2602.1.p2	477	5	0.0105	0	0	0	other
S1_only_classu|MSTRG.2605.1.p1	356	4	0.0112	0	0	0	other
S1_only_classu|MSTRG.2605.1.p2	193	1	0.0052	0	0	0	other
S1_only_classu|MSTRG.261.1.p1	105	0	0.0	0	0	0	other
S1_only_classu|MSTRG.2612.1.p1	549	3	0.0055	0	0	0	other
S1_only_classu|MSTRG.2615.1.p1	449	5	0.0111	0	0	0	other
S1_only_classu|MSTRG.2615.1.p2	299	1	0.0033	0	0	0	other
S1_only_classu|MSTRG.2619.1.p1	601	12	0.02	0	0	0	other
S1_only_classu|MSTRG.262.1.p1	636	6	0.0094	0	0	0	other
S1_only_classu|MSTRG.2621.1.p1	2208	10	0.0045	0	0	0	other
S1_only_classu|MSTRG.2621.1.p4	128	0	0.0	0	0	0	other
S1_only_classu|MSTRG.2621.2.p1	2227	10	0.0045	0	0	0	other
S1_only_classu|MSTRG.2621.2.p2	598	1	0.0017	0	0	0	other
S1_only_classu|MSTRG.2632.1.p1	335	5	0.0149	1	0	0	secreted (pred.)
S1_only_classu|MSTRG.2636.1.p1	1232	22	0.0179	0	0	0	other
S1_only_classu|MSTRG.264.1.p1	933	3	0.0032	0	0	0	other
S1_only_classu|MSTRG.2640.1.p1	1026	11	0.0107	1	0	0	secreted (pred.)
S1_only_classu|MSTRG.2641.1.p1	654	7	0.0107	1	0	0	secreted (pred.)
S1_only_classu|MSTRG.2641.1.p2	453	5	0.011	0	0	0	other
S1_only_classu|MSTRG.2641.1.p3	421	10	0.0238	0	0	0	other
S1_only_classu|MSTRG.2641.1.p5	314	0	0.0	0	0	0	other
S1_only_classu|MSTRG.2642.1.p1	501	5	0.01	0	0	0	other
S1_only_classu|MSTRG.2654.1.p1	407	6	0.0147	0	0	0	other
S1_only_classu|MSTRG.2654.1.p4	102	2	0.0196	0	0	0	other
S1_only_classu|MSTRG.2654.2.p1	580	7	0.0121	0	0	0	other
S1_only_classu|MSTRG.266.1.p1	237	6	0.0253	0	0	0	other
S1_only_classu|MSTRG.2660.1.p1	1189	32	0.0269	0	0	0	other
S1_only_classu|MSTRG.2660.1.p3	142	5	0.0352	1	1	0	secreted (pred.)
S1_only_classu|MSTRG.2666.1.p1	239	2	0.0084	0	0	0	other
S1_only_classu|MSTRG.267.1.p1	269	5	0.0186	0	0	0	other
S1_only_classu|MSTRG.2674.1.p1	1701	14	0.0082	0	0	0	other
S1_only_classu|MSTRG.2687.1.p1	873	7	0.008	0	0	0	other
S1_only_classu|MSTRG.270.1.p1	222	3	0.0135	1	0	0	secreted (pred.)
S1_only_classu|MSTRG.2705.1.p1	715	4	0.0056	0	0	0	other
S1_only_classu|MSTRG.2712.1.p2	421	2	0.0048	0	0	0	other
S1_only_classu|MSTRG.2712.1.p4	138	3	0.0217	1	1	0	secreted (pred.)
S1_only_classu|MSTRG.2713.1.p1	267	2	0.0075	0	0	0	other
S1_only_classu|MSTRG.2713.1.p4	127	7	0.0551	1	1	0	secreted (pred.)
S1_only_classu|MSTRG.2714.1.p1	206	0	0.0	0	0	0	other
S1_only_classu|MSTRG.2764.1.p1	956	3	0.0031	0	0	0	other
S1_only_classu|MSTRG.2766.1.p1	848	6	0.0071	0	0	0	other
S1_only_classu|MSTRG.277.1.p1	693	6	0.0087	1	0	0	secreted (pred.)
S1_only_classu|MSTRG.2781.1.p1	422	1	0.0024	0	0	0	other
S1_only_classu|MSTRG.2781.1.p2	195	3	0.0154	1	0	0	secreted (pred.)
S1_only_classu|MSTRG.2782.1.p1	175	0	0.0	0	0	0	other
S1_only_classu|MSTRG.2818.1.p1	554	4	0.0072	0	0	0	other
S1_only_classu|MSTRG.282.1.p1	2331	37	0.0159	0	0	0	other
S1_only_classu|MSTRG.282.1.p13	109	1	0.0092	0	0	0	other
S1_only_classu|MSTRG.282.1.p7	144	3	0.0208	0	0	0	other
S1_only_classu|MSTRG.2824.1.p1	909	5	0.0055	0	0	0	other
S1_only_classu|MSTRG.283.1.p1	2261	38	0.0168	0	0	0	other
S1_only_classu|MSTRG.283.1.p8	140	0	0.0	0	0	0	other
S1_only_classu|MSTRG.2850.1.p1	425	0	0.0	0	0	0	other
S1_only_classu|MSTRG.2862.1.p1	168	1	0.006	0	0	0	other
S1_only_classu|MSTRG.2862.1.p2	131	5	0.0382	0	0	0	other
S1_only_classu|MSTRG.2872.1.p1	679	8	0.0118	0	0	0	other
S1_only_classu|MSTRG.2897.1.p1	131	2	0.0153	0	0	0	other
S1_only_classu|MSTRG.2901.1.p1	338	3	0.0089	0	0	0	other
S1_only_classu|MSTRG.2919.1.p1	107	2	0.0187	0	0	0	other
S1_only_classu|MSTRG.2925.1.p1	171	2	0.0117	0	0	0	other
S1_only_classu|MSTRG.2967.1.p1	251	5	0.0199	1	1	0	secreted (pred.)
S1_only_classu|MSTRG.2985.1.p1	206	3	0.0146	0	0	0	other
S1_only_classu|MSTRG.2993.1.p1	557	14	0.0251	1	0	0	secreted (pred.)
S1_only_classu|MSTRG.3003.1.p1	153	0	0.0	0	0	0	other
S1_only_classu|MSTRG.3003.1.p3	107	1	0.0093	0	0	0	other
S1_only_classu|MSTRG.3015.1.p1	214	8	0.0374	0	0	0	other
S1_only_classu|MSTRG.3044.1.p1	196	5	0.0255	0	0	0	other
S1_only_classu|MSTRG.3053.1.p1	1738	20	0.0115	0	0	0	other
S1_only_classu|MSTRG.3058.1.p1	362	12	0.0331	0	0	0	other
S1_only_classu|MSTRG.3072.1.p1	357	11	0.0308	0	0	0	other
S1_only_classu|MSTRG.3074.1.p1	535	8	0.015	0	0	0	other
S1_only_classu|MSTRG.3094.1.p1	157	0	0.0	0	0	0	other
S1_only_classu|MSTRG.3094.1.p3	104	1	0.0096	0	0	0	other
S1_only_classu|MSTRG.3098.1.p1	476	5	0.0105	1	0	0	secreted (pred.)
S1_only_classu|MSTRG.3098.1.p2	206	1	0.0049	0	0	0	other
S1_only_classu|MSTRG.3100.1.p1	182	3	0.0165	0	0	0	other
S1_only_classu|MSTRG.3101.1.p1	703	1	0.0014	1	0	0	secreted (pred.)
S1_only_classu|MSTRG.3106.2.p1	365	3	0.0082	0	0	0	other
S1_only_classu|MSTRG.3106.2.p3	113	1	0.0088	0	0	0	other
S1_only_classu|MSTRG.3110.1.p2	112	4	0.0357	1	1	0	secreted (pred.)
S1_only_classu|MSTRG.3131.1.p1	412	5	0.0121	0	0	0	other
S1_only_classu|MSTRG.3131.1.p2	168	2	0.0119	0	0	0	other
S1_only_classu|MSTRG.3151.1.p1	615	6	0.0098	0	0	0	other
S1_only_classu|MSTRG.3156.1.p1	1193	10	0.0084	0	0	0	other
S1_only_classu|MSTRG.3156.1.p2	411	5	0.0122	0	0	0	other
S1_only_classu|MSTRG.3157.1.p1	316	4	0.0127	0	0	0	other
S1_only_classu|MSTRG.3166.1.p1	816	12	0.0147	0	0	0	other
S1_only_classu|MSTRG.3166.1.p2	354	2	0.0056	0	0	0	other
S1_only_classu|MSTRG.3171.1.p1	324	3	0.0093	0	0	0	other
S1_only_classu|MSTRG.3172.1.p1	412	1	0.0024	1	0	0	secreted (pred.)
S1_only_classu|MSTRG.32.1.p1	883	4	0.0045	0	0	0	other
S1_only_classu|MSTRG.3202.1.p2	130	3	0.0231	0	0	0	other
S1_only_classu|MSTRG.3217.1.p2	194	3	0.0155	0	0	0	other
S1_only_classu|MSTRG.3217.1.p3	161	5	0.0311	1	1	0	secreted (pred.)
S1_only_classu|MSTRG.3232.1.p1	481	0	0.0	0	0	0	other
S1_only_classu|MSTRG.3232.1.p2	270	6	0.0222	0	0	0	other
S1_only_classu|MSTRG.3233.1.p1	481	0	0.0	0	0	0	other
S1_only_classu|MSTRG.3244.1.p1	1361	14	0.0103	0	0	0	other
S1_only_classu|MSTRG.3250.1.p1	122	2	0.0164	0	0	0	other
S1_only_classu|MSTRG.3265.1.p1	545	5	0.0092	0	0	0	other
S1_only_classu|MSTRG.3265.1.p5	114	2	0.0175	0	0	0	other
S1_only_classu|MSTRG.3286.1.p1	372	5	0.0134	0	0	0	other
S1_only_classu|MSTRG.3286.1.p2	244	8	0.0328	1	1	0	secreted (pred.)
S1_only_classu|MSTRG.3292.1.p1	318	0	0.0	1	0	0	secreted (pred.)
S1_only_classu|MSTRG.3296.1.p1	264	5	0.0189	0	0	0	other
S1_only_classu|MSTRG.3300.1.p1	195	5	0.0256	0	0	0	other
S1_only_classu|MSTRG.3306.1.p2	100	1	0.01	1	0	0	secreted (pred.)
S1_only_classu|MSTRG.3320.1.p1	420	8	0.019	0	0	0	other
S1_only_classu|MSTRG.3345.1.p2	193	0	0.0	0	0	0	other
S1_only_classu|MSTRG.3399.1.p1	102	2	0.0196	1	0	0	secreted (pred.)
S1_only_classu|MSTRG.34.1.p1	130	8	0.0615	0	0	0	other
S1_only_classu|MSTRG.3400.1.p1	829	10	0.0121	0	0	0	other
S1_only_classu|MSTRG.3400.1.p2	683	7	0.0102	0	0	0	other
S1_only_classu|MSTRG.3400.1.p3	585	2	0.0034	0	0	0	other
S1_only_classu|MSTRG.3400.1.p4	412	3	0.0073	0	0	0	other
S1_only_classu|MSTRG.3400.1.p5	375	5	0.0133	0	0	0	other
S1_only_classu|MSTRG.3412.1.p1	553	10	0.0181	0	0	0	other
S1_only_classu|MSTRG.3412.1.p2	345	13	0.0377	0	0	0	other
S1_only_classu|MSTRG.3412.1.p4	142	1	0.007	0	0	0	other
S1_only_classu|MSTRG.3424.1.p1	509	1	0.002	0	0	0	other
S1_only_classu|MSTRG.3429.1.p1	236	4	0.0169	0	0	0	other
S1_only_classu|MSTRG.3481.1.p1	204	7	0.0343	0	0	0	other
S1_only_classu|MSTRG.3487.2.p1	483	13	0.0269	0	0	0	other
S1_only_classu|MSTRG.356.1.p1	343	4	0.0117	0	0	0	other
S1_only_classu|MSTRG.356.1.p2	243	0	0.0	0	0	0	other
S1_only_classu|MSTRG.3576.1.p1	710	7	0.0099	0	0	0	other
S1_only_classu|MSTRG.3623.1.p1	1197	12	0.01	0	0	0	other
S1_only_classu|MSTRG.3623.1.p3	180	2	0.0111	1	0	0	secreted (pred.)
S1_only_classu|MSTRG.3647.1.p1	553	17	0.0307	0	0	0	other
S1_only_classu|MSTRG.3665.1.p1	344	6	0.0174	0	0	0	other
S1_only_classu|MSTRG.3665.1.p3	124	0	0.0	0	0	0	other
S1_only_classu|MSTRG.3690.1.p1	561	2	0.0036	1	0	0	secreted (pred.)
S1_only_classu|MSTRG.3697.1.p1	549	12	0.0219	0	0	0	other
S1_only_classu|MSTRG.3738.1.p1	329	7	0.0213	0	0	0	other
S1_only_classu|MSTRG.3742.1.p1	1284	13	0.0101	0	0	0	other
S1_only_classu|MSTRG.3742.1.p2	389	10	0.0257	0	0	0	other
S1_only_classu|MSTRG.3747.1.p3	105	3	0.0286	0	0	0	other
S1_only_classu|MSTRG.376.1.p1	584	9	0.0154	0	0	0	other
S1_only_classu|MSTRG.3764.1.p1	142	1	0.007	1	0	0	secreted (pred.)
S1_only_classu|MSTRG.3767.1.p1	213	8	0.0376	1	1	0	secreted (pred.)
S1_only_classu|MSTRG.3769.1.p1	333	4	0.012	0	0	0	other
S1_only_classu|MSTRG.3776.1.p1	328	3	0.0091	0	0	0	other
S1_only_classu|MSTRG.381.1.p1	652	3	0.0046	0	0	0	other
S1_only_classu|MSTRG.3811.1.p4	110	1	0.0091	0	0	0	other
S1_only_classu|MSTRG.3822.1.p1	422	3	0.0071	1	0	0	secreted (pred.)
S1_only_classu|MSTRG.3827.1.p1	626	2	0.0032	1	0	0	secreted (pred.)
S1_only_classu|MSTRG.3827.1.p5	139	3	0.0216	1	1	0	secreted (pred.)
S1_only_classu|MSTRG.3855.1.p1	1511	6	0.004	0	0	0	other
S1_only_classu|MSTRG.3858.1.p1	592	9	0.0152	0	0	0	other
S1_only_classu|MSTRG.3859.1.p1	214	2	0.0093	0	0	0	other
S1_only_classu|MSTRG.3866.1.p1	1274	15	0.0118	1	0	0	secreted (pred.)
S1_only_classu|MSTRG.3866.1.p2	393	9	0.0229	1	0	0	secreted (pred.)
S1_only_classu|MSTRG.3874.1.p1	431	14	0.0325	0	0	0	other
S1_only_classu|MSTRG.3876.1.p1	555	1	0.0018	0	0	0	other
S1_only_classu|MSTRG.3877.1.p1	111	0	0.0	0	0	0	other
S1_only_classu|MSTRG.3885.1.p1	3269	28	0.0086	0	0	0	other
S1_only_classu|MSTRG.3885.1.p2	850	9	0.0106	0	0	0	other
S1_only_classu|MSTRG.3892.1.p1	421	0	0.0	0	0	0	other
S1_only_classu|MSTRG.3892.1.p3	315	3	0.0095	0	0	0	other
S1_only_classu|MSTRG.3892.1.p4	255	3	0.0118	0	0	0	other
S1_only_classu|MSTRG.3892.1.p6	198	6	0.0303	1	1	0	secreted (pred.)
S1_only_classu|MSTRG.390.1.p1	176	2	0.0114	1	0	0	secreted (pred.)
S1_only_classu|MSTRG.3900.1.p1	289	0	0.0	0	0	0	other
S1_only_classu|MSTRG.3924.1.p1	637	9	0.0141	0	0	0	other
S1_only_classu|MSTRG.3925.1.p3	128	2	0.0156	0	0	0	other
S1_only_classu|MSTRG.3936.1.p1	331	8	0.0242	0	0	0	other
S1_only_classu|MSTRG.3936.1.p2	211	0	0.0	0	0	0	other
S1_only_classu|MSTRG.3938.1.p1	117	5	0.0427	0	0	0	other
S1_only_classu|MSTRG.3941.1.p1	229	2	0.0087	0	0	0	other
S1_only_classu|MSTRG.3941.2.p1	191	1	0.0052	0	0	0	other
S1_only_classu|MSTRG.3942.1.p1	1504	6	0.004	0	0	0	other
S1_only_classu|MSTRG.3946.1.p1	1085	4	0.0037	0	0	0	other
S1_only_classu|MSTRG.3948.1.p1	570	10	0.0175	0	0	0	other
S1_only_classu|MSTRG.3950.1.p1	296	4	0.0135	0	0	0	other
S1_only_classu|MSTRG.3959.1.p1	476	9	0.0189	0	0	0	other
S1_only_classu|MSTRG.3973.1.p1	792	13	0.0164	0	0	0	other
S1_only_classu|MSTRG.3976.1.p2	121	5	0.0413	1	1	0	secreted (pred.)
S1_only_classu|MSTRG.3986.1.p1	413	14	0.0339	0	0	0	other
S1_only_classu|MSTRG.3991.1.p1	157	5	0.0318	1	1	0	secreted (pred.)
S1_only_classu|MSTRG.4007.1.p1	475	3	0.0063	0	0	0	other
S1_only_classu|MSTRG.4010.1.p1	904	11	0.0122	0	0	0	other
S1_only_classu|MSTRG.4010.1.p2	315	6	0.019	1	0	0	secreted (pred.)
S1_only_classu|MSTRG.4010.1.p3	282	6	0.0213	0	0	0	other
S1_only_classu|MSTRG.402.1.p2	120	5	0.0417	0	0	0	other
S1_only_classu|MSTRG.4029.1.p1	693	6	0.0087	0	0	0	other
S1_only_classu|MSTRG.403.1.p1	155	4	0.0258	0	0	0	other
S1_only_classu|MSTRG.4070.1.p1	754	3	0.004	0	0	0	other
S1_only_classu|MSTRG.4087.1.p1	522	5	0.0096	0	0	0	other
S1_only_classu|MSTRG.4090.1.p1	867	11	0.0127	0	0	0	other
S1_only_classu|MSTRG.4123.1.p1	626	2	0.0032	0	0	0	other
S1_only_classu|MSTRG.4136.2.p1	291	13	0.0447	1	1	0	secreted (pred.)
S1_only_classu|MSTRG.4136.2.p7	109	5	0.0459	1	1	0	secreted (pred.)
S1_only_classu|MSTRG.4141.1.p1	140	0	0.0	0	0	0	other
S1_only_classu|MSTRG.4153.1.p1	176	2	0.0114	0	0	0	other
S1_only_classu|MSTRG.4160.1.p1	1136	9	0.0079	0	0	0	other
S1_only_classu|MSTRG.4160.1.p2	399	7	0.0175	0	0	0	other
S1_only_classu|MSTRG.4160.1.p4	202	4	0.0198	0	0	0	other
S1_only_classu|MSTRG.4160.1.p9	134	1	0.0075	1	0	0	secreted (pred.)
S1_only_classu|MSTRG.4178.1.p1	382	2	0.0052	0	0	0	other
S1_only_classu|MSTRG.4180.1.p1	442	4	0.009	0	0	0	other
S1_only_classu|MSTRG.4208.2.p1	213	1	0.0047	0	0	0	other
S1_only_classu|MSTRG.4208.2.p2	154	1	0.0065	1	0	0	secreted (pred.)
S1_only_classu|MSTRG.4220.1.p1	433	5	0.0115	0	0	0	other
S1_only_classu|MSTRG.4253.1.p1	226	5	0.0221	0	0	0	other
S1_only_classu|MSTRG.4253.1.p2	161	2	0.0124	0	0	0	other
S1_only_classu|MSTRG.4270.1.p1	751	11	0.0146	0	0	0	other
S1_only_classu|MSTRG.4274.1.p1	269	1	0.0037	0	0	0	other
S1_only_classu|MSTRG.4275.1.p1	586	9	0.0154	1	0	0	secreted (pred.)
S1_only_classu|MSTRG.4279.1.p1	289	0	0.0	0	0	0	other
S1_only_classu|MSTRG.4280.1.p1	493	5	0.0101	1	0	0	secreted (pred.)
S1_only_classu|MSTRG.4286.1.p1	615	12	0.0195	0	0	0	other
S1_only_classu|MSTRG.4287.1.p1	751	7	0.0093	0	0	0	other
S1_only_classu|MSTRG.4294.1.p1	478	13	0.0272	0	0	0	other
S1_only_classu|MSTRG.4294.1.p2	211	0	0.0	0	0	0	other
S1_only_classu|MSTRG.4310.1.p2	104	0	0.0	0	0	0	other
S1_only_classu|MSTRG.4321.1.p1	584	5	0.0086	0	0	0	other
S1_only_classu|MSTRG.4324.1.p1	389	2	0.0051	0	0	0	other
S1_only_classu|MSTRG.4327.1.p2	215	4	0.0186	0	0	0	other
S1_only_classu|MSTRG.4355.1.p1	621	7	0.0113	0	0	0	other
S1_only_classu|MSTRG.4364.1.p1	317	6	0.0189	0	0	0	other
S1_only_classu|MSTRG.4364.1.p2	310	0	0.0	0	0	0	other
S1_only_classu|MSTRG.4372.1.p1	263	4	0.0152	0	0	0	other
S1_only_classu|MSTRG.4372.1.p3	148	0	0.0	1	0	0	secreted (pred.)
S1_only_classu|MSTRG.4379.1.p1	486	7	0.0144	0	0	0	other
S1_only_classu|MSTRG.4382.1.p1	328	3	0.0091	0	0	0	other
S1_only_classu|MSTRG.4382.1.p2	270	0	0.0	0	0	0	other
S1_only_classu|MSTRG.4390.1.p1	337	2	0.0059	0	0	0	other
S1_only_classu|MSTRG.4403.1.p1	315	1	0.0032	0	0	0	other
S1_only_classu|MSTRG.4409.1.p1	276	2	0.0072	0	0	0	other
S1_only_classu|MSTRG.4419.1.p1	465	10	0.0215	0	0	0	other
S1_only_classu|MSTRG.4419.1.p2	162	1	0.0062	0	0	0	other
S1_only_classu|MSTRG.4421.1.p1	605	4	0.0066	1	0	0	secreted (pred.)
S1_only_classu|MSTRG.4431.1.p1	516	6	0.0116	0	0	0	other
S1_only_classu|MSTRG.4431.1.p3	105	3	0.0286	1	1	0	secreted (pred.)
S1_only_classu|MSTRG.4443.1.p1	138	1	0.0072	0	0	0	other
S1_only_classu|MSTRG.4446.1.p1	312	6	0.0192	0	0	0	other
S1_only_classu|MSTRG.4448.1.p2	104	2	0.0192	0	0	0	other
S1_only_classu|MSTRG.4449.1.p1	443	7	0.0158	0	0	0	other
S1_only_classu|MSTRG.4449.1.p6	109	4	0.0367	0	0	0	other
S1_only_classu|MSTRG.4451.1.p1	400	6	0.015	0	0	0	other
S1_only_classu|MSTRG.4460.1.p1	459	8	0.0174	0	0	0	other
S1_only_classu|MSTRG.4461.1.p1	181	6	0.0331	1	1	0	secreted (pred.)
S1_only_classu|MSTRG.451.1.p1	688	15	0.0218	0	0	0	other
S1_only_classu|MSTRG.452.1.p1	337	3	0.0089	1	0	0	secreted (pred.)
S1_only_classu|MSTRG.452.1.p2	144	3	0.0208	0	0	0	other
S1_only_classu|MSTRG.452.1.p3	106	0	0.0	0	0	0	other
S1_only_classu|MSTRG.452.2.p1	337	3	0.0089	1	0	0	secreted (pred.)
S1_only_classu|MSTRG.452.2.p3	119	1	0.0084	0	0	0	other
S1_only_classu|MSTRG.452.2.p4	106	0	0.0	0	0	0	other
S1_only_classu|MSTRG.4555.1.p1	250	4	0.016	0	0	0	other
S1_only_classu|MSTRG.4573.1.p3	102	2	0.0196	1	0	0	secreted (pred.)
S1_only_classu|MSTRG.460.1.p1	390	7	0.0179	0	0	0	other
S1_only_classu|MSTRG.4617.1.p1	453	6	0.0132	0	0	0	other
S1_only_classu|MSTRG.4618.1.p2	105	1	0.0095	0	0	0	other
S1_only_classu|MSTRG.4619.1.p1	559	9	0.0161	0	0	0	other
S1_only_classu|MSTRG.4620.1.p2	200	7	0.035	0	0	0	other
S1_only_classu|MSTRG.4620.1.p3	186	1	0.0054	0	0	0	other
S1_only_classu|MSTRG.4624.1.p1	533	3	0.0056	0	0	0	other
S1_only_classu|MSTRG.4645.1.p1	166	0	0.0	0	0	0	other
S1_only_classu|MSTRG.4649.1.p1	259	1	0.0039	0	0	0	other
S1_only_classu|MSTRG.4651.1.p1	413	0	0.0	0	0	0	other
S1_only_classu|MSTRG.4656.1.p1	252	4	0.0159	1	1	0	secreted (pred.)
S1_only_classu|MSTRG.4665.1.p1	176	2	0.0114	0	0	0	other
S1_only_classu|MSTRG.4665.1.p2	120	0	0.0	1	0	0	secreted (pred.)
S1_only_classu|MSTRG.468.1.p1	605	6	0.0099	0	0	0	other
S1_only_classu|MSTRG.468.2.p1	605	6	0.0099	0	0	0	other
S1_only_classu|MSTRG.4680.1.p1	1127	10	0.0089	0	0	0	other
S1_only_classu|MSTRG.4698.1.p1	447	2	0.0045	0	0	0	other
S1_only_classu|MSTRG.470.1.p1	131	0	0.0	0	0	0	other
S1_only_classu|MSTRG.4701.1.p1	548	11	0.0201	0	0	0	other
S1_only_classu|MSTRG.4701.1.p2	266	6	0.0226	0	0	0	other
S1_only_classu|MSTRG.4701.1.p7	103	1	0.0097	0	0	0	other
S1_only_classu|MSTRG.4709.1.p1	385	1	0.0026	0	0	0	other
S1_only_classu|MSTRG.4709.1.p2	285	4	0.014	0	0	0	other
S1_only_classu|MSTRG.4709.1.p9	112	2	0.0179	0	0	0	other
S1_only_classu|MSTRG.4710.1.p1	601	5	0.0083	0	0	0	other
S1_only_classu|MSTRG.4720.1.p1	176	7	0.0398	0	0	0	other
S1_only_classu|MSTRG.4726.1.p1	667	1	0.0015	0	0	0	other
S1_only_classu|MSTRG.4726.1.p6	114	4	0.0351	0	0	0	other
S1_only_classu|MSTRG.4731.1.p1	754	38	0.0504	1	0	0	secreted (pred.)
S1_only_classu|MSTRG.4744.1.p1	230	2	0.0087	0	0	0	other
S1_only_classu|MSTRG.4750.1.p1	662	8	0.0121	0	0	0	other
S1_only_classu|MSTRG.4750.1.p3	166	2	0.012	1	0	0	secreted (pred.)
S1_only_classu|MSTRG.4753.1.p1	290	4	0.0138	0	0	0	other
S1_only_classu|MSTRG.4756.1.p1	492	8	0.0163	0	0	0	other
S1_only_classu|MSTRG.4769.1.p1	108	4	0.037	0	0	0	other
S1_only_classu|MSTRG.4777.1.p1	594	5	0.0084	0	0	0	other
S1_only_classu|MSTRG.4777.1.p2	557	5	0.009	0	0	0	other
S1_only_classu|MSTRG.4777.1.p3	348	5	0.0144	0	0	0	other
S1_only_classu|MSTRG.478.1.p1	519	20	0.0385	0	0	0	other
S1_only_classu|MSTRG.4793.2.p1	583	7	0.012	0	0	0	other
S1_only_classu|MSTRG.4798.1.p1	902	9	0.01	0	0	0	other
S1_only_classu|MSTRG.4800.1.p5	118	5	0.0424	1	1	0	secreted (pred.)
S1_only_classu|MSTRG.4850.1.p1	1207	5	0.0041	0	0	0	other
S1_only_classu|MSTRG.4850.1.p2	972	16	0.0165	0	0	0	other
S1_only_classu|MSTRG.4856.1.p1	492	9	0.0183	0	0	0	other
S1_only_classu|MSTRG.4857.1.p1	448	6	0.0134	1	0	0	secreted (pred.)
S1_only_classu|MSTRG.4858.1.p3	117	2	0.0171	0	0	0	other
S1_only_classu|MSTRG.4859.1.p1	827	11	0.0133	0	0	0	other
S1_only_classu|MSTRG.4867.1.p1	827	8	0.0097	0	0	0	other
S1_only_classu|MSTRG.4867.2.p1	339	5	0.0147	0	0	0	other
S1_only_classu|MSTRG.4877.1.p1	433	2	0.0046	0	0	0	other
S1_only_classu|MSTRG.4877.1.p2	264	3	0.0114	0	0	0	other
S1_only_classu|MSTRG.4886.1.p1	540	4	0.0074	0	0	0	other
S1_only_classu|MSTRG.4886.1.p5	172	0	0.0	0	0	0	other
S1_only_classu|MSTRG.4890.1.p1	341	10	0.0293	0	0	0	other
S1_only_classu|MSTRG.4890.1.p2	336	3	0.0089	0	0	0	other
S1_only_classu|MSTRG.4890.1.p3	190	8	0.0421	1	1	0	secreted (pred.)
S1_only_classu|MSTRG.4903.1.p1	612	6	0.0098	0	0	0	other
S1_only_classu|MSTRG.4915.1.p1	1397	18	0.0129	0	0	0	other
S1_only_classu|MSTRG.4915.1.p6	133	1	0.0075	0	0	0	other
S1_only_classu|MSTRG.4932.1.p1	1253	14	0.0112	0	0	0	other
S1_only_classu|MSTRG.4932.1.p2	531	5	0.0094	1	0	0	secreted (pred.)
S1_only_classu|MSTRG.4932.1.p7	146	4	0.0274	0	0	0	other
S1_only_classu|MSTRG.4953.1.p1	832	14	0.0168	0	0	0	other
S1_only_classu|MSTRG.4953.1.p4	130	4	0.0308	1	1	0	secreted (pred.)
S1_only_classu|MSTRG.4996.1.p1	269	1	0.0037	0	0	0	other
S1_only_classu|MSTRG.4996.1.p2	208	2	0.0096	0	0	0	other
S1_only_classu|MSTRG.5010.1.p1	186	1	0.0054	0	0	0	other
S1_only_classu|MSTRG.5013.1.p1	352	1	0.0028	0	0	0	other
S1_only_classu|MSTRG.5023.1.p1	392	5	0.0128	0	0	0	other
S1_only_classu|MSTRG.5028.1.p2	186	3	0.0161	0	0	0	other
S1_only_classu|MSTRG.5030.1.p1	602	9	0.015	0	0	0	other
S1_only_classu|MSTRG.5030.1.p2	260	1	0.0038	0	0	0	other
S1_only_classu|MSTRG.5030.1.p6	154	2	0.013	0	0	0	other
S1_only_classu|MSTRG.5065.1.p1	239	2	0.0084	0	0	0	other
S1_only_classu|MSTRG.5076.1.p1	244	0	0.0	0	0	0	other
S1_only_classu|MSTRG.5076.1.p2	220	0	0.0	0	0	0	other
S1_only_classu|MSTRG.5091.1.p1	486	2	0.0041	0	0	0	other
S1_only_classu|MSTRG.5099.1.p1	348	5	0.0144	0	0	0	other
S1_only_classu|MSTRG.5099.1.p4	176	1	0.0057	0	0	0	other
S1_only_classu|MSTRG.5104.1.p1	303	3	0.0099	0	0	0	other
S1_only_classu|MSTRG.5144.1.p1	650	12	0.0185	0	0	0	other
S1_only_classu|MSTRG.5145.1.p1	186	0	0.0	0	0	0	other
S1_only_classu|MSTRG.5146.1.p1	660	3	0.0045	0	0	0	other
S1_only_classu|MSTRG.5146.1.p2	469	0	0.0	0	0	0	other
S1_only_classu|MSTRG.5149.1.p1	692	4	0.0058	0	0	0	other
S1_only_classu|MSTRG.515.2.p1	441	4	0.0091	0	0	0	other
S1_only_classu|MSTRG.515.2.p2	162	0	0.0	0	0	0	other
S1_only_classu|MSTRG.5151.1.p1	456	11	0.0241	0	0	0	other
S1_only_classu|MSTRG.5157.1.p1	445	2	0.0045	0	0	0	other
S1_only_classu|MSTRG.5174.1.p3	290	8	0.0276	0	0	0	other
S1_only_classu|MSTRG.5178.1.p1	639	13	0.0203	0	0	0	other
S1_only_classu|MSTRG.5178.1.p2	533	14	0.0263	0	0	0	other
S1_only_classu|MSTRG.5189.1.p1	214	1	0.0047	0	0	0	other
S1_only_classu|MSTRG.5191.1.p1	541	5	0.0092	0	0	0	other
S1_only_classu|MSTRG.5192.1.p1	709	10	0.0141	0	0	0	other
S1_only_classu|MSTRG.5192.1.p2	280	1	0.0036	0	0	0	other
S1_only_classu|MSTRG.5197.1.p1	531	10	0.0188	0	0	0	other
S1_only_classu|MSTRG.5200.1.p1	1032	7	0.0068	1	0	0	secreted (pred.)
S1_only_classu|MSTRG.5207.1.p1	541	3	0.0055	0	0	0	other
S1_only_classu|MSTRG.5207.1.p5	102	1	0.0098	0	0	0	other
S1_only_classu|MSTRG.5212.1.p1	119	4	0.0336	0	0	0	other
S1_only_classu|MSTRG.5242.1.p1	410	7	0.0171	0	0	0	other
S1_only_classu|MSTRG.525.1.p1	752	12	0.016	0	0	0	other
S1_only_classu|MSTRG.5289.1.p3	100	1	0.01	0	0	0	other
S1_only_classu|MSTRG.5336.1.p1	549	3	0.0055	0	0	0	other
S1_only_classu|MSTRG.5337.1.p1	155	3	0.0194	0	0	0	other
S1_only_classu|MSTRG.5348.1.p1	287	11	0.0383	0	0	0	other
S1_only_classu|MSTRG.5368.1.p1	804	3	0.0037	0	0	0	other
S1_only_classu|MSTRG.5368.1.p4	224	6	0.0268	1	1	0	secreted (pred.)
S1_only_classu|MSTRG.5369.1.p2	267	2	0.0075	0	0	0	other
S1_only_classu|MSTRG.5369.1.p3	233	3	0.0129	0	0	0	other
S1_only_classu|MSTRG.5372.1.p9	102	1	0.0098	0	0	0	other
S1_only_classu|MSTRG.5376.1.p1	484	10	0.0207	0	0	0	other
S1_only_classu|MSTRG.5379.2.p1	380	6	0.0158	0	0	0	other
S1_only_classu|MSTRG.5405.1.p1	578	4	0.0069	0	0	0	other
S1_only_classu|MSTRG.5405.1.p8	112	6	0.0536	0	0	0	other
S1_only_classu|MSTRG.5422.1.p1	700	11	0.0157	0	0	0	other
S1_only_classu|MSTRG.5427.1.p1	722	6	0.0083	0	0	0	other
S1_only_classu|MSTRG.5427.1.p2	558	16	0.0287	0	0	0	other
S1_only_classu|MSTRG.5448.1.p1	678	3	0.0044	1	0	0	secreted (pred.)
S1_only_classu|MSTRG.5448.1.p2	509	4	0.0079	1	0	0	secreted (pred.)
S1_only_classu|MSTRG.5458.1.p1	252	5	0.0198	0	0	0	other
S1_only_classu|MSTRG.5485.1.p1	446	6	0.0135	1	0	0	secreted (pred.)
S1_only_classu|MSTRG.5488.1.p1	453	9	0.0199	0	0	0	other
S1_only_classu|MSTRG.5488.1.p3	328	4	0.0122	0	0	0	other
S1_only_classu|MSTRG.55.1.p2	129	3	0.0233	0	0	0	other
S1_only_classu|MSTRG.5517.1.p1	340	5	0.0147	0	0	0	other
S1_only_classu|MSTRG.5547.1.p1	1241	15	0.0121	0	0	0	other
S1_only_classu|MSTRG.5547.1.p2	466	4	0.0086	0	0	0	other
S1_only_classu|MSTRG.5547.1.p3	325	3	0.0092	0	0	0	other
S1_only_classu|MSTRG.5547.1.p6	147	9	0.0612	1	1	0	secreted (pred.)
S1_only_classu|MSTRG.5549.1.p1	387	3	0.0078	0	0	0	other
S1_only_classu|MSTRG.5549.1.p3	185	8	0.0432	0	0	0	other
S1_only_classu|MSTRG.5554.1.p1	552	0	0.0	0	0	0	other
S1_only_classu|MSTRG.5554.1.p3	104	4	0.0385	0	0	0	other
S1_only_classu|MSTRG.556.1.p1	547	0	0.0	0	0	0	other
S1_only_classu|MSTRG.5566.1.p1	404	4	0.0099	0	0	0	other
S1_only_classu|MSTRG.5567.1.p1	227	21	0.0925	0	0	0	other
S1_only_classu|MSTRG.557.1.p1	249	0	0.0	1	0	0	secreted (pred.)
S1_only_classu|MSTRG.558.1.p1	804	2	0.0025	0	0	0	other
S1_only_classu|MSTRG.558.1.p2	266	7	0.0263	1	1	0	secreted (pred.)
S1_only_classu|MSTRG.558.1.p6	125	7	0.056	1	1	0	secreted (pred.)
S1_only_classu|MSTRG.5585.1.p1	425	6	0.0141	0	0	0	other
S1_only_classu|MSTRG.559.1.p1	1734	21	0.0121	0	0	0	other
S1_only_classu|MSTRG.559.1.p2	133	3	0.0226	0	0	0	other
S1_only_classu|MSTRG.5596.1.p2	146	4	0.0274	0	0	0	other
S1_only_classu|MSTRG.5596.1.p4	106	4	0.0377	0	0	0	other
S1_only_classu|MSTRG.5598.1.p1	846	19	0.0225	0	0	0	other
S1_only_classu|MSTRG.5598.1.p2	509	7	0.0138	1	0	0	secreted (pred.)
S1_only_classu|MSTRG.5599.1.p1	941	9	0.0096	1	0	0	secreted (pred.)
S1_only_classu|MSTRG.560.1.p1	312	4	0.0128	0	0	0	other
S1_only_classu|MSTRG.5610.1.p1	112	6	0.0536	0	0	0	other
S1_only_classu|MSTRG.5622.1.p2	119	3	0.0252	1	1	0	secreted (pred.)
S1_only_classu|MSTRG.5645.1.p1	428	4	0.0093	0	0	0	other
S1_only_classu|MSTRG.5645.1.p2	345	4	0.0116	0	0	0	other
S1_only_classu|MSTRG.5646.1.p2	234	1	0.0043	0	0	0	other
S1_only_classu|MSTRG.5646.1.p3	168	3	0.0179	0	0	0	other
S1_only_classu|MSTRG.5650.1.p1	271	1	0.0037	0	0	0	other
S1_only_classu|MSTRG.5678.1.p1	672	13	0.0193	0	0	0	other
S1_only_classu|MSTRG.5678.1.p2	286	12	0.042	0	0	0	other
S1_only_classu|MSTRG.5679.1.p1	226	0	0.0	0	0	0	other
S1_only_classu|MSTRG.5692.1.p1	305	3	0.0098	0	0	0	other
S1_only_classu|MSTRG.571.1.p1	182	3	0.0165	0	0	0	other
S1_only_classu|MSTRG.5716.1.p1	423	29	0.0686	1	0	0	secreted (pred.)
S1_only_classu|MSTRG.5739.1.p5	139	0	0.0	0	0	0	other
S1_only_classu|MSTRG.5745.1.p2	134	2	0.0149	0	0	0	other
S1_only_classu|MSTRG.5749.1.p1	731	17	0.0233	0	0	0	other
S1_only_classu|MSTRG.5749.1.p2	572	5	0.0087	0	0	0	other
S1_only_classu|MSTRG.5749.1.p5	159	3	0.0189	1	0	0	secreted (pred.)
S1_only_classu|MSTRG.5749.2.p1	731	17	0.0233	0	0	0	other
S1_only_classu|MSTRG.5749.2.p2	579	5	0.0086	0	0	0	other
S1_only_classu|MSTRG.5749.2.p5	159	3	0.0189	1	0	0	secreted (pred.)
S1_only_classu|MSTRG.5750.2.p1	102	3	0.0294	1	1	0	secreted (pred.)
S1_only_classu|MSTRG.5768.1.p1	913	8	0.0088	0	0	0	other
S1_only_classu|MSTRG.5768.1.p3	184	2	0.0109	0	0	0	other
S1_only_classu|MSTRG.5768.2.p1	913	8	0.0088	0	0	0	other
S1_only_classu|MSTRG.5768.2.p3	184	2	0.0109	0	0	0	other
S1_only_classu|MSTRG.5770.1.p2	109	4	0.0367	1	1	0	secreted (pred.)
S1_only_classu|MSTRG.5771.1.p1	516	12	0.0233	1	0	0	secreted (pred.)
S1_only_classu|MSTRG.5771.1.p2	380	6	0.0158	1	0	0	secreted (pred.)
S1_only_classu|MSTRG.5776.1.p1	444	5	0.0113	0	0	0	other
S1_only_classu|MSTRG.5781.1.p1	108	6	0.0556	0	0	0	other
S1_only_classu|MSTRG.5787.1.p1	237	4	0.0169	1	1	0	secreted (pred.)
S1_only_classu|MSTRG.5788.1.p1	692	15	0.0217	0	0	0	other
S1_only_classu|MSTRG.5788.1.p2	182	6	0.033	1	1	0	secreted (pred.)
S1_only_classu|MSTRG.5792.1.p1	714	12	0.0168	1	0	0	secreted (pred.)
S1_only_classu|MSTRG.5797.1.p1	1738	20	0.0115	0	0	0	other
S1_only_classu|MSTRG.58.1.p1	129	2	0.0155	0	0	0	other
S1_only_classu|MSTRG.580.1.p1	696	0	0.0	0	0	0	other
S1_only_classu|MSTRG.580.2.p1	926	0	0.0	0	0	0	other
S1_only_classu|MSTRG.5806.2.p1	234	5	0.0214	0	0	0	other
S1_only_classu|MSTRG.5809.1.p1	483	5	0.0104	0	0	0	other
S1_only_classu|MSTRG.5813.1.p1	231	3	0.013	0	0	0	other
S1_only_classu|MSTRG.5814.1.p1	914	7	0.0077	0	0	0	other
S1_only_classu|MSTRG.5814.1.p2	234	3	0.0128	0	0	0	other
S1_only_classu|MSTRG.5820.1.p1	476	2	0.0042	0	0	0	other
S1_only_classu|MSTRG.5841.1.p1	249	2	0.008	0	0	0	other
S1_only_classu|MSTRG.5847.1.p1	517	4	0.0077	0	0	0	other
S1_only_classu|MSTRG.5847.1.p2	419	9	0.0215	0	0	0	other
S1_only_classu|MSTRG.5847.1.p6	122	2	0.0164	0	0	0	other
S1_only_classu|MSTRG.5850.1.p1	369	7	0.019	0	0	0	other
S1_only_classu|MSTRG.5850.1.p2	295	14	0.0475	0	0	0	other
S1_only_classu|MSTRG.5850.2.p1	295	14	0.0475	0	0	0	other
S1_only_classu|MSTRG.5850.2.p2	235	6	0.0255	0	0	0	other
S1_only_classu|MSTRG.5850.3.p1	295	14	0.0475	0	0	0	other
S1_only_classu|MSTRG.5876.1.p1	351	8	0.0228	0	0	0	other
S1_only_classu|MSTRG.5876.1.p5	129	5	0.0388	0	0	0	other
S1_only_classu|MSTRG.59.1.p1	399	9	0.0226	0	0	0	other
S1_only_classu|MSTRG.5908.1.p1	374	2	0.0053	1	0	0	secreted (pred.)
S1_only_classu|MSTRG.5908.2.p1	374	2	0.0053	1	0	0	secreted (pred.)
S1_only_classu|MSTRG.5909.1.p1	544	7	0.0129	1	0	0	secreted (pred.)
S1_only_classu|MSTRG.5909.1.p2	428	4	0.0093	0	0	0	other
S1_only_classu|MSTRG.5910.1.p1	468	14	0.0299	1	0	0	secreted (pred.)
S1_only_classu|MSTRG.5910.1.p2	300	2	0.0067	0	0	0	other
S1_only_classu|MSTRG.5914.1.p1	424	0	0.0	0	0	0	other
S1_only_classu|MSTRG.5914.1.p5	125	0	0.0	0	0	0	other
S1_only_classu|MSTRG.5917.1.p1	298	6	0.0201	1	1	0	secreted (pred.)
S1_only_classu|MSTRG.5917.1.p3	116	1	0.0086	0	0	0	other
S1_only_classu|MSTRG.5920.1.p1	335	4	0.0119	1	0	0	secreted (pred.)
S1_only_classu|MSTRG.5937.1.p1	313	10	0.0319	0	0	0	other
S1_only_classu|MSTRG.5937.1.p4	130	1	0.0077	0	0	0	other
S1_only_classu|MSTRG.5941.1.p1	277	12	0.0433	0	0	0	other
S1_only_classu|MSTRG.5951.2.p1	352	7	0.0199	0	0	0	other
S1_only_classu|MSTRG.5956.1.p1	440	1	0.0023	0	0	0	other
S1_only_classu|MSTRG.5972.1.p1	754	2	0.0027	0	0	0	other
S1_only_classu|MSTRG.5974.1.p1	205	1	0.0049	0	0	0	other
S1_only_classu|MSTRG.5974.1.p3	140	2	0.0143	1	0	0	secreted (pred.)
S1_only_classu|MSTRG.5982.1.p1	106	1	0.0094	0	0	0	other
S1_only_classu|MSTRG.5997.1.p1	540	10	0.0185	0	0	0	other
S1_only_classu|MSTRG.600.1.p1	382	15	0.0393	0	0	0	other
S1_only_classu|MSTRG.6005.1.p1	324	5	0.0154	0	0	0	other
S1_only_classu|MSTRG.6022.1.p3	102	3	0.0294	0	0	0	other
S1_only_classu|MSTRG.6023.1.p3	122	3	0.0246	0	0	0	other
S1_only_classu|MSTRG.6028.1.p1	310	6	0.0194	0	0	0	other
S1_only_classu|MSTRG.6031.1.p1	195	3	0.0154	0	0	0	other
S1_only_classu|MSTRG.6035.1.p1	427	3	0.007	0	0	0	other
S1_only_classu|MSTRG.6036.1.p1	1026	13	0.0127	0	0	0	other
S1_only_classu|MSTRG.6036.1.p5	169	6	0.0355	0	0	0	other
S1_only_classu|MSTRG.6045.1.p1	188	4	0.0213	1	1	0	secreted (pred.)
S1_only_classu|MSTRG.6045.1.p4	110	0	0.0	0	0	0	other
S1_only_classu|MSTRG.6062.1.p1	592	2	0.0034	0	0	0	other
S1_only_classu|MSTRG.6062.1.p5	105	3	0.0286	0	0	0	other
S1_only_classu|MSTRG.6077.2.p1	773	9	0.0116	0	0	0	other
S1_only_classu|MSTRG.6079.1.p1	980	11	0.0112	0	0	0	other
S1_only_classu|MSTRG.6079.1.p7	106	1	0.0094	1	0	0	secreted (pred.)
S1_only_classu|MSTRG.6094.1.p1	1134	8	0.0071	0	0	0	other
S1_only_classu|MSTRG.6107.1.p1	121	4	0.0331	0	0	0	other
S1_only_classu|MSTRG.6110.1.p1	322	0	0.0	0	0	0	other
S1_only_classu|MSTRG.6123.1.p1	114	3	0.0263	0	0	0	other
S1_only_classu|MSTRG.6143.1.p1	1195	20	0.0167	0	0	0	other
S1_only_classu|MSTRG.615.1.p1	389	9	0.0231	0	0	0	other
S1_only_classu|MSTRG.6156.1.p1	345	4	0.0116	0	0	0	other
S1_only_classu|MSTRG.6173.1.p1	629	8	0.0127	0	0	0	other
S1_only_classu|MSTRG.6173.1.p7	110	0	0.0	0	0	0	other
S1_only_classu|MSTRG.6204.1.p1	226	4	0.0177	0	0	0	other
S1_only_classu|MSTRG.6217.2.p1	686	17	0.0248	0	0	0	other
S1_only_classu|MSTRG.6233.2.p1	107	3	0.028	0	0	0	other
S1_only_classu|MSTRG.6245.1.p1	239	1	0.0042	1	0	0	secreted (pred.)
S1_only_classu|MSTRG.6245.1.p2	173	2	0.0116	1	0	0	secreted (pred.)
S1_only_classu|MSTRG.6252.1.p1	581	4	0.0069	0	0	0	other
S1_only_classu|MSTRG.629.1.p1	485	4	0.0082	1	0	0	secreted (pred.)
S1_only_classu|MSTRG.629.1.p2	317	4	0.0126	0	0	0	other
S1_only_classu|MSTRG.629.1.p7	103	1	0.0097	1	0	0	secreted (pred.)
S1_only_classu|MSTRG.6298.1.p1	433	7	0.0162	0	0	0	other
S1_only_classu|MSTRG.63.1.p1	408	6	0.0147	0	0	0	other
S1_only_classu|MSTRG.63.1.p4	116	0	0.0	0	0	0	other
S1_only_classu|MSTRG.6306.1.p1	137	1	0.0073	0	0	0	other
S1_only_classu|MSTRG.632.1.p1	369	6	0.0163	0	0	0	other
S1_only_classu|MSTRG.632.2.p1	395	8	0.0203	0	0	0	other
S1_only_classu|MSTRG.6333.1.p1	674	17	0.0252	0	0	0	other
S1_only_classu|MSTRG.6336.1.p1	784	17	0.0217	0	0	0	other
S1_only_classu|MSTRG.6336.1.p2	290	4	0.0138	1	1	0	secreted (pred.)
S1_only_classu|MSTRG.6337.1.p1	246	1	0.0041	0	0	0	other
S1_only_classu|MSTRG.6351.1.p1	190	0	0.0	0	0	0	other
S1_only_classu|MSTRG.6351.1.p4	167	3	0.018	0	0	0	other
S1_only_classu|MSTRG.6351.1.p5	149	2	0.0134	0	0	0	other
S1_only_classu|MSTRG.6362.1.p1	601	8	0.0133	1	0	0	secreted (pred.)
S1_only_classu|MSTRG.6362.1.p5	146	0	0.0	0	0	0	other
S1_only_classu|MSTRG.6400.1.p1	220	0	0.0	0	0	0	other
S1_only_classu|MSTRG.6424.1.p1	344	2	0.0058	0	0	0	other
S1_only_classu|MSTRG.6429.1.p1	316	0	0.0	1	0	0	secreted (pred.)
S1_only_classu|MSTRG.6433.1.p1	517	7	0.0135	1	0	0	secreted (pred.)
S1_only_classu|MSTRG.6433.1.p3	153	0	0.0	0	0	0	other
S1_only_classu|MSTRG.6455.1.p1	378	4	0.0106	0	0	0	other
S1_only_classu|MSTRG.6455.2.p1	378	4	0.0106	0	0	0	other
S1_only_classu|MSTRG.6456.1.p1	118	0	0.0	0	0	0	other
S1_only_classu|MSTRG.6463.1.p1	600	11	0.0183	0	0	0	other
S1_only_classu|MSTRG.6465.1.p1	968	2	0.0021	0	0	0	other
S1_only_classu|MSTRG.6465.1.p5	105	5	0.0476	0	0	0	other
S1_only_classu|MSTRG.6479.1.p1	508	1	0.002	0	0	0	other
S1_only_classu|MSTRG.6479.1.p7	106	2	0.0189	0	0	0	other
S1_only_classu|MSTRG.648.1.p1	362	3	0.0083	0	0	0	other
S1_only_classu|MSTRG.648.2.p1	362	3	0.0083	0	0	0	other
S1_only_classu|MSTRG.6497.1.p1	957	14	0.0146	0	0	0	other
S1_only_classu|MSTRG.6508.1.p1	677	11	0.0162	0	0	0	other
S1_only_classu|MSTRG.6510.1.p1	696	12	0.0172	1	0	0	secreted (pred.)
S1_only_classu|MSTRG.6513.1.p1	561	9	0.016	0	0	0	other
S1_only_classu|MSTRG.6516.1.p1	1098	11	0.01	0	0	0	other
S1_only_classu|MSTRG.6518.1.p1	341	3	0.0088	0	0	0	other
S1_only_classu|MSTRG.6518.1.p3	135	1	0.0074	0	0	0	other
S1_only_classu|MSTRG.6535.1.p1	522	0	0.0	1	0	0	secreted (pred.)
S1_only_classu|MSTRG.6547.1.p2	137	1	0.0073	0	0	0	other
S1_only_classu|MSTRG.655.1.p1	506	4	0.0079	0	0	0	other
S1_only_classu|MSTRG.655.1.p2	232	2	0.0086	0	0	0	other
S1_only_classu|MSTRG.6550.1.p1	1238	4	0.0032	0	0	0	other
S1_only_classu|MSTRG.6550.1.p8	146	0	0.0	0	0	0	other
S1_only_classu|MSTRG.6552.1.p1	313	1	0.0032	0	0	0	other
S1_only_classu|MSTRG.6557.1.p1	268	3	0.0112	0	0	0	other
S1_only_classu|MSTRG.6558.1.p7	103	1	0.0097	1	0	0	secreted (pred.)
S1_only_classu|MSTRG.6579.1.p1	495	6	0.0121	0	0	0	other
S1_only_classu|MSTRG.6582.1.p1	754	4	0.0053	0	0	0	other
S1_only_classu|MSTRG.6582.1.p2	464	9	0.0194	0	0	0	other
S1_only_classu|MSTRG.6589.1.p1	594	10	0.0168	0	0	0	other
S1_only_classu|MSTRG.6599.1.p1	471	9	0.0191	1	0	0	secreted (pred.)
S1_only_classu|MSTRG.6609.1.p2	229	4	0.0175	0	0	0	other
S1_only_classu|MSTRG.6609.1.p3	207	6	0.029	0	0	0	other
S1_only_classu|MSTRG.6609.1.p5	185	1	0.0054	0	0	0	other
S1_only_classu|MSTRG.6617.1.p1	356	6	0.0169	1	0	0	secreted (pred.)
S1_only_classu|MSTRG.6617.1.p2	347	4	0.0115	1	0	0	secreted (pred.)
S1_only_classu|MSTRG.6646.1.p1	457	9	0.0197	1	0	0	secreted (pred.)
S1_only_classu|MSTRG.6649.1.p1	283	3	0.0106	1	0	0	secreted (pred.)
S1_only_classu|MSTRG.668.1.p1	508	8	0.0157	0	0	0	other
S1_only_classu|MSTRG.6680.1.p1	353	3	0.0085	0	0	0	other
S1_only_classu|MSTRG.6704.1.p1	1234	10	0.0081	0	0	0	other
S1_only_classu|MSTRG.6705.1.p1	351	4	0.0114	0	0	0	other
S1_only_classu|MSTRG.6716.1.p1	1562	3	0.0019	0	0	0	other
S1_only_classu|MSTRG.672.1.p1	691	11	0.0159	0	0	0	other
S1_only_classu|MSTRG.673.1.p1	1601	7	0.0044	0	0	0	other
S1_only_classu|MSTRG.6748.1.p1	362	3	0.0083	1	0	0	secreted (pred.)
S1_only_classu|MSTRG.6756.1.p1	224	2	0.0089	0	0	0	other
S1_only_classu|MSTRG.6764.1.p1	101	6	0.0594	0	0	0	other
S1_only_classu|MSTRG.6778.1.p1	332	2	0.006	0	0	0	other
S1_only_classu|MSTRG.6787.1.p1	459	5	0.0109	1	0	0	secreted (pred.)
S1_only_classu|MSTRG.6795.1.p2	137	1	0.0073	0	0	0	other
S1_only_classu|MSTRG.6822.1.p1	590	8	0.0136	1	0	0	secreted (pred.)
S1_only_classu|MSTRG.6822.1.p2	179	2	0.0112	0	0	0	other
S1_only_classu|MSTRG.6830.1.p1	372	6	0.0161	1	0	0	secreted (pred.)
S1_only_classu|MSTRG.6832.2.p1	439	6	0.0137	0	0	0	other
S1_only_classu|MSTRG.6842.1.p1	541	1	0.0018	0	0	0	other
S1_only_classu|MSTRG.6844.1.p1	1775	11	0.0062	0	0	0	other
S1_only_classu|MSTRG.6844.1.p6	171	2	0.0117	0	0	0	other
S1_only_classu|MSTRG.6848.1.p1	219	7	0.032	1	1	0	secreted (pred.)
S1_only_classu|MSTRG.6848.1.p4	105	3	0.0286	0	0	0	other
S1_only_classu|MSTRG.685.1.p1	353	0	0.0	0	0	0	other
S1_only_classu|MSTRG.6852.1.p2	130	4	0.0308	0	0	0	other
S1_only_classu|MSTRG.6856.1.p1	486	5	0.0103	0	0	0	other
S1_only_classu|MSTRG.6856.1.p4	157	2	0.0127	0	0	0	other
S1_only_classu|MSTRG.6856.2.p1	486	5	0.0103	0	0	0	other
S1_only_classu|MSTRG.6856.2.p4	157	2	0.0127	0	0	0	other
S1_only_classu|MSTRG.6858.1.p1	348	4	0.0115	0	0	0	other
S1_only_classu|MSTRG.6861.1.p1	561	4	0.0071	0	0	0	other
S1_only_classu|MSTRG.6872.1.p1	318	2	0.0063	0	0	0	other
S1_only_classu|MSTRG.6874.1.p1	497	6	0.0121	0	0	0	other
S1_only_classu|MSTRG.69.1.p1	284	13	0.0458	0	0	0	other
S1_only_classu|MSTRG.69.1.p4	112	5	0.0446	1	1	0	secreted (pred.)
S1_only_classu|MSTRG.6943.1.p1	529	0	0.0	0	0	0	other
S1_only_classu|MSTRG.6943.1.p2	516	7	0.0136	0	0	0	other
S1_only_classu|MSTRG.6954.1.p1	2431	12	0.0049	0	0	0	other
S1_only_classu|MSTRG.6955.1.p1	492	4	0.0081	0	0	0	other
S1_only_classu|MSTRG.6959.1.p1	1032	2	0.0019	0	0	0	other
S1_only_classu|MSTRG.6961.1.p1	537	3	0.0056	0	0	0	other
S1_only_classu|MSTRG.6968.1.p1	352	0	0.0	0	0	0	other
S1_only_classu|MSTRG.6985.1.p1	732	6	0.0082	0	0	0	other
S1_only_classu|MSTRG.6985.1.p14	116	2	0.0172	0	0	0	other
S1_only_classu|MSTRG.6985.1.p4	173	8	0.0462	0	0	0	other
S1_only_classu|MSTRG.6985.1.p9	132	3	0.0227	0	0	0	other
S1_only_classu|MSTRG.6986.1.p2	116	2	0.0172	0	0	0	other
S1_only_classu|MSTRG.6987.1.p1	225	6	0.0267	1	1	0	secreted (pred.)
S1_only_classu|MSTRG.699.1.p1	256	2	0.0078	0	0	0	other
S1_only_classu|MSTRG.7012.1.p1	112	2	0.0179	1	0	0	secreted (pred.)
S1_only_classu|MSTRG.7021.1.p1	303	5	0.0165	0	0	0	other
S1_only_classu|MSTRG.706.1.p1	278	2	0.0072	0	0	0	other
S1_only_classu|MSTRG.7061.1.p1	265	4	0.0151	0	0	0	other
S1_only_classu|MSTRG.7082.1.p1	355	4	0.0113	0	0	0	other
S1_only_classu|MSTRG.709.1.p1	1443	13	0.009	0	0	0	other
S1_only_classu|MSTRG.7112.1.p2	469	4	0.0085	1	0	0	secreted (pred.)
S1_only_classu|MSTRG.713.1.p2	143	0	0.0	0	0	0	other
S1_only_classu|MSTRG.7132.1.p1	164	3	0.0183	0	0	0	other
S1_only_classu|MSTRG.7154.1.p1	567	2	0.0035	0	0	0	other
S1_only_classu|MSTRG.7154.1.p2	444	3	0.0068	0	0	0	other
S1_only_classu|MSTRG.7158.1.p1	906	11	0.0121	0	0	0	other
S1_only_classu|MSTRG.716.1.p1	127	1	0.0079	0	0	0	other
S1_only_classu|MSTRG.716.2.p1	100	2	0.02	0	0	0	other
S1_only_classu|MSTRG.7160.1.p1	191	2	0.0105	0	0	0	other
S1_only_classu|MSTRG.7160.1.p2	177	1	0.0056	0	0	0	other
S1_only_classu|MSTRG.717.1.p2	176	0	0.0	0	0	0	other
S1_only_classu|MSTRG.717.1.p3	167	0	0.0	0	0	0	other
S1_only_classu|MSTRG.719.1.p1	276	2	0.0072	0	0	0	other
S1_only_classu|MSTRG.7222.1.p1	146	2	0.0137	0	0	0	other
S1_only_classu|MSTRG.7223.1.p1	344	6	0.0174	0	0	0	other
S1_only_classu|MSTRG.7223.1.p2	211	5	0.0237	1	1	0	secreted (pred.)
S1_only_classu|MSTRG.7239.1.p1	343	0	0.0	0	0	0	other
S1_only_classu|MSTRG.7280.3.p1	305	0	0.0	0	0	0	other
S1_only_classu|MSTRG.7283.1.p1	266	7	0.0263	1	1	0	secreted (pred.)
S1_only_classu|MSTRG.733.1.p2	171	0	0.0	0	0	0	other
S1_only_classu|MSTRG.7331.1.p1	743	3	0.004	0	0	0	other
S1_only_classu|MSTRG.7332.1.p1	333	6	0.018	0	0	0	other
S1_only_classu|MSTRG.7332.1.p2	230	5	0.0217	0	0	0	other
S1_only_classu|MSTRG.7336.1.p1	163	6	0.0368	0	0	0	other
S1_only_classu|MSTRG.7338.1.p1	890	8	0.009	0	0	0	other
S1_only_classu|MSTRG.7338.1.p2	350	1	0.0029	0	0	0	other
S1_only_classu|MSTRG.7343.1.p1	276	4	0.0145	0	0	0	other
S1_only_classu|MSTRG.7343.1.p3	176	9	0.0511	0	0	0	other
S1_only_classu|MSTRG.7391.1.p1	701	7	0.01	0	0	0	other
S1_only_classu|MSTRG.7401.1.p1	743	6	0.0081	0	0	0	other
S1_only_classu|MSTRG.7401.1.p2	173	1	0.0058	0	0	0	other
S1_only_classu|MSTRG.7401.2.p1	945	6	0.0063	0	0	0	other
S1_only_classu|MSTRG.741.1.p1	446	9	0.0202	0	0	0	other
S1_only_classu|MSTRG.7423.1.p1	321	4	0.0125	0	0	0	other
S1_only_classu|MSTRG.7430.1.p1	395	6	0.0152	0	0	0	other
S1_only_classu|MSTRG.7438.1.p1	123	1	0.0081	0	0	0	other
S1_only_classu|MSTRG.746.1.p1	496	10	0.0202	0	0	0	other
S1_only_classu|MSTRG.7480.1.p1	946	20	0.0211	0	0	0	other
S1_only_classu|MSTRG.7488.1.p1	578	9	0.0156	1	0	0	secreted (pred.)
S1_only_classu|MSTRG.7488.1.p2	418	2	0.0048	0	0	0	other
S1_only_classu|MSTRG.7488.1.p9	113	0	0.0	0	0	0	other
S1_only_classu|MSTRG.749.1.p1	401	2	0.005	0	0	0	other
S1_only_classu|MSTRG.75.1.p1	644	2	0.0031	0	0	0	other
S1_only_classu|MSTRG.75.1.p2	362	7	0.0193	0	0	0	other
S1_only_classu|MSTRG.75.1.p3	235	1	0.0043	1	0	0	secreted (pred.)
S1_only_classu|MSTRG.7531.1.p1	167	8	0.0479	1	1	0	secreted (pred.)
S1_only_classu|MSTRG.7532.1.p1	157	4	0.0255	1	1	0	secreted (pred.)
S1_only_classu|MSTRG.7540.1.p1	260	3	0.0115	0	0	0	other
S1_only_classu|MSTRG.7544.1.p1	569	11	0.0193	0	0	0	other
S1_only_classu|MSTRG.7546.1.p1	244	4	0.0164	0	0	0	other
S1_only_classu|MSTRG.7549.1.p1	148	3	0.0203	0	0	0	other
S1_only_classu|MSTRG.7556.1.p1	1018	11	0.0108	0	0	0	other
S1_only_classu|MSTRG.7556.2.p1	995	11	0.0111	0	0	0	other
S1_only_classu|MSTRG.758.1.p1	344	6	0.0174	0	0	0	other
S1_only_classu|MSTRG.7580.1.p2	243	3	0.0123	0	0	0	other
S1_only_classu|MSTRG.759.1.p1	1239	18	0.0145	0	0	0	other
S1_only_classu|MSTRG.7604.1.p1	522	3	0.0057	0	0	0	other
S1_only_classu|MSTRG.7604.1.p2	343	2	0.0058	0	0	0	other
S1_only_classu|MSTRG.7610.1.p1	1299	0	0.0	0	0	0	other
S1_only_classu|MSTRG.7615.1.p1	458	13	0.0284	0	0	0	other
S1_only_classu|MSTRG.7615.1.p2	307	11	0.0358	0	0	0	other
S1_only_classu|MSTRG.7635.1.p2	117	2	0.0171	1	0	0	secreted (pred.)
S1_only_classu|MSTRG.7636.1.p2	124	3	0.0242	0	0	0	other
S1_only_classu|MSTRG.7640.1.p1	428	14	0.0327	1	0	0	secreted (pred.)
S1_only_classu|MSTRG.7650.1.p1	453	7	0.0155	0	0	0	other
S1_only_classu|MSTRG.7650.2.p1	330	7	0.0212	0	0	0	other
S1_only_classu|MSTRG.7683.1.p1	446	5	0.0112	1	0	0	secreted (pred.)
S1_only_classu|MSTRG.7704.1.p1	587	0	0.0	0	0	0	other
S1_only_classu|MSTRG.7705.1.p2	101	1	0.0099	0	0	0	other
S1_only_classu|MSTRG.7728.1.p1	534	11	0.0206	0	0	0	other
S1_only_classu|MSTRG.7742.1.p1	423	6	0.0142	0	0	0	other
S1_only_classu|MSTRG.7753.1.p1	730	9	0.0123	0	0	0	other
S1_only_classu|MSTRG.7759.1.p1	413	4	0.0097	0	0	0	other
S1_only_classu|MSTRG.7759.1.p5	165	2	0.0121	0	0	0	other
S1_only_classu|MSTRG.7761.1.p1	170	1	0.0059	0	0	0	other
S1_only_classu|MSTRG.7765.1.p1	491	7	0.0143	0	0	0	other
S1_only_classu|MSTRG.7785.1.p1	513	8	0.0156	1	0	0	secreted (pred.)
S1_only_classu|MSTRG.7791.1.p1	331	4	0.0121	0	0	0	other
S1_only_classu|MSTRG.7806.1.p1	678	4	0.0059	0	0	0	other
S1_only_classu|MSTRG.7808.1.p1	760	9	0.0118	0	0	0	other
S1_only_classu|MSTRG.7808.1.p2	353	0	0.0	0	0	0	other
S1_only_classu|MSTRG.7825.1.p2	123	3	0.0244	0	0	0	other
S1_only_classu|MSTRG.7829.1.p1	237	7	0.0295	1	1	0	secreted (pred.)
S1_only_classu|MSTRG.7829.1.p2	154	0	0.0	0	0	0	other
S1_only_classu|MSTRG.7849.1.p2	349	1	0.0029	0	0	0	other
S1_only_classu|MSTRG.7895.1.p1	333	3	0.009	0	0	0	other
S1_only_classu|MSTRG.7918.1.p3	118	0	0.0	0	0	0	other
S1_only_classu|MSTRG.7919.1.p1	139	3	0.0216	0	0	0	other
S1_only_classu|MSTRG.7925.1.p1	926	17	0.0184	0	0	0	other
S1_only_classu|MSTRG.7928.1.p1	635	5	0.0079	1	0	0	secreted (pred.)
S1_only_classu|MSTRG.7935.1.p5	106	2	0.0189	0	0	0	other
S1_only_classu|MSTRG.7935.1.p6	100	2	0.02	0	0	0	other
S1_only_classu|MSTRG.7948.1.p2	176	3	0.017	0	0	0	other
S1_only_classu|MSTRG.7951.1.p1	395	0	0.0	0	0	0	other
S1_only_classu|MSTRG.7951.2.p1	410	0	0.0	0	0	0	other
S1_only_classu|MSTRG.7951.3.p1	219	1	0.0046	0	0	0	other
S1_only_classu|MSTRG.7951.3.p2	203	0	0.0	0	0	0	other
S1_only_classu|MSTRG.7951.5.p2	177	0	0.0	0	0	0	other
S1_only_classu|MSTRG.7971.1.p1	379	0	0.0	0	0	0	other
S1_only_classu|MSTRG.7972.1.p1	936	11	0.0118	0	0	0	other
S1_only_classu|MSTRG.7975.1.p1	410	4	0.0098	0	0	0	other
S1_only_classu|MSTRG.7978.1.p1	281	2	0.0071	0	0	0	other
S1_only_classu|MSTRG.7980.1.p1	2082	21	0.0101	0	0	0	other
S1_only_classu|MSTRG.7993.1.p1	286	2	0.007	0	0	0	other
S1_only_classu|MSTRG.7994.1.p1	243	1	0.0041	0	0	0	other
S1_only_classu|MSTRG.7995.1.p1	681	9	0.0132	0	0	0	other
S1_only_classu|MSTRG.801.1.p1	359	2	0.0056	0	0	0	other
S1_only_classu|MSTRG.8015.1.p1	368	2	0.0054	0	0	0	other
S1_only_classu|MSTRG.8023.1.p1	557	7	0.0126	0	0	0	other
S1_only_classu|MSTRG.8023.1.p3	132	5	0.0379	0	0	0	other
S1_only_classu|MSTRG.8025.1.p1	433	9	0.0208	0	0	0	other
S1_only_classu|MSTRG.8025.1.p2	312	5	0.016	0	0	0	other
S1_only_classu|MSTRG.8036.1.p1	713	4	0.0056	0	0	0	other
S1_only_classu|MSTRG.8036.1.p5	142	2	0.0141	0	0	0	other
S1_only_classu|MSTRG.8036.2.p1	713	4	0.0056	0	0	0	other
S1_only_classu|MSTRG.8036.2.p5	142	2	0.0141	0	0	0	other
S1_only_classu|MSTRG.8037.1.p1	235	3	0.0128	1	0	0	secreted (pred.)
S1_only_classu|MSTRG.804.1.p1	558	11	0.0197	0	0	0	other
S1_only_classu|MSTRG.8049.1.p1	352	5	0.0142	0	0	0	other
S1_only_classu|MSTRG.8062.1.p1	711	5	0.007	1	0	0	secreted (pred.)
S1_only_classu|MSTRG.8062.1.p2	434	2	0.0046	0	0	0	other
S1_only_classu|MSTRG.8065.1.p1	124	2	0.0161	0	0	0	other
S1_only_classu|MSTRG.8070.1.p1	545	17	0.0312	0	0	0	other
S1_only_classu|MSTRG.8070.1.p2	179	4	0.0223	0	0	0	other
S1_only_classu|MSTRG.8072.1.p1	326	5	0.0153	1	0	0	secreted (pred.)
S1_only_classu|MSTRG.8074.1.p1	348	5	0.0144	0	0	0	other
S1_only_classu|MSTRG.8078.1.p1	854	5	0.0059	0	0	0	other
S1_only_classu|MSTRG.8079.1.p1	175	1	0.0057	0	0	0	other
S1_only_classu|MSTRG.8083.1.p2	101	1	0.0099	1	0	0	secreted (pred.)
S1_only_classu|MSTRG.8087.1.p1	298	1	0.0034	0	0	0	other
S1_only_classu|MSTRG.8087.1.p2	115	1	0.0087	0	0	0	other
S1_only_classu|MSTRG.8092.1.p1	539	3	0.0056	0	0	0	other
S1_only_classu|MSTRG.8092.1.p2	161	3	0.0186	0	0	0	other
S1_only_classu|MSTRG.8092.1.p9	111	2	0.018	0	0	0	other
S1_only_classu|MSTRG.8093.1.p1	137	4	0.0292	0	0	0	other
S1_only_classu|MSTRG.8107.1.p1	692	1	0.0014	0	0	0	other
S1_only_classu|MSTRG.8116.1.p1	515	1	0.0019	0	0	0	other
S1_only_classu|MSTRG.8117.1.p1	875	5	0.0057	0	0	0	other
S1_only_classu|MSTRG.8159.1.p1	1509	17	0.0113	0	0	0	other
S1_only_classu|MSTRG.8167.1.p1	230	0	0.0	0	0	0	other
S1_only_classu|MSTRG.8187.1.p1	559	0	0.0	0	0	0	other
S1_only_classu|MSTRG.8187.1.p2	455	4	0.0088	0	0	0	other
S1_only_classu|MSTRG.8205.1.p1	412	8	0.0194	0	0	0	other
S1_only_classu|MSTRG.8212.1.p1	2104	1	0.0005	0	0	0	other
S1_only_classu|MSTRG.8219.1.p1	1176	13	0.0111	0	0	0	other
S1_only_classu|MSTRG.8219.1.p17	103	0	0.0	0	0	0	other
S1_only_classu|MSTRG.8219.1.p2	787	17	0.0216	0	0	0	other
S1_only_classu|MSTRG.8219.1.p3	577	2	0.0035	1	0	0	secreted (pred.)
S1_only_classu|MSTRG.8252.1.p3	121	3	0.0248	0	0	0	other
S1_only_classu|MSTRG.8252.1.p4	116	2	0.0172	0	0	0	other
S1_only_classu|MSTRG.8266.1.p1	188	2	0.0106	0	0	0	other
S1_only_classu|MSTRG.8266.1.p2	140	1	0.0071	1	0	0	secreted (pred.)
S1_only_classu|MSTRG.8290.1.p1	544	2	0.0037	0	0	0	other
S1_only_classu|MSTRG.8297.1.p1	523	5	0.0096	0	0	0	other
S1_only_classu|MSTRG.8302.1.p1	827	18	0.0218	0	0	0	other
S1_only_classu|MSTRG.8308.1.p2	103	2	0.0194	0	0	0	other
S1_only_classu|MSTRG.8337.1.p2	109	2	0.0183	0	0	0	other
S1_only_classu|MSTRG.8345.1.p1	189	0	0.0	0	0	0	other
S1_only_classu|MSTRG.8355.1.p1	481	13	0.027	0	0	0	other
S1_only_classu|MSTRG.8357.1.p1	713	13	0.0182	0	0	0	other
S1_only_classu|MSTRG.8357.1.p3	357	0	0.0	0	0	0	other
S1_only_classu|MSTRG.8357.1.p5	251	0	0.0	0	0	0	other
S1_only_classu|MSTRG.8369.1.p1	1066	10	0.0094	1	0	0	secreted (pred.)
S1_only_classu|MSTRG.8369.1.p2	458	4	0.0087	1	0	0	secreted (pred.)
S1_only_classu|MSTRG.8397.1.p1	325	3	0.0092	0	0	0	other
S1_only_classu|MSTRG.8397.1.p2	161	5	0.0311	0	0	0	other
S1_only_classu|MSTRG.8411.1.p1	470	4	0.0085	0	0	0	other
S1_only_classu|MSTRG.8411.1.p2	318	3	0.0094	0	0	0	other
S1_only_classu|MSTRG.8411.1.p9	119	3	0.0252	1	1	0	secreted (pred.)
S1_only_classu|MSTRG.8476.1.p1	304	0	0.0	0	0	0	other
S1_only_classu|MSTRG.8480.1.p1	679	3	0.0044	0	0	0	other
S1_only_classu|MSTRG.8480.1.p4	169	6	0.0355	1	1	0	secreted (pred.)
S1_only_classu|MSTRG.8484.1.p1	825	10	0.0121	0	0	0	other
S1_only_classu|MSTRG.8485.1.p1	474	7	0.0148	1	0	0	secreted (pred.)
S1_only_classu|MSTRG.8485.1.p3	127	0	0.0	0	0	0	other
S1_only_classu|MSTRG.8488.1.p1	2113	43	0.0204	0	0	0	other
S1_only_classu|MSTRG.8495.1.p1	545	3	0.0055	0	0	0	other
S1_only_classu|MSTRG.8502.1.p1	430	11	0.0256	1	0	0	secreted (pred.)
S1_only_classu|MSTRG.8513.1.p2	179	1	0.0056	0	0	0	other
S1_only_classu|MSTRG.8513.1.p4	119	5	0.042	0	0	0	other
S1_only_classu|MSTRG.8520.1.p1	316	1	0.0032	0	0	0	other
S1_only_classu|MSTRG.8524.1.p1	767	8	0.0104	0	0	0	other
S1_only_classu|MSTRG.8524.1.p2	306	3	0.0098	0	0	0	other
S1_only_classu|MSTRG.853.1.p1	1226	4	0.0033	0	0	0	other
S1_only_classu|MSTRG.853.1.p4	186	5	0.0269	0	0	0	other
S1_only_classu|MSTRG.853.1.p9	118	2	0.0169	0	0	0	other
S1_only_classu|MSTRG.8531.1.p1	322	6	0.0186	0	0	0	other
S1_only_classu|MSTRG.8531.1.p4	204	2	0.0098	0	0	0	other
S1_only_classu|MSTRG.8535.1.p1	538	7	0.013	0	0	0	other
S1_only_classu|MSTRG.8540.1.p1	279	4	0.0143	0	0	0	other
S1_only_classu|MSTRG.855.1.p1	572	10	0.0175	0	0	0	other
S1_only_classu|MSTRG.8556.1.p1	1013	12	0.0118	0	0	0	other
S1_only_classu|MSTRG.8563.1.p1	442	2	0.0045	0	0	0	other
S1_only_classu|MSTRG.8569.1.p1	1080	21	0.0194	0	0	0	other
S1_only_classu|MSTRG.8570.1.p1	365	1	0.0027	0	0	0	other
S1_only_classu|MSTRG.8570.1.p2	170	1	0.0059	0	0	0	other
S1_only_classu|MSTRG.8570.1.p6	119	0	0.0	0	0	0	other
S1_only_classu|MSTRG.8570.1.p9	107	2	0.0187	0	0	0	other
S1_only_classu|MSTRG.8571.1.p2	267	0	0.0	0	0	0	other
S1_only_classu|MSTRG.8572.1.p1	175	5	0.0286	0	0	0	other
S1_only_classu|MSTRG.8572.1.p2	154	5	0.0325	0	0	0	other
S1_only_classu|MSTRG.8576.1.p2	242	2	0.0083	1	0	0	secreted (pred.)
S1_only_classu|MSTRG.8576.1.p3	166	2	0.012	0	0	0	other
S1_only_classu|MSTRG.8577.1.p2	132	3	0.0227	0	0	0	other
S1_only_classu|MSTRG.8581.1.p1	452	7	0.0155	0	0	0	other
S1_only_classu|MSTRG.8586.1.p1	335	2	0.006	0	0	0	other
S1_only_classu|MSTRG.8586.1.p5	106	1	0.0094	0	0	0	other
S1_only_classu|MSTRG.8598.1.p1	308	7	0.0227	1	0	0	secreted (pred.)
S1_only_classu|MSTRG.86.1.p1	275	13	0.0473	0	0	0	other
S1_only_classu|MSTRG.8600.1.p1	496	1	0.002	0	0	0	other
S1_only_classu|MSTRG.8600.1.p2	434	4	0.0092	0	0	0	other
S1_only_classu|MSTRG.8628.1.p2	223	1	0.0045	0	0	0	other
S1_only_classu|MSTRG.8629.1.p1	162	4	0.0247	1	1	0	secreted (pred.)
S1_only_classu|MSTRG.8642.1.p4	101	0	0.0	0	0	0	other
S1_only_classu|MSTRG.8643.1.p1	344	9	0.0262	0	0	0	other
S1_only_classu|MSTRG.8643.1.p3	136	1	0.0074	0	0	0	other
S1_only_classu|MSTRG.8646.1.p1	301	2	0.0066	0	0	0	other
S1_only_classu|MSTRG.8646.1.p2	298	5	0.0168	0	0	0	other
S1_only_classu|MSTRG.8659.1.p1	996	48	0.0482	0	0	0	other
S1_only_classu|MSTRG.8699.1.p1	977	6	0.0061	0	0	0	other
S1_only_classu|MSTRG.8699.1.p2	320	1	0.0031	1	0	0	secreted (pred.)
S1_only_classu|MSTRG.8708.1.p1	286	0	0.0	0	0	0	other
S1_only_classu|MSTRG.872.1.p1	342	1	0.0029	0	0	0	other
S1_only_classu|MSTRG.872.1.p5	134	4	0.0299	0	0	0	other
S1_only_classu|MSTRG.8741.1.p1	758	12	0.0158	0	0	0	other
S1_only_classu|MSTRG.8752.1.p1	836	4	0.0048	0	0	0	other
S1_only_classu|MSTRG.8752.1.p4	121	0	0.0	0	0	0	other
S1_only_classu|MSTRG.8779.1.p1	143	0	0.0	0	0	0	other
S1_only_classu|MSTRG.8779.1.p2	115	2	0.0174	0	0	0	other
S1_only_classu|MSTRG.8781.1.p1	285	3	0.0105	0	0	0	other
S1_only_classu|MSTRG.881.1.p1	321	2	0.0062	0	0	0	other
S1_only_classu|MSTRG.8822.1.p1	655	6	0.0092	0	0	0	other
S1_only_classu|MSTRG.883.1.p1	213	6	0.0282	1	1	0	secreted (pred.)
S1_only_classu|MSTRG.8830.1.p1	303	0	0.0	0	0	0	other
S1_only_classu|MSTRG.8851.1.p1	620	5	0.0081	0	0	0	other
S1_only_classu|MSTRG.8871.1.p1	524	14	0.0267	0	0	0	other
S1_only_classu|MSTRG.8873.1.p1	151	3	0.0199	0	0	0	other
S1_only_classu|MSTRG.8881.1.p1	302	4	0.0132	0	0	0	other
S1_only_classu|MSTRG.8886.1.p1	453	6	0.0132	0	0	0	other
S1_only_classu|MSTRG.8886.1.p3	171	6	0.0351	0	0	0	other
S1_only_classu|MSTRG.8886.1.p8	137	3	0.0219	0	0	0	other
S1_only_classu|MSTRG.8919.1.p1	922	5	0.0054	0	0	0	other
S1_only_classu|MSTRG.8921.1.p1	784	5	0.0064	0	0	0	other
S1_only_classu|MSTRG.8928.1.p1	763	13	0.017	0	0	0	other
S1_only_classu|MSTRG.8928.1.p2	205	8	0.039	1	1	0	secreted (pred.)
S1_only_classu|MSTRG.8953.1.p1	748	9	0.012	0	0	0	other
S1_only_classu|MSTRG.8955.1.p1	361	2	0.0055	0	0	0	other
S1_only_classu|MSTRG.8985.1.p1	354	10	0.0282	0	0	0	other
S1_only_classu|MSTRG.8985.1.p2	175	2	0.0114	1	0	0	secreted (pred.)
S1_only_classu|MSTRG.8989.1.p1	304	0	0.0	1	0	0	secreted (pred.)
S1_only_classu|MSTRG.900.1.p2	227	6	0.0264	0	0	0	other
S1_only_classu|MSTRG.900.1.p4	112	0	0.0	0	0	0	other
S1_only_classu|MSTRG.9015.1.p1	806	10	0.0124	1	0	0	secreted (pred.)
S1_only_classu|MSTRG.9022.1.p1	109	7	0.0642	0	0	0	other
S1_only_classu|MSTRG.9052.1.p1	472	8	0.0169	0	0	0	other
S1_only_classu|MSTRG.9052.1.p3	138	3	0.0217	1	1	0	secreted (pred.)
S1_only_classu|MSTRG.9053.1.p1	421	0	0.0	1	0	0	secreted (pred.)
S1_only_classu|MSTRG.9054.1.p1	295	1	0.0034	0	0	0	other
S1_only_classu|MSTRG.9062.1.p1	556	2	0.0036	0	0	0	other
S1_only_classu|MSTRG.9075.1.p1	277	2	0.0072	0	0	0	other
S1_only_classu|MSTRG.9102.1.p1	1193	13	0.0109	0	0	0	other
S1_only_classu|MSTRG.9113.2.p1	159	3	0.0189	0	0	0	other
S1_only_classu|MSTRG.9113.2.p3	139	3	0.0216	0	0	0	other
S1_only_classu|MSTRG.9120.1.p2	108	0	0.0	0	0	0	other
S1_only_classu|MSTRG.9147.1.p1	450	7	0.0156	0	0	0	other
S1_only_classu|MSTRG.9151.1.p1	337	5	0.0148	0	0	0	other
S1_only_classu|MSTRG.9161.1.p2	686	6	0.0087	0	0	0	other
S1_only_classu|MSTRG.9161.1.p4	199	0	0.0	0	0	0	other
S1_only_classu|MSTRG.9164.1.p1	335	8	0.0239	0	0	0	other
S1_only_classu|MSTRG.9167.1.p1	234	8	0.0342	1	1	0	secreted (pred.)
S1_only_classu|MSTRG.918.1.p1	299	1	0.0033	0	0	0	other
S1_only_classu|MSTRG.9189.1.p1	508	4	0.0079	0	0	0	other
S1_only_classu|MSTRG.9195.1.p1	405	2	0.0049	0	0	0	other
S1_only_classu|MSTRG.9201.1.p1	427	2	0.0047	0	0	0	other
S1_only_classu|MSTRG.921.2.p1	139	6	0.0432	0	0	0	other
S1_only_classu|MSTRG.9210.1.p1	511	1	0.002	0	0	0	other
S1_only_classu|MSTRG.9211.1.p1	518	4	0.0077	0	0	0	other
S1_only_classu|MSTRG.9211.1.p3	178	1	0.0056	0	0	0	other
S1_only_classu|MSTRG.9217.1.p1	369	6	0.0163	0	0	0	other
S1_only_classu|MSTRG.9217.1.p9	103	0	0.0	1	0	0	secreted (pred.)
S1_only_classu|MSTRG.9219.1.p1	416	5	0.012	0	0	0	other
S1_only_classu|MSTRG.9219.1.p2	413	1	0.0024	0	0	0	other
S1_only_classu|MSTRG.9243.1.p1	275	1	0.0036	0	0	0	other
S1_only_classu|MSTRG.925.1.p1	450	14	0.0311	1	0	0	secreted (pred.)
S1_only_classu|MSTRG.9255.1.p1	357	2	0.0056	0	0	0	other
S1_only_classu|MSTRG.9256.1.p1	467	6	0.0128	0	0	0	other
S1_only_classu|MSTRG.9260.2.p1	350	4	0.0114	0	0	0	other
S1_only_classu|MSTRG.9280.1.p2	374	1	0.0027	0	0	0	other
S1_only_classu|MSTRG.930.1.p2	130	3	0.0231	0	0	0	other
S1_only_classu|MSTRG.9316.1.p1	718	12	0.0167	1	0	0	secreted (pred.)
S1_only_classu|MSTRG.9327.1.p1	183	2	0.0109	0	0	0	other
S1_only_classu|MSTRG.9329.2.p1	195	4	0.0205	0	0	0	other
S1_only_classu|MSTRG.9334.1.p1	991	6	0.0061	1	0	0	secreted (pred.)
S1_only_classu|MSTRG.9356.1.p1	1053	12	0.0114	0	0	0	other
S1_only_classu|MSTRG.936.1.p1	127	2	0.0157	0	0	0	other
S1_only_classu|MSTRG.9366.1.p1	345	1	0.0029	0	0	0	other
S1_only_classu|MSTRG.9383.1.p2	259	3	0.0116	0	0	0	other
S1_only_classu|MSTRG.9387.1.p1	499	3	0.006	0	0	0	other
S1_only_classu|MSTRG.9390.1.p1	268	0	0.0	0	0	0	other
S1_only_classu|MSTRG.9393.1.p1	732	8	0.0109	0	0	0	other
S1_only_classu|MSTRG.9396.1.p1	541	7	0.0129	0	0	0	other
S1_only_classu|MSTRG.9402.1.p1	261	2	0.0077	0	0	0	other
S1_only_classu|MSTRG.9405.1.p1	320	0	0.0	0	0	0	other
S1_only_classu|MSTRG.9407.1.p1	850	2	0.0024	0	0	0	other
S1_only_classu|MSTRG.9415.1.p2	112	1	0.0089	0	0	0	other
S1_only_classu|MSTRG.9415.1.p3	107	0	0.0	0	0	0	other
S1_only_classu|MSTRG.9421.1.p4	102	3	0.0294	0	0	0	other
S1_only_classu|MSTRG.9440.1.p1	746	4	0.0054	0	0	0	other
S1_only_classu|MSTRG.9447.1.p1	119	8	0.0672	0	0	0	other
S1_only_classu|MSTRG.9465.1.p1	319	8	0.0251	0	0	0	other
S1_only_classu|MSTRG.9486.1.p1	174	5	0.0287	0	0	0	other
S1_only_classu|MSTRG.949.1.p1	111	3	0.027	0	0	0	other
S1_only_classu|MSTRG.9490.1.p1	573	5	0.0087	1	0	0	secreted (pred.)
S1_only_classu|MSTRG.9513.1.p1	375	5	0.0133	0	0	0	other
S1_only_classu|MSTRG.9518.1.p1	217	10	0.0461	0	0	0	other
S1_only_classu|MSTRG.9529.1.p1	181	2	0.011	0	0	0	other
S1_only_classu|MSTRG.9534.1.p1	1054	9	0.0085	0	0	0	other
S1_only_classu|MSTRG.954.1.p1	511	18	0.0352	0	0	0	other
S1_only_classu|MSTRG.954.1.p16	100	2	0.02	1	1	0	secreted (pred.)
S1_only_classu|MSTRG.9544.1.p1	486	3	0.0062	0	0	0	other
S1_only_classu|MSTRG.9545.1.p3	103	1	0.0097	0	0	0	other
S1_only_classu|MSTRG.9546.1.p3	123	3	0.0244	0	0	0	other
S1_only_classu|MSTRG.9549.1.p1	457	4	0.0088	0	0	0	other
S1_only_classu|MSTRG.9558.1.p1	439	13	0.0296	0	0	0	other
S1_only_classu|MSTRG.9561.1.p1	291	1	0.0034	0	0	0	other
S1_only_classu|MSTRG.9567.1.p1	1030	13	0.0126	0	0	0	other
S1_only_classu|MSTRG.9567.1.p6	106	2	0.0189	0	0	0	other
S1_only_classu|MSTRG.9568.1.p1	589	7	0.0119	0	0	0	other
S1_only_classu|MSTRG.9568.2.p1	589	7	0.0119	0	0	0	other
S1_only_classu|MSTRG.9578.1.p1	1357	8	0.0059	0	0	0	other
S1_only_classu|MSTRG.9596.2.p2	166	3	0.0181	0	0	0	other
S1_only_classu|MSTRG.9596.2.p3	105	5	0.0476	0	0	0	other
S1_only_classu|MSTRG.9601.1.p1	151	1	0.0066	0	0	0	other
S1_only_classu|MSTRG.9609.1.p2	110	1	0.0091	0	0	0	other
S1_only_classu|MSTRG.9612.1.p2	146	1	0.0068	0	0	0	other
S1_only_classu|MSTRG.9612.1.p3	128	4	0.0312	0	0	0	other
S1_only_classu|MSTRG.9633.1.p1	800	10	0.0125	0	0	0	other
S1_only_classu|MSTRG.9633.1.p3	406	6	0.0148	0	0	0	other
S1_only_classu|MSTRG.9645.1.p1	520	3	0.0058	0	0	0	other
S1_only_classu|MSTRG.9651.1.p1	465	9	0.0194	0	0	0	other
S1_only_classu|MSTRG.9651.1.p3	237	2	0.0084	0	0	0	other
S1_only_classu|MSTRG.9655.1.p1	180	2	0.0111	0	0	0	other
S1_only_classu|MSTRG.9655.1.p2	144	2	0.0139	0	0	0	other
S1_only_classu|MSTRG.9655.1.p4	109	4	0.0367	0	0	0	other
S1_only_classu|MSTRG.9657.1.p1	551	3	0.0054	0	0	0	other
S1_only_classu|MSTRG.9664.1.p2	101	6	0.0594	1	1	0	secreted (pred.)
S1_only_classu|MSTRG.9665.1.p1	569	5	0.0088	0	0	0	other
S1_only_classu|MSTRG.9669.1.p1	384	2	0.0052	0	0	0	other
S1_only_classu|MSTRG.9675.1.p1	278	1	0.0036	0	0	0	other
S1_only_classu|MSTRG.9682.1.p1	123	1	0.0081	0	0	0	other
S1_only_classu|MSTRG.9686.1.p1	620	8	0.0129	0	0	0	other
S1_only_classu|MSTRG.9686.1.p3	168	1	0.006	0	0	0	other
S1_only_classu|MSTRG.9710.1.p1	661	9	0.0136	0	0	0	other
S1_only_classu|MSTRG.972.1.p1	1574	18	0.0114	0	0	0	other
S1_only_classu|MSTRG.973.1.p1	677	7	0.0103	0	0	0	other
S1_only_classu|MSTRG.9734.1.p1	324	12	0.037	1	0	0	secreted (pred.)
S1_only_classu|MSTRG.9734.1.p2	296	6	0.0203	0	0	0	other
S1_only_classu|MSTRG.9735.1.p1	584	9	0.0154	0	0	0	other
S1_only_classu|MSTRG.975.1.p1	488	3	0.0061	0	0	0	other
S1_only_classu|MSTRG.9751.1.p1	187	3	0.016	0	0	0	other
S1_only_classu|MSTRG.9755.1.p1	791	6	0.0076	1	0	0	secreted (pred.)
S1_only_classu|MSTRG.9758.1.p2	337	3	0.0089	0	0	0	other
S1_only_classu|MSTRG.9764.1.p1	429	15	0.035	0	0	0	other
S1_only_classu|MSTRG.9764.1.p2	212	4	0.0189	0	0	0	other
S1_only_classu|MSTRG.9768.1.p1	126	1	0.0079	0	0	0	other
S1_only_classu|MSTRG.9769.1.p2	164	1	0.0061	0	0	0	other
S1_only_classu|MSTRG.977.1.p1	1316	13	0.0099	0	0	0	other
S1_only_classu|MSTRG.9776.1.p1	364	0	0.0	0	0	0	other
S1_only_classu|MSTRG.9791.1.p1	270	5	0.0185	1	1	0	secreted (pred.)
S1_only_classu|MSTRG.9795.1.p1	413	7	0.0169	1	0	0	secreted (pred.)
S1_only_classu|MSTRG.9800.1.p1	753	5	0.0066	0	0	0	other
S1_only_classu|MSTRG.9815.1.p1	1527	14	0.0092	0	0	0	other
S1_only_classu|MSTRG.9832.1.p1	227	5	0.022	0	0	0	other
S1_only_classu|MSTRG.9848.1.p1	429	14	0.0326	0	0	0	other
S1_only_classu|MSTRG.9848.1.p2	212	4	0.0189	0	0	0	other
S1_only_classu|MSTRG.9877.1.p1	356	6	0.0169	1	0	0	secreted (pred.)
S1_only_classu|MSTRG.9877.1.p2	326	5	0.0153	0	0	0	other
S1_only_classu|MSTRG.9884.1.p1	1846	36	0.0195	0	0	0	other
S1_only_classu|MSTRG.9889.1.p1	281	2	0.0071	0	0	0	other
S1_only_classu|MSTRG.9889.1.p3	167	3	0.018	1	0	0	secreted (pred.)
S1_only_classu|MSTRG.9889.1.p4	135	0	0.0	0	0	0	other
S1_only_classu|MSTRG.9890.1.p1	148	0	0.0	1	0	0	secreted (pred.)
S1_only_classu|MSTRG.9890.1.p2	121	2	0.0165	0	0	0	other
S1_only_classu|MSTRG.9919.2.p1	544	2	0.0037	0	0	0	other
S1_only_classu|MSTRG.9919.2.p2	494	4	0.0081	0	0	0	other
S1_only_classu|MSTRG.9930.1.p1	221	0	0.0	0	0	0	other
S1_only_classu|MSTRG.9936.1.p2	102	1	0.0098	0	0	0	other
S1_only_classu|MSTRG.9946.1.p1	162	8	0.0494	1	1	0	secreted (pred.)
S1_only_classu|MSTRG.9989.1.p1	300	2	0.0067	0	0	0	other
S2_only_classu|MSTRG.1077.1.p1	652	9	0.0138	0	0	0	other
S2_only_classu|MSTRG.1077.1.p7	105	5	0.0476	1	1	0	secreted (pred.)
S2_only_classu|MSTRG.1078.1.p1	652	9	0.0138	0	0	0	other
S2_only_classu|MSTRG.1082.1.p1	255	7	0.0275	1	1	0	secreted (pred.)
S2_only_classu|MSTRG.1082.1.p2	221	0	0.0	0	0	0	other
S2_only_classu|MSTRG.1082.1.p4	127	2	0.0157	0	0	0	other
S2_only_classu|MSTRG.1133.1.p1	387	0	0.0	0	0	0	other
S2_only_classu|MSTRG.1261.1.p1	381	2	0.0052	1	0	0	secreted (pred.)
S2_only_classu|MSTRG.1261.1.p2	159	7	0.044	1	1	0	secreted (pred.)
S2_only_classu|MSTRG.1272.1.p1	206	6	0.0291	0	0	0	other
S2_only_classu|MSTRG.1274.1.p1	367	7	0.0191	0	0	0	other
S2_only_classu|MSTRG.1274.1.p4	132	6	0.0455	1	1	0	secreted (pred.)
S2_only_classu|MSTRG.1278.1.p1	151	8	0.053	0	0	0	other
S2_only_classu|MSTRG.1278.1.p2	116	1	0.0086	0	0	0	other
S2_only_classu|MSTRG.1280.1.p2	117	3	0.0256	0	0	0	other
S2_only_classu|MSTRG.1280.1.p3	109	0	0.0	0	0	0	other
S2_only_classu|MSTRG.1281.1.p2	157	6	0.0382	0	0	0	other
S2_only_classu|MSTRG.1281.1.p3	153	5	0.0327	0	0	0	other
S2_only_classu|MSTRG.136.1.p2	107	0	0.0	1	0	0	secreted (pred.)
S2_only_classu|MSTRG.1422.1.p1	224	1	0.0045	0	0	0	other
S2_only_classu|MSTRG.1422.1.p2	213	3	0.0141	0	0	0	other
S2_only_classu|MSTRG.1422.1.p5	118	3	0.0254	0	0	0	other
S2_only_classu|MSTRG.1433.1.p1	1032	9	0.0087	0	0	0	other
S2_only_classu|MSTRG.1440.2.p1	168	2	0.0119	0	0	0	other
S2_only_classu|MSTRG.1440.3.p1	168	2	0.0119	0	0	0	other
S2_only_classu|MSTRG.1440.4.p1	168	2	0.0119	0	0	0	other
S2_only_classu|MSTRG.1440.4.p2	117	2	0.0171	0	0	0	other
S2_only_classu|MSTRG.1440.5.p1	168	2	0.0119	0	0	0	other
S2_only_classu|MSTRG.1440.6.p1	117	2	0.0171	0	0	0	other
S2_only_classu|MSTRG.1501.1.p1	203	2	0.0099	0	0	0	other
S2_only_classu|MSTRG.1560.1.p2	330	6	0.0182	0	0	0	other
S2_only_classu|MSTRG.1560.1.p3	323	7	0.0217	1	0	0	secreted (pred.)
S2_only_classu|MSTRG.1560.1.p7	140	1	0.0071	0	0	0	other
S2_only_classu|MSTRG.1560.1.p8	126	4	0.0317	0	0	0	other
S2_only_classu|MSTRG.1564.1.p1	462	5	0.0108	0	0	0	other
S2_only_classu|MSTRG.1564.1.p11	120	3	0.025	0	0	0	other
S2_only_classu|MSTRG.1564.1.p12	118	3	0.0254	0	0	0	other
S2_only_classu|MSTRG.1564.1.p13	118	4	0.0339	1	1	0	secreted (pred.)
S2_only_classu|MSTRG.1564.1.p14	117	4	0.0342	0	0	0	other
S2_only_classu|MSTRG.1564.1.p2	162	6	0.037	1	1	0	secreted (pred.)
S2_only_classu|MSTRG.1564.1.p4	143	9	0.0629	1	1	0	secreted (pred.)
S2_only_classu|MSTRG.1564.1.p5	142	3	0.0211	0	0	0	other
S2_only_classu|MSTRG.1564.1.p6	132	3	0.0227	1	1	0	secreted (pred.)
S2_only_classu|MSTRG.1564.1.p9	123	9	0.0732	1	1	0	secreted (pred.)
S2_only_classu|MSTRG.1580.1.p1	335	4	0.0119	0	0	0	other
S2_only_classu|MSTRG.1580.1.p2	236	4	0.0169	0	0	0	other
S2_only_classu|MSTRG.1582.1.p1	125	2	0.016	0	0	0	other
S2_only_classu|MSTRG.1609.1.p1	589	4	0.0068	0	0	0	other
S2_only_classu|MSTRG.1658.1.p1	1252	15	0.012	1	0	0	secreted (pred.)
S2_only_classu|MSTRG.1703.1.p1	196	0	0.0	0	0	0	other
S2_only_classu|MSTRG.1703.1.p2	194	3	0.0155	0	0	0	other
S2_only_classu|MSTRG.1706.1.p1	882	4	0.0045	1	0	0	secreted (pred.)
S2_only_classu|MSTRG.1711.1.p1	122	7	0.0574	0	0	0	other
S2_only_classu|MSTRG.1711.1.p3	103	0	0.0	1	0	0	secreted (pred.)
S2_only_classu|MSTRG.1727.1.p1	99	3	0.0303	0	0	0	other
S2_only_classu|MSTRG.1767.1.p1	195	0	0.0	1	0	0	secreted (pred.)
S2_only_classu|MSTRG.1768.1.p2	177	0	0.0	0	0	0	other
S2_only_classu|MSTRG.1768.1.p3	106	3	0.0283	0	0	0	other
S2_only_classu|MSTRG.1769.1.p1	1217	12	0.0099	0	0	0	other
S2_only_classu|MSTRG.1769.1.p2	683	7	0.0102	0	0	0	other
S2_only_classu|MSTRG.1769.1.p3	585	2	0.0034	0	0	0	other
S2_only_classu|MSTRG.1769.1.p4	412	3	0.0073	0	0	0	other
S2_only_classu|MSTRG.1811.1.p1	195	6	0.0308	1	1	0	secreted (pred.)
S2_only_classu|MSTRG.1835.1.p1	388	0	0.0	1	0	0	secreted (pred.)
S2_only_classu|MSTRG.1844.1.p1	375	7	0.0187	0	0	0	other
S2_only_classu|MSTRG.1853.1.p1	348	7	0.0201	0	0	0	other
S2_only_classu|MSTRG.1853.1.p3	177	2	0.0113	0	0	0	other
S2_only_classu|MSTRG.1858.1.p1	656	12	0.0183	0	0	0	other
S2_only_classu|MSTRG.1859.1.p1	394	2	0.0051	0	0	0	other
S2_only_classu|MSTRG.1860.1.p1	336	10	0.0298	0	0	0	other
S2_only_classu|MSTRG.1870.1.p1	175	3	0.0171	0	0	0	other
S2_only_classu|MSTRG.1872.1.p1	146	0	0.0	0	0	0	other
S2_only_classu|MSTRG.1872.1.p2	123	0	0.0	0	0	0	other
S2_only_classu|MSTRG.1872.2.p1	483	4	0.0083	1	0	0	secreted (pred.)
S2_only_classu|MSTRG.1906.1.p1	377	3	0.008	0	0	0	other
S2_only_classu|MSTRG.1923.1.p2	178	1	0.0056	0	0	0	other
S2_only_classu|MSTRG.1924.1.p1	750	1	0.0013	0	0	0	other
S2_only_classu|MSTRG.1943.1.p1	458	7	0.0153	0	0	0	other
S2_only_classu|MSTRG.1943.1.p3	109	0	0.0	1	0	0	secreted (pred.)
S2_only_classu|MSTRG.1955.1.p1	377	2	0.0053	0	0	0	other
S2_only_classu|MSTRG.1955.1.p3	254	1	0.0039	0	0	0	other
S2_only_classu|MSTRG.1955.1.p5	210	8	0.0381	0	0	0	other
S2_only_classu|MSTRG.1955.1.p9	130	5	0.0385	0	0	0	other
S2_only_classu|MSTRG.1955.2.p1	377	2	0.0053	0	0	0	other
S2_only_classu|MSTRG.1955.2.p10	114	3	0.0263	0	0	0	other
S2_only_classu|MSTRG.1955.2.p3	254	1	0.0039	0	0	0	other
S2_only_classu|MSTRG.1955.2.p9	121	3	0.0248	0	0	0	other
S2_only_classu|MSTRG.2020.1.p1	143	5	0.035	0	0	0	other
S2_only_classu|MSTRG.2073.1.p1	158	7	0.0443	0	0	0	other
S2_only_classu|MSTRG.2073.1.p2	134	8	0.0597	0	0	0	other
S2_only_classu|MSTRG.2073.1.p3	116	4	0.0345	0	0	0	other
S2_only_classu|MSTRG.2078.1.p1	115	4	0.0348	0	0	0	other
S2_only_classu|MSTRG.2079.1.p1	197	1	0.0051	1	0	0	secreted (pred.)
S2_only_classu|MSTRG.2170.1.p1	650	13	0.02	0	0	0	other
S2_only_classu|MSTRG.2170.1.p2	434	2	0.0046	0	0	0	other
S2_only_classu|MSTRG.2170.1.p7	116	4	0.0345	0	0	0	other
S2_only_classu|MSTRG.2219.1.p1	451	13	0.0288	1	0	0	secreted (pred.)
S2_only_classu|MSTRG.2245.1.p1	170	1	0.0059	0	0	0	other
S2_only_classu|MSTRG.2245.1.p2	158	2	0.0127	1	0	0	secreted (pred.)
S2_only_classu|MSTRG.2245.1.p3	140	1	0.0071	1	0	0	secreted (pred.)
S2_only_classu|MSTRG.2245.1.p4	135	1	0.0074	0	0	0	other
S2_only_classu|MSTRG.2245.1.p5	116	0	0.0	0	0	0	other
S2_only_classu|MSTRG.2258.1.p1	716	12	0.0168	0	0	0	other
S2_only_classu|MSTRG.2258.1.p3	126	3	0.0238	0	0	0	other
S2_only_classu|MSTRG.2284.1.p1	329	4	0.0122	1	0	0	secreted (pred.)
S2_only_classu|MSTRG.2288.1.p2	154	0	0.0	1	0	0	secreted (pred.)
S2_only_classu|MSTRG.2311.1.p1	1248	15	0.012	0	0	0	other
S2_only_classu|MSTRG.2322.1.p1	255	5	0.0196	0	0	0	other
S2_only_classu|MSTRG.2365.1.p1	145	12	0.0828	1	1	0	secreted (pred.)
S2_only_classu|MSTRG.2385.1.p1	554	14	0.0253	0	0	0	other
S2_only_classu|MSTRG.2406.1.p1	168	2	0.0119	0	0	0	other
S2_only_classu|MSTRG.2406.1.p2	117	2	0.0171	0	0	0	other
S2_only_classu|MSTRG.2443.1.p1	577	4	0.0069	1	0	0	secreted (pred.)
S2_only_classu|MSTRG.2443.1.p2	166	7	0.0422	0	0	0	other
S2_only_classu|MSTRG.2501.1.p1	999	7	0.007	0	0	0	other
S2_only_classu|MSTRG.2501.1.p2	814	3	0.0037	0	0	0	other
S2_only_classu|MSTRG.2501.1.p8	111	5	0.045	1	1	0	secreted (pred.)
S2_only_classu|MSTRG.2546.1.p1	190	8	0.0421	1	1	0	secreted (pred.)
S2_only_classu|MSTRG.2566.1.p1	110	8	0.0727	1	1	0	secreted (pred.)
S2_only_classu|MSTRG.2717.1.p1	747	7	0.0094	1	0	0	secreted (pred.)
S2_only_classu|MSTRG.2717.1.p2	156	3	0.0192	0	0	0	other
S2_only_classu|MSTRG.2783.1.p1	175	0	0.0	1	0	0	secreted (pred.)
S2_only_classu|MSTRG.2787.1.p1	278	7	0.0252	0	0	0	other
S2_only_classu|MSTRG.2790.1.p1	605	6	0.0099	0	0	0	other
S2_only_classu|MSTRG.2807.1.p1	628	21	0.0334	0	0	0	other
S2_only_classu|MSTRG.2844.1.p1	246	1	0.0041	0	0	0	other
S2_only_classu|MSTRG.3030.1.p1	235	6	0.0255	0	0	0	other
S2_only_classu|MSTRG.3030.1.p2	204	3	0.0147	0	0	0	other
S2_only_classu|MSTRG.3030.2.p1	235	6	0.0255	0	0	0	other
S2_only_classu|MSTRG.3030.2.p2	104	2	0.0192	0	0	0	other
S2_only_classu|MSTRG.3032.1.p1	138	1	0.0072	0	0	0	other
S2_only_classu|MSTRG.309.1.p1	242	2	0.0083	1	0	0	secreted (pred.)
S2_only_classu|MSTRG.3118.2.p1	565	9	0.0159	0	0	0	other
S2_only_classu|MSTRG.3118.2.p4	190	8	0.0421	0	0	0	other
S2_only_classu|MSTRG.3411.1.p1	365	3	0.0082	0	0	0	other
S2_only_classu|MSTRG.3480.1.p1	153	4	0.0261	1	1	0	secreted (pred.)
S2_only_classu|MSTRG.349.1.p2	124	3	0.0242	0	0	0	other
S2_only_classu|MSTRG.349.1.p3	107	2	0.0187	0	0	0	other
S2_only_classu|MSTRG.35.1.p1	494	24	0.0486	1	0	0	secreted (pred.)
S2_only_classu|MSTRG.3560.1.p2	160	2	0.0125	0	0	0	other
S2_only_classu|MSTRG.3655.1.p1	473	15	0.0317	0	0	0	other
S2_only_classu|MSTRG.3791.1.p1	145	6	0.0414	0	0	0	other
S2_only_classu|MSTRG.3809.1.p1	135	11	0.0815	0	0	0	other
S2_only_classu|MSTRG.3815.1.p1	147	4	0.0272	0	0	0	other
S2_only_classu|MSTRG.383.1.p1	157	2	0.0127	0	0	0	other
S2_only_classu|MSTRG.3850.1.p1	350	4	0.0114	0	0	0	other
S2_only_classu|MSTRG.3850.1.p2	344	7	0.0203	1	0	0	secreted (pred.)
S2_only_classu|MSTRG.3918.1.p1	340	3	0.0088	0	0	0	other
S2_only_classu|MSTRG.4014.1.p1	461	5	0.0108	1	0	0	secreted (pred.)
S2_only_classu|MSTRG.405.1.p1	457	3	0.0066	0	0	0	other
S2_only_classu|MSTRG.4096.1.p1	396	1	0.0025	0	0	0	other
S2_only_classu|MSTRG.4096.1.p2	128	2	0.0156	1	0	0	secreted (pred.)
S2_only_classu|MSTRG.4122.1.p1	132	3	0.0227	1	1	0	secreted (pred.)
S2_only_classu|MSTRG.4122.1.p2	113	1	0.0088	1	0	0	secreted (pred.)
S2_only_classu|MSTRG.4125.1.p1	104	3	0.0288	1	1	0	secreted (pred.)
S2_only_classu|MSTRG.4125.2.p1	104	3	0.0288	1	1	0	secreted (pred.)
S2_only_classu|MSTRG.4149.1.p1	117	6	0.0513	1	1	0	secreted (pred.)
S2_only_classu|MSTRG.415.1.p1	1541	9	0.0058	0	0	0	other
S2_only_classu|MSTRG.416.1.p2	101	0	0.0	1	0	0	secreted (pred.)
S2_only_classu|MSTRG.4220.2.p1	435	5	0.0115	0	0	0	other
S2_only_classu|MSTRG.4266.1.p1	200	9	0.045	0	0	0	other
S2_only_classu|MSTRG.4266.1.p4	113	3	0.0265	0	0	0	other
S2_only_classu|MSTRG.4285.1.p1	103	0	0.0	1	0	0	secreted (pred.)
S2_only_classu|MSTRG.4348.1.p1	383	4	0.0104	0	0	0	other
S2_only_classu|MSTRG.4393.1.p1	493	0	0.0	0	0	0	other
S2_only_classu|MSTRG.4393.1.p2	210	2	0.0095	0	0	0	other
S2_only_classu|MSTRG.4397.1.p1	466	7	0.015	0	0	0	other
S2_only_classu|MSTRG.4622.1.p1	409	4	0.0098	0	0	0	other
S2_only_classu|MSTRG.4622.1.p2	121	4	0.0331	0	0	0	other
S2_only_classu|MSTRG.4635.1.p1	381	2	0.0052	0	0	0	other
S2_only_classu|MSTRG.4635.1.p3	118	5	0.0424	0	0	0	other
S2_only_classu|MSTRG.4635.1.p4	115	4	0.0348	1	1	0	secreted (pred.)
S2_only_classu|MSTRG.4635.1.p6	108	4	0.037	0	0	0	other
S2_only_classu|MSTRG.4691.1.p1	149	2	0.0134	1	0	0	secreted (pred.)
S2_only_classu|MSTRG.4691.1.p3	114	2	0.0175	0	0	0	other
S2_only_classu|MSTRG.4782.1.p1	120	0	0.0	0	0	0	other
S2_only_classu|MSTRG.4851.1.p1	362	0	0.0	0	0	0	other
S2_only_classu|MSTRG.4855.1.p1	577	8	0.0139	0	0	0	other
S2_only_classu|MSTRG.4929.1.p1	497	8	0.0161	0	0	0	other
S2_only_classu|MSTRG.4929.1.p2	429	7	0.0163	1	0	0	secreted (pred.)
S2_only_classu|MSTRG.4929.1.p5	132	2	0.0152	0	0	0	other
S2_only_classu|MSTRG.5038.1.p1	351	4	0.0114	0	0	0	other
S2_only_classu|MSTRG.508.1.p2	100	0	0.0	0	0	0	other
S2_only_classu|MSTRG.5096.1.p1	902	20	0.0222	0	0	0	other
S2_only_classu|MSTRG.5096.1.p3	260	0	0.0	0	0	0	other
S2_only_classu|MSTRG.5096.1.p7	148	3	0.0203	0	0	0	other
S2_only_classu|MSTRG.510.1.p1	496	6	0.0121	0	0	0	other
S2_only_classu|MSTRG.5118.2.p1	341	2	0.0059	0	0	0	other
S2_only_classu|MSTRG.5118.3.p1	369	2	0.0054	0	0	0	other
S2_only_classu|MSTRG.5169.1.p2	118	3	0.0254	0	0	0	other
S2_only_classu|MSTRG.5312.1.p1	237	3	0.0127	0	0	0	other
S2_only_classu|MSTRG.5357.1.p2	108	2	0.0185	1	0	0	secreted (pred.)
S2_only_classu|MSTRG.5361.1.p1	133	5	0.0376	0	0	0	other
S2_only_classu|MSTRG.5395.1.p1	446	18	0.0404	0	0	0	other
S2_only_classu|MSTRG.5459.1.p1	336	4	0.0119	0	0	0	other
S2_only_classu|MSTRG.5459.1.p2	175	5	0.0286	0	0	0	other
S2_only_classu|MSTRG.5459.1.p4	142	6	0.0423	0	0	0	other
S2_only_classu|MSTRG.5459.1.p5	140	2	0.0143	0	0	0	other
S2_only_classu|MSTRG.5459.1.p6	119	2	0.0168	0	0	0	other
S2_only_classu|MSTRG.5503.1.p1	686	1	0.0015	0	0	0	other
S2_only_classu|MSTRG.5503.1.p2	330	6	0.0182	0	0	0	other
S2_only_classu|MSTRG.5503.1.p7	128	8	0.0625	0	0	0	other
S2_only_classu|MSTRG.5528.1.p1	119	4	0.0336	0	0	0	other
S2_only_classu|MSTRG.5574.1.p1	228	9	0.0395	0	0	0	other
S2_only_classu|MSTRG.5606.1.p1	667	2	0.003	0	0	0	other
S2_only_classu|MSTRG.5791.1.p1	151	1	0.0066	0	0	0	other
S2_only_classu|MSTRG.5826.1.p2	103	1	0.0097	0	0	0	other
S2_only_classu|MSTRG.5829.1.p1	147	6	0.0408	0	0	0	other
S2_only_classu|MSTRG.5829.1.p2	106	4	0.0377	0	0	0	other
S2_only_classu|MSTRG.5891.1.p1	701	9	0.0128	0	0	0	other
S2_only_classu|MSTRG.5891.1.p3	254	5	0.0197	0	0	0	other
S2_only_classu|MSTRG.5891.1.p7	123	0	0.0	0	0	0	other
S2_only_classu|MSTRG.5895.1.p1	321	1	0.0031	0	0	0	other
S2_only_classu|MSTRG.591.1.p1	645	3	0.0047	0	0	0	other
S2_only_classu|MSTRG.5925.1.p1	299	16	0.0535	0	0	0	other
S2_only_classu|MSTRG.5925.1.p3	109	1	0.0092	1	0	0	secreted (pred.)
S2_only_classu|MSTRG.5942.1.p1	562	2	0.0036	0	0	0	other
S2_only_classu|MSTRG.5942.1.p4	133	0	0.0	0	0	0	other
S2_only_classu|MSTRG.5986.1.p2	102	1	0.0098	0	0	0	other
S2_only_classu|MSTRG.5989.1.p1	324	5	0.0154	0	0	0	other
S2_only_classu|MSTRG.6040.1.p2	105	3	0.0286	1	1	0	secreted (pred.)
S2_only_classu|MSTRG.6048.1.p1	168	6	0.0357	0	0	0	other
S2_only_classu|MSTRG.6048.1.p2	116	4	0.0345	0	0	0	other
S2_only_classu|MSTRG.6073.1.p1	303	8	0.0264	0	0	0	other
S2_only_classu|MSTRG.6089.1.p1	150	9	0.06	0	0	0	other
S2_only_classu|MSTRG.6197.1.p1	322	8	0.0248	1	0	0	secreted (pred.)
S2_only_classu|MSTRG.6201.1.p1	365	4	0.011	1	0	0	secreted (pred.)
S2_only_classu|MSTRG.6303.1.p1	117	5	0.0427	1	1	0	secreted (pred.)
S2_only_classu|MSTRG.6308.1.p1	117	2	0.0171	0	0	0	other
S2_only_classu|MSTRG.6365.1.p1	451	3	0.0067	1	0	0	secreted (pred.)
S2_only_classu|MSTRG.6365.1.p3	129	5	0.0388	0	0	0	other
S2_only_classu|MSTRG.6384.2.p1	171	2	0.0117	0	0	0	other
S2_only_classu|MSTRG.6384.2.p2	103	1	0.0097	0	0	0	other
S2_only_classu|MSTRG.6392.1.p1	605	4	0.0066	0	0	0	other
S2_only_classu|MSTRG.6392.1.p5	132	4	0.0303	0	0	0	other
S2_only_classu|MSTRG.6405.1.p1	190	3	0.0158	1	0	0	secreted (pred.)
S2_only_classu|MSTRG.6405.1.p2	165	4	0.0242	0	0	0	other
S2_only_classu|MSTRG.6406.1.p1	165	4	0.0242	0	0	0	other
S2_only_classu|MSTRG.645.1.p1	188	1	0.0053	0	0	0	other
S2_only_classu|MSTRG.645.1.p2	187	0	0.0	0	0	0	other
S2_only_classu|MSTRG.645.1.p4	129	1	0.0078	0	0	0	other
S2_only_classu|MSTRG.6477.1.p2	101	3	0.0297	0	0	0	other
S2_only_classu|MSTRG.6574.1.p1	119	2	0.0168	0	0	0	other
S2_only_classu|MSTRG.6665.1.p1	1527	10	0.0065	0	0	0	other
S2_only_classu|MSTRG.6876.1.p1	113	4	0.0354	0	0	0	other
S2_only_classu|MSTRG.6877.1.p1	118	1	0.0085	1	0	0	secreted (pred.)
S2_only_classu|MSTRG.688.1.p1	140	3	0.0214	0	0	0	other
S2_only_classu|MSTRG.6930.1.p1	117	2	0.0171	0	0	0	other
S2_only_classu|MSTRG.7029.1.p1	167	4	0.024	0	0	0	other
S2_only_classu|MSTRG.7163.1.p2	255	3	0.0118	1	0	0	secreted (pred.)
S2_only_classu|MSTRG.7163.1.p3	145	0	0.0	0	0	0	other
S2_only_classu|MSTRG.7170.1.p1	348	0	0.0	0	0	0	other
S2_only_classu|MSTRG.7190.1.p1	174	0	0.0	0	0	0	other
S2_only_classu|MSTRG.7195.1.p1	1206	18	0.0149	0	0	0	other
S2_only_classu|MSTRG.7196.1.p1	635	14	0.022	0	0	0	other
S2_only_classu|MSTRG.7196.2.p1	635	14	0.022	0	0	0	other
S2_only_classu|MSTRG.7349.1.p1	410	4	0.0098	0	0	0	other
S2_only_classu|MSTRG.736.2.p1	749	5	0.0067	0	0	0	other
S2_only_classu|MSTRG.7360.1.p1	344	3	0.0087	0	0	0	other
S2_only_classu|MSTRG.7396.1.p1	297	7	0.0236	0	0	0	other
S2_only_classu|MSTRG.7482.1.p1	260	1	0.0038	0	0	0	other
S2_only_classu|MSTRG.7550.1.p1	523	14	0.0268	0	0	0	other
S2_only_classu|MSTRG.7584.1.p1	298	5	0.0168	1	1	0	secreted (pred.)
S2_only_classu|MSTRG.7673.1.p2	154	8	0.0519	0	0	0	other
S2_only_classu|MSTRG.771.1.p1	227	0	0.0	0	0	0	other
S2_only_classu|MSTRG.771.1.p3	136	4	0.0294	0	0	0	other
S2_only_classu|MSTRG.805.1.p1	448	1	0.0022	0	0	0	other
S2_only_classu|MSTRG.8148.1.p1	332	11	0.0331	0	0	0	other
S2_only_classu|MSTRG.8148.1.p2	308	4	0.013	0	0	0	other
S2_only_classu|MSTRG.8292.1.p1	119	3	0.0252	0	0	0	other
S2_only_classu|MSTRG.8323.1.p1	599	4	0.0067	0	0	0	other
S2_only_classu|MSTRG.8325.1.p1	762	6	0.0079	0	0	0	other
S2_only_classu|MSTRG.8415.1.p1	739	11	0.0149	0	0	0	other
S2_only_classu|MSTRG.8415.1.p4	163	2	0.0123	0	0	0	other
S2_only_classu|MSTRG.8415.1.p8	104	3	0.0288	1	1	0	secreted (pred.)
S2_only_classu|MSTRG.8431.1.p1	135	4	0.0296	1	1	0	secreted (pred.)
S2_only_classu|MSTRG.8437.1.p1	578	9	0.0156	0	0	0	other
S2_only_classu|MSTRG.8444.1.p1	213	2	0.0094	1	0	0	secreted (pred.)
S2_only_classu|MSTRG.8479.1.p1	1420	26	0.0183	0	0	0	other
S2_only_classu|MSTRG.8481.1.p1	116	8	0.069	0	0	0	other
S2_only_classu|MSTRG.860.1.p1	278	0	0.0	1	0	0	secreted (pred.)
S2_only_classu|MSTRG.8611.1.p1	383	1	0.0026	0	0	0	other
S2_only_classu|MSTRG.8656.1.p1	354	16	0.0452	0	0	0	other
S2_only_classu|MSTRG.8677.1.p1	133	3	0.0226	0	0	0	other
S2_only_classu|MSTRG.8698.1.p1	250	1	0.004	0	0	0	other
S2_only_classu|MSTRG.8747.1.p1	307	0	0.0	0	0	0	other
S2_only_classu|MSTRG.8771.1.p1	224	5	0.0223	0	0	0	other
S2_only_classu|MSTRG.8835.1.p1	161	2	0.0124	0	0	0	other
S2_only_classu|MSTRG.8835.1.p3	135	5	0.037	0	0	0	other
S2_only_classu|MSTRG.890.1.p1	116	7	0.0603	1	1	0	secreted (pred.)
S2_only_classu|MSTRG.893.1.p1	366	2	0.0055	1	0	0	secreted (pred.)
S2_only_classu|MSTRG.8940.1.p1	172	5	0.0291	0	0	0	other
S2_only_classu|MSTRG.9036.2.p1	193	2	0.0104	1	0	0	secreted (pred.)
S2_only_classu|MSTRG.9036.2.p4	119	2	0.0168	0	0	0	other
S2_only_classu|MSTRG.904.1.p1	122	3	0.0246	1	1	0	secreted (pred.)
S2_only_classu|MSTRG.9118.1.p2	319	5	0.0157	1	0	0	secreted (pred.)
S2_only_classu|MSTRG.9118.1.p3	263	5	0.019	0	0	0	other
S2_only_classu|MSTRG.9118.1.p5	121	2	0.0165	0	0	0	other
S2_only_classu|MSTRG.9118.1.p7	105	3	0.0286	0	0	0	other
S2_only_classu|MSTRG.9138.1.p2	171	0	0.0	0	0	0	other
S2_only_classu|MSTRG.914.1.p1	1165	5	0.0043	0	0	0	other
S2_only_classu|MSTRG.914.1.p11	112	9	0.0804	0	0	0	other
S2_only_classu|MSTRG.914.1.p6	142	3	0.0211	0	0	0	other
S2_only_classu|MSTRG.939.1.p1	482	6	0.0124	0	0	0	other
S2_only_classu|MSTRG.958.1.p1	555	6	0.0108	0	0	0	other
S2_only_classu|MSTRG.958.1.p5	109	4	0.0367	0	0	0	other
S2_only_classu|MSTRG.958.1.p6	101	0	0.0	0	0	0	other
Shared_classu|MSTRG.1091.1.p1	591	8	0.0135	0	0	0	other
Shared_classu|MSTRG.1282.1.p1	408	1	0.0025	0	0	0	other
Shared_classu|MSTRG.1425.1.p1	364	2	0.0055	0	0	0	other
Shared_classu|MSTRG.1432.1.p1	452	0	0.0	0	0	0	other
Shared_classu|MSTRG.1435.1.p1	109	4	0.0367	0	0	0	other
Shared_classu|MSTRG.1436.1.p1	300	4	0.0133	0	0	0	other
Shared_classu|MSTRG.1436.1.p3	124	4	0.0323	0	0	0	other
Shared_classu|MSTRG.1437.1.p1	1154	0	0.0	0	0	0	other
Shared_classu|MSTRG.1438.1.p1	168	2	0.0119	0	0	0	other
Shared_classu|MSTRG.1438.1.p2	148	3	0.0203	1	1	0	secreted (pred.)
Shared_classu|MSTRG.1438.1.p3	109	3	0.0275	0	0	0	other
Shared_classu|MSTRG.1441.1.p1	127	2	0.0157	1	0	0	secreted (pred.)
Shared_classu|MSTRG.1476.1.p2	325	2	0.0062	0	0	0	other
Shared_classu|MSTRG.1642.1.p1	324	20	0.0617	1	0	0	secreted (pred.)
Shared_classu|MSTRG.1786.1.p1	461	7	0.0152	0	0	0	other
Shared_classu|MSTRG.1786.1.p3	233	4	0.0172	1	1	0	secreted (pred.)
Shared_classu|MSTRG.1786.1.p4	122	2	0.0164	1	0	0	secreted (pred.)
Shared_classu|MSTRG.1786.1.p6	116	0	0.0	0	0	0	other
Shared_classu|MSTRG.1789.1.p1	547	6	0.011	0	0	0	other
Shared_classu|MSTRG.1789.1.p2	309	9	0.0291	1	0	0	secreted (pred.)
Shared_classu|MSTRG.1801.1.p2	226	8	0.0354	1	1	0	secreted (pred.)
Shared_classu|MSTRG.1814.1.p1	598	7	0.0117	1	0	0	secreted (pred.)
Shared_classu|MSTRG.1815.1.p1	110	2	0.0182	0	0	0	other
Shared_classu|MSTRG.1815.1.p2	109	1	0.0092	0	0	0	other
Shared_classu|MSTRG.1837.1.p1	120	7	0.0583	0	0	0	other
Shared_classu|MSTRG.1839.1.p1	193	3	0.0155	0	0	0	other
Shared_classu|MSTRG.1839.1.p2	142	3	0.0211	0	0	0	other
Shared_classu|MSTRG.1869.1.p1	407	4	0.0098	1	0	0	secreted (pred.)
Shared_classu|MSTRG.1875.1.p1	103	3	0.0291	0	0	0	other
Shared_classu|MSTRG.1917.1.p1	308	4	0.013	0	0	0	other
Shared_classu|MSTRG.1917.1.p2	167	4	0.024	1	1	0	secreted (pred.)
Shared_classu|MSTRG.1917.1.p3	148	1	0.0068	0	0	0	other
Shared_classu|MSTRG.1996.1.p1	484	8	0.0165	0	0	0	other
Shared_classu|MSTRG.1996.1.p2	355	1	0.0028	0	0	0	other
Shared_classu|MSTRG.2133.1.p1	559	2	0.0036	0	0	0	other
Shared_classu|MSTRG.2133.1.p2	239	7	0.0293	0	0	0	other
Shared_classu|MSTRG.2133.1.p6	104	8	0.0769	1	1	0	secreted (pred.)
Shared_classu|MSTRG.2302.1.p1	145	3	0.0207	0	0	0	other
Shared_classu|MSTRG.2540.1.p1	248	3	0.0121	0	0	0	other
Shared_classu|MSTRG.2540.1.p7	100	1	0.01	0	0	0	other
Shared_classu|MSTRG.2541.1.p1	678	7	0.0103	0	0	0	other
Shared_classu|MSTRG.2541.1.p2	185	8	0.0432	0	0	0	other
Shared_classu|MSTRG.2652.1.p1	466	9	0.0193	0	0	0	other
Shared_classu|MSTRG.2652.1.p2	400	7	0.0175	0	0	0	other
Shared_classu|MSTRG.2652.1.p3	222	3	0.0135	0	0	0	other
Shared_classu|MSTRG.2652.1.p4	131	6	0.0458	0	0	0	other
Shared_classu|MSTRG.2658.1.p1	1157	26	0.0225	0	0	0	other
Shared_classu|MSTRG.2658.1.p7	150	9	0.06	0	0	0	other
Shared_classu|MSTRG.2725.1.p1	121	5	0.0413	0	0	0	other
Shared_classu|MSTRG.2831.1.p1	660	5	0.0076	0	0	0	other
Shared_classu|MSTRG.2970.1.p1	225	1	0.0044	0	0	0	other
Shared_classu|MSTRG.3039.1.p1	192	3	0.0156	0	0	0	other
Shared_classu|MSTRG.3123.1.p1	129	2	0.0155	1	0	0	secreted (pred.)
Shared_classu|MSTRG.3150.1.p1	155	6	0.0387	0	0	0	other
Shared_classu|MSTRG.3150.2.p1	94	2	0.0213	0	0	0	other
Shared_classu|MSTRG.3201.1.p1	129	3	0.0233	0	0	0	other
Shared_classu|MSTRG.3352.1.p1	113	3	0.0265	0	0	0	other
Shared_classu|MSTRG.3352.1.p2	103	5	0.0485	1	1	0	secreted (pred.)
Shared_classu|MSTRG.3445.1.p1	353	3	0.0085	0	0	0	other
Shared_classu|MSTRG.3571.1.p1	580	1	0.0017	0	0	0	other
Shared_classu|MSTRG.3921.1.p1	135	3	0.0222	0	0	0	other
Shared_classu|MSTRG.4012.1.p1	1106	9	0.0081	0	0	0	other
Shared_classu|MSTRG.4012.1.p7	104	5	0.0481	0	0	0	other
Shared_classu|MSTRG.4046.1.p1	226	7	0.031	0	0	0	other
Shared_classu|MSTRG.4046.1.p2	147	11	0.0748	0	0	0	other
Shared_classu|MSTRG.4387.1.p1	625	9	0.0144	0	0	0	other
Shared_classu|MSTRG.4387.1.p2	178	6	0.0337	0	0	0	other
Shared_classu|MSTRG.4387.1.p3	130	5	0.0385	0	0	0	other
Shared_classu|MSTRG.442.1.p1	901	4	0.0044	0	0	0	other
Shared_classu|MSTRG.442.1.p6	103	4	0.0388	0	0	0	other
Shared_classu|MSTRG.4787.1.p1	166	2	0.012	0	0	0	other
Shared_classu|MSTRG.4787.1.p2	148	4	0.027	0	0	0	other
Shared_classu|MSTRG.4787.1.p4	118	4	0.0339	0	0	0	other
Shared_classu|MSTRG.4967.1.p1	175	3	0.0171	0	0	0	other
Shared_classu|MSTRG.4990.1.p1	116	5	0.0431	0	0	0	other
Shared_classu|MSTRG.5045.1.p1	736	5	0.0068	0	0	0	other
Shared_classu|MSTRG.5118.1.p1	401	2	0.005	0	0	0	other
Shared_classu|MSTRG.5118.1.p3	107	6	0.0561	0	0	0	other
Shared_classu|MSTRG.5216.1.p1	436	5	0.0115	0	0	0	other
Shared_classu|MSTRG.5381.1.p1	135	7	0.0519	0	0	0	other
Shared_classu|MSTRG.5413.1.p1	106	4	0.0377	1	1	0	secreted (pred.)
Shared_classu|MSTRG.5595.1.p1	535	21	0.0393	0	0	0	other
Shared_classu|MSTRG.5717.1.p1	116	0	0.0	0	0	0	other
Shared_classu|MSTRG.5718.1.p3	145	6	0.0414	0	0	0	other
Shared_classu|MSTRG.5718.1.p4	143	6	0.042	0	0	0	other
Shared_classu|MSTRG.572.1.p1	287	3	0.0105	0	0	0	other
Shared_classu|MSTRG.572.1.p2	230	0	0.0	0	0	0	other
Shared_classu|MSTRG.5840.1.p1	870	13	0.0149	0	0	0	other
Shared_classu|MSTRG.5840.1.p5	101	3	0.0297	0	0	0	other
Shared_classu|MSTRG.5919.1.p1	178	1	0.0056	0	0	0	other
Shared_classu|MSTRG.5990.1.p1	657	20	0.0304	0	0	0	other
Shared_classu|MSTRG.5992.1.p1	1036	11	0.0106	0	0	0	other
Shared_classu|MSTRG.5992.1.p4	117	6	0.0513	1	1	0	secreted (pred.)
Shared_classu|MSTRG.609.1.p1	520	3	0.0058	0	0	0	other
Shared_classu|MSTRG.6286.1.p1	324	6	0.0185	1	0	0	secreted (pred.)
Shared_classu|MSTRG.6766.1.p1	548	10	0.0182	0	0	0	other
Shared_classu|MSTRG.6768.1.p1	581	11	0.0189	0	0	0	other
Shared_classu|MSTRG.68.1.p1	375	4	0.0107	0	0	0	other
Shared_classu|MSTRG.68.1.p2	169	5	0.0296	0	0	0	other
Shared_classu|MSTRG.68.1.p6	101	0	0.0	0	0	0	other
Shared_classu|MSTRG.68.1.p7	100	7	0.07	0	0	0	other
Shared_classu|MSTRG.6871.1.p1	764	12	0.0157	0	0	0	other
Shared_classu|MSTRG.6984.1.p1	320	3	0.0094	1	0	0	secreted (pred.)
Shared_classu|MSTRG.6984.1.p3	135	7	0.0519	0	0	0	other
Shared_classu|MSTRG.7099.1.p2	118	0	0.0	0	0	0	other
Shared_classu|MSTRG.720.1.p1	101	2	0.0198	0	0	0	other
Shared_classu|MSTRG.7350.1.p2	106	9	0.0849	0	0	0	other
Shared_classu|MSTRG.7839.1.p1	475	2	0.0042	0	0	0	other
Shared_classu|MSTRG.7839.1.p2	304	8	0.0263	0	0	0	other
Shared_classu|MSTRG.7839.1.p6	174	1	0.0057	1	0	0	secreted (pred.)
Shared_classu|MSTRG.7839.1.p8	119	1	0.0084	0	0	0	other
Shared_classu|MSTRG.7915.1.p1	516	4	0.0078	0	0	0	other
Shared_classu|MSTRG.7915.1.p2	313	7	0.0224	0	0	0	other
Shared_classu|MSTRG.7915.1.p3	271	4	0.0148	0	0	0	other
Shared_classu|MSTRG.7915.1.p4	195	1	0.0051	1	0	0	secreted (pred.)
Shared_classu|MSTRG.7927.1.p1	130	5	0.0385	0	0	0	other
Shared_classu|MSTRG.7927.1.p2	109	3	0.0275	0	0	0	other
Shared_classu|MSTRG.7942.1.p1	189	2	0.0106	0	0	0	other
Shared_classu|MSTRG.7942.1.p2	114	3	0.0263	0	0	0	other
Shared_classu|MSTRG.8090.1.p2	101	7	0.0693	0	0	0	other
Shared_classu|MSTRG.8149.1.p1	498	28	0.0562	1	0	0	secreted (pred.)
Shared_classu|MSTRG.8149.1.p4	254	3	0.0118	0	0	0	other
Shared_classu|MSTRG.8149.1.p7	109	2	0.0183	0	0	0	other
Shared_classu|MSTRG.8306.1.p2	123	3	0.0244	0	0	0	other
Shared_classu|MSTRG.8318.1.p1	695	5	0.0072	0	0	0	other
Shared_classu|MSTRG.8459.1.p1	109	2	0.0183	1	0	0	secreted (pred.)
Shared_classu|MSTRG.8564.1.p1	788	9	0.0114	0	0	0	other
Shared_classu|MSTRG.8688.1.p1	906	3	0.0033	0	0	0	other
Shared_classu|MSTRG.8775.1.p1	122	5	0.041	0	0	0	other
Shared_classu|MSTRG.8775.1.p2	107	6	0.0561	0	0	0	other
Shared_classu|MSTRG.8903.1.p1	576	4	0.0069	0	0	0	other
Shared_classu|MSTRG.8903.1.p10	121	7	0.0579	0	0	0	other
Shared_classu|MSTRG.8903.1.p11	116	4	0.0345	0	0	0	other
Shared_classu|MSTRG.8903.1.p13	100	2	0.02	1	1	0	secreted (pred.)
Shared_classu|MSTRG.8903.1.p2	431	3	0.007	1	0	0	secreted (pred.)
Shared_classu|MSTRG.8903.1.p4	257	1	0.0039	0	0	0	other
Shared_classu|MSTRG.891.1.p1	902	9	0.01	0	0	0	other
Shared_classu|MSTRG.891.1.p2	272	3	0.011	0	0	0	other
Shared_classu|MSTRG.891.1.p4	129	4	0.031	0	0	0	other
Shared_classu|MSTRG.9034.1.p1	882	14	0.0159	0	0	0	other
Shared_classu|MSTRG.9078.1.p1	182	2	0.011	0	0	0	other
gene_1	167	4	0.024	0	0	0	other
gene_10	356	0	0.0	0	0	0	other
gene_100	898	12	0.0134	1	0	0	secreted (pred.)
gene_1000	534	9	0.0169	0	0	0	other
gene_10000	540	3	0.0056	0	0	0	other
gene_10001	361	10	0.0277	0	0	0	other
gene_10002	185	3	0.0162	1	0	0	secreted (pred.)
gene_10003	565	10	0.0177	0	0	0	other
gene_10004	504	3	0.006	0	0	0	other
gene_10005	264	1	0.0038	0	0	0	other
gene_10007	280	4	0.0143	0	0	0	other
gene_10008	486	11	0.0226	0	0	0	other
gene_10009	559	8	0.0143	0	0	0	other
gene_1001	255	2	0.0078	0	0	0	other
gene_10010	496	4	0.0081	1	0	0	secreted (pred.)
gene_10011	111	8	0.0721	1	1	0	secreted (pred.)
gene_10012	1507	8	0.0053	0	0	0	other
gene_10013	1085	11	0.0101	1	0	0	secreted (pred.)
gene_10014	251	1	0.004	0	0	0	other
gene_10015	373	8	0.0214	0	0	0	other
gene_10016	269	4	0.0149	0	0	0	other
gene_10017	333	4	0.012	1	0	0	secreted (pred.)
gene_10018	580	6	0.0103	1	0	0	secreted (pred.)
gene_10019	1079	8	0.0074	0	0	0	other
gene_10020	156	0	0.0	1	0	0	secreted (pred.)
gene_10021	521	5	0.0096	0	0	0	other
gene_10022	392	8	0.0204	0	0	0	other
gene_10023	220	9	0.0409	0	0	0	other
gene_10024	522	4	0.0077	1	0	0	secreted (pred.)
gene_10025	826	11	0.0133	0	0	0	other
gene_10026	168	0	0.0	0	0	0	other
gene_10027	968	15	0.0155	0	0	0	other
gene_10028	93	0	0.0	0	0	0	other
gene_10029	490	10	0.0204	0	0	0	other
gene_1003	1192	11	0.0092	0	0	0	other
gene_10030	490	6	0.0122	1	0	0	secreted (pred.)
gene_10031	481	4	0.0083	1	0	0	secreted (pred.)
gene_10032	335	4	0.0119	0	0	0	other
gene_10033	579	6	0.0104	0	0	0	other
gene_10034	389	12	0.0308	1	0	0	secreted (pred.)
gene_10035	1173	24	0.0205	0	0	0	other
gene_10036	334	0	0.0	0	0	0	other
gene_10037	843	8	0.0095	0	0	0	other
gene_10038	990	8	0.0081	1	0	0	secreted (pred.)
gene_10039	1262	7	0.0055	0	0	0	other
gene_1004	427	3	0.007	1	0	0	secreted (pred.)
gene_10040	379	1	0.0026	1	0	0	secreted (pred.)
gene_10041	429	4	0.0093	0	0	0	other
gene_10042	200	6	0.03	0	0	0	other
gene_10043	460	7	0.0152	0	0	0	other
gene_10044	232	0	0.0	0	0	0	other
gene_10045	826	4	0.0048	0	0	0	other
gene_10046	4908	84	0.0171	0	0	0	other
gene_10047	619	1	0.0016	0	0	0	other
gene_10048	235	14	0.0596	1	0	0	secreted (pred.)
gene_10049	567	8	0.0141	1	0	0	secreted (pred.)
gene_1005	2657	31	0.0117	0	0	0	other
gene_10051	424	7	0.0165	0	0	0	other
gene_10053	1585	25	0.0158	0	0	0	other
gene_10054	338	0	0.0	1	0	0	secreted (pred.)
gene_10055	649	6	0.0092	0	0	0	other
gene_10056	1183	5	0.0042	0	0	0	other
gene_10057	2233	30	0.0134	0	0	0	other
gene_10058	818	9	0.011	0	0	0	other
gene_10059	572	5	0.0087	0	0	0	other
gene_1006	990	18	0.0182	1	0	0	secreted (pred.)
gene_10060	247	2	0.0081	1	0	0	secreted (pred.)
gene_10061	283	2	0.0071	1	0	0	secreted (pred.)
gene_10062	1230	3	0.0024	0	0	0	other
gene_10063	788	1	0.0013	1	0	0	secreted (pred.)
gene_10064	1208	17	0.0141	0	0	0	other
gene_10065	712	4	0.0056	0	0	0	other
gene_10066	563	10	0.0178	0	0	0	other
gene_10067	199	1	0.005	0	0	0	other
gene_10068	136	7	0.0515	0	0	0	other
gene_10069	605	5	0.0083	0	0	0	other
gene_1007	196	6	0.0306	0	0	0	other
gene_10070	517	2	0.0039	0	0	0	other
gene_10071	303	0	0.0	0	0	0	other
gene_10072	817	12	0.0147	0	0	0	other
gene_10073	492	8	0.0163	1	0	0	secreted (pred.)
gene_10074	263	0	0.0	0	0	0	other
gene_10075	509	7	0.0138	0	0	0	other
gene_10076	605	10	0.0165	0	0	0	other
gene_10077	175	7	0.04	0	0	0	other
gene_10078	414	4	0.0097	1	0	0	secreted (pred.)
gene_10079	424	3	0.0071	0	0	0	other
gene_1008	684	10	0.0146	0	0	0	other
gene_10080	657	10	0.0152	1	0	0	secreted (pred.)
gene_10082	855	20	0.0234	0	0	0	other
gene_10083	228	6	0.0263	0	0	0	other
gene_10084	216	0	0.0	0	0	0	other
gene_10085	249	2	0.008	1	0	0	secreted (pred.)
gene_10086	320	4	0.0125	0	0	0	other
gene_10087	469	7	0.0149	0	0	0	other
gene_10088	596	7	0.0117	0	0	0	other
gene_10089	334	5	0.015	1	0	0	secreted (pred.)
gene_1009	170	1	0.0059	1	0	0	secreted (pred.)
gene_10090	398	11	0.0276	0	0	0	other
gene_10091	547	8	0.0146	0	0	0	other
gene_10092	639	14	0.0219	0	0	0	other
gene_10093	647	5	0.0077	0	0	0	other
gene_10094	529	3	0.0057	0	0	0	other
gene_10095	510	11	0.0216	0	0	0	other
gene_10096	307	8	0.0261	0	0	0	other
gene_10097	498	10	0.0201	0	0	0	other
gene_10098	660	4	0.0061	0	0	0	other
gene_10099	281	6	0.0214	1	1	0	secreted (pred.)
gene_101	435	5	0.0115	0	0	0	other
gene_1010	898	11	0.0122	1	0	0	secreted (pred.)
gene_10100	628	10	0.0159	1	0	0	secreted (pred.)
gene_10102	249	2	0.008	0	0	0	other
gene_10103	498	8	0.0161	0	0	0	other
gene_10104	428	3	0.007	0	0	0	other
gene_10105	403	2	0.005	0	0	0	other
gene_10106	789	9	0.0114	0	0	0	other
gene_10107	750	4	0.0053	0	0	0	other
gene_10108	334	6	0.018	0	0	0	other
gene_10109	235	3	0.0128	0	0	0	other
gene_1011	275	6	0.0218	0	0	0	other
gene_10110	777	25	0.0322	0	0	0	other
gene_10111	1591	26	0.0163	1	0	0	secreted (pred.)
gene_10112	298	1	0.0034	0	0	0	other
gene_10114	104	7	0.0673	0	0	0	other
gene_10115	537	6	0.0112	0	0	0	other
gene_10116	482	3	0.0062	0	0	0	other
gene_10117	999	11	0.011	0	0	0	other
gene_10118	76	4	0.0526	0	0	0	other
gene_10119	108	6	0.0556	1	1	0	secreted (pred.)
gene_10120	202	3	0.0149	0	0	0	other
gene_10121	533	2	0.0038	0	0	0	other
gene_10122	328	9	0.0274	0	0	0	other
gene_10123	235	8	0.034	0	0	0	other
gene_10124	396	10	0.0253	0	0	0	other
gene_10125	160	1	0.0063	0	0	0	other
gene_10126	1642	27	0.0164	0	0	0	other
gene_10127	424	8	0.0189	0	0	0	other
gene_10128	746	4	0.0054	0	0	0	other
gene_10129	128	2	0.0156	0	0	0	other
gene_1013	58	4	0.069	1	1	0	secreted (pred.)
gene_10130	512	13	0.0254	0	0	0	other
gene_10131	255	4	0.0157	0	0	0	other
gene_10132	826	7	0.0085	1	0	0	secreted (pred.)
gene_10133	640	10	0.0156	1	0	0	secreted (pred.)
gene_10134	252	2	0.0079	0	0	0	other
gene_10135	476	5	0.0105	0	0	0	other
gene_10136	862	14	0.0162	0	0	0	other
gene_10137	1031	9	0.0087	0	0	0	other
gene_10138	268	7	0.0261	0	0	0	other
gene_10139	491	4	0.0081	0	0	0	other
gene_1014	91	0	0.0	0	0	0	other
gene_10140	502	2	0.004	0	0	0	other
gene_10141	501	12	0.024	0	0	0	other
gene_10142	454	5	0.011	0	0	0	other
gene_10143	200	10	0.05	0	0	0	other
gene_10144	3224	6	0.0019	1	0	0	secreted (pred.)
gene_10145	234	5	0.0214	1	0	0	secreted (pred.)
gene_10146	407	4	0.0098	0	0	0	other
gene_10147	236	5	0.0212	1	0	0	secreted (pred.)
gene_10148	272	3	0.011	0	0	0	other
gene_10149	90	0	0.0	0	0	0	other
gene_1015	512	5	0.0098	1	0	0	secreted (pred.)
gene_10150	471	10	0.0212	0	0	0	other
gene_10151	707	4	0.0057	0	0	0	other
gene_10152	308	8	0.026	1	0	0	secreted (pred.)
gene_10153	392	5	0.0128	1	0	0	secreted (pred.)
gene_10154	268	3	0.0112	1	0	0	secreted (pred.)
gene_10155	516	6	0.0116	0	0	0	other
gene_10156	601	9	0.015	0	0	0	other
gene_10157	717	12	0.0167	0	0	0	other
gene_10158	2063	16	0.0078	1	0	0	secreted (pred.)
gene_10159	385	15	0.039	1	0	0	secreted (pred.)
gene_1016	538	7	0.013	0	0	0	other
gene_10160	646	2	0.0031	0	0	0	other
gene_10161	401	9	0.0224	1	0	0	secreted (pred.)
gene_10162	300	0	0.0	0	0	0	other
gene_10163	485	12	0.0247	1	0	0	secreted (pred.)
gene_10164	340	0	0.0	0	0	0	other
gene_10165	1086	15	0.0138	0	0	0	other
gene_10166	648	13	0.0201	0	0	0	other
gene_10167	451	5	0.0111	1	0	0	secreted (pred.)
gene_10168	265	2	0.0075	0	0	0	other
gene_10169	416	3	0.0072	1	0	0	secreted (pred.)
gene_1017	738	11	0.0149	0	0	0	other
gene_10170	506	8	0.0158	0	0	0	other
gene_10171	323	3	0.0093	0	0	0	other
gene_10172	1127	9	0.008	0	0	0	other
gene_10173	1483	17	0.0115	0	0	0	other
gene_10174	892	24	0.0269	1	0	0	secreted (pred.)
gene_10175	189	3	0.0159	1	0	0	secreted (pred.)
gene_10176	590	11	0.0186	0	0	0	other
gene_10177	792	14	0.0177	1	0	0	secreted (pred.)
gene_10178	895	16	0.0179	0	0	0	other
gene_10179	1632	14	0.0086	0	0	0	other
gene_1018	448	10	0.0223	0	0	0	other
gene_10180	1030	6	0.0058	0	0	0	other
gene_10181	782	6	0.0077	0	0	0	other
gene_10182	497	3	0.006	0	0	0	other
gene_10183	555	5	0.009	0	0	0	other
gene_10184	442	4	0.009	0	0	0	other
gene_10185	1676	12	0.0072	0	0	0	other
gene_10186	588	4	0.0068	1	0	0	secreted (pred.)
gene_10187	124	0	0.0	0	0	0	other
gene_10188	984	15	0.0152	0	0	0	other
gene_10189	876	9	0.0103	0	0	0	other
gene_1019	550	9	0.0164	0	0	0	other
gene_10190	601	6	0.01	0	0	0	other
gene_10191	620	7	0.0113	0	0	0	other
gene_10192	1172	11	0.0094	0	0	0	other
gene_10193	521	6	0.0115	1	0	0	secreted (pred.)
gene_10194	1394	9	0.0065	0	0	0	other
gene_10195	431	7	0.0162	0	0	0	other
gene_10196	417	7	0.0168	0	0	0	other
gene_10197	1002	11	0.011	0	0	0	other
gene_10198	244	0	0.0	1	0	0	secreted (pred.)
gene_10199	805	8	0.0099	1	0	0	secreted (pred.)
gene_102	277	4	0.0144	1	1	0	secreted (pred.)
gene_1020	535	0	0.0	0	0	0	other
gene_10200	512	13	0.0254	0	0	0	other
gene_10201	156	4	0.0256	1	1	0	secreted (pred.)
gene_10202	461	9	0.0195	0	0	0	other
gene_10203	552	9	0.0163	1	0	0	secreted (pred.)
gene_10204	513	8	0.0156	0	0	0	other
gene_10205	731	6	0.0082	0	0	0	other
gene_10206	367	1	0.0027	0	0	0	other
gene_10207	727	12	0.0165	0	0	0	other
gene_10208	355	1	0.0028	0	0	0	other
gene_10209	1274	11	0.0086	0	0	0	other
gene_1021	238	2	0.0084	0	0	0	other
gene_10210	392	3	0.0077	0	0	0	other
gene_10211	183	1	0.0055	0	0	0	other
gene_10212	728	8	0.011	0	0	0	other
gene_10213	205	1	0.0049	1	0	0	secreted (pred.)
gene_10214	731	4	0.0055	0	0	0	other
gene_10215	302	5	0.0166	1	0	0	secreted (pred.)
gene_10216	464	11	0.0237	0	0	0	other
gene_10217	236	6	0.0254	0	0	0	other
gene_10219	428	2	0.0047	0	0	0	other
gene_1022	250	16	0.064	1	1	0	secreted (pred.)
gene_10220	330	8	0.0242	0	0	0	other
gene_10221	244	4	0.0164	0	0	0	other
gene_10222	171	1	0.0058	1	0	0	secreted (pred.)
gene_10223	559	11	0.0197	1	0	0	secreted (pred.)
gene_10224	275	3	0.0109	0	0	0	other
gene_10225	141	2	0.0142	0	0	0	other
gene_10226	190	0	0.0	0	0	0	other
gene_10227	304	8	0.0263	1	0	0	secreted (pred.)
gene_10228	211	1	0.0047	0	0	0	other
gene_10229	379	10	0.0264	0	0	0	other
gene_1023	736	7	0.0095	1	0	0	secreted (pred.)
gene_10230	743	14	0.0188	1	0	0	secreted (pred.)
gene_10231	470	4	0.0085	1	0	0	secreted (pred.)
gene_10232	171	0	0.0	0	0	0	other
gene_10233	281	0	0.0	0	0	0	other
gene_10234	713	7	0.0098	0	0	0	other
gene_10235	463	2	0.0043	0	0	0	other
gene_10236	1264	15	0.0119	0	0	0	other
gene_10237	136	6	0.0441	0	0	0	other
gene_10238	1019	11	0.0108	1	0	0	secreted (pred.)
gene_10239	283	1	0.0035	0	0	0	other
gene_1024	323	1	0.0031	0	0	0	other
gene_10240	133	4	0.0301	0	0	0	other
gene_10242	622	0	0.0	0	0	0	other
gene_10243	279	4	0.0143	0	0	0	other
gene_10244	231	7	0.0303	0	0	0	other
gene_10245	532	5	0.0094	0	0	0	other
gene_10246	611	2	0.0033	0	0	0	other
gene_10247	505	5	0.0099	1	0	0	secreted (pred.)
gene_10248	223	4	0.0179	1	1	0	secreted (pred.)
gene_10249	517	6	0.0116	0	0	0	other
gene_1025	647	6	0.0093	0	0	0	other
gene_10250	145	6	0.0414	1	1	0	secreted (pred.)
gene_10251	209	0	0.0	0	0	0	other
gene_10252	317	4	0.0126	0	0	0	other
gene_10253	1150	6	0.0052	0	0	0	other
gene_10254	664	7	0.0105	1	0	0	secreted (pred.)
gene_10255	643	12	0.0187	0	0	0	other
gene_10256	558	9	0.0161	1	0	0	secreted (pred.)
gene_10257	398	10	0.0251	0	0	0	other
gene_10258	576	10	0.0174	0	0	0	other
gene_10259	289	2	0.0069	0	0	0	other
gene_1026	540	6	0.0111	0	0	0	other
gene_10260	308	2	0.0065	1	0	0	secreted (pred.)
gene_10261	347	5	0.0144	0	0	0	other
gene_10262	418	12	0.0287	0	0	0	other
gene_10263	272	8	0.0294	0	0	0	other
gene_10264	482	4	0.0083	0	0	0	other
gene_10265	78	1	0.0128	1	0	0	secreted (pred.)
gene_10266	221	6	0.0271	0	0	0	other
gene_10267	72	1	0.0139	0	0	0	other
gene_10268	359	7	0.0195	0	0	0	other
gene_10269	959	12	0.0125	0	0	0	other
gene_1027	707	9	0.0127	1	0	0	secreted (pred.)
gene_10270	414	4	0.0097	0	0	0	other
gene_10271	525	10	0.019	0	0	0	other
gene_10272	531	14	0.0264	0	0	0	other
gene_10273	420	0	0.0	1	0	0	secreted (pred.)
gene_10274	297	3	0.0101	0	0	0	other
gene_10275	751	9	0.012	0	0	0	other
gene_10276	471	10	0.0212	0	0	0	other
gene_10277	357	4	0.0112	0	0	0	other
gene_10278	147	0	0.0	0	0	0	other
gene_10279	12855	97	0.0075	0	0	0	other
gene_1028	403	0	0.0	0	0	0	other
gene_10280	451	7	0.0155	0	0	0	other
gene_10281	416	3	0.0072	0	0	0	other
gene_10282	239	10	0.0418	1	0	0	secreted (pred.)
gene_10283	842	0	0.0	0	0	0	other
gene_10284	716	21	0.0293	0	0	0	other
gene_10285	328	5	0.0152	1	0	0	secreted (pred.)
gene_10286	352	6	0.017	0	0	0	other
gene_10287	576	13	0.0226	0	0	0	other
gene_10288	396	0	0.0	0	0	0	other
gene_10289	110	0	0.0	1	0	0	secreted (pred.)
gene_1029	636	8	0.0126	0	0	0	other
gene_10290	1298	16	0.0123	0	0	0	other
gene_10291	712	10	0.014	0	0	0	other
gene_10292	132	0	0.0	0	0	0	other
gene_10293	298	6	0.0201	1	0	0	secreted (pred.)
gene_10294	723	7	0.0097	0	0	0	other
gene_10295	262	0	0.0	0	0	0	other
gene_10296	57	0	0.0	1	0	0	secreted (pred.)
gene_10297	338	7	0.0207	0	0	0	other
gene_10299	300	4	0.0133	0	0	0	other
gene_103	223	6	0.0269	0	0	0	other
gene_1030	299	4	0.0134	1	1	0	secreted (pred.)
gene_10300	330	6	0.0182	0	0	0	other
gene_10301	467	6	0.0128	1	0	0	secreted (pred.)
gene_10302	476	1	0.0021	0	0	0	other
gene_10303	394	9	0.0228	1	0	0	secreted (pred.)
gene_10304	385	5	0.013	0	0	0	other
gene_10305	461	11	0.0239	0	0	0	other
gene_10306	353	2	0.0057	0	0	0	other
gene_10307	176	3	0.017	0	0	0	other
gene_10308	59	0	0.0	0	0	0	other
gene_10309	392	4	0.0102	1	0	0	secreted (pred.)
gene_1031	351	3	0.0085	1	0	0	secreted (pred.)
gene_10310	637	21	0.033	0	0	0	other
gene_10311	540	2	0.0037	1	0	0	secreted (pred.)
gene_10313	928	6	0.0065	0	0	0	other
gene_10314	781	18	0.023	0	0	0	other
gene_10315	431	7	0.0162	0	0	0	other
gene_10316	521	8	0.0154	1	0	0	secreted (pred.)
gene_10317	427	2	0.0047	0	0	0	other
gene_10318	127	0	0.0	1	0	0	secreted (pred.)
gene_10319	499	12	0.024	0	0	0	other
gene_1032	555	5	0.009	0	0	0	other
gene_10320	968	4	0.0041	0	0	0	other
gene_10322	371	5	0.0135	0	0	0	other
gene_10323	316	4	0.0127	0	0	0	other
gene_10324	665	9	0.0135	0	0	0	other
gene_10325	298	6	0.0201	0	0	0	other
gene_10326	274	4	0.0146	0	0	0	other
gene_10327	484	7	0.0145	0	0	0	other
gene_10328	448	9	0.0201	0	0	0	other
gene_10329	235	4	0.017	0	0	0	other
gene_1033	962	6	0.0062	1	0	0	secreted (pred.)
gene_10330	784	10	0.0128	1	0	0	secreted (pred.)
gene_10331	439	14	0.0319	0	0	0	other
gene_10332	217	5	0.023	1	1	0	secreted (pred.)
gene_10333	159	0	0.0	0	0	0	other
gene_10334	549	11	0.02	0	0	0	other
gene_10335	831	6	0.0072	0	0	0	other
gene_10336	926	10	0.0108	1	0	0	secreted (pred.)
gene_10337	541	7	0.0129	0	0	0	other
gene_10338	149	9	0.0604	1	1	0	secreted (pred.)
gene_10339	232	3	0.0129	0	0	0	other
gene_1034	137	6	0.0438	0	0	0	other
gene_10340	578	6	0.0104	1	0	0	secreted (pred.)
gene_10341	718	14	0.0195	0	0	0	other
gene_10342	317	12	0.0379	1	0	0	secreted (pred.)
gene_10343	517	4	0.0077	1	0	0	secreted (pred.)
gene_10344	2352	21	0.0089	1	0	0	secreted (pred.)
gene_10345	194	2	0.0103	0	0	0	other
gene_10346	397	4	0.0101	0	0	0	other
gene_10347	729	3	0.0041	1	0	0	secreted (pred.)
gene_10348	190	0	0.0	1	0	0	secreted (pred.)
gene_10349	439	5	0.0114	0	0	0	other
gene_1035	402	1	0.0025	0	0	0	other
gene_10350	392	2	0.0051	0	0	0	other
gene_10351	634	4	0.0063	1	0	0	secreted (pred.)
gene_10352	112	1	0.0089	0	0	0	other
gene_10353	479	6	0.0125	1	0	0	secreted (pred.)
gene_10354	830	1	0.0012	0	0	0	other
gene_10355	382	10	0.0262	0	0	0	other
gene_10356	456	8	0.0175	1	0	0	secreted (pred.)
gene_10358	267	5	0.0187	0	0	0	other
gene_10359	283	6	0.0212	0	0	0	other
gene_1036	543	9	0.0166	0	0	0	other
gene_10360	186	3	0.0161	0	0	0	other
gene_10361	396	15	0.0379	0	0	0	other
gene_10362	559	4	0.0072	1	0	0	secreted (pred.)
gene_10363	224	1	0.0045	0	0	0	other
gene_10364	232	5	0.0216	0	0	0	other
gene_10365	167	0	0.0	0	0	0	other
gene_10366	596	8	0.0134	1	0	0	secreted (pred.)
gene_10367	739	4	0.0054	1	0	0	secreted (pred.)
gene_10368	302	0	0.0	0	0	0	other
gene_10369	119	14	0.1176	1	0	0	secreted (pred.)
gene_1037	76	4	0.0526	0	0	0	other
gene_10370	365	1	0.0027	0	0	0	other
gene_10371	425	4	0.0094	1	0	0	secreted (pred.)
gene_10372	1718	35	0.0204	0	0	0	other
gene_10373	1371	3	0.0022	0	0	0	other
gene_10374	712	18	0.0253	0	0	0	other
gene_10375	134	2	0.0149	0	0	0	other
gene_10376	655	8	0.0122	0	0	0	other
gene_10377	1243	16	0.0129	0	0	0	other
gene_10378	141	1	0.0071	0	0	0	other
gene_10379	357	2	0.0056	0	0	0	other
gene_1038	106	0	0.0	0	0	0	other
gene_10380	909	17	0.0187	0	0	0	other
gene_10381	480	4	0.0083	0	0	0	other
gene_10382	393	5	0.0127	0	0	0	other
gene_10383	1584	21	0.0133	0	0	0	other
gene_10384	371	7	0.0189	0	0	0	other
gene_10385	1070	2	0.0019	0	0	0	other
gene_10386	307	3	0.0098	0	0	0	other
gene_10387	188	0	0.0	0	0	0	other
gene_10388	627	5	0.008	0	0	0	other
gene_10389	271	1	0.0037	0	0	0	other
gene_1039	852	0	0.0	0	0	0	other
gene_10391	875	3	0.0034	0	0	0	other
gene_10392	311	3	0.0096	0	0	0	other
gene_10393	770	1	0.0013	0	0	0	other
gene_10395	604	1	0.0017	0	0	0	other
gene_10396	857	4	0.0047	0	0	0	other
gene_10398	689	0	0.0	0	0	0	other
gene_10399	292	0	0.0	1	0	0	secreted (pred.)
gene_104	338	3	0.0089	0	0	0	other
gene_1040	298	0	0.0	1	0	0	secreted (pred.)
gene_10400	953	10	0.0105	0	0	0	other
gene_10401	550	13	0.0236	0	0	0	other
gene_10402	213	3	0.0141	0	0	0	other
gene_10404	909	17	0.0187	0	0	0	other
gene_10405	377	5	0.0133	0	0	0	other
gene_10406	1208	15	0.0124	0	0	0	other
gene_10407	1392	12	0.0086	0	0	0	other
gene_10408	306	8	0.0261	1	0	0	secreted (pred.)
gene_10409	147	1	0.0068	0	0	0	other
gene_1041	184	0	0.0	1	0	0	secreted (pred.)
gene_10410	321	6	0.0187	0	0	0	other
gene_10411	461	4	0.0087	0	0	0	other
gene_10412	641	5	0.0078	0	0	0	other
gene_10413	1173	10	0.0085	1	0	0	secreted (pred.)
gene_10414	1621	21	0.013	0	0	0	other
gene_10415	208	11	0.0529	0	0	0	other
gene_10416	735	10	0.0136	0	0	0	other
gene_10417	188	2	0.0106	0	0	0	other
gene_10418	564	6	0.0106	0	0	0	other
gene_10419	482	4	0.0083	1	0	0	secreted (pred.)
gene_1042	438	2	0.0046	0	0	0	other
gene_10420	116	7	0.0603	0	0	0	other
gene_10421	1654	18	0.0109	0	0	0	other
gene_10422	156	1	0.0064	0	0	0	other
gene_10423	398	15	0.0377	0	0	0	other
gene_10424	320	1	0.0031	1	0	0	secreted (pred.)
gene_10425	474	6	0.0127	0	0	0	other
gene_10426	290	1	0.0034	1	0	0	secreted (pred.)
gene_10427	181	2	0.011	0	0	0	other
gene_10428	417	1	0.0024	0	0	0	other
gene_10429	577	8	0.0139	0	0	0	other
gene_1043	557	9	0.0162	0	0	0	other
gene_10430	304	9	0.0296	0	0	0	other
gene_10431	742	12	0.0162	0	0	0	other
gene_10432	230	3	0.013	0	0	0	other
gene_10433	516	10	0.0194	0	0	0	other
gene_10434	365	5	0.0137	0	0	0	other
gene_10435	809	3	0.0037	1	0	0	secreted (pred.)
gene_10436	601	11	0.0183	1	0	0	secreted (pred.)
gene_10437	516	3	0.0058	0	0	0	other
gene_10438	223	0	0.0	0	0	0	other
gene_10439	377	12	0.0318	1	0	0	secreted (pred.)
gene_1044	1472	32	0.0217	0	0	0	other
gene_10440	203	2	0.0099	0	0	0	other
gene_10441	518	8	0.0154	0	0	0	other
gene_10442	257	0	0.0	0	0	0	other
gene_10443	638	10	0.0157	0	0	0	other
gene_10444	411	5	0.0122	0	0	0	other
gene_10445	220	7	0.0318	0	0	0	other
gene_10446	1349	11	0.0082	0	0	0	other
gene_10447	316	0	0.0	0	0	0	other
gene_10448	587	8	0.0136	1	0	0	secreted (pred.)
gene_10449	510	18	0.0353	0	0	0	other
gene_10450	326	8	0.0245	0	0	0	other
gene_10451	328	5	0.0152	0	0	0	other
gene_10452	221	2	0.009	0	0	0	other
gene_10453	269	3	0.0112	0	0	0	other
gene_10454	57	2	0.0351	1	1	0	secreted (pred.)
gene_10455	708	4	0.0056	1	0	0	secreted (pred.)
gene_10456	481	9	0.0187	0	0	0	other
gene_10457	890	6	0.0067	0	0	0	other
gene_10458	452	3	0.0066	0	0	0	other
gene_10459	259	4	0.0154	0	0	0	other
gene_1046	283	9	0.0318	0	0	0	other
gene_10460	639	3	0.0047	0	0	0	other
gene_10461	181	4	0.0221	1	1	0	secreted (pred.)
gene_10462	382	2	0.0052	1	0	0	secreted (pred.)
gene_10463	625	2	0.0032	0	0	0	other
gene_10464	529	9	0.017	1	0	0	secreted (pred.)
gene_10465	635	5	0.0079	0	0	0	other
gene_10466	235	2	0.0085	0	0	0	other
gene_10467	1879	18	0.0096	0	0	0	other
gene_10468	335	5	0.0149	0	0	0	other
gene_10469	311	2	0.0064	0	0	0	other
gene_1047	475	7	0.0147	0	0	0	other
gene_10470	640	9	0.0141	1	0	0	secreted (pred.)
gene_10471	190	4	0.0211	0	0	0	other
gene_10472	635	4	0.0063	0	0	0	other
gene_10473	451	6	0.0133	0	0	0	other
gene_10474	765	11	0.0144	0	0	0	other
gene_10475	464	13	0.028	0	0	0	other
gene_10476	304	6	0.0197	1	0	0	secreted (pred.)
gene_10477	267	1	0.0037	0	0	0	other
gene_10478	462	7	0.0152	1	0	0	secreted (pred.)
gene_10479	279	3	0.0108	0	0	0	other
gene_1048	185	0	0.0	0	0	0	other
gene_10480	300	10	0.0333	0	0	0	other
gene_10481	315	1	0.0032	0	0	0	other
gene_10482	94	5	0.0532	1	1	0	secreted (pred.)
gene_10483	261	7	0.0268	0	0	0	other
gene_10484	1258	9	0.0072	0	0	0	other
gene_10485	802	14	0.0175	0	0	0	other
gene_10486	229	6	0.0262	1	1	1	secreted (pred.)
gene_10487	294	0	0.0	0	0	0	other
gene_10488	130	1	0.0077	0	0	0	other
gene_1049	644	11	0.0171	0	0	0	other
gene_10490	651	9	0.0138	1	0	0	secreted (pred.)
gene_10491	350	2	0.0057	1	0	0	secreted (pred.)
gene_10492	215	3	0.014	0	0	0	other
gene_10493	409	2	0.0049	0	0	0	other
gene_10494	155	2	0.0129	0	0	0	other
gene_10495	71	1	0.0141	0	0	0	other
gene_10496	68	1	0.0147	0	0	0	other
gene_10498	568	5	0.0088	1	0	0	secreted (pred.)
gene_10499	582	1	0.0017	0	0	0	other
gene_105	376	7	0.0186	0	0	0	other
gene_1050	365	0	0.0	0	0	0	other
gene_10500	407	15	0.0369	0	0	0	other
gene_10501	745	15	0.0201	0	0	0	other
gene_10502	519	9	0.0173	0	0	0	other
gene_10503	92	0	0.0	1	0	0	secreted (pred.)
gene_10504	1019	19	0.0186	0	0	0	other
gene_10506	818	10	0.0122	0	0	0	other
gene_10507	680	16	0.0235	0	0	0	other
gene_10508	193	1	0.0052	0	0	0	other
gene_10509	361	12	0.0332	0	0	0	other
gene_1051	366	2	0.0055	1	0	0	secreted (pred.)
gene_10510	399	4	0.01	1	0	0	secreted (pred.)
gene_10511	563	7	0.0124	0	0	0	other
gene_10512	101	4	0.0396	1	1	0	secreted (pred.)
gene_10513	328	4	0.0122	0	0	0	other
gene_10514	718	8	0.0111	0	0	0	other
gene_10515	781	1	0.0013	0	0	0	other
gene_10516	1132	15	0.0133	0	0	0	other
gene_10517	374	4	0.0107	0	0	0	other
gene_10518	375	3	0.008	1	0	0	secreted (pred.)
gene_10519	389	6	0.0154	0	0	0	other
gene_1052	241	6	0.0249	1	1	0	secreted (pred.)
gene_10520	1437	22	0.0153	1	0	0	secreted (pred.)
gene_10521	350	1	0.0029	0	0	0	other
gene_10522	94	1	0.0106	1	0	0	secreted (pred.)
gene_10523	336	4	0.0119	0	0	0	other
gene_10524	214	3	0.014	0	0	0	other
gene_10525	309	2	0.0065	1	0	0	secreted (pred.)
gene_10526	709	8	0.0113	0	0	0	other
gene_10527	281	3	0.0107	1	0	0	secreted (pred.)
gene_10528	528	0	0.0	0	0	0	other
gene_10529	264	7	0.0265	0	0	0	other
gene_1053	67	0	0.0	0	0	0	other
gene_10530	166	1	0.006	0	0	0	other
gene_10531	611	13	0.0213	0	0	0	other
gene_10532	674	9	0.0134	0	0	0	other
gene_10533	665	8	0.012	0	0	0	other
gene_10534	467	0	0.0	0	0	0	other
gene_10535	427	6	0.0141	0	0	0	other
gene_10536	319	6	0.0188	0	0	0	other
gene_10537	1483	18	0.0121	0	0	0	other
gene_10538	571	7	0.0123	0	0	0	other
gene_1054	458	5	0.0109	0	0	0	other
gene_10540	700	6	0.0086	0	0	0	other
gene_10541	248	2	0.0081	0	0	0	other
gene_10542	115	0	0.0	1	0	0	secreted (pred.)
gene_10543	130	3	0.0231	0	0	0	other
gene_10544	642	11	0.0171	0	0	0	other
gene_10545	662	11	0.0166	0	0	0	other
gene_10546	314	3	0.0096	0	0	0	other
gene_10547	626	7	0.0112	1	0	0	secreted (pred.)
gene_10548	304	7	0.023	1	0	0	secreted (pred.)
gene_10549	1003	12	0.012	0	0	0	other
gene_1055	58	0	0.0	1	0	0	secreted (pred.)
gene_10550	283	2	0.0071	0	0	0	other
gene_10551	353	8	0.0227	0	0	0	other
gene_10552	585	7	0.012	0	0	0	other
gene_10553	296	2	0.0068	1	0	0	secreted (pred.)
gene_10554	333	1	0.003	0	0	0	other
gene_10555	205	9	0.0439	0	0	0	other
gene_10556	891	16	0.018	0	0	0	other
gene_10557	89	7	0.0787	1	1	0	secreted (pred.)
gene_10558	335	1	0.003	0	0	0	other
gene_10559	1668	22	0.0132	0	0	0	other
gene_1056	1123	13	0.0116	0	0	0	other
gene_10560	390	1	0.0026	0	0	0	other
gene_10561	543	2	0.0037	0	0	0	other
gene_10562	549	6	0.0109	1	0	0	secreted (pred.)
gene_10563	207	4	0.0193	0	0	0	other
gene_10564	351	1	0.0028	0	0	0	other
gene_10565	441	2	0.0045	0	0	0	other
gene_10566	197	5	0.0254	1	1	0	secreted (pred.)
gene_10567	395	5	0.0127	0	0	0	other
gene_10568	867	11	0.0127	0	0	0	other
gene_1057	356	2	0.0056	0	0	0	other
gene_10570	161	2	0.0124	0	0	0	other
gene_10571	212	4	0.0189	1	1	0	secreted (pred.)
gene_10572	142	0	0.0	0	0	0	other
gene_10573	159	3	0.0189	0	0	0	other
gene_10574	768	10	0.013	1	0	0	secreted (pred.)
gene_10575	877	2	0.0023	0	0	0	other
gene_10576	246	6	0.0244	1	0	0	secreted (pred.)
gene_10577	382	0	0.0	1	0	0	secreted (pred.)
gene_10578	448	0	0.0	0	0	0	other
gene_10579	308	10	0.0325	0	0	0	other
gene_1058	677	8	0.0118	0	0	0	other
gene_10580	615	7	0.0114	0	0	0	other
gene_10582	507	8	0.0158	0	0	0	other
gene_10583	513	5	0.0097	0	0	0	other
gene_10584	508	3	0.0059	1	0	0	secreted (pred.)
gene_10585	691	9	0.013	0	0	0	other
gene_10586	727	8	0.011	0	0	0	other
gene_10587	369	2	0.0054	0	0	0	other
gene_10588	186	1	0.0054	1	0	0	secreted (pred.)
gene_10589	2282	15	0.0066	0	0	0	other
gene_1059	236	2	0.0085	0	0	0	other
gene_10590	366	1	0.0027	0	0	0	other
gene_10591	173	8	0.0462	1	1	0	secreted (pred.)
gene_10592	1178	4	0.0034	0	0	0	other
gene_10593	375	4	0.0107	1	0	0	secreted (pred.)
gene_10594	1108	11	0.0099	0	0	0	other
gene_10595	1062	17	0.016	0	0	0	other
gene_10596	180	1	0.0056	0	0	0	other
gene_10597	423	7	0.0165	0	0	0	other
gene_10598	760	16	0.0211	1	0	0	secreted (pred.)
gene_10599	571	7	0.0123	1	0	0	secreted (pred.)
gene_106	251	3	0.012	0	0	0	other
gene_1060	1470	27	0.0184	0	0	0	other
gene_10600	1330	6	0.0045	0	0	0	other
gene_10601	590	5	0.0085	1	0	0	secreted (pred.)
gene_10602	459	13	0.0283	0	0	0	other
gene_10603	336	4	0.0119	1	0	0	secreted (pred.)
gene_10604	84	0	0.0	0	0	0	other
gene_10605	490	4	0.0082	0	0	0	other
gene_10606	346	5	0.0145	0	0	0	other
gene_10607	673	8	0.0119	0	0	0	other
gene_10608	315	4	0.0127	1	0	0	secreted (pred.)
gene_10609	205	0	0.0	0	0	0	other
gene_1061	2381	38	0.016	0	0	0	other
gene_10610	390	3	0.0077	0	0	0	other
gene_10611	891	13	0.0146	0	0	0	other
gene_10612	104	0	0.0	0	0	0	other
gene_10613	1035	14	0.0135	0	0	0	other
gene_10614	575	6	0.0104	0	0	0	other
gene_10615	520	5	0.0096	0	0	0	other
gene_10616	321	8	0.0249	0	0	0	other
gene_10617	435	2	0.0046	0	0	0	other
gene_10618	472	7	0.0148	1	0	0	secreted (pred.)
gene_10619	1104	11	0.01	0	0	0	other
gene_1062	279	1	0.0036	1	0	0	secreted (pred.)
gene_10620	964	8	0.0083	0	0	0	other
gene_10621	863	10	0.0116	0	0	0	other
gene_10622	733	14	0.0191	0	0	0	other
gene_10623	49	1	0.0204	0	0	0	other
gene_10624	547	3	0.0055	0	0	0	other
gene_10625	613	15	0.0245	1	0	0	secreted (pred.)
gene_10628	549	4	0.0073	0	0	0	other
gene_10629	337	5	0.0148	1	0	0	secreted (pred.)
gene_1063	339	2	0.0059	1	0	0	secreted (pred.)
gene_10630	652	7	0.0107	1	0	0	secreted (pred.)
gene_10631	597	7	0.0117	1	0	0	secreted (pred.)
gene_10632	129	9	0.0698	1	1	0	secreted (pred.)
gene_10633	310	1	0.0032	0	0	0	other
gene_10634	199	4	0.0201	1	1	0	secreted (pred.)
gene_10635	151	2	0.0132	0	0	0	other
gene_10636	771	5	0.0065	0	0	0	other
gene_10637	939	9	0.0096	0	0	0	other
gene_10638	194	5	0.0258	0	0	0	other
gene_10639	890	3	0.0034	0	0	0	other
gene_1064	248	0	0.0	0	0	0	other
gene_10640	659	4	0.0061	1	0	0	secreted (pred.)
gene_10641	144	10	0.0694	1	1	0	secreted (pred.)
gene_10642	127	8	0.063	1	1	0	secreted (pred.)
gene_10643	1031	9	0.0087	0	0	0	other
gene_10644	1097	12	0.0109	0	0	0	other
gene_10645	566	2	0.0035	0	0	0	other
gene_10646	386	2	0.0052	1	0	0	secreted (pred.)
gene_10647	189	2	0.0106	0	0	0	other
gene_10648	416	5	0.012	0	0	0	other
gene_10649	337	6	0.0178	0	0	0	other
gene_1065	481	2	0.0042	1	0	0	secreted (pred.)
gene_10650	145	8	0.0552	0	0	0	other
gene_10651	1627	13	0.008	0	0	0	other
gene_10652	315	8	0.0254	1	0	0	secreted (pred.)
gene_10653	564	6	0.0106	0	0	0	other
gene_10654	262	0	0.0	0	0	0	other
gene_10655	447	3	0.0067	0	0	0	other
gene_10656	2585	44	0.017	0	0	0	other
gene_10657	321	7	0.0218	0	0	0	other
gene_10658	745	1	0.0013	1	0	0	secreted (pred.)
gene_10659	315	1	0.0032	0	0	0	other
gene_1066	519	2	0.0039	0	0	0	other
gene_10660	231	2	0.0087	0	0	0	other
gene_10661	819	1	0.0012	1	0	0	secreted (pred.)
gene_10662	383	10	0.0261	0	0	0	other
gene_10663	181	2	0.011	0	0	0	other
gene_10664	464	8	0.0172	1	0	0	secreted (pred.)
gene_10665	381	4	0.0105	0	0	0	other
gene_10666	530	6	0.0113	0	0	0	other
gene_10667	1145	12	0.0105	0	0	0	other
gene_10668	1009	12	0.0119	0	0	0	other
gene_10669	1040	7	0.0067	0	0	0	other
gene_1067	135	2	0.0148	1	0	0	secreted (pred.)
gene_10670	280	5	0.0179	0	0	0	other
gene_10671	195	5	0.0256	0	0	0	other
gene_10672	151	1	0.0066	0	0	0	other
gene_10673	232	2	0.0086	0	0	0	other
gene_10674	548	6	0.0109	0	0	0	other
gene_10675	861	6	0.007	0	0	0	other
gene_10676	925	10	0.0108	0	0	0	other
gene_10677	519	21	0.0405	0	0	0	other
gene_10678	498	8	0.0161	0	0	0	other
gene_10679	318	4	0.0126	0	0	0	other
gene_1068	421	0	0.0	0	0	0	other
gene_10680	235	1	0.0043	0	0	0	other
gene_10681	414	7	0.0169	0	0	0	other
gene_10682	196	6	0.0306	1	1	0	secreted (pred.)
gene_10683	95	6	0.0632	1	1	0	secreted (pred.)
gene_10684	501	8	0.016	0	0	0	other
gene_10685	298	1	0.0034	0	0	0	other
gene_10686	536	3	0.0056	1	0	0	secreted (pred.)
gene_10687	381	7	0.0184	0	0	0	other
gene_10688	719	1	0.0014	0	0	0	other
gene_10689	550	6	0.0109	0	0	0	other
gene_1069	496	7	0.0141	0	0	0	other
gene_10690	216	1	0.0046	0	0	0	other
gene_10691	684	0	0.0	0	0	0	other
gene_10692	1118	17	0.0152	0	0	0	other
gene_10693	518	8	0.0154	1	0	0	secreted (pred.)
gene_10694	804	10	0.0124	1	0	0	secreted (pred.)
gene_10695	705	1	0.0014	0	0	0	other
gene_10696	228	2	0.0088	1	0	0	secreted (pred.)
gene_10697	935	19	0.0203	1	0	0	secreted (pred.)
gene_10698	465	7	0.0151	0	0	0	other
gene_10699	1134	11	0.0097	0	0	0	other
gene_107	479	0	0.0	0	0	0	other
gene_1070	870	11	0.0126	0	0	0	other
gene_10700	1111	11	0.0099	0	0	0	other
gene_10702	148	2	0.0135	0	0	0	other
gene_10703	729	7	0.0096	0	0	0	other
gene_10704	699	7	0.01	0	0	0	other
gene_10705	290	6	0.0207	0	0	0	other
gene_10706	289	2	0.0069	0	0	0	other
gene_10707	70	0	0.0	0	0	0	other
gene_10708	387	0	0.0	1	0	0	secreted (pred.)
gene_10709	275	2	0.0073	0	0	0	other
gene_1071	1404	15	0.0107	0	0	0	other
gene_10710	561	7	0.0125	0	0	0	other
gene_10711	264	6	0.0227	1	0	0	secreted (pred.)
gene_10713	321	2	0.0062	1	0	0	secreted (pred.)
gene_10714	381	9	0.0236	0	0	0	other
gene_10715	294	3	0.0102	0	0	0	other
gene_10716	380	5	0.0132	1	0	0	secreted (pred.)
gene_10717	518	6	0.0116	0	0	0	other
gene_10718	494	6	0.0121	0	0	0	other
gene_10719	292	0	0.0	1	0	0	secreted (pred.)
gene_1072	606	11	0.0182	0	0	0	other
gene_10720	531	16	0.0301	0	0	0	other
gene_10721	131	0	0.0	1	0	0	secreted (pred.)
gene_10722	502	1	0.002	0	0	0	other
gene_10723	611	7	0.0115	0	0	0	other
gene_10724	360	1	0.0028	0	0	0	other
gene_10725	1005	3	0.003	0	0	0	other
gene_10726	117	3	0.0256	0	0	0	other
gene_10727	569	6	0.0105	1	0	0	secreted (pred.)
gene_10728	75	1	0.0133	0	0	0	other
gene_10729	145	8	0.0552	0	0	0	other
gene_1073	180	1	0.0056	0	0	0	other
gene_10730	83	3	0.0361	1	1	0	secreted (pred.)
gene_10731	331	6	0.0181	0	0	0	other
gene_10732	1679	48	0.0286	1	0	0	secreted (pred.)
gene_10733	257	5	0.0195	1	0	0	secreted (pred.)
gene_10734	514	4	0.0078	0	0	0	other
gene_10735	356	0	0.0	0	0	0	other
gene_10736	189	8	0.0423	1	1	1	secreted (pred.)
gene_10737	264	5	0.0189	0	0	0	other
gene_10738	205	0	0.0	1	0	0	secreted (pred.)
gene_1074	155	3	0.0194	1	0	0	secreted (pred.)
gene_10740	725	11	0.0152	1	0	0	secreted (pred.)
gene_10741	615	10	0.0163	0	0	0	other
gene_10742	860	7	0.0081	0	0	0	other
gene_10743	61	3	0.0492	1	1	0	secreted (pred.)
gene_10744	420	3	0.0071	1	0	0	secreted (pred.)
gene_10745	197	1	0.0051	0	0	0	other
gene_10746	746	8	0.0107	0	0	0	other
gene_10747	1551	15	0.0097	0	0	0	other
gene_10748	154	3	0.0195	0	0	0	other
gene_10749	568	4	0.007	1	0	0	secreted (pred.)
gene_1075	77	0	0.0	1	0	0	secreted (pred.)
gene_10750	89	0	0.0	0	0	0	other
gene_10751	258	0	0.0	0	0	0	other
gene_10752	946	11	0.0116	1	0	0	secreted (pred.)
gene_10753	1540	23	0.0149	0	0	0	other
gene_10754	1562	12	0.0077	0	0	0	other
gene_10755	159	6	0.0377	0	0	0	other
gene_10757	379	1	0.0026	0	0	0	other
gene_10758	277	4	0.0144	0	0	0	other
gene_10759	620	13	0.021	1	0	0	secreted (pred.)
gene_10760	427	2	0.0047	1	0	0	secreted (pred.)
gene_10761	50	0	0.0	0	0	0	other
gene_10762	699	2	0.0029	0	0	0	other
gene_10763	363	5	0.0138	1	0	0	secreted (pred.)
gene_10764	341	6	0.0176	0	0	0	other
gene_10765	109	3	0.0275	0	0	0	other
gene_10766	319	9	0.0282	1	0	0	secreted (pred.)
gene_10767	105	2	0.019	0	0	0	other
gene_10768	1065	10	0.0094	1	0	0	secreted (pred.)
gene_10769	155	4	0.0258	1	1	0	secreted (pred.)
gene_1077	667	9	0.0135	1	0	0	secreted (pred.)
gene_10770	452	6	0.0133	0	0	0	other
gene_10771	172	3	0.0174	0	0	0	other
gene_10772	293	1	0.0034	0	0	0	other
gene_10773	204	3	0.0147	1	0	0	secreted (pred.)
gene_10774	894	18	0.0201	1	0	0	secreted (pred.)
gene_10775	275	8	0.0291	0	0	0	other
gene_10776	488	5	0.0102	0	0	0	other
gene_10777	141	1	0.0071	0	0	0	other
gene_10778	1490	16	0.0107	0	0	0	other
gene_10779	1010	8	0.0079	0	0	0	other
gene_1078	937	5	0.0053	0	0	0	other
gene_10780	455	4	0.0088	1	0	0	secreted (pred.)
gene_10781	874	15	0.0172	0	0	0	other
gene_10782	203	1	0.0049	0	0	0	other
gene_10783	437	6	0.0137	1	0	0	secreted (pred.)
gene_10784	290	2	0.0069	0	0	0	other
gene_10785	103	0	0.0	0	0	0	other
gene_10786	412	0	0.0	0	0	0	other
gene_10787	206	7	0.034	0	0	0	other
gene_10788	295	4	0.0136	1	1	0	secreted (pred.)
gene_10789	1055	14	0.0133	0	0	0	other
gene_1079	504	5	0.0099	1	0	0	secreted (pred.)
gene_10790	502	2	0.004	0	0	0	other
gene_10791	94	0	0.0	1	0	0	secreted (pred.)
gene_10792	801	11	0.0137	0	0	0	other
gene_10793	539	1	0.0019	1	0	0	secreted (pred.)
gene_10794	601	14	0.0233	0	0	0	other
gene_10795	334	12	0.0359	1	0	0	secreted (pred.)
gene_10796	681	16	0.0235	1	0	0	secreted (pred.)
gene_10797	272	5	0.0184	0	0	0	other
gene_10798	574	3	0.0052	0	0	0	other
gene_10799	320	6	0.0187	0	0	0	other
gene_108	251	1	0.004	0	0	0	other
gene_1080	185	0	0.0	0	0	0	other
gene_10800	566	4	0.0071	0	0	0	other
gene_10801	1118	5	0.0045	0	0	0	other
gene_10803	382	5	0.0131	0	0	0	other
gene_10804	365	1	0.0027	0	0	0	other
gene_10805	871	12	0.0138	0	0	0	other
gene_10806	368	3	0.0082	1	0	0	secreted (pred.)
gene_10807	501	4	0.008	0	0	0	other
gene_10808	616	10	0.0162	1	0	0	secreted (pred.)
gene_10809	404	5	0.0124	0	0	0	other
gene_1081	325	3	0.0092	0	0	0	other
gene_10810	199	0	0.0	1	0	0	secreted (pred.)
gene_10811	1342	15	0.0112	0	0	0	other
gene_10812	649	13	0.02	0	0	0	other
gene_10813	663	9	0.0136	0	0	0	other
gene_10814	534	3	0.0056	0	0	0	other
gene_10815	435	7	0.0161	0	0	0	other
gene_10816	135	4	0.0296	1	1	0	secreted (pred.)
gene_10817	264	0	0.0	0	0	0	other
gene_10818	546	0	0.0	1	0	0	secreted (pred.)
gene_10819	215	4	0.0186	1	1	0	secreted (pred.)
gene_1082	246	2	0.0081	0	0	0	other
gene_10820	86	0	0.0	0	0	0	other
gene_10821	638	18	0.0282	0	0	0	other
gene_10822	489	4	0.0082	0	0	0	other
gene_10823	592	0	0.0	0	0	0	other
gene_10824	855	5	0.0058	0	0	0	other
gene_10825	430	10	0.0233	0	0	0	other
gene_10826	235	0	0.0	1	0	0	secreted (pred.)
gene_10827	443	0	0.0	0	0	0	other
gene_10828	707	12	0.017	1	0	0	secreted (pred.)
gene_10829	1564	4	0.0026	0	0	0	other
gene_1083	431	8	0.0186	0	0	0	other
gene_10830	1152	19	0.0165	0	0	0	other
gene_10831	789	8	0.0101	0	0	0	other
gene_10832	1118	16	0.0143	0	0	0	other
gene_10833	390	6	0.0154	0	0	0	other
gene_10834	480	6	0.0125	0	0	0	other
gene_10835	384	4	0.0104	0	0	0	other
gene_10836	349	4	0.0115	0	0	0	other
gene_10837	257	7	0.0272	0	0	0	other
gene_10838	265	0	0.0	0	0	0	other
gene_10839	667	14	0.021	0	0	0	other
gene_1084	279	2	0.0072	0	0	0	other
gene_10840	181	3	0.0166	1	0	0	secreted (pred.)
gene_10841	230	6	0.0261	0	0	0	other
gene_10842	136	2	0.0147	1	0	0	secreted (pred.)
gene_10843	335	3	0.009	0	0	0	other
gene_10844	234	5	0.0214	0	0	0	other
gene_10845	331	5	0.0151	1	0	0	secreted (pred.)
gene_10846	506	4	0.0079	1	0	0	secreted (pred.)
gene_10847	222	1	0.0045	0	0	0	other
gene_10848	288	4	0.0139	0	0	0	other
gene_10849	270	2	0.0074	0	0	0	other
gene_1085	763	10	0.0131	0	0	0	other
gene_10850	319	7	0.0219	0	0	0	other
gene_10851	242	1	0.0041	0	0	0	other
gene_10852	743	1	0.0013	0	0	0	other
gene_10853	3282	61	0.0186	0	0	0	other
gene_10854	333	3	0.009	0	0	0	other
gene_10855	515	7	0.0136	0	0	0	other
gene_10856	141	2	0.0142	0	0	0	other
gene_10857	1037	13	0.0125	0	0	0	other
gene_10858	401	2	0.005	0	0	0	other
gene_10859	633	6	0.0095	0	0	0	other
gene_1086	526	5	0.0095	0	0	0	other
gene_10860	292	5	0.0171	0	0	0	other
gene_10861	893	7	0.0078	0	0	0	other
gene_10862	385	13	0.0338	0	0	0	other
gene_10863	336	2	0.006	1	0	0	secreted (pred.)
gene_10864	455	2	0.0044	1	0	0	secreted (pred.)
gene_10865	684	6	0.0088	1	0	0	secreted (pred.)
gene_10866	322	3	0.0093	0	0	0	other
gene_10867	1487	14	0.0094	0	0	0	other
gene_10868	807	11	0.0136	0	0	0	other
gene_10869	551	6	0.0109	1	0	0	secreted (pred.)
gene_1087	205	2	0.0098	0	0	0	other
gene_10870	858	2	0.0023	0	0	0	other
gene_10871	353	1	0.0028	0	0	0	other
gene_10872	491	9	0.0183	0	0	0	other
gene_10873	304	5	0.0164	0	0	0	other
gene_10874	1490	16	0.0107	0	0	0	other
gene_10875	294	5	0.017	0	0	0	other
gene_10876	630	10	0.0159	1	0	0	secreted (pred.)
gene_10877	262	7	0.0267	0	0	0	other
gene_10878	320	6	0.0187	0	0	0	other
gene_10879	117	4	0.0342	1	1	0	secreted (pred.)
gene_1088	458	1	0.0022	0	0	0	other
gene_10880	257	6	0.0233	0	0	0	other
gene_10881	357	7	0.0196	0	0	0	other
gene_10882	420	2	0.0048	0	0	0	other
gene_10883	236	4	0.0169	1	1	0	secreted (pred.)
gene_10885	594	9	0.0152	1	0	0	secreted (pred.)
gene_10886	542	8	0.0148	0	0	0	other
gene_10887	607	3	0.0049	0	0	0	other
gene_10888	824	5	0.0061	0	0	0	other
gene_10889	868	7	0.0081	0	0	0	other
gene_1089	408	6	0.0147	0	0	0	other
gene_10890	1152	18	0.0156	0	0	0	other
gene_10891	583	13	0.0223	0	0	0	other
gene_10892	166	2	0.012	1	0	0	secreted (pred.)
gene_10893	484	4	0.0083	1	0	0	secreted (pred.)
gene_10894	270	4	0.0148	0	0	0	other
gene_10895	957	6	0.0063	1	0	0	secreted (pred.)
gene_10896	449	4	0.0089	0	0	0	other
gene_10897	244	1	0.0041	1	0	0	secreted (pred.)
gene_10898	528	1	0.0019	0	0	0	other
gene_10899	347	7	0.0202	0	0	0	other
gene_109	651	2	0.0031	1	0	0	secreted (pred.)
gene_10900	1118	5	0.0045	0	0	0	other
gene_10901	390	6	0.0154	0	0	0	other
gene_10902	506	7	0.0138	1	0	0	secreted (pred.)
gene_10903	428	8	0.0187	0	0	0	other
gene_10904	301	4	0.0133	0	0	0	other
gene_10905	529	5	0.0095	0	0	0	other
gene_10906	888	11	0.0124	0	0	0	other
gene_10907	395	5	0.0127	1	0	0	secreted (pred.)
gene_10908	630	11	0.0175	0	0	0	other
gene_10909	645	2	0.0031	0	0	0	other
gene_1091	268	1	0.0037	1	0	0	secreted (pred.)
gene_10910	505	6	0.0119	1	0	0	secreted (pred.)
gene_10911	448	3	0.0067	0	0	0	other
gene_10912	369	10	0.0271	0	0	0	other
gene_10913	337	4	0.0119	0	0	0	other
gene_10914	220	5	0.0227	1	1	0	secreted (pred.)
gene_10915	719	8	0.0111	0	0	0	other
gene_10916	1592	26	0.0163	0	0	0	other
gene_10918	250	7	0.028	1	1	0	secreted (pred.)
gene_10919	267	2	0.0075	0	0	0	other
gene_10920	420	3	0.0071	1	0	0	secreted (pred.)
gene_10921	156	2	0.0128	0	0	0	other
gene_10922	610	7	0.0115	0	0	0	other
gene_10923	335	2	0.006	1	0	0	secreted (pred.)
gene_10924	455	14	0.0308	1	0	0	secreted (pred.)
gene_10925	412	0	0.0	0	0	0	other
gene_10926	812	10	0.0123	0	0	0	other
gene_10927	334	4	0.012	0	0	0	other
gene_10928	729	7	0.0096	0	0	0	other
gene_10929	464	9	0.0194	0	0	0	other
gene_1093	2056	16	0.0078	0	0	0	other
gene_10930	102	2	0.0196	1	0	0	secreted (pred.)
gene_10931	300	3	0.01	0	0	0	other
gene_10932	135	7	0.0519	1	1	0	secreted (pred.)
gene_10933	379	6	0.0158	1	0	0	secreted (pred.)
gene_10934	214	3	0.014	0	0	0	other
gene_10935	1011	16	0.0158	0	0	0	other
gene_10936	339	6	0.0177	1	0	0	secreted (pred.)
gene_10937	311	4	0.0129	0	0	0	other
gene_10938	899	9	0.01	1	0	0	secreted (pred.)
gene_1094	420	3	0.0071	0	0	0	other
gene_10940	257	3	0.0117	0	0	0	other
gene_10941	1246	26	0.0209	0	0	0	other
gene_10942	379	3	0.0079	0	0	0	other
gene_10943	278	8	0.0288	0	0	0	other
gene_10944	390	5	0.0128	1	0	0	secreted (pred.)
gene_10946	723	6	0.0083	0	0	0	other
gene_10947	567	4	0.0071	0	0	0	other
gene_10948	504	3	0.006	1	0	0	secreted (pred.)
gene_10949	329	8	0.0243	1	0	0	secreted (pred.)
gene_1095	137	3	0.0219	1	1	0	secreted (pred.)
gene_10950	316	2	0.0063	0	0	0	other
gene_10951	311	3	0.0096	1	0	0	secreted (pred.)
gene_10952	293	9	0.0307	1	1	0	secreted (pred.)
gene_10953	350	4	0.0114	0	0	0	other
gene_10954	409	4	0.0098	1	0	0	secreted (pred.)
gene_10955	467	4	0.0086	0	0	0	other
gene_10956	378	3	0.0079	0	0	0	other
gene_10957	286	5	0.0175	0	0	0	other
gene_10958	712	13	0.0183	0	0	0	other
gene_10959	113	0	0.0	0	0	0	other
gene_1096	470	11	0.0234	0	0	0	other
gene_10960	2237	31	0.0139	0	0	0	other
gene_10961	564	11	0.0195	0	0	0	other
gene_10962	582	5	0.0086	0	0	0	other
gene_10963	990	4	0.004	0	0	0	other
gene_10964	516	8	0.0155	0	0	0	other
gene_10965	309	6	0.0194	0	0	0	other
gene_10966	167	2	0.012	0	0	0	other
gene_10967	569	7	0.0123	0	0	0	other
gene_10968	983	18	0.0183	0	0	0	other
gene_10969	517	8	0.0155	0	0	0	other
gene_1097	194	3	0.0155	0	0	0	other
gene_10970	916	3	0.0033	0	0	0	other
gene_10971	333	6	0.018	1	1	1	secreted (pred.)
gene_10972	803	12	0.0149	0	0	0	other
gene_10973	315	0	0.0	0	0	0	other
gene_10974	281	8	0.0285	1	1	0	secreted (pred.)
gene_10975	571	1	0.0018	0	0	0	other
gene_10976	232	7	0.0302	0	0	0	other
gene_10977	574	7	0.0122	1	0	0	secreted (pred.)
gene_10978	792	17	0.0215	0	0	0	other
gene_10979	625	4	0.0064	0	0	0	other
gene_1098	81	0	0.0	1	0	0	secreted (pred.)
gene_10980	806	13	0.0161	0	0	0	other
gene_10981	310	1	0.0032	1	0	0	secreted (pred.)
gene_10982	445	7	0.0157	0	0	0	other
gene_10983	262	0	0.0	1	0	0	secreted (pred.)
gene_10984	1139	10	0.0088	0	0	0	other
gene_10985	607	12	0.0198	1	0	0	secreted (pred.)
gene_10986	1239	18	0.0145	0	0	0	other
gene_10987	222	5	0.0225	0	0	0	other
gene_10988	724	19	0.0262	0	0	0	other
gene_10989	455	6	0.0132	1	0	0	secreted (pred.)
gene_1099	342	1	0.0029	0	0	0	other
gene_10990	281	6	0.0214	0	0	0	other
gene_10991	467	7	0.015	1	0	0	secreted (pred.)
gene_10992	525	13	0.0248	0	0	0	other
gene_10993	166	1	0.006	0	0	0	other
gene_10994	260	3	0.0115	0	0	0	other
gene_10995	392	7	0.0179	0	0	0	other
gene_10996	216	3	0.0139	0	0	0	other
gene_10997	795	6	0.0075	0	0	0	other
gene_10998	232	4	0.0172	0	0	0	other
gene_10999	749	0	0.0	0	0	0	other
gene_11	623	11	0.0177	0	0	0	other
gene_110	2021	19	0.0094	0	0	0	other
gene_1100	240	9	0.0375	0	0	0	other
gene_11000	713	4	0.0056	1	0	0	secreted (pred.)
gene_11001	4076	24	0.0059	0	0	0	other
gene_11002	445	5	0.0112	1	0	0	secreted (pred.)
gene_11003	325	9	0.0277	1	0	0	secreted (pred.)
gene_11004	421	4	0.0095	0	0	0	other
gene_11005	649	10	0.0154	0	0	0	other
gene_11006	890	11	0.0124	0	0	0	other
gene_11007	329	2	0.0061	0	0	0	other
gene_11008	275	2	0.0073	1	0	0	secreted (pred.)
gene_11009	469	2	0.0043	0	0	0	other
gene_1101	193	2	0.0104	0	0	0	other
gene_11010	649	25	0.0385	1	0	0	secreted (pred.)
gene_11011	371	14	0.0377	0	0	0	other
gene_11012	169	5	0.0296	0	0	0	other
gene_11013	202	0	0.0	0	0	0	other
gene_11014	507	9	0.0178	0	1	1	secreted (pred.)
gene_11015	302	2	0.0066	0	0	0	other
gene_11016	806	8	0.0099	0	0	0	other
gene_11017	176	2	0.0114	1	0	0	secreted (pred.)
gene_11018	845	13	0.0154	1	0	0	secreted (pred.)
gene_11019	406	4	0.0099	0	0	0	other
gene_1102	159	1	0.0063	1	0	0	secreted (pred.)
gene_11021	716	0	0.0	0	0	0	other
gene_11022	219	0	0.0	1	0	0	secreted (pred.)
gene_11024	134	0	0.0	1	0	0	secreted (pred.)
gene_11025	276	3	0.0109	0	0	0	other
gene_11026	549	11	0.02	0	0	0	other
gene_11027	628	10	0.0159	0	0	0	other
gene_11028	1628	22	0.0135	0	0	0	other
gene_11029	515	7	0.0136	0	0	0	other
gene_1103	1245	8	0.0064	0	0	0	other
gene_11030	461	9	0.0195	1	0	0	secreted (pred.)
gene_11031	381	0	0.0	0	0	0	other
gene_11032	208	0	0.0	0	0	0	other
gene_11033	221	5	0.0226	0	0	0	other
gene_11034	632	6	0.0095	0	0	0	other
gene_11035	371	5	0.0135	0	0	0	other
gene_11036	166	8	0.0482	1	1	1	secreted (pred.)
gene_11037	456	1	0.0022	1	0	0	secreted (pred.)
gene_11038	280	4	0.0143	0	0	0	other
gene_11039	1118	16	0.0143	0	0	0	other
gene_1104	200	4	0.02	0	0	0	other
gene_11040	348	2	0.0057	0	0	0	other
gene_11041	375	4	0.0107	0	0	0	other
gene_11042	570	13	0.0228	1	0	0	secreted (pred.)
gene_11043	561	7	0.0125	0	0	0	other
gene_11044	265	5	0.0189	0	0	0	other
gene_11045	1662	19	0.0114	0	0	0	other
gene_11046	782	4	0.0051	0	0	0	other
gene_11047	636	11	0.0173	0	0	0	other
gene_11049	247	3	0.0121	0	0	0	other
gene_1105	245	4	0.0163	0	0	0	other
gene_11050	371	12	0.0323	0	0	0	other
gene_11051	1831	38	0.0208	0	0	0	other
gene_11053	377	10	0.0265	0	0	0	other
gene_11054	645	15	0.0233	0	0	0	other
gene_11055	1026	12	0.0117	1	0	0	secreted (pred.)
gene_11056	439	14	0.0319	1	0	0	secreted (pred.)
gene_11057	340	3	0.0088	0	0	0	other
gene_11058	462	3	0.0065	0	0	0	other
gene_11059	462	4	0.0087	1	0	0	secreted (pred.)
gene_1106	780	1	0.0013	0	0	0	other
gene_11060	452	1	0.0022	0	0	0	other
gene_11061	306	5	0.0163	1	0	0	secreted (pred.)
gene_11062	478	5	0.0105	0	0	0	other
gene_11063	177	0	0.0	0	0	0	other
gene_11064	580	7	0.0121	0	0	0	other
gene_11065	805	12	0.0149	1	0	0	secreted (pred.)
gene_11066	269	2	0.0074	0	0	0	other
gene_11067	759	7	0.0092	1	0	0	secreted (pred.)
gene_11068	281	4	0.0142	0	0	0	other
gene_11069	147	4	0.0272	1	1	0	secreted (pred.)
gene_1107	978	2	0.002	0	0	0	other
gene_11070	1371	18	0.0131	0	0	0	other
gene_11071	566	4	0.0071	0	0	0	other
gene_11072	472	3	0.0064	0	0	0	other
gene_11073	401	6	0.015	0	0	0	other
gene_11074	213	2	0.0094	0	0	0	other
gene_11075	435	8	0.0184	1	0	0	secreted (pred.)
gene_11076	868	8	0.0092	0	0	0	other
gene_11077	479	4	0.0084	0	0	0	other
gene_11078	442	13	0.0294	0	0	0	other
gene_11079	220	8	0.0364	0	0	0	other
gene_1108	154	9	0.0584	0	0	0	other
gene_11080	533	9	0.0169	1	0	0	secreted (pred.)
gene_11081	484	4	0.0083	0	0	0	other
gene_11082	165	4	0.0242	1	1	0	secreted (pred.)
gene_11083	618	15	0.0243	0	0	0	other
gene_11084	231	2	0.0087	0	0	0	other
gene_11085	99	8	0.0808	1	1	1	secreted (pred.)
gene_11086	292	3	0.0103	0	0	0	other
gene_11087	986	15	0.0152	0	0	0	other
gene_11088	465	21	0.0452	1	0	0	secreted (pred.)
gene_11089	210	1	0.0048	0	0	0	other
gene_1109	558	4	0.0072	0	0	0	other
gene_11090	475	1	0.0021	0	0	0	other
gene_11091	578	3	0.0052	0	0	0	other
gene_11092	305	5	0.0164	0	0	0	other
gene_11093	1219	20	0.0164	0	0	0	other
gene_11095	399	13	0.0326	0	0	0	other
gene_11096	229	0	0.0	1	0	0	secreted (pred.)
gene_11097	121	1	0.0083	1	0	0	secreted (pred.)
gene_11098	476	1	0.0021	0	0	0	other
gene_11099	350	4	0.0114	0	0	0	other
gene_111	499	1	0.002	0	0	0	other
gene_1110	203	9	0.0443	1	1	0	secreted (pred.)
gene_11100	194	3	0.0155	0	0	0	other
gene_11101	472	5	0.0106	0	0	0	other
gene_11102	703	13	0.0185	0	0	0	other
gene_11103	456	5	0.011	1	0	0	secreted (pred.)
gene_11104	1173	20	0.0171	1	0	0	secreted (pred.)
gene_11105	182	0	0.0	0	0	0	other
gene_11106	506	4	0.0079	0	0	0	other
gene_11108	127	5	0.0394	1	1	0	secreted (pred.)
gene_11109	796	6	0.0075	0	0	0	other
gene_1111	445	8	0.018	1	0	0	secreted (pred.)
gene_11110	613	8	0.0131	0	0	0	other
gene_11111	1882	18	0.0096	0	0	0	other
gene_11112	229	5	0.0218	0	0	0	other
gene_11113	306	1	0.0033	0	0	0	other
gene_11114	1182	45	0.0381	1	0	0	secreted (pred.)
gene_11115	412	14	0.034	0	0	0	other
gene_11116	344	14	0.0407	0	0	0	other
gene_11117	243	5	0.0206	1	1	0	secreted (pred.)
gene_11118	205	3	0.0146	1	0	0	secreted (pred.)
gene_11119	532	5	0.0094	0	0	0	other
gene_1112	865	5	0.0058	0	0	0	other
gene_11120	1887	15	0.0079	0	0	0	other
gene_11121	654	1	0.0015	0	0	0	other
gene_11122	666	8	0.012	0	0	0	other
gene_11123	308	8	0.026	0	0	0	other
gene_11124	323	2	0.0062	0	0	0	other
gene_11125	535	7	0.0131	0	0	0	other
gene_11126	513	7	0.0136	0	0	0	other
gene_11127	109	2	0.0183	0	0	0	other
gene_11128	231	8	0.0346	0	0	0	other
gene_11129	649	8	0.0123	0	0	0	other
gene_1113	92	2	0.0217	0	0	0	other
gene_11130	206	5	0.0243	0	0	0	other
gene_11131	1116	17	0.0152	0	0	0	other
gene_11132	109	3	0.0275	0	0	0	other
gene_11133	234	0	0.0	0	0	0	other
gene_11134	554	1	0.0018	0	0	0	other
gene_11136	503	6	0.0119	1	0	0	secreted (pred.)
gene_11137	494	12	0.0243	0	0	0	other
gene_11138	189	11	0.0582	0	0	0	other
gene_11139	650	9	0.0138	0	0	0	other
gene_1114	207	8	0.0386	1	1	0	secreted (pred.)
gene_11140	143	1	0.007	1	0	0	secreted (pred.)
gene_11141	577	4	0.0069	1	0	0	secreted (pred.)
gene_11144	486	3	0.0062	1	0	0	secreted (pred.)
gene_11145	470	6	0.0128	0	0	0	other
gene_11146	233	6	0.0258	0	0	0	other
gene_11147	496	13	0.0262	0	0	0	other
gene_11149	810	19	0.0235	0	0	0	other
gene_1115	309	7	0.0227	0	0	0	other
gene_11150	664	14	0.0211	0	0	0	other
gene_11151	209	3	0.0144	0	0	0	other
gene_11152	489	3	0.0061	0	0	0	other
gene_11153	727	5	0.0069	0	0	0	other
gene_11154	273	0	0.0	0	0	0	other
gene_11155	160	0	0.0	0	0	0	other
gene_11156	1467	20	0.0136	0	0	0	other
gene_11157	190	2	0.0105	0	0	0	other
gene_11158	727	1	0.0014	0	0	0	other
gene_11159	553	9	0.0163	1	0	0	secreted (pred.)
gene_1116	379	3	0.0079	0	0	0	other
gene_11160	583	7	0.012	1	0	0	secreted (pred.)
gene_11161	575	4	0.007	1	0	0	secreted (pred.)
gene_11162	522	5	0.0096	1	0	0	secreted (pred.)
gene_11163	672	18	0.0268	0	0	0	other
gene_11164	87	2	0.023	1	1	0	secreted (pred.)
gene_11165	275	2	0.0073	0	0	0	other
gene_11166	81	6	0.0741	0	0	0	other
gene_11167	497	28	0.0563	1	0	0	secreted (pred.)
gene_11168	348	3	0.0086	0	0	0	other
gene_11169	57	1	0.0175	1	0	0	secreted (pred.)
gene_1117	1014	3	0.003	0	0	0	other
gene_11170	189	4	0.0212	1	1	0	secreted (pred.)
gene_11171	774	10	0.0129	0	0	0	other
gene_11172	282	3	0.0106	0	0	0	other
gene_11173	812	3	0.0037	0	0	0	other
gene_11174	58	7	0.1207	0	0	0	other
gene_11175	264	5	0.0189	1	1	0	secreted (pred.)
gene_11176	619	13	0.021	0	0	0	other
gene_11177	112	0	0.0	0	0	0	other
gene_11178	153	2	0.0131	0	0	0	other
gene_11179	557	2	0.0036	0	0	0	other
gene_1118	248	9	0.0363	0	0	0	other
gene_11180	265	5	0.0189	1	0	0	secreted (pred.)
gene_11181	512	1	0.002	0	0	0	other
gene_11182	405	3	0.0074	0	0	0	other
gene_11183	342	1	0.0029	1	0	0	secreted (pred.)
gene_11184	270	5	0.0185	0	0	0	other
gene_11186	106	9	0.0849	1	1	0	secreted (pred.)
gene_11187	1019	7	0.0069	1	0	0	secreted (pred.)
gene_11188	303	5	0.0165	0	0	0	other
gene_11189	247	0	0.0	1	0	0	secreted (pred.)
gene_1119	375	3	0.008	0	0	0	other
gene_11190	79	1	0.0127	0	0	0	other
gene_11191	531	5	0.0094	1	0	0	secreted (pred.)
gene_11192	425	9	0.0212	1	0	0	secreted (pred.)
gene_11193	615	0	0.0	0	0	0	other
gene_11194	749	10	0.0134	0	0	0	other
gene_11195	513	8	0.0156	1	0	0	secreted (pred.)
gene_11196	380	4	0.0105	0	0	0	other
gene_11197	410	6	0.0146	0	0	0	other
gene_11198	353	5	0.0142	0	0	0	other
gene_11199	247	0	0.0	0	0	0	other
gene_112	293	1	0.0034	0	0	0	other
gene_1120	1020	10	0.0098	0	0	0	other
gene_11200	499	4	0.008	0	0	0	other
gene_11201	503	2	0.004	0	0	0	other
gene_11202	866	5	0.0058	0	0	0	other
gene_11204	509	5	0.0098	0	0	0	other
gene_11205	260	2	0.0077	0	0	0	other
gene_11206	297	6	0.0202	0	0	0	other
gene_11207	167	4	0.024	0	0	0	other
gene_11208	187	9	0.0481	1	1	0	secreted (pred.)
gene_11209	396	3	0.0076	1	0	0	secreted (pred.)
gene_11210	533	12	0.0225	0	0	0	other
gene_11211	795	28	0.0352	0	0	0	other
gene_11212	581	2	0.0034	1	0	0	secreted (pred.)
gene_11213	372	2	0.0054	0	0	0	other
gene_11214	260	0	0.0	0	0	0	other
gene_11215	123	0	0.0	0	0	0	other
gene_11216	211	2	0.0095	0	0	0	other
gene_11217	337	0	0.0	0	0	0	other
gene_11218	356	3	0.0084	0	0	0	other
gene_11219	698	18	0.0258	0	0	0	other
gene_1122	514	9	0.0175	0	0	0	other
gene_11220	731	6	0.0082	0	0	0	other
gene_11221	427	3	0.007	0	0	0	other
gene_11222	2599	45	0.0173	0	0	0	other
gene_11223	457	5	0.0109	0	0	0	other
gene_11224	212	1	0.0047	0	0	0	other
gene_11225	301	5	0.0166	0	0	0	other
gene_11226	422	1	0.0024	0	0	0	other
gene_11227	396	20	0.0505	0	0	0	other
gene_11228	307	14	0.0456	1	0	0	secreted (pred.)
gene_11229	685	2	0.0029	0	0	0	other
gene_1123	1002	22	0.022	0	0	0	other
gene_11230	273	0	0.0	0	0	0	other
gene_11231	309	7	0.0227	1	0	0	secreted (pred.)
gene_11232	524	5	0.0095	1	0	0	secreted (pred.)
gene_11233	185	4	0.0216	0	0	0	other
gene_11234	1115	0	0.0	0	0	0	other
gene_11235	153	0	0.0	0	0	0	other
gene_11236	344	6	0.0174	1	0	0	secreted (pred.)
gene_11238	179	0	0.0	0	0	0	other
gene_11239	911	17	0.0187	0	0	0	other
gene_1124	621	6	0.0097	1	0	0	secreted (pred.)
gene_11240	219	0	0.0	0	0	0	other
gene_11241	327	0	0.0	0	0	0	other
gene_11242	675	3	0.0044	1	0	0	secreted (pred.)
gene_11243	1522	8	0.0053	0	0	0	other
gene_11244	812	2	0.0025	0	0	0	other
gene_11245	500	5	0.01	1	0	0	secreted (pred.)
gene_11246	1156	18	0.0156	0	0	0	other
gene_11247	610	5	0.0082	0	0	0	other
gene_11248	1398	18	0.0129	0	0	0	other
gene_11249	463	8	0.0173	1	0	0	secreted (pred.)
gene_1125	892	16	0.0179	0	0	0	other
gene_11250	847	2	0.0024	1	0	0	secreted (pred.)
gene_11251	235	8	0.034	1	1	0	secreted (pred.)
gene_11252	1453	9	0.0062	0	0	0	other
gene_11253	190	4	0.0211	0	0	0	other
gene_11254	629	1	0.0016	0	0	0	other
gene_11255	426	2	0.0047	0	0	0	other
gene_11256	531	6	0.0113	1	0	0	secreted (pred.)
gene_11257	269	3	0.0112	0	0	0	other
gene_11258	580	5	0.0086	0	0	0	other
gene_11259	769	23	0.0299	0	0	0	other
gene_1126	239	1	0.0042	0	0	0	other
gene_11260	148	1	0.0068	1	0	0	secreted (pred.)
gene_11261	1355	16	0.0118	0	0	0	other
gene_11263	222	7	0.0315	0	0	0	other
gene_11264	368	3	0.0082	0	0	0	other
gene_11265	155	0	0.0	1	0	0	secreted (pred.)
gene_11266	420	6	0.0143	1	0	0	secreted (pred.)
gene_11267	1693	34	0.0201	1	1	1	secreted (pred.)
gene_11268	313	6	0.0192	0	0	0	other
gene_11269	406	8	0.0197	0	0	0	other
gene_1127	624	3	0.0048	0	0	0	other
gene_11270	294	3	0.0102	1	0	0	secreted (pred.)
gene_11271	664	6	0.009	0	0	0	other
gene_11273	335	4	0.0119	0	0	0	other
gene_11274	619	8	0.0129	0	0	0	other
gene_11275	1108	10	0.009	0	0	0	other
gene_11276	915	6	0.0066	0	0	0	other
gene_11277	528	2	0.0038	1	0	0	secreted (pred.)
gene_11278	82	6	0.0732	1	1	0	secreted (pred.)
gene_11279	1910	4	0.0021	0	0	0	other
gene_1128	452	1	0.0022	0	0	0	other
gene_11280	1396	8	0.0057	0	0	0	other
gene_11281	487	10	0.0205	0	0	0	other
gene_11282	166	3	0.0181	1	0	0	secreted (pred.)
gene_11283	746	20	0.0268	0	0	0	other
gene_11284	627	14	0.0223	0	0	0	other
gene_11285	487	5	0.0103	0	0	0	other
gene_11286	322	1	0.0031	0	0	0	other
gene_11287	479	6	0.0125	1	0	0	secreted (pred.)
gene_11288	145	8	0.0552	1	1	0	secreted (pred.)
gene_11289	914	16	0.0175	0	0	0	other
gene_1129	249	1	0.004	1	0	0	secreted (pred.)
gene_11290	684	7	0.0102	1	0	0	secreted (pred.)
gene_11291	188	2	0.0106	0	0	0	other
gene_11292	1308	9	0.0069	0	0	0	other
gene_11293	92	2	0.0217	1	1	0	secreted (pred.)
gene_11294	398	4	0.0101	0	0	0	other
gene_11295	343	2	0.0058	0	0	0	other
gene_11296	631	13	0.0206	0	0	0	other
gene_11297	407	2	0.0049	1	0	0	secreted (pred.)
gene_11298	331	3	0.0091	0	0	0	other
gene_11299	869	21	0.0242	0	0	0	other
gene_113	286	9	0.0315	0	0	0	other
gene_1130	647	18	0.0278	0	0	0	other
gene_11300	78	0	0.0	1	0	0	secreted (pred.)
gene_11302	113	0	0.0	0	0	0	other
gene_11303	515	10	0.0194	1	0	0	secreted (pred.)
gene_11304	233	4	0.0172	0	0	0	other
gene_11305	74	0	0.0	0	0	0	other
gene_11306	282	1	0.0035	0	0	0	other
gene_11307	220	7	0.0318	0	0	0	other
gene_11308	267	6	0.0225	1	1	0	secreted (pred.)
gene_11309	619	9	0.0145	0	0	0	other
gene_1131	902	11	0.0122	0	0	0	other
gene_11310	359	5	0.0139	0	0	0	other
gene_11311	805	5	0.0062	0	0	0	other
gene_11312	343	5	0.0146	0	0	0	other
gene_11313	778	11	0.0141	0	0	0	other
gene_11314	501	7	0.014	0	0	0	other
gene_11316	405	10	0.0247	0	0	0	other
gene_11317	546	7	0.0128	0	0	0	other
gene_11318	527	2	0.0038	0	0	0	other
gene_11319	1014	14	0.0138	0	0	0	other
gene_1132	898	5	0.0056	0	0	0	other
gene_11320	239	2	0.0084	0	0	0	other
gene_11321	1322	14	0.0106	0	0	0	other
gene_11322	1390	7	0.005	0	0	0	other
gene_11323	548	7	0.0128	0	0	0	other
gene_11324	376	6	0.016	0	0	0	other
gene_11325	375	6	0.016	0	0	0	other
gene_11326	458	3	0.0066	1	0	0	secreted (pred.)
gene_11327	277	6	0.0217	1	1	0	secreted (pred.)
gene_11328	375	2	0.0053	0	0	0	other
gene_11329	228	1	0.0044	0	0	0	other
gene_1133	372	3	0.0081	1	0	0	secreted (pred.)
gene_11330	235	3	0.0128	0	0	0	other
gene_11331	310	2	0.0065	0	0	0	other
gene_11332	494	7	0.0142	0	0	0	other
gene_11333	354	5	0.0141	0	0	0	other
gene_11334	486	6	0.0123	0	0	0	other
gene_11335	604	1	0.0017	0	0	0	other
gene_11336	443	5	0.0113	0	0	0	other
gene_11338	134	0	0.0	0	0	0	other
gene_11339	934	18	0.0193	0	0	0	other
gene_1134	96	1	0.0104	1	0	0	secreted (pred.)
gene_11340	458	5	0.0109	1	0	0	secreted (pred.)
gene_11341	137	2	0.0146	0	0	0	other
gene_11342	414	8	0.0193	0	0	0	other
gene_11343	328	1	0.003	1	0	0	secreted (pred.)
gene_11344	347	2	0.0058	0	0	0	other
gene_11345	509	9	0.0177	0	0	0	other
gene_11346	95	8	0.0842	1	1	0	secreted (pred.)
gene_11347	234	2	0.0085	0	0	0	other
gene_11348	154	1	0.0065	0	0	0	other
gene_11349	1032	12	0.0116	0	0	0	other
gene_1135	518	6	0.0116	0	0	0	other
gene_11350	1508	18	0.0119	0	0	0	other
gene_11351	295	7	0.0237	0	0	0	other
gene_11352	288	1	0.0035	1	0	0	secreted (pred.)
gene_11353	376	2	0.0053	0	0	0	other
gene_11354	887	3	0.0034	0	0	0	other
gene_11355	276	1	0.0036	0	0	0	other
gene_11357	59	5	0.0847	1	1	0	secreted (pred.)
gene_11358	452	3	0.0066	0	0	0	other
gene_11359	383	17	0.0444	0	0	0	other
gene_1136	237	2	0.0084	0	0	0	other
gene_11360	205	12	0.0585	1	1	0	secreted (pred.)
gene_11361	664	15	0.0226	1	0	0	secreted (pred.)
gene_11362	290	5	0.0172	0	0	0	other
gene_11363	280	6	0.0214	1	1	0	secreted (pred.)
gene_11364	873	7	0.008	0	0	0	other
gene_11365	440	5	0.0114	1	0	0	secreted (pred.)
gene_11366	297	4	0.0135	1	1	0	secreted (pred.)
gene_11367	495	7	0.0141	0	0	0	other
gene_11368	568	4	0.007	0	0	0	other
gene_11369	408	4	0.0098	0	0	0	other
gene_1137	593	8	0.0135	0	0	0	other
gene_11370	471	3	0.0064	0	0	0	other
gene_11371	107	6	0.0561	1	1	0	secreted (pred.)
gene_11372	864	18	0.0208	0	0	0	other
gene_11373	1639	17	0.0104	0	0	0	other
gene_11374	872	9	0.0103	0	0	0	other
gene_11375	72	0	0.0	1	0	0	secreted (pred.)
gene_11376	116	6	0.0517	1	1	0	secreted (pred.)
gene_11377	836	2	0.0024	1	0	0	secreted (pred.)
gene_11378	469	1	0.0021	0	0	0	other
gene_11379	482	3	0.0062	0	0	0	other
gene_1138	804	9	0.0112	0	0	0	other
gene_11380	322	5	0.0155	0	0	0	other
gene_11382	560	14	0.025	0	0	0	other
gene_11383	120	0	0.0	0	0	0	other
gene_11384	106	8	0.0755	1	1	0	secreted (pred.)
gene_11385	621	2	0.0032	0	0	0	other
gene_11386	755	4	0.0053	0	0	0	other
gene_11387	237	8	0.0338	1	1	0	secreted (pred.)
gene_11388	669	1	0.0015	0	0	0	other
gene_11389	386	2	0.0052	0	0	0	other
gene_1139	602	14	0.0233	0	0	0	other
gene_11390	230	4	0.0174	1	1	0	secreted (pred.)
gene_11391	789	11	0.0139	0	0	0	other
gene_11392	1277	16	0.0125	0	0	0	other
gene_11393	788	7	0.0089	0	0	0	other
gene_11394	705	8	0.0113	1	0	0	secreted (pred.)
gene_11396	153	5	0.0327	0	0	0	other
gene_11397	1095	47	0.0429	1	0	0	secreted (pred.)
gene_11398	953	27	0.0283	0	0	0	other
gene_11399	121	7	0.0579	0	0	0	other
gene_114	108	0	0.0	1	0	0	secreted (pred.)
gene_1140	402	3	0.0075	1	0	0	secreted (pred.)
gene_11400	762	15	0.0197	0	0	0	other
gene_11401	290	0	0.0	0	0	0	other
gene_11402	414	10	0.0242	0	0	0	other
gene_11403	470	3	0.0064	0	0	0	other
gene_11404	493	2	0.0041	1	0	0	secreted (pred.)
gene_11405	544	4	0.0074	0	0	0	other
gene_11406	328	2	0.0061	0	0	0	other
gene_11407	353	4	0.0113	1	0	0	secreted (pred.)
gene_11408	99	0	0.0	0	0	0	other
gene_11409	257	30	0.1167	1	1	0	secreted (pred.)
gene_1141	264	4	0.0152	0	0	0	other
gene_11410	232	7	0.0302	1	1	0	secreted (pred.)
gene_11411	404	5	0.0124	0	0	0	other
gene_11412	619	2	0.0032	0	0	0	other
gene_11413	139	0	0.0	0	0	0	other
gene_11414	570	6	0.0105	1	0	0	secreted (pred.)
gene_11415	117	6	0.0513	0	0	0	other
gene_11416	407	0	0.0	0	0	0	other
gene_11417	843	11	0.013	0	0	0	other
gene_11418	380	7	0.0184	0	0	0	other
gene_11419	218	10	0.0459	0	0	0	other
gene_1142	281	3	0.0107	0	0	0	other
gene_11420	598	21	0.0351	0	0	0	other
gene_11421	74	0	0.0	0	0	0	other
gene_11422	397	8	0.0202	0	0	0	other
gene_11423	578	11	0.019	0	0	0	other
gene_11424	936	11	0.0118	0	0	0	other
gene_11425	931	14	0.015	0	0	0	other
gene_11426	977	11	0.0113	0	0	0	other
gene_11427	621	14	0.0225	0	0	0	other
gene_11428	491	7	0.0143	0	0	0	other
gene_11429	452	2	0.0044	0	0	0	other
gene_1143	530	8	0.0151	0	0	0	other
gene_11430	1630	32	0.0196	1	0	0	secreted (pred.)
gene_11431	230	13	0.0565	1	1	0	secreted (pred.)
gene_11432	288	3	0.0104	0	0	0	other
gene_11433	357	6	0.0168	0	0	0	other
gene_11434	259	4	0.0154	0	0	0	other
gene_11435	501	11	0.022	0	0	0	other
gene_11437	428	3	0.007	0	0	0	other
gene_11438	456	4	0.0088	1	0	0	secreted (pred.)
gene_11439	329	6	0.0182	0	0	0	other
gene_1144	250	7	0.028	1	1	0	secreted (pred.)
gene_11440	76	1	0.0132	1	0	0	secreted (pred.)
gene_11441	325	2	0.0062	0	0	0	other
gene_11442	384	5	0.013	0	0	0	other
gene_11443	1008	10	0.0099	0	0	0	other
gene_11444	152	1	0.0066	0	0	0	other
gene_11445	252	1	0.004	0	0	0	other
gene_11446	252	3	0.0119	0	0	0	other
gene_11447	60	4	0.0667	1	1	0	secreted (pred.)
gene_11448	351	4	0.0114	1	0	0	secreted (pred.)
gene_11449	305	5	0.0164	1	0	0	secreted (pred.)
gene_1145	561	7	0.0125	0	0	0	other
gene_11450	59	4	0.0678	0	0	0	other
gene_11451	181	2	0.011	0	0	0	other
gene_11452	137	3	0.0219	0	0	0	other
gene_11453	1039	15	0.0144	0	0	0	other
gene_11454	382	7	0.0183	0	0	0	other
gene_11455	70	0	0.0	0	0	0	other
gene_11456	365	7	0.0192	1	0	0	secreted (pred.)
gene_11457	549	9	0.0164	0	0	0	other
gene_11458	308	9	0.0292	0	0	0	other
gene_11459	397	8	0.0202	0	0	0	other
gene_1146	1000	12	0.012	0	0	0	other
gene_11460	434	2	0.0046	1	0	0	secreted (pred.)
gene_11461	664	15	0.0226	1	0	0	secreted (pred.)
gene_11462	419	5	0.0119	0	0	0	other
gene_11463	938	13	0.0139	0	0	0	other
gene_11464	813	14	0.0172	0	0	0	other
gene_11465	307	5	0.0163	0	0	0	other
gene_11467	1071	16	0.0149	0	0	0	other
gene_11468	2271	38	0.0167	0	0	0	other
gene_11469	515	3	0.0058	0	0	0	other
gene_1147	379	4	0.0106	1	0	0	secreted (pred.)
gene_11470	326	7	0.0215	0	0	0	other
gene_11471	1027	13	0.0127	0	0	0	other
gene_11472	1060	6	0.0057	0	0	0	other
gene_11473	467	17	0.0364	1	1	1	secreted (pred.)
gene_11474	214	1	0.0047	0	0	0	other
gene_11475	312	3	0.0096	0	0	0	other
gene_11476	502	6	0.012	1	0	0	secreted (pred.)
gene_11477	364	0	0.0	0	0	0	other
gene_11478	446	5	0.0112	0	0	0	other
gene_11479	62	0	0.0	1	0	0	secreted (pred.)
gene_1148	586	7	0.0119	0	0	0	other
gene_11480	308	10	0.0325	0	0	0	other
gene_11481	252	3	0.0119	0	0	0	other
gene_11482	2999	35	0.0117	0	0	0	other
gene_11483	676	13	0.0192	0	0	0	other
gene_11484	516	4	0.0078	0	0	0	other
gene_11485	395	8	0.0203	0	0	0	other
gene_11486	595	7	0.0118	0	0	0	other
gene_11487	308	4	0.013	1	0	0	secreted (pred.)
gene_11488	1592	17	0.0107	0	0	0	other
gene_11489	613	7	0.0114	1	0	0	secreted (pred.)
gene_1149	582	8	0.0137	0	0	0	other
gene_11490	454	3	0.0066	1	0	0	secreted (pred.)
gene_11491	134	0	0.0	0	0	0	other
gene_11492	1421	23	0.0162	0	0	0	other
gene_11493	119	6	0.0504	0	0	0	other
gene_11494	93	4	0.043	0	0	0	other
gene_11495	602	1	0.0017	0	0	0	other
gene_11496	832	14	0.0168	1	0	0	secreted (pred.)
gene_11497	331	6	0.0181	0	0	0	other
gene_11498	916	14	0.0153	0	0	0	other
gene_115	696	8	0.0115	1	0	0	secreted (pred.)
gene_1150	354	11	0.0311	0	0	0	other
gene_11500	90	8	0.0889	1	1	1	secreted (pred.)
gene_11501	441	7	0.0159	0	0	0	other
gene_11502	355	1	0.0028	1	0	0	secreted (pred.)
gene_11503	360	8	0.0222	1	0	0	secreted (pred.)
gene_11504	577	8	0.0139	0	0	0	other
gene_11505	265	6	0.0226	0	0	0	other
gene_11506	250	1	0.004	1	0	0	secreted (pred.)
gene_11507	2138	44	0.0206	0	0	0	other
gene_11508	346	2	0.0058	0	0	0	other
gene_11509	386	4	0.0104	0	0	0	other
gene_1151	592	3	0.0051	0	0	0	other
gene_11510	224	4	0.0179	1	1	0	secreted (pred.)
gene_11511	308	0	0.0	1	0	0	secreted (pred.)
gene_11512	350	2	0.0057	0	0	0	other
gene_11513	1802	15	0.0083	0	0	0	other
gene_11514	596	10	0.0168	0	0	0	other
gene_11515	505	2	0.004	1	0	0	secreted (pred.)
gene_11517	148	0	0.0	0	0	0	other
gene_11518	1137	4	0.0035	0	0	0	other
gene_11519	748	14	0.0187	0	0	0	other
gene_1152	817	21	0.0257	0	0	0	other
gene_11520	481	10	0.0208	0	0	0	other
gene_11521	76	0	0.0	1	0	0	secreted (pred.)
gene_11523	1341	29	0.0216	1	0	0	secreted (pred.)
gene_11524	1207	19	0.0157	0	0	0	other
gene_11525	1421	4	0.0028	0	0	0	other
gene_11526	238	0	0.0	0	0	0	other
gene_11527	992	16	0.0161	0	0	0	other
gene_11528	142	2	0.0141	1	0	0	secreted (pred.)
gene_11529	194	1	0.0052	0	0	0	other
gene_1153	407	0	0.0	0	0	0	other
gene_11530	994	6	0.006	1	0	0	secreted (pred.)
gene_11531	529	5	0.0095	1	0	0	secreted (pred.)
gene_11533	367	3	0.0082	1	0	0	secreted (pred.)
gene_11534	495	5	0.0101	0	0	0	other
gene_11535	154	0	0.0	0	0	0	other
gene_11536	261	6	0.023	1	1	0	secreted (pred.)
gene_11537	674	6	0.0089	0	0	0	other
gene_11538	230	4	0.0174	0	0	0	other
gene_11539	258	3	0.0116	1	0	0	secreted (pred.)
gene_1154	319	9	0.0282	0	0	0	other
gene_11540	184	1	0.0054	0	0	0	other
gene_11541	367	4	0.0109	0	0	0	other
gene_11542	233	5	0.0215	1	1	0	secreted (pred.)
gene_11543	680	7	0.0103	0	0	0	other
gene_11544	435	11	0.0253	1	0	0	secreted (pred.)
gene_11545	112	4	0.0357	0	0	0	other
gene_11546	694	10	0.0144	0	0	0	other
gene_11547	646	6	0.0093	0	0	0	other
gene_11548	1179	5	0.0042	1	0	0	secreted (pred.)
gene_11549	147	3	0.0204	0	0	0	other
gene_11550	106	1	0.0094	0	0	0	other
gene_11551	290	3	0.0103	0	0	0	other
gene_11553	508	7	0.0138	0	0	0	other
gene_11554	210	4	0.019	1	1	0	secreted (pred.)
gene_11555	60	0	0.0	0	0	0	other
gene_11556	536	10	0.0187	0	0	0	other
gene_11557	213	3	0.0141	0	0	0	other
gene_11558	886	8	0.009	1	0	0	secreted (pred.)
gene_11559	141	7	0.0496	1	1	0	secreted (pred.)
gene_1156	498	10	0.0201	0	0	0	other
gene_11560	491	4	0.0081	0	0	0	other
gene_11561	203	1	0.0049	1	0	0	secreted (pred.)
gene_11562	788	9	0.0114	0	0	0	other
gene_11563	524	11	0.021	0	0	0	other
gene_11564	807	8	0.0099	1	0	0	secreted (pred.)
gene_11565	792	5	0.0063	1	0	0	secreted (pred.)
gene_11566	461	9	0.0195	0	0	0	other
gene_11567	524	7	0.0134	0	0	0	other
gene_11568	219	5	0.0228	0	0	0	other
gene_11569	708	8	0.0113	0	0	0	other
gene_1157	296	6	0.0203	0	0	0	other
gene_11570	1389	7	0.005	0	0	0	other
gene_11571	1157	15	0.013	0	0	0	other
gene_11572	111	3	0.027	0	0	0	other
gene_11573	104	0	0.0	0	0	0	other
gene_11574	606	4	0.0066	0	0	0	other
gene_11575	406	9	0.0222	1	0	0	secreted (pred.)
gene_11576	121	3	0.0248	1	1	0	secreted (pred.)
gene_11577	568	19	0.0335	0	0	0	other
gene_11578	446	5	0.0112	1	0	0	secreted (pred.)
gene_11579	96	5	0.0521	1	1	0	secreted (pred.)
gene_1158	520	6	0.0115	1	0	0	secreted (pred.)
gene_11580	290	4	0.0138	1	1	0	secreted (pred.)
gene_11581	261	3	0.0115	0	0	0	other
gene_11582	763	16	0.021	0	0	0	other
gene_11583	601	15	0.025	0	0	0	other
gene_11584	135	1	0.0074	0	0	0	other
gene_11585	440	3	0.0068	0	0	0	other
gene_11586	1576	15	0.0095	0	0	0	other
gene_11587	227	3	0.0132	0	0	0	other
gene_11588	463	3	0.0065	0	0	0	other
gene_11589	452	2	0.0044	0	0	0	other
gene_1159	390	34	0.0872	1	0	0	secreted (pred.)
gene_11590	355	2	0.0056	1	0	0	secreted (pred.)
gene_11591	214	4	0.0187	0	0	0	other
gene_11592	323	1	0.0031	0	1	1	secreted (pred.)
gene_11593	322	5	0.0155	0	0	0	other
gene_11594	1087	8	0.0074	0	0	0	other
gene_11595	75	5	0.0667	0	0	0	other
gene_11596	139	7	0.0504	1	1	0	secreted (pred.)
gene_11597	818	3	0.0037	0	0	0	other
gene_11598	270	2	0.0074	0	0	0	other
gene_11599	508	4	0.0079	1	0	0	secreted (pred.)
gene_116	1867	15	0.008	0	0	0	other
gene_1160	804	5	0.0062	0	0	0	other
gene_11600	326	3	0.0092	0	0	0	other
gene_11601	644	3	0.0047	0	0	0	other
gene_11602	980	14	0.0143	1	0	0	secreted (pred.)
gene_11603	465	7	0.0151	0	0	0	other
gene_11604	851	11	0.0129	0	0	0	other
gene_11605	790	5	0.0063	0	0	0	other
gene_11606	1312	6	0.0046	0	0	0	other
gene_11607	378	4	0.0106	0	0	0	other
gene_11608	1068	7	0.0066	0	0	0	other
gene_1161	304	10	0.0329	0	0	0	other
gene_11610	137	2	0.0146	0	0	0	other
gene_11611	339	1	0.0029	0	0	0	other
gene_11612	236	3	0.0127	0	0	0	other
gene_11613	445	8	0.018	1	0	0	secreted (pred.)
gene_11614	2496	31	0.0124	0	0	0	other
gene_11615	106	2	0.0189	0	0	0	other
gene_11617	834	5	0.006	0	0	0	other
gene_11618	692	14	0.0202	0	0	0	other
gene_11619	579	8	0.0138	0	0	0	other
gene_1162	563	10	0.0178	0	0	0	other
gene_11620	468	9	0.0192	0	0	0	other
gene_11621	1002	7	0.007	0	0	0	other
gene_11622	297	2	0.0067	0	0	0	other
gene_11623	416	10	0.024	0	0	0	other
gene_11624	343	2	0.0058	0	0	0	other
gene_11625	454	7	0.0154	0	0	0	other
gene_11626	628	8	0.0127	0	0	0	other
gene_11627	405	10	0.0247	0	0	0	other
gene_11628	753	2	0.0027	0	0	0	other
gene_11629	420	13	0.031	0	0	0	other
gene_1163	452	5	0.0111	0	0	0	other
gene_11630	565	9	0.0159	1	0	0	secreted (pred.)
gene_11631	174	4	0.023	1	1	0	secreted (pred.)
gene_11633	465	6	0.0129	0	0	0	other
gene_11634	713	3	0.0042	0	0	0	other
gene_11635	605	9	0.0149	0	0	0	other
gene_11636	671	9	0.0134	0	0	0	other
gene_11637	505	5	0.0099	0	0	0	other
gene_11638	456	7	0.0154	1	0	0	secreted (pred.)
gene_11639	213	3	0.0141	0	0	0	other
gene_1164	126	6	0.0476	1	1	0	secreted (pred.)
gene_11640	365	7	0.0192	1	0	0	secreted (pred.)
gene_11641	254	3	0.0118	0	0	0	other
gene_11642	340	1	0.0029	0	0	0	other
gene_11643	371	6	0.0162	0	0	0	other
gene_11644	158	1	0.0063	0	0	0	other
gene_11645	530	9	0.017	1	0	0	secreted (pred.)
gene_11646	435	9	0.0207	0	0	0	other
gene_11647	393	5	0.0127	0	0	0	other
gene_11648	85	0	0.0	0	0	0	other
gene_11649	569	4	0.007	0	0	0	other
gene_1165	300	2	0.0067	1	0	0	secreted (pred.)
gene_11650	145	0	0.0	1	0	0	secreted (pred.)
gene_11651	129	0	0.0	0	0	0	other
gene_11652	674	10	0.0148	0	0	0	other
gene_11653	691	4	0.0058	0	0	0	other
gene_11654	635	9	0.0142	0	0	0	other
gene_11655	1024	7	0.0068	1	0	0	secreted (pred.)
gene_11656	722	12	0.0166	0	0	0	other
gene_11657	311	4	0.0129	1	0	0	secreted (pred.)
gene_11658	384	4	0.0104	0	0	0	other
gene_11659	394	0	0.0	0	0	0	other
gene_1166	719	8	0.0111	0	0	0	other
gene_11660	380	2	0.0053	1	0	0	secreted (pred.)
gene_11661	370	6	0.0162	0	0	0	other
gene_11662	197	0	0.0	1	0	0	secreted (pred.)
gene_11663	545	9	0.0165	0	0	0	other
gene_11664	647	0	0.0	0	0	0	other
gene_11665	284	1	0.0035	0	0	0	other
gene_11666	857	8	0.0093	0	0	0	other
gene_11667	472	4	0.0085	0	0	0	other
gene_11668	249	4	0.0161	0	0	0	other
gene_11669	651	5	0.0077	0	0	0	other
gene_1167	1066	8	0.0075	0	0	0	other
gene_11670	791	17	0.0215	0	0	0	other
gene_11671	612	15	0.0245	0	0	0	other
gene_11672	462	6	0.013	0	0	0	other
gene_11673	480	19	0.0396	0	0	0	other
gene_11674	117	0	0.0	0	0	0	other
gene_11675	202	0	0.0	1	0	0	secreted (pred.)
gene_11676	1052	10	0.0095	0	0	0	other
gene_11677	593	14	0.0236	0	0	0	other
gene_11678	539	9	0.0167	0	0	0	other
gene_11679	441	6	0.0136	0	0	0	other
gene_1168	409	4	0.0098	0	0	0	other
gene_11680	580	5	0.0086	1	0	0	secreted (pred.)
gene_11681	872	7	0.008	0	0	0	other
gene_11682	304	3	0.0099	0	0	0	other
gene_11683	617	19	0.0308	0	0	0	other
gene_11684	843	13	0.0154	0	0	0	other
gene_11685	647	16	0.0247	0	0	0	other
gene_11686	801	4	0.005	0	0	0	other
gene_11687	501	7	0.014	0	0	0	other
gene_11689	187	1	0.0053	0	0	0	other
gene_1169	485	7	0.0144	1	0	0	secreted (pred.)
gene_11690	405	3	0.0074	0	0	0	other
gene_11691	196	2	0.0102	0	0	0	other
gene_11692	242	1	0.0041	0	0	0	other
gene_11693	205	5	0.0244	0	0	0	other
gene_11694	455	6	0.0132	0	0	0	other
gene_11695	545	1	0.0018	1	0	0	secreted (pred.)
gene_11696	1341	3	0.0022	0	0	0	other
gene_11698	472	5	0.0106	1	0	0	secreted (pred.)
gene_11699	429	15	0.035	1	0	0	secreted (pred.)
gene_117	2383	26	0.0109	0	0	0	other
gene_1170	603	12	0.0199	1	0	0	secreted (pred.)
gene_11700	712	2	0.0028	1	0	0	secreted (pred.)
gene_11701	1431	34	0.0238	1	0	0	secreted (pred.)
gene_11702	137	3	0.0219	1	1	0	secreted (pred.)
gene_11703	1572	11	0.007	1	0	0	secreted (pred.)
gene_11704	287	0	0.0	0	0	0	other
gene_11705	837	6	0.0072	0	0	0	other
gene_11706	280	3	0.0107	0	0	0	other
gene_11708	644	13	0.0202	0	0	0	other
gene_11709	305	0	0.0	0	0	0	other
gene_1171	338	6	0.0178	0	0	0	other
gene_11710	437	10	0.0229	0	0	0	other
gene_11711	1321	6	0.0045	0	0	0	other
gene_11712	287	7	0.0244	0	0	0	other
gene_11713	597	7	0.0117	1	0	0	secreted (pred.)
gene_11714	615	2	0.0033	0	0	0	other
gene_11715	296	7	0.0236	0	0	0	other
gene_11716	181	3	0.0166	0	0	0	other
gene_11717	285	2	0.007	1	0	0	secreted (pred.)
gene_11718	517	4	0.0077	1	0	0	secreted (pred.)
gene_1172	708	11	0.0155	0	0	0	other
gene_11720	703	6	0.0085	0	0	0	other
gene_11721	359	7	0.0195	0	0	0	other
gene_11722	487	3	0.0062	0	0	0	other
gene_11723	515	6	0.0117	0	0	0	other
gene_11724	376	0	0.0	0	0	0	other
gene_11725	447	1	0.0022	0	0	0	other
gene_11726	635	2	0.0031	0	0	0	other
gene_11727	456	4	0.0088	0	0	0	other
gene_11728	538	8	0.0149	0	0	0	other
gene_11729	339	6	0.0177	1	0	0	secreted (pred.)
gene_1173	208	3	0.0144	0	0	0	other
gene_11730	419	5	0.0119	0	0	0	other
gene_11731	225	6	0.0267	0	0	0	other
gene_11732	525	13	0.0248	0	0	0	other
gene_11733	617	11	0.0178	0	0	0	other
gene_11734	209	1	0.0048	1	0	0	secreted (pred.)
gene_11735	658	5	0.0076	0	0	0	other
gene_11736	1154	11	0.0095	0	0	0	other
gene_11737	462	4	0.0087	1	0	0	secreted (pred.)
gene_11738	626	13	0.0208	0	0	0	other
gene_11739	345	2	0.0058	0	0	0	other
gene_1174	300	4	0.0133	0	0	0	other
gene_11740	157	2	0.0127	1	0	0	secreted (pred.)
gene_11741	368	2	0.0054	1	0	0	secreted (pred.)
gene_11742	211	5	0.0237	0	0	0	other
gene_11743	178	0	0.0	0	0	0	other
gene_11744	337	4	0.0119	0	0	0	other
gene_11745	199	0	0.0	1	0	0	secreted (pred.)
gene_11746	764	9	0.0118	0	0	0	other
gene_11747	988	2	0.002	0	0	0	other
gene_11748	450	3	0.0067	0	0	0	other
gene_11749	709	2	0.0028	0	0	0	other
gene_1175	365	0	0.0	1	0	0	secreted (pred.)
gene_11750	557	8	0.0144	0	0	0	other
gene_11751	570	9	0.0158	1	0	0	secreted (pred.)
gene_11752	231	2	0.0087	0	0	0	other
gene_11753	726	18	0.0248	0	0	0	other
gene_11754	520	12	0.0231	0	0	0	other
gene_11755	509	7	0.0138	0	0	0	other
gene_11756	575	12	0.0209	1	0	0	secreted (pred.)
gene_11757	232	5	0.0216	0	0	0	other
gene_11758	397	1	0.0025	1	0	0	secreted (pred.)
gene_11759	322	2	0.0062	0	0	0	other
gene_1176	246	3	0.0122	0	0	0	other
gene_11760	255	7	0.0275	0	0	0	other
gene_11761	2085	32	0.0153	0	0	0	other
gene_11762	739	2	0.0027	0	0	0	other
gene_11763	536	12	0.0224	0	0	0	other
gene_11764	1216	11	0.009	0	0	0	other
gene_11765	245	4	0.0163	0	0	0	other
gene_11767	662	16	0.0242	0	0	0	other
gene_11768	246	10	0.0407	1	1	0	secreted (pred.)
gene_11769	505	2	0.004	0	0	0	other
gene_1177	824	10	0.0121	0	0	0	other
gene_11770	286	2	0.007	0	0	0	other
gene_11771	289	0	0.0	0	0	0	other
gene_11772	2137	24	0.0112	0	0	0	other
gene_11773	197	3	0.0152	0	0	0	other
gene_11774	425	0	0.0	1	0	0	secreted (pred.)
gene_11775	581	11	0.0189	0	0	0	other
gene_11776	375	3	0.008	0	0	0	other
gene_11777	639	1	0.0016	0	0	0	other
gene_11778	900	12	0.0133	0	0	0	other
gene_11779	289	4	0.0138	0	0	0	other
gene_1178	377	5	0.0133	0	0	0	other
gene_11780	391	5	0.0128	0	0	0	other
gene_11781	2508	34	0.0136	0	0	0	other
gene_11782	466	4	0.0086	0	0	0	other
gene_11783	370	4	0.0108	0	0	0	other
gene_11784	1004	12	0.012	1	0	0	secreted (pred.)
gene_11785	626	6	0.0096	0	0	0	other
gene_11786	219	1	0.0046	0	0	0	other
gene_11787	629	8	0.0127	0	0	0	other
gene_11788	94	8	0.0851	1	1	0	secreted (pred.)
gene_11789	1478	14	0.0095	0	0	0	other
gene_1179	279	6	0.0215	0	0	0	other
gene_11790	380	15	0.0395	0	0	0	other
gene_11791	126	0	0.0	0	0	0	other
gene_11792	365	14	0.0384	0	0	0	other
gene_11794	499	2	0.004	0	0	0	other
gene_11795	993	4	0.004	0	0	0	other
gene_11796	129	2	0.0155	0	0	0	other
gene_11797	459	4	0.0087	0	0	0	other
gene_11798	434	4	0.0092	1	0	0	secreted (pred.)
gene_11799	291	2	0.0069	0	0	0	other
gene_1180	81	6	0.0741	1	1	0	secreted (pred.)
gene_11800	1441	25	0.0173	1	0	0	secreted (pred.)
gene_11801	231	1	0.0043	1	0	0	secreted (pred.)
gene_11802	490	4	0.0082	1	0	0	secreted (pred.)
gene_11803	151	3	0.0199	1	0	0	secreted (pred.)
gene_11804	194	2	0.0103	0	0	0	other
gene_11805	389	12	0.0308	1	0	0	secreted (pred.)
gene_11806	1568	6	0.0038	0	0	0	other
gene_11807	201	2	0.01	0	0	0	other
gene_11808	658	16	0.0243	0	0	0	other
gene_11809	1225	18	0.0147	0	0	0	other
gene_1181	1130	20	0.0177	0	0	0	other
gene_11810	633	5	0.0079	1	0	0	secreted (pred.)
gene_11811	501	8	0.016	0	0	0	other
gene_11812	1436	19	0.0132	0	0	0	other
gene_11813	531	8	0.0151	0	0	0	other
gene_11814	1013	13	0.0128	0	0	0	other
gene_11815	498	7	0.0141	0	0	0	other
gene_11817	334	13	0.0389	0	0	0	other
gene_11818	755	11	0.0146	0	0	0	other
gene_11819	169	3	0.0178	0	0	0	other
gene_1182	553	14	0.0253	0	0	0	other
gene_11820	272	3	0.011	0	0	0	other
gene_11821	672	5	0.0074	0	0	0	other
gene_11822	775	7	0.009	0	0	0	other
gene_11823	333	4	0.012	0	0	0	other
gene_11824	250	3	0.012	0	0	0	other
gene_11825	279	2	0.0072	0	0	0	other
gene_11826	591	7	0.0118	1	0	0	secreted (pred.)
gene_11827	499	9	0.018	1	0	0	secreted (pred.)
gene_11828	678	31	0.0457	0	0	0	other
gene_11829	507	9	0.0178	0	0	0	other
gene_1183	606	3	0.005	0	0	0	other
gene_11830	713	16	0.0224	0	0	0	other
gene_11831	759	7	0.0092	1	0	0	secreted (pred.)
gene_11833	666	7	0.0105	0	0	0	other
gene_11834	634	6	0.0095	0	0	0	other
gene_11835	1170	5	0.0043	0	0	0	other
gene_11836	365	6	0.0164	0	0	0	other
gene_11837	585	4	0.0068	0	0	0	other
gene_11838	490	2	0.0041	0	0	0	other
gene_11839	270	5	0.0185	0	0	0	other
gene_1184	340	21	0.0618	1	0	0	secreted (pred.)
gene_11840	356	2	0.0056	0	0	0	other
gene_11841	526	2	0.0038	0	0	0	other
gene_11842	299	7	0.0234	1	1	0	secreted (pred.)
gene_11843	697	4	0.0057	0	0	0	other
gene_11844	318	5	0.0157	1	0	0	secreted (pred.)
gene_11845	261	6	0.023	0	0	0	other
gene_11846	428	1	0.0023	0	0	0	other
gene_11847	347	6	0.0173	1	0	0	secreted (pred.)
gene_11848	838	8	0.0095	0	0	0	other
gene_11849	807	18	0.0223	0	0	0	other
gene_11850	1525	10	0.0066	1	0	0	secreted (pred.)
gene_11851	166	4	0.0241	1	1	0	secreted (pred.)
gene_11852	137	1	0.0073	0	0	0	other
gene_11853	641	8	0.0125	0	0	0	other
gene_11854	897	11	0.0123	1	0	0	secreted (pred.)
gene_11855	1184	28	0.0236	0	0	0	other
gene_11856	372	4	0.0108	0	0	0	other
gene_11857	228	4	0.0175	1	1	0	secreted (pred.)
gene_11858	218	3	0.0138	0	0	0	other
gene_11859	702	4	0.0057	0	0	0	other
gene_1186	1556	10	0.0064	0	0	0	other
gene_11860	82	6	0.0732	1	1	0	secreted (pred.)
gene_11861	471	8	0.017	0	0	0	other
gene_11862	229	5	0.0218	0	0	0	other
gene_11863	67	1	0.0149	0	0	0	other
gene_11864	1073	31	0.0289	0	0	0	other
gene_11866	366	3	0.0082	0	0	0	other
gene_11867	417	8	0.0192	0	0	0	other
gene_11868	578	9	0.0156	0	0	0	other
gene_11869	313	0	0.0	0	0	0	other
gene_1187	373	5	0.0134	0	0	0	other
gene_11870	440	6	0.0136	1	0	0	secreted (pred.)
gene_11871	847	7	0.0083	0	0	0	other
gene_11872	387	7	0.0181	0	0	0	other
gene_11873	387	4	0.0103	0	0	0	other
gene_11876	558	14	0.0251	1	0	0	secreted (pred.)
gene_11877	1212	14	0.0116	0	0	0	other
gene_11878	687	6	0.0087	0	0	0	other
gene_11879	103	2	0.0194	0	0	0	other
gene_1188	252	5	0.0198	1	1	0	secreted (pred.)
gene_11880	404	6	0.0149	0	0	0	other
gene_11881	342	2	0.0058	0	0	0	other
gene_11882	474	5	0.0105	0	0	0	other
gene_11883	215	4	0.0186	0	0	0	other
gene_11884	267	7	0.0262	1	1	0	secreted (pred.)
gene_11885	230	3	0.013	1	0	0	secreted (pred.)
gene_11886	333	0	0.0	0	0	0	other
gene_11887	246	2	0.0081	1	0	0	secreted (pred.)
gene_11888	147	2	0.0136	0	0	0	other
gene_11889	165	0	0.0	1	0	0	secreted (pred.)
gene_1189	821	4	0.0049	1	0	0	secreted (pred.)
gene_11890	1078	10	0.0093	0	0	0	other
gene_11891	299	8	0.0268	0	0	0	other
gene_11892	304	3	0.0099	0	0	0	other
gene_11893	368	4	0.0109	0	0	0	other
gene_11894	203	6	0.0296	1	1	0	secreted (pred.)
gene_11895	225	7	0.0311	0	0	0	other
gene_11896	206	8	0.0388	1	1	0	secreted (pred.)
gene_11897	482	6	0.0124	0	0	0	other
gene_11898	443	6	0.0135	0	0	0	other
gene_11899	621	5	0.0081	0	0	0	other
gene_119	200	2	0.01	0	0	0	other
gene_1190	342	7	0.0205	0	0	0	other
gene_11900	185	1	0.0054	0	0	0	other
gene_11901	183	9	0.0492	0	0	0	other
gene_11902	260	3	0.0115	0	0	0	other
gene_11903	493	4	0.0081	0	0	0	other
gene_11904	457	11	0.0241	0	0	0	other
gene_11905	246	0	0.0	1	0	0	secreted (pred.)
gene_11906	698	8	0.0115	0	0	0	other
gene_11907	1205	18	0.0149	1	0	0	secreted (pred.)
gene_11908	310	3	0.0097	0	0	0	other
gene_11909	519	4	0.0077	0	0	0	other
gene_1191	250	0	0.0	0	0	0	other
gene_11910	1372	12	0.0087	0	0	0	other
gene_11911	288	2	0.0069	1	0	0	secreted (pred.)
gene_11912	159	1	0.0063	0	0	0	other
gene_11913	130	1	0.0077	0	0	0	other
gene_11914	737	7	0.0095	0	0	0	other
gene_11915	82	0	0.0	0	0	0	other
gene_11916	256	6	0.0234	1	1	0	secreted (pred.)
gene_11917	584	9	0.0154	1	0	0	secreted (pred.)
gene_11918	291	2	0.0069	0	0	0	other
gene_11919	953	14	0.0147	0	0	0	other
gene_1192	646	8	0.0124	0	0	0	other
gene_11920	1353	20	0.0148	1	0	0	secreted (pred.)
gene_11921	226	2	0.0088	1	0	0	secreted (pred.)
gene_11922	63	0	0.0	0	0	0	other
gene_11923	401	5	0.0125	1	0	0	secreted (pred.)
gene_11924	119	0	0.0	0	0	0	other
gene_11925	527	9	0.0171	0	0	0	other
gene_11926	317	4	0.0126	0	0	0	other
gene_11927	1089	17	0.0156	0	0	0	other
gene_11928	398	1	0.0025	0	0	0	other
gene_11929	457	5	0.0109	0	0	0	other
gene_1193	630	7	0.0111	0	0	0	other
gene_11930	562	2	0.0036	0	0	0	other
gene_11931	308	5	0.0162	0	0	0	other
gene_11932	168	0	0.0	1	0	0	secreted (pred.)
gene_11933	285	5	0.0175	0	0	0	other
gene_11934	438	1	0.0023	0	0	0	other
gene_11935	537	10	0.0186	0	0	0	other
gene_11936	528	6	0.0114	0	0	0	other
gene_11938	77	4	0.0519	1	1	0	secreted (pred.)
gene_11939	587	5	0.0085	0	0	0	other
gene_1194	643	6	0.0093	1	0	0	secreted (pred.)
gene_11940	368	6	0.0163	0	0	0	other
gene_11941	926	8	0.0086	0	0	0	other
gene_11942	359	3	0.0084	0	0	0	other
gene_11943	174	6	0.0345	0	0	0	other
gene_11944	714	2	0.0028	1	0	0	secreted (pred.)
gene_11946	764	11	0.0144	0	0	0	other
gene_11947	390	1	0.0026	0	0	0	other
gene_11948	393	12	0.0305	1	1	1	secreted (pred.)
gene_11949	321	6	0.0187	0	0	0	other
gene_1195	177	1	0.0056	0	0	0	other
gene_11950	620	7	0.0113	0	0	0	other
gene_11951	442	7	0.0158	0	0	0	other
gene_11952	945	20	0.0212	1	0	0	secreted (pred.)
gene_11953	530	0	0.0	0	0	0	other
gene_11954	1163	3	0.0026	0	0	0	other
gene_11955	139	0	0.0	0	0	0	other
gene_11956	344	10	0.0291	1	0	0	secreted (pred.)
gene_11957	576	8	0.0139	0	0	0	other
gene_11958	647	5	0.0077	0	0	0	other
gene_11959	481	6	0.0125	0	0	0	other
gene_1196	399	4	0.01	0	0	0	other
gene_11960	1996	64	0.0321	0	0	0	other
gene_11961	210	4	0.019	0	0	0	other
gene_11962	141	0	0.0	1	0	0	secreted (pred.)
gene_11963	350	4	0.0114	0	0	0	other
gene_11964	641	3	0.0047	0	0	0	other
gene_11965	213	1	0.0047	0	0	0	other
gene_11966	751	2	0.0027	0	0	0	other
gene_11967	377	10	0.0265	0	0	0	other
gene_11968	347	4	0.0115	0	0	0	other
gene_11969	202	1	0.005	1	0	0	secreted (pred.)
gene_1197	186	2	0.0108	0	0	0	other
gene_11970	245	0	0.0	0	0	0	other
gene_11971	848	4	0.0047	0	0	0	other
gene_11972	413	3	0.0073	0	0	0	other
gene_11973	671	9	0.0134	0	0	0	other
gene_11974	381	4	0.0105	0	0	0	other
gene_11975	267	6	0.0225	0	0	0	other
gene_11976	347	3	0.0086	0	0	0	other
gene_11977	349	3	0.0086	0	0	0	other
gene_11978	699	12	0.0172	0	0	0	other
gene_11979	441	4	0.0091	0	0	0	other
gene_1198	961	7	0.0073	0	0	0	other
gene_11980	60	2	0.0333	0	0	0	other
gene_11981	703	9	0.0128	0	0	0	other
gene_11982	348	7	0.0201	0	0	0	other
gene_11983	424	4	0.0094	0	0	0	other
gene_11984	264	6	0.0227	1	1	0	secreted (pred.)
gene_11985	538	7	0.013	0	0	0	other
gene_11986	346	3	0.0087	0	0	0	other
gene_11987	583	6	0.0103	1	0	0	secreted (pred.)
gene_11988	339	2	0.0059	0	0	0	other
gene_11989	651	0	0.0	0	0	0	other
gene_1199	287	2	0.007	0	0	0	other
gene_11990	444	8	0.018	0	0	0	other
gene_11991	258	1	0.0039	0	0	0	other
gene_11992	768	8	0.0104	0	0	0	other
gene_11993	297	1	0.0034	0	0	0	other
gene_11994	1033	7	0.0068	0	0	0	other
gene_11995	262	5	0.0191	0	0	0	other
gene_11996	64	7	0.1094	1	1	0	secreted (pred.)
gene_11997	463	10	0.0216	0	0	0	other
gene_11998	335	8	0.0239	1	0	0	secreted (pred.)
gene_11999	753	34	0.0452	1	0	0	secreted (pred.)
gene_12	233	2	0.0086	0	0	0	other
gene_120	205	6	0.0293	0	0	0	other
gene_1200	475	3	0.0063	0	0	0	other
gene_12000	632	8	0.0127	1	0	0	secreted (pred.)
gene_12001	293	9	0.0307	1	1	0	secreted (pred.)
gene_12002	147	0	0.0	1	0	0	secreted (pred.)
gene_12003	317	4	0.0126	0	0	0	other
gene_12004	256	0	0.0	1	0	0	secreted (pred.)
gene_12005	448	8	0.0179	0	0	0	other
gene_12006	671	19	0.0283	0	0	0	other
gene_12007	381	2	0.0052	0	0	0	other
gene_12008	184	2	0.0109	1	0	0	secreted (pred.)
gene_12009	710	9	0.0127	0	0	0	other
gene_1201	462	10	0.0216	0	0	0	other
gene_12010	952	10	0.0105	0	0	0	other
gene_12012	110	1	0.0091	1	0	0	secreted (pred.)
gene_12013	358	7	0.0196	0	0	0	other
gene_12015	246	3	0.0122	0	0	0	other
gene_12016	1259	54	0.0429	1	0	0	secreted (pred.)
gene_12017	126	1	0.0079	0	0	0	other
gene_12018	585	10	0.0171	0	0	0	other
gene_12019	397	4	0.0101	0	0	0	other
gene_1202	598	3	0.005	0	0	0	other
gene_12020	1791	15	0.0084	0	0	0	other
gene_12021	189	1	0.0053	0	0	0	other
gene_12022	541	7	0.0129	0	0	0	other
gene_12023	211	3	0.0142	0	0	0	other
gene_12024	103	0	0.0	0	0	0	other
gene_12025	1280	12	0.0094	0	0	0	other
gene_12026	502	8	0.0159	0	0	0	other
gene_12027	327	3	0.0092	0	0	0	other
gene_12028	371	16	0.0431	0	0	0	other
gene_1203	1521	10	0.0066	0	0	0	other
gene_12030	624	5	0.008	1	0	0	secreted (pred.)
gene_12031	949	13	0.0137	0	0	0	other
gene_12032	192	1	0.0052	0	0	0	other
gene_12033	461	5	0.0108	0	0	0	other
gene_12034	555	9	0.0162	0	0	0	other
gene_12035	336	0	0.0	0	0	0	other
gene_12036	593	14	0.0236	0	0	0	other
gene_12037	640	10	0.0156	0	0	0	other
gene_12039	1255	0	0.0	0	0	0	other
gene_1204	334	2	0.006	1	0	0	secreted (pred.)
gene_12040	401	1	0.0025	1	0	0	secreted (pred.)
gene_12041	1022	25	0.0245	0	0	0	other
gene_12042	1346	22	0.0163	0	0	0	other
gene_12043	254	4	0.0157	1	1	0	secreted (pred.)
gene_12044	495	18	0.0364	0	0	0	other
gene_12045	1643	15	0.0091	0	0	0	other
gene_12046	601	3	0.005	0	0	0	other
gene_12047	445	3	0.0067	0	0	0	other
gene_12048	303	5	0.0165	0	0	0	other
gene_1205	739	10	0.0135	0	0	0	other
gene_12051	335	8	0.0239	0	0	0	other
gene_12053	515	6	0.0117	1	0	0	secreted (pred.)
gene_12054	328	4	0.0122	0	0	0	other
gene_12055	325	3	0.0092	1	0	0	secreted (pred.)
gene_12056	57	1	0.0175	1	0	0	secreted (pred.)
gene_12057	405	3	0.0074	0	0	0	other
gene_12058	127	1	0.0079	0	0	0	other
gene_12059	618	10	0.0162	0	0	0	other
gene_1206	173	0	0.0	0	0	0	other
gene_12060	574	1	0.0017	0	0	0	other
gene_12061	541	1	0.0018	0	0	0	other
gene_12063	1622	20	0.0123	0	0	0	other
gene_12064	787	2	0.0025	0	0	0	other
gene_12065	1066	23	0.0216	0	0	0	other
gene_12066	187	3	0.016	0	0	0	other
gene_12067	2011	7	0.0035	0	0	0	other
gene_12068	511	10	0.0196	0	0	0	other
gene_12069	358	4	0.0112	0	0	0	other
gene_1207	993	13	0.0131	0	0	0	other
gene_12070	404	5	0.0124	0	0	0	other
gene_12071	692	6	0.0087	0	0	0	other
gene_12072	331	4	0.0121	0	0	0	other
gene_12073	65	0	0.0	0	0	0	other
gene_12074	621	4	0.0064	0	0	0	other
gene_12075	168	9	0.0536	0	0	0	other
gene_12076	317	3	0.0095	1	0	0	secreted (pred.)
gene_12077	273	5	0.0183	0	0	0	other
gene_12078	247	4	0.0162	0	0	0	other
gene_12079	1042	9	0.0086	0	0	0	other
gene_1208	577	7	0.0121	0	0	0	other
gene_12080	160	3	0.0187	1	0	0	secreted (pred.)
gene_12081	340	1	0.0029	0	0	0	other
gene_12082	83	0	0.0	0	0	0	other
gene_12083	66	1	0.0152	0	0	0	other
gene_12084	649	3	0.0046	0	0	0	other
gene_12085	128	3	0.0234	0	0	0	other
gene_12086	423	5	0.0118	0	0	0	other
gene_12087	334	6	0.018	0	0	0	other
gene_12088	501	6	0.012	1	0	0	secreted (pred.)
gene_12089	493	9	0.0183	0	0	0	other
gene_1209	1359	27	0.0199	0	0	0	other
gene_12090	319	2	0.0063	0	0	0	other
gene_12091	123	5	0.0407	1	1	0	secreted (pred.)
gene_12092	297	5	0.0168	0	0	0	other
gene_12093	505	4	0.0079	1	0	0	secreted (pred.)
gene_12094	535	1	0.0019	0	0	0	other
gene_12095	170	2	0.0118	0	0	0	other
gene_12096	131	2	0.0153	0	0	0	other
gene_12097	432	3	0.0069	0	0	0	other
gene_12098	240	6	0.025	0	0	0	other
gene_12099	518	1	0.0019	0	0	0	other
gene_121	576	5	0.0087	0	0	0	other
gene_1210	522	5	0.0096	1	0	0	secreted (pred.)
gene_12100	117	3	0.0256	0	0	0	other
gene_12101	432	3	0.0069	0	0	0	other
gene_12102	203	5	0.0246	0	0	0	other
gene_12103	296	6	0.0203	1	1	0	secreted (pred.)
gene_12104	467	1	0.0021	0	0	0	other
gene_12105	116	1	0.0086	0	0	0	other
gene_12106	240	1	0.0042	0	0	0	other
gene_12107	677	14	0.0207	0	0	0	other
gene_12108	613	5	0.0082	1	0	0	secreted (pred.)
gene_12109	670	8	0.0119	0	0	0	other
gene_1211	306	2	0.0065	0	0	0	other
gene_12110	362	1	0.0028	0	0	0	other
gene_12111	222	1	0.0045	0	0	0	other
gene_12112	136	0	0.0	0	0	0	other
gene_12113	445	4	0.009	0	0	0	other
gene_12114	778	8	0.0103	0	0	0	other
gene_12115	1006	11	0.0109	0	0	0	other
gene_12116	557	1	0.0018	1	0	0	secreted (pred.)
gene_12117	2554	31	0.0121	0	0	0	other
gene_12118	285	2	0.007	0	0	0	other
gene_12119	154	6	0.039	1	1	1	secreted (pred.)
gene_1212	949	2	0.0021	1	0	0	secreted (pred.)
gene_12120	438	4	0.0091	0	0	0	other
gene_12121	255	6	0.0235	0	0	0	other
gene_12122	333	3	0.009	0	0	0	other
gene_12123	562	12	0.0214	0	0	0	other
gene_12124	196	2	0.0102	0	0	0	other
gene_12125	1193	16	0.0134	0	0	0	other
gene_12126	137	1	0.0073	0	0	0	other
gene_12127	268	1	0.0037	0	0	0	other
gene_12128	975	10	0.0103	0	0	0	other
gene_12129	327	5	0.0153	0	0	0	other
gene_1213	499	16	0.0321	0	0	0	other
gene_12130	251	3	0.012	0	0	0	other
gene_12131	1708	21	0.0123	0	0	0	other
gene_12132	779	16	0.0205	0	0	0	other
gene_12134	250	8	0.032	1	1	0	secreted (pred.)
gene_12135	542	5	0.0092	0	0	0	other
gene_12137	123	0	0.0	0	0	0	other
gene_12138	397	2	0.005	0	0	0	other
gene_12139	316	7	0.0222	0	0	0	other
gene_1214	464	10	0.0216	0	0	0	other
gene_12140	510	2	0.0039	0	0	0	other
gene_12141	568	10	0.0176	0	0	0	other
gene_12142	383	2	0.0052	0	0	0	other
gene_12144	201	0	0.0	0	0	0	other
gene_12145	286	3	0.0105	1	0	0	secreted (pred.)
gene_12146	1015	11	0.0108	0	0	0	other
gene_12147	1253	39	0.0311	1	0	0	secreted (pred.)
gene_12148	843	6	0.0071	0	0	0	other
gene_12149	350	5	0.0143	0	0	0	other
gene_1215	164	4	0.0244	0	0	0	other
gene_12150	721	10	0.0139	1	0	0	secreted (pred.)
gene_12151	93	0	0.0	1	0	0	secreted (pred.)
gene_12152	163	9	0.0552	1	1	0	secreted (pred.)
gene_12153	320	6	0.0187	0	0	0	other
gene_12154	649	12	0.0185	0	0	0	other
gene_12155	603	8	0.0133	0	0	0	other
gene_12156	225	0	0.0	0	0	0	other
gene_12157	1608	21	0.0131	0	0	0	other
gene_12158	125	2	0.016	0	0	0	other
gene_12159	345	6	0.0174	0	0	0	other
gene_1216	1687	32	0.019	1	0	0	secreted (pred.)
gene_12160	188	2	0.0106	0	0	0	other
gene_12161	1097	9	0.0082	0	0	0	other
gene_12162	1439	14	0.0097	0	0	0	other
gene_12163	214	7	0.0327	1	1	0	secreted (pred.)
gene_12164	232	7	0.0302	0	0	0	other
gene_12165	303	4	0.0132	0	0	0	other
gene_12166	210	2	0.0095	0	0	0	other
gene_12167	701	4	0.0057	1	0	0	secreted (pred.)
gene_12168	1095	21	0.0192	0	0	0	other
gene_12169	278	3	0.0108	0	0	0	other
gene_1217	157	0	0.0	0	0	0	other
gene_12170	1112	7	0.0063	0	0	0	other
gene_12171	474	2	0.0042	0	0	0	other
gene_12172	1255	14	0.0112	0	0	0	other
gene_12174	382	4	0.0105	1	0	0	secreted (pred.)
gene_12175	907	7	0.0077	0	0	0	other
gene_12176	159	0	0.0	0	0	0	other
gene_12177	455	11	0.0242	1	0	0	secreted (pred.)
gene_12178	535	1	0.0019	1	0	0	secreted (pred.)
gene_12179	522	6	0.0115	0	0	0	other
gene_1218	262	7	0.0267	0	0	0	other
gene_12180	56	2	0.0357	1	1	0	secreted (pred.)
gene_12182	397	4	0.0101	1	0	0	secreted (pred.)
gene_12184	389	7	0.018	0	0	0	other
gene_12185	309	3	0.0097	1	0	0	secreted (pred.)
gene_12186	591	2	0.0034	0	0	0	other
gene_12187	141	3	0.0213	0	0	0	other
gene_12188	1037	15	0.0145	0	0	0	other
gene_12189	358	3	0.0084	0	0	0	other
gene_1219	531	12	0.0226	0	0	0	other
gene_12190	198	3	0.0152	0	0	0	other
gene_12191	506	6	0.0119	0	0	0	other
gene_12192	558	11	0.0197	0	0	0	other
gene_12193	560	5	0.0089	0	0	0	other
gene_12195	716	4	0.0056	0	0	0	other
gene_12196	210	8	0.0381	1	1	0	secreted (pred.)
gene_12197	369	4	0.0108	1	0	0	secreted (pred.)
gene_12198	194	0	0.0	0	0	0	other
gene_12199	435	1	0.0023	0	0	0	other
gene_122	520	13	0.025	0	0	0	other
gene_1220	533	8	0.015	0	0	0	other
gene_12200	390	6	0.0154	0	0	0	other
gene_12201	211	4	0.019	0	0	0	other
gene_12202	337	4	0.0119	1	0	0	secreted (pred.)
gene_12203	316	8	0.0253	0	1	1	secreted (pred.)
gene_12204	620	8	0.0129	0	0	0	other
gene_12205	77	1	0.013	0	0	0	other
gene_12206	664	24	0.0361	0	0	0	other
gene_12207	333	19	0.0571	0	0	0	other
gene_12208	64	6	0.0938	1	1	0	secreted (pred.)
gene_12209	953	0	0.0	0	0	0	other
gene_1221	333	1	0.003	0	0	0	other
gene_12211	87	0	0.0	1	0	0	secreted (pred.)
gene_12213	1039	8	0.0077	0	0	0	other
gene_12214	280	5	0.0179	0	0	0	other
gene_12215	548	8	0.0146	0	0	0	other
gene_12216	449	33	0.0735	0	0	0	other
gene_12218	571	5	0.0088	0	0	0	other
gene_12219	285	2	0.007	0	0	0	other
gene_1222	140	5	0.0357	0	0	0	other
gene_12220	317	7	0.0221	0	0	0	other
gene_12221	520	1	0.0019	0	0	0	other
gene_12222	281	6	0.0214	0	0	0	other
gene_12223	424	4	0.0094	0	0	0	other
gene_12224	452	15	0.0332	0	0	0	other
gene_12225	713	6	0.0084	0	0	0	other
gene_12226	183	2	0.0109	0	0	0	other
gene_12227	356	10	0.0281	1	0	0	secreted (pred.)
gene_12228	123	4	0.0325	1	1	0	secreted (pred.)
gene_12229	455	3	0.0066	0	0	0	other
gene_1223	261	6	0.023	0	0	0	other
gene_12230	196	4	0.0204	0	0	0	other
gene_12231	428	8	0.0187	0	0	0	other
gene_12232	845	12	0.0142	0	0	0	other
gene_12233	446	5	0.0112	0	0	0	other
gene_12234	882	18	0.0204	0	0	0	other
gene_12235	515	2	0.0039	0	0	0	other
gene_12236	199	3	0.0151	0	0	0	other
gene_12237	321	9	0.028	0	0	0	other
gene_12238	655	8	0.0122	0	0	0	other
gene_12239	221	1	0.0045	0	0	0	other
gene_1224	413	8	0.0194	0	0	0	other
gene_12240	257	1	0.0039	0	0	0	other
gene_12241	969	15	0.0155	0	0	0	other
gene_12242	892	13	0.0146	0	0	0	other
gene_12243	2329	43	0.0185	1	0	0	secreted (pred.)
gene_12244	439	6	0.0137	1	0	0	secreted (pred.)
gene_12245	259	5	0.0193	0	0	0	other
gene_12246	727	7	0.0096	0	0	0	other
gene_12247	297	7	0.0236	1	1	0	secreted (pred.)
gene_12248	261	4	0.0153	1	1	0	secreted (pred.)
gene_12249	539	9	0.0167	0	0	0	other
gene_1225	368	4	0.0109	0	0	0	other
gene_12250	554	0	0.0	0	0	0	other
gene_12251	528	11	0.0208	0	0	0	other
gene_12252	150	2	0.0133	0	0	0	other
gene_12253	425	4	0.0094	0	0	0	other
gene_12254	264	4	0.0152	0	0	0	other
gene_12255	128	8	0.0625	1	1	0	secreted (pred.)
gene_12256	607	11	0.0181	0	0	0	other
gene_12257	233	2	0.0086	1	0	0	secreted (pred.)
gene_12258	252	11	0.0437	0	0	0	other
gene_12259	642	6	0.0093	0	0	0	other
gene_1226	750	10	0.0133	0	0	0	other
gene_12260	298	2	0.0067	0	0	0	other
gene_12261	847	8	0.0094	0	0	0	other
gene_12262	452	8	0.0177	1	0	0	secreted (pred.)
gene_12263	302	6	0.0199	0	0	0	other
gene_12264	501	2	0.004	0	0	0	other
gene_12265	376	5	0.0133	1	0	0	secreted (pred.)
gene_12266	592	5	0.0084	1	0	0	secreted (pred.)
gene_12267	769	16	0.0208	0	0	0	other
gene_12268	234	9	0.0385	0	0	0	other
gene_12269	281	7	0.0249	1	1	0	secreted (pred.)
gene_1227	681	14	0.0206	0	0	0	other
gene_12270	730	17	0.0233	0	0	0	other
gene_12271	496	7	0.0141	0	0	0	other
gene_12272	333	5	0.015	1	0	0	secreted (pred.)
gene_12273	242	2	0.0083	0	0	0	other
gene_12274	88	4	0.0455	0	0	0	other
gene_12275	495	9	0.0182	0	0	0	other
gene_12276	121	7	0.0579	1	1	0	secreted (pred.)
gene_12277	478	5	0.0105	0	0	0	other
gene_12278	356	0	0.0	0	0	0	other
gene_12279	358	12	0.0335	1	0	0	secreted (pred.)
gene_1228	761	8	0.0105	0	0	0	other
gene_12280	229	1	0.0044	1	0	0	secreted (pred.)
gene_12281	1523	13	0.0085	0	0	0	other
gene_12282	89	2	0.0225	0	0	0	other
gene_12283	104	8	0.0769	1	1	0	secreted (pred.)
gene_12285	369	3	0.0081	0	0	0	other
gene_12286	444	8	0.018	1	0	0	secreted (pred.)
gene_12287	556	7	0.0126	0	0	0	other
gene_12288	111	1	0.009	0	0	0	other
gene_12289	342	8	0.0234	0	0	0	other
gene_1229	289	0	0.0	1	0	0	secreted (pred.)
gene_12290	267	7	0.0262	0	0	0	other
gene_12291	533	9	0.0169	0	0	0	other
gene_12292	529	6	0.0113	0	0	0	other
gene_12293	274	2	0.0073	0	0	0	other
gene_12294	397	4	0.0101	0	0	0	other
gene_12295	945	8	0.0085	0	0	0	other
gene_12296	1380	5	0.0036	0	0	0	other
gene_12297	479	6	0.0125	1	0	0	secreted (pred.)
gene_12298	429	8	0.0186	1	0	0	secreted (pred.)
gene_12299	911	6	0.0066	0	0	0	other
gene_123	426	10	0.0235	1	0	0	secreted (pred.)
gene_1230	277	3	0.0108	0	0	0	other
gene_12300	264	3	0.0114	0	0	0	other
gene_12301	341	2	0.0059	1	0	0	secreted (pred.)
gene_12302	739	3	0.0041	0	0	0	other
gene_12303	733	5	0.0068	0	0	0	other
gene_12304	199	2	0.0101	0	0	0	other
gene_12305	308	1	0.0032	1	0	0	secreted (pred.)
gene_12306	741	3	0.004	0	0	0	other
gene_12307	338	5	0.0148	0	0	0	other
gene_12308	397	4	0.0101	1	0	0	secreted (pred.)
gene_12309	1087	20	0.0184	0	0	0	other
gene_1231	85	0	0.0	1	0	0	secreted (pred.)
gene_12310	877	3	0.0034	1	0	0	secreted (pred.)
gene_12311	1360	19	0.014	1	0	0	secreted (pred.)
gene_12312	300	2	0.0067	0	0	0	other
gene_12313	284	3	0.0106	0	0	0	other
gene_12314	182	11	0.0604	1	1	0	secreted (pred.)
gene_12315	841	10	0.0119	0	0	0	other
gene_12316	97	0	0.0	0	0	0	other
gene_12317	2677	33	0.0123	1	0	0	secreted (pred.)
gene_12318	164	4	0.0244	0	0	0	other
gene_12319	489	5	0.0102	0	0	0	other
gene_1232	597	7	0.0117	1	0	0	secreted (pred.)
gene_12320	490	8	0.0163	0	0	0	other
gene_12321	301	0	0.0	1	0	0	secreted (pred.)
gene_12322	205	2	0.0098	0	0	0	other
gene_12323	357	16	0.0448	0	0	0	other
gene_12324	302	7	0.0232	0	0	0	other
gene_12325	551	4	0.0073	0	0	0	other
gene_12326	628	10	0.0159	0	0	0	other
gene_12327	1672	32	0.0191	0	0	0	other
gene_12328	380	6	0.0158	1	0	0	secreted (pred.)
gene_12329	298	3	0.0101	0	0	0	other
gene_1233	403	11	0.0273	1	0	0	secreted (pred.)
gene_12330	519	8	0.0154	0	0	0	other
gene_12331	429	11	0.0256	1	0	0	secreted (pred.)
gene_12332	752	11	0.0146	0	0	0	other
gene_12334	351	7	0.0199	0	0	0	other
gene_12335	491	9	0.0183	0	0	0	other
gene_12336	54	8	0.1481	0	0	0	other
gene_12337	471	5	0.0106	0	0	0	other
gene_12338	296	5	0.0169	1	1	0	secreted (pred.)
gene_12339	223	2	0.009	0	0	0	other
gene_1234	249	14	0.0562	0	0	0	other
gene_12340	104	4	0.0385	0	0	0	other
gene_12341	294	3	0.0102	0	0	0	other
gene_12342	305	5	0.0164	0	0	0	other
gene_12344	297	3	0.0101	0	0	0	other
gene_12345	512	4	0.0078	1	0	0	secreted (pred.)
gene_12346	254	4	0.0157	1	1	0	secreted (pred.)
gene_12347	298	5	0.0168	0	0	0	other
gene_12348	175	7	0.04	1	1	0	secreted (pred.)
gene_12349	306	1	0.0033	0	0	0	other
gene_1235	326	11	0.0337	1	0	0	secreted (pred.)
gene_12350	1217	11	0.009	0	0	0	other
gene_12351	949	8	0.0084	0	0	0	other
gene_12352	131	1	0.0076	0	0	0	other
gene_12353	439	12	0.0273	0	0	0	other
gene_12354	461	7	0.0152	0	0	0	other
gene_12355	972	7	0.0072	0	0	0	other
gene_12356	907	3	0.0033	0	0	0	other
gene_12357	53	1	0.0189	1	0	0	secreted (pred.)
gene_12358	737	9	0.0122	0	0	0	other
gene_12359	187	2	0.0107	1	0	0	secreted (pred.)
gene_12360	324	4	0.0123	0	0	0	other
gene_12361	282	20	0.0709	1	1	0	secreted (pred.)
gene_12363	427	10	0.0234	0	0	0	other
gene_12364	119	0	0.0	0	0	0	other
gene_12365	578	11	0.019	0	0	0	other
gene_12366	277	10	0.0361	1	1	1	secreted (pred.)
gene_12367	198	0	0.0	0	0	0	other
gene_12368	556	9	0.0162	0	0	0	other
gene_12369	1514	12	0.0079	1	0	0	secreted (pred.)
gene_1237	286	1	0.0035	0	0	0	other
gene_12370	89	7	0.0787	1	1	0	secreted (pred.)
gene_12371	446	12	0.0269	1	0	0	secreted (pred.)
gene_12372	476	4	0.0084	0	0	0	other
gene_12373	1053	19	0.018	0	0	0	other
gene_12374	491	1	0.002	0	0	0	other
gene_12375	578	4	0.0069	0	0	0	other
gene_12376	694	1	0.0014	0	0	0	other
gene_12377	1052	16	0.0152	0	0	0	other
gene_12378	711	4	0.0056	0	0	0	other
gene_12379	482	8	0.0166	0	0	0	other
gene_1238	401	4	0.01	0	0	0	other
gene_12380	138	0	0.0	0	0	0	other
gene_12382	1119	9	0.008	0	0	0	other
gene_12383	857	1	0.0012	0	0	0	other
gene_12384	1147	18	0.0157	0	0	0	other
gene_12385	526	1	0.0019	0	0	0	other
gene_12386	473	8	0.0169	0	0	0	other
gene_12387	550	17	0.0309	0	0	0	other
gene_12388	735	18	0.0245	0	0	0	other
gene_12389	550	6	0.0109	1	0	0	secreted (pred.)
gene_1239	1842	13	0.0071	0	0	0	other
gene_12390	102	1	0.0098	1	0	0	secreted (pred.)
gene_12391	802	10	0.0125	0	0	0	other
gene_12392	141	2	0.0142	0	0	0	other
gene_12393	639	4	0.0063	0	0	0	other
gene_12394	628	7	0.0111	0	0	0	other
gene_12395	805	10	0.0124	1	0	0	secreted (pred.)
gene_12396	405	7	0.0173	1	0	0	secreted (pred.)
gene_12397	467	10	0.0214	0	0	0	other
gene_12398	322	5	0.0155	0	0	0	other
gene_12399	196	4	0.0204	0	0	0	other
gene_124	327	5	0.0153	0	0	0	other
gene_1240	395	1	0.0025	0	0	0	other
gene_12400	401	8	0.02	0	0	0	other
gene_12401	301	1	0.0033	0	0	0	other
gene_12402	196	8	0.0408	1	1	1	secreted (pred.)
gene_12403	92	0	0.0	0	0	0	other
gene_12405	305	1	0.0033	1	0	0	secreted (pred.)
gene_12406	1228	27	0.022	0	0	0	other
gene_12407	301	1	0.0033	0	0	0	other
gene_12408	529	4	0.0076	0	0	0	other
gene_12409	342	4	0.0117	0	0	0	other
gene_1241	475	4	0.0084	1	0	0	secreted (pred.)
gene_12410	881	14	0.0159	0	0	0	other
gene_12411	1099	6	0.0055	0	0	0	other
gene_12412	568	11	0.0194	0	0	0	other
gene_12413	578	5	0.0087	0	0	0	other
gene_12414	694	1	0.0014	0	0	0	other
gene_12415	240	5	0.0208	0	0	0	other
gene_12416	1048	8	0.0076	1	0	0	secreted (pred.)
gene_12417	708	3	0.0042	0	0	0	other
gene_12418	768	6	0.0078	0	0	0	other
gene_12419	492	3	0.0061	0	0	0	other
gene_1242	495	3	0.0061	0	0	0	other
gene_12420	5613	7	0.0012	1	0	0	secreted (pred.)
gene_12421	422	9	0.0213	0	0	0	other
gene_12422	203	0	0.0	0	0	0	other
gene_12423	117	5	0.0427	0	0	0	other
gene_12424	317	0	0.0	1	0	0	secreted (pred.)
gene_12425	472	11	0.0233	0	0	0	other
gene_12426	384	10	0.026	0	0	0	other
gene_12427	1367	12	0.0088	0	0	0	other
gene_12428	50	0	0.0	0	0	0	other
gene_12429	741	6	0.0081	0	0	0	other
gene_1243	955	9	0.0094	0	0	0	other
gene_12430	147	4	0.0272	1	1	0	secreted (pred.)
gene_12431	426	3	0.007	1	0	0	secreted (pred.)
gene_12432	634	5	0.0079	1	0	0	secreted (pred.)
gene_12433	498	1	0.002	1	0	0	secreted (pred.)
gene_12434	550	10	0.0182	0	0	0	other
gene_12435	345	3	0.0087	1	0	0	secreted (pred.)
gene_12436	293	4	0.0137	0	0	0	other
gene_12437	704	10	0.0142	0	0	0	other
gene_12438	329	1	0.003	0	0	0	other
gene_12439	153	3	0.0196	0	0	0	other
gene_1244	301	0	0.0	1	0	0	secreted (pred.)
gene_12440	519	6	0.0116	1	0	0	secreted (pred.)
gene_12441	346	8	0.0231	0	0	0	other
gene_12442	614	13	0.0212	0	0	0	other
gene_12443	642	9	0.014	0	0	0	other
gene_12444	78	1	0.0128	0	0	0	other
gene_12445	377	2	0.0053	1	0	0	secreted (pred.)
gene_12446	181	12	0.0663	1	1	0	secreted (pred.)
gene_12447	294	7	0.0238	0	0	0	other
gene_12448	368	1	0.0027	1	0	0	secreted (pred.)
gene_12449	1643	18	0.011	0	0	0	other
gene_1245	995	14	0.0141	0	0	0	other
gene_12450	488	11	0.0225	0	0	0	other
gene_12451	1191	11	0.0092	0	0	0	other
gene_12453	675	0	0.0	1	0	0	secreted (pred.)
gene_12454	724	10	0.0138	0	0	0	other
gene_12455	528	2	0.0038	1	0	0	secreted (pred.)
gene_12456	87	2	0.023	1	1	0	secreted (pred.)
gene_12457	718	14	0.0195	0	0	0	other
gene_12458	528	15	0.0284	0	0	0	other
gene_12459	304	5	0.0164	1	0	0	secreted (pred.)
gene_1246	210	0	0.0	0	0	0	other
gene_12460	619	7	0.0113	1	0	0	secreted (pred.)
gene_12461	604	6	0.0099	0	0	0	other
gene_12462	505	9	0.0178	0	0	0	other
gene_12463	114	0	0.0	1	0	0	secreted (pred.)
gene_12464	603	3	0.005	0	0	0	other
gene_12465	206	6	0.0291	0	0	0	other
gene_12466	478	0	0.0	0	0	0	other
gene_12467	208	3	0.0144	0	0	0	other
gene_12468	433	5	0.0115	1	0	0	secreted (pred.)
gene_12469	88	0	0.0	0	0	0	other
gene_1247	452	5	0.0111	0	0	0	other
gene_12470	365	9	0.0247	1	0	0	secreted (pred.)
gene_12471	496	10	0.0202	0	0	0	other
gene_12473	145	1	0.0069	0	0	0	other
gene_12474	373	4	0.0107	0	0	0	other
gene_12475	145	4	0.0276	1	0	0	secreted (pred.)
gene_12476	333	4	0.012	0	0	0	other
gene_12477	790	5	0.0063	0	0	0	other
gene_12478	804	13	0.0162	1	0	0	secreted (pred.)
gene_12479	754	5	0.0066	0	0	0	other
gene_12480	271	4	0.0148	0	0	0	other
gene_12481	578	3	0.0052	0	0	0	other
gene_12482	283	3	0.0106	0	0	0	other
gene_12483	152	1	0.0066	0	0	0	other
gene_12484	834	4	0.0048	1	0	0	secreted (pred.)
gene_12485	196	4	0.0204	0	0	0	other
gene_12486	459	1	0.0022	0	0	0	other
gene_12487	511	6	0.0117	0	0	0	other
gene_12488	278	5	0.018	1	1	0	secreted (pred.)
gene_12489	201	2	0.01	1	0	0	secreted (pred.)
gene_1249	826	6	0.0073	0	0	0	other
gene_12490	225	0	0.0	1	0	0	secreted (pred.)
gene_12491	511	5	0.0098	0	0	0	other
gene_12492	413	3	0.0073	1	0	0	secreted (pred.)
gene_12493	509	3	0.0059	0	0	0	other
gene_12494	386	9	0.0233	1	0	0	secreted (pred.)
gene_12495	377	3	0.008	0	0	0	other
gene_12496	548	3	0.0055	0	0	0	other
gene_12497	573	8	0.014	0	0	0	other
gene_12498	228	1	0.0044	0	0	0	other
gene_12499	396	5	0.0126	1	0	0	secreted (pred.)
gene_125	567	14	0.0247	0	0	0	other
gene_1250	336	9	0.0268	1	0	0	secreted (pred.)
gene_12500	302	8	0.0265	0	0	0	other
gene_12502	247	4	0.0162	0	0	0	other
gene_12503	232	6	0.0259	0	0	0	other
gene_12504	702	8	0.0114	0	0	0	other
gene_12505	437	1	0.0023	0	0	0	other
gene_12506	1869	23	0.0123	1	0	0	secreted (pred.)
gene_12507	843	5	0.0059	0	0	0	other
gene_12508	563	14	0.0249	0	0	0	other
gene_12509	286	4	0.014	0	0	0	other
gene_1251	443	2	0.0045	0	0	0	other
gene_12510	362	5	0.0138	0	0	0	other
gene_12511	1134	1	0.0009	0	0	0	other
gene_12512	716	4	0.0056	1	0	0	secreted (pred.)
gene_12513	516	14	0.0271	0	0	0	other
gene_12514	567	21	0.037	0	0	0	other
gene_12515	522	5	0.0096	1	0	0	secreted (pred.)
gene_12516	839	2	0.0024	0	0	0	other
gene_12517	434	3	0.0069	0	0	0	other
gene_12518	663	1	0.0015	0	0	0	other
gene_12519	703	17	0.0242	0	0	0	other
gene_1252	144	2	0.0139	0	0	0	other
gene_12520	186	6	0.0323	0	0	0	other
gene_12521	661	3	0.0045	0	0	0	other
gene_12522	289	6	0.0208	0	0	0	other
gene_12523	144	2	0.0139	1	0	0	secreted (pred.)
gene_12524	447	12	0.0268	0	0	0	other
gene_12525	830	17	0.0205	1	0	0	secreted (pred.)
gene_12526	391	1	0.0026	0	0	0	other
gene_12527	895	12	0.0134	0	0	0	other
gene_12528	168	4	0.0238	1	0	0	secreted (pred.)
gene_1253	588	13	0.0221	0	0	0	other
gene_12530	203	2	0.0099	0	0	0	other
gene_12531	280	2	0.0071	0	0	0	other
gene_12532	535	3	0.0056	1	0	0	secreted (pred.)
gene_12533	1131	12	0.0106	1	0	0	secreted (pred.)
gene_12534	263	3	0.0114	0	0	0	other
gene_12535	306	8	0.0261	1	0	0	secreted (pred.)
gene_12536	425	4	0.0094	0	0	0	other
gene_12537	330	1	0.003	0	0	0	other
gene_12538	626	10	0.016	0	0	0	other
gene_12539	202	4	0.0198	0	0	0	other
gene_1254	60	6	0.1	1	1	0	secreted (pred.)
gene_12540	405	14	0.0346	0	0	0	other
gene_12541	264	0	0.0	1	0	0	secreted (pred.)
gene_12543	449	11	0.0245	1	0	0	secreted (pred.)
gene_12544	488	1	0.002	0	0	0	other
gene_12545	121	2	0.0165	0	0	0	other
gene_12546	791	2	0.0025	0	0	0	other
gene_12547	256	2	0.0078	0	0	0	other
gene_12548	1539	6	0.0039	0	0	0	other
gene_12549	332	3	0.009	0	0	0	other
gene_1255	364	3	0.0082	0	0	0	other
gene_12550	499	7	0.014	0	0	0	other
gene_12551	210	3	0.0143	0	0	0	other
gene_12552	268	9	0.0336	0	0	0	other
gene_12553	1647	26	0.0158	0	0	0	other
gene_12554	464	17	0.0366	0	0	0	other
gene_12555	126	1	0.0079	0	0	0	other
gene_12556	579	8	0.0138	0	0	0	other
gene_12557	666	9	0.0135	0	0	0	other
gene_12558	482	16	0.0332	0	0	0	other
gene_12559	381	3	0.0079	0	0	0	other
gene_1256	572	4	0.007	1	0	0	secreted (pred.)
gene_12560	424	4	0.0094	0	0	0	other
gene_12561	404	5	0.0124	0	0	0	other
gene_12562	450	2	0.0044	1	0	0	secreted (pred.)
gene_12563	806	7	0.0087	1	0	0	secreted (pred.)
gene_12564	240	4	0.0167	0	0	0	other
gene_12565	205	7	0.0341	0	0	0	other
gene_12566	551	2	0.0036	0	0	0	other
gene_12567	1491	14	0.0094	0	0	0	other
gene_12568	118	3	0.0254	1	1	0	secreted (pred.)
gene_12569	230	0	0.0	1	0	0	secreted (pred.)
gene_12570	841	2	0.0024	0	0	0	other
gene_12571	450	9	0.02	0	0	0	other
gene_12572	613	8	0.0131	0	0	0	other
gene_12573	892	18	0.0202	1	0	0	secreted (pred.)
gene_12574	406	1	0.0025	0	0	0	other
gene_12575	198	10	0.0505	1	1	0	secreted (pred.)
gene_12576	971	11	0.0113	1	0	0	secreted (pred.)
gene_12577	361	5	0.0139	0	0	0	other
gene_12578	982	8	0.0081	0	0	0	other
gene_12579	151	2	0.0132	0	0	0	other
gene_1258	345	3	0.0087	0	0	0	other
gene_12580	468	14	0.0299	1	0	0	secreted (pred.)
gene_12582	227	3	0.0132	1	0	0	secreted (pred.)
gene_12583	309	14	0.0453	0	0	0	other
gene_12584	992	4	0.004	0	0	0	other
gene_12585	488	11	0.0225	1	0	0	secreted (pred.)
gene_12586	387	5	0.0129	0	0	0	other
gene_12587	583	9	0.0154	0	0	0	other
gene_12589	188	7	0.0372	0	0	0	other
gene_1259	1052	16	0.0152	0	0	0	other
gene_12590	649	13	0.02	0	0	0	other
gene_12591	76	4	0.0526	1	1	0	secreted (pred.)
gene_12592	1037	7	0.0068	1	0	0	secreted (pred.)
gene_12593	210	4	0.019	1	1	0	secreted (pred.)
gene_12594	1070	3	0.0028	0	0	0	other
gene_12595	824	7	0.0085	0	0	0	other
gene_12596	140	1	0.0071	0	0	0	other
gene_12597	792	18	0.0227	0	0	0	other
gene_12598	468	4	0.0085	0	0	0	other
gene_12599	1060	17	0.016	1	0	0	secreted (pred.)
gene_126	1082	12	0.0111	0	0	0	other
gene_1260	603	6	0.01	0	0	0	other
gene_12600	183	1	0.0055	1	0	0	secreted (pred.)
gene_12601	408	9	0.0221	1	0	0	secreted (pred.)
gene_12602	203	2	0.0099	0	0	0	other
gene_12603	361	9	0.0249	0	0	0	other
gene_12604	418	5	0.012	0	0	0	other
gene_12605	625	2	0.0032	0	0	0	other
gene_12607	742	5	0.0067	0	0	0	other
gene_12608	330	4	0.0121	0	0	0	other
gene_12609	273	3	0.011	0	0	0	other
gene_1261	375	5	0.0133	0	0	0	other
gene_12610	259	0	0.0	1	0	0	secreted (pred.)
gene_12612	356	6	0.0169	0	0	0	other
gene_12613	78	3	0.0385	1	1	0	secreted (pred.)
gene_12614	748	10	0.0134	0	0	0	other
gene_12615	691	5	0.0072	0	0	0	other
gene_12616	136	5	0.0368	0	0	0	other
gene_12617	388	4	0.0103	1	0	0	secreted (pred.)
gene_12618	989	12	0.0121	1	0	0	secreted (pred.)
gene_12619	1051	14	0.0133	0	0	0	other
gene_1262	560	2	0.0036	0	0	0	other
gene_12620	488	6	0.0123	0	0	0	other
gene_12621	733	16	0.0218	0	0	0	other
gene_12622	286	4	0.014	1	1	0	secreted (pred.)
gene_12623	347	0	0.0	1	0	0	secreted (pred.)
gene_12624	2055	23	0.0112	0	0	0	other
gene_12625	657	7	0.0107	0	0	0	other
gene_12626	1005	0	0.0	0	0	0	other
gene_12627	385	3	0.0078	1	0	0	secreted (pred.)
gene_12628	505	4	0.0079	1	0	0	secreted (pred.)
gene_12629	284	3	0.0106	1	0	0	secreted (pred.)
gene_1263	515	4	0.0078	1	0	0	secreted (pred.)
gene_12630	223	4	0.0179	0	0	0	other
gene_12631	277	9	0.0325	0	0	0	other
gene_12632	94	8	0.0851	1	1	0	secreted (pred.)
gene_12633	721	14	0.0194	0	0	0	other
gene_12634	116	8	0.069	1	1	0	secreted (pred.)
gene_12635	199	7	0.0352	1	1	0	secreted (pred.)
gene_12636	173	2	0.0116	0	0	0	other
gene_12637	575	42	0.073	1	0	0	secreted (pred.)
gene_12638	501	1	0.002	1	0	0	secreted (pred.)
gene_12639	1147	6	0.0052	0	0	0	other
gene_1264	480	14	0.0292	0	0	0	other
gene_12640	518	14	0.027	0	0	0	other
gene_12641	532	8	0.015	0	0	0	other
gene_12642	456	9	0.0197	1	0	0	secreted (pred.)
gene_12643	354	7	0.0198	1	0	0	secreted (pred.)
gene_12644	807	14	0.0173	0	0	0	other
gene_12645	1048	3	0.0029	1	0	0	secreted (pred.)
gene_12646	88	0	0.0	1	0	0	secreted (pred.)
gene_12648	292	6	0.0205	1	0	0	secreted (pred.)
gene_12649	108	0	0.0	0	0	0	other
gene_1265	482	6	0.0124	1	0	0	secreted (pred.)
gene_12650	964	12	0.0124	0	0	0	other
gene_12651	1060	5	0.0047	0	0	0	other
gene_12652	361	10	0.0277	0	0	0	other
gene_12653	231	3	0.013	0	0	0	other
gene_12654	306	5	0.0163	0	0	0	other
gene_12655	381	7	0.0184	0	0	0	other
gene_12656	606	5	0.0083	0	0	0	other
gene_12657	200	1	0.005	0	0	0	other
gene_12658	724	18	0.0249	0	0	0	other
gene_12659	665	9	0.0135	0	0	0	other
gene_1266	1731	9	0.0052	0	0	0	other
gene_12660	436	2	0.0046	1	0	0	secreted (pred.)
gene_12661	617	6	0.0097	0	0	0	other
gene_12662	432	5	0.0116	0	0	0	other
gene_12663	752	14	0.0186	0	0	0	other
gene_12664	891	4	0.0045	0	0	0	other
gene_12666	1420	16	0.0113	0	0	0	other
gene_12668	1030	5	0.0049	0	0	0	other
gene_12669	369	0	0.0	0	0	0	other
gene_1267	459	10	0.0218	1	0	0	secreted (pred.)
gene_12670	299	4	0.0134	1	1	0	secreted (pred.)
gene_12671	151	1	0.0066	1	0	0	secreted (pred.)
gene_12672	305	0	0.0	1	0	0	secreted (pred.)
gene_12673	150	4	0.0267	0	0	0	other
gene_12675	282	7	0.0248	1	1	0	secreted (pred.)
gene_12676	828	12	0.0145	0	0	0	other
gene_12677	230	9	0.0391	0	0	0	other
gene_12678	294	2	0.0068	1	0	0	secreted (pred.)
gene_12679	973	12	0.0123	0	0	0	other
gene_1268	55	1	0.0182	0	0	0	other
gene_12680	724	19	0.0262	0	0	0	other
gene_12681	342	6	0.0175	0	0	0	other
gene_12683	407	6	0.0147	0	0	0	other
gene_12684	1034	5	0.0048	0	0	0	other
gene_12685	533	1	0.0019	0	0	0	other
gene_12686	203	3	0.0148	0	0	0	other
gene_12687	462	2	0.0043	0	0	0	other
gene_12688	509	7	0.0138	0	0	0	other
gene_12689	505	7	0.0139	0	0	0	other
gene_1269	684	15	0.0219	0	0	0	other
gene_12690	241	0	0.0	1	0	0	secreted (pred.)
gene_12691	72	7	0.0972	0	0	0	other
gene_12692	1099	5	0.0045	0	0	0	other
gene_12693	801	4	0.005	0	0	0	other
gene_12694	857	8	0.0093	0	0	0	other
gene_12695	416	11	0.0264	1	0	0	secreted (pred.)
gene_12696	1394	8	0.0057	0	0	0	other
gene_12697	492	10	0.0203	0	0	0	other
gene_12698	402	3	0.0075	0	0	0	other
gene_12699	68	0	0.0	0	0	0	other
gene_127	102	6	0.0588	1	1	0	secreted (pred.)
gene_1270	468	7	0.015	0	0	0	other
gene_12700	363	4	0.011	0	0	0	other
gene_12701	179	2	0.0112	0	0	0	other
gene_12702	676	5	0.0074	0	0	0	other
gene_12703	975	4	0.0041	1	0	0	secreted (pred.)
gene_12704	56	0	0.0	0	0	0	other
gene_12705	316	0	0.0	0	0	0	other
gene_12706	1219	10	0.0082	0	0	0	other
gene_12708	449	0	0.0	0	0	0	other
gene_12709	95	2	0.0211	1	1	0	secreted (pred.)
gene_1271	402	0	0.0	1	0	0	secreted (pred.)
gene_12710	216	5	0.0231	0	0	0	other
gene_12711	324	3	0.0093	0	0	0	other
gene_12712	419	2	0.0048	0	0	0	other
gene_12713	208	3	0.0144	1	0	0	secreted (pred.)
gene_12714	1027	6	0.0058	0	0	0	other
gene_12715	330	9	0.0273	1	0	0	secreted (pred.)
gene_12716	448	7	0.0156	0	0	0	other
gene_12717	280	2	0.0071	0	0	0	other
gene_12718	327	6	0.0183	0	0	0	other
gene_12719	304	2	0.0066	0	0	0	other
gene_1272	231	7	0.0303	0	0	0	other
gene_12720	221	5	0.0226	0	0	0	other
gene_12721	108	2	0.0185	1	0	0	secreted (pred.)
gene_12722	173	3	0.0173	0	0	0	other
gene_12723	774	16	0.0207	0	0	0	other
gene_12724	750	12	0.016	1	0	0	secreted (pred.)
gene_12725	450	6	0.0133	0	0	0	other
gene_12726	810	7	0.0086	1	0	0	secreted (pred.)
gene_12727	236	0	0.0	0	0	0	other
gene_12728	341	9	0.0264	0	0	0	other
gene_12729	610	11	0.018	1	0	0	secreted (pred.)
gene_1273	981	16	0.0163	0	0	0	other
gene_12730	920	7	0.0076	0	0	0	other
gene_12732	595	4	0.0067	0	0	0	other
gene_12733	486	8	0.0165	1	0	0	secreted (pred.)
gene_12734	280	10	0.0357	0	0	0	other
gene_12735	1115	9	0.0081	1	0	0	secreted (pred.)
gene_12736	830	9	0.0108	0	0	0	other
gene_12737	574	7	0.0122	0	0	0	other
gene_12738	567	5	0.0088	1	0	0	secreted (pred.)
gene_12739	152	4	0.0263	0	0	0	other
gene_1274	1256	16	0.0127	0	0	0	other
gene_12740	314	5	0.0159	1	0	0	secreted (pred.)
gene_12741	469	13	0.0277	0	0	0	other
gene_12742	763	12	0.0157	0	0	0	other
gene_12743	326	4	0.0123	0	0	0	other
gene_12744	744	1	0.0013	0	0	0	other
gene_12745	110	14	0.1273	1	1	0	secreted (pred.)
gene_12746	552	9	0.0163	0	0	0	other
gene_12747	236	1	0.0042	0	0	0	other
gene_12748	1085	8	0.0074	0	0	0	other
gene_12749	1078	7	0.0065	0	0	0	other
gene_1275	2676	40	0.0149	1	0	0	secreted (pred.)
gene_12750	1408	3	0.0021	0	0	0	other
gene_12751	243	0	0.0	0	0	0	other
gene_12752	261	0	0.0	1	0	0	secreted (pred.)
gene_12753	556	0	0.0	0	0	0	other
gene_12754	308	4	0.013	1	0	0	secreted (pred.)
gene_12755	605	14	0.0231	0	0	0	other
gene_12756	101	0	0.0	0	0	0	other
gene_12757	473	2	0.0042	1	0	0	secreted (pred.)
gene_12758	1239	11	0.0089	0	0	0	other
gene_12759	933	6	0.0064	0	0	0	other
gene_1276	387	5	0.0129	0	0	0	other
gene_12760	264	5	0.0189	0	0	0	other
gene_12761	792	18	0.0227	0	0	0	other
gene_12762	828	10	0.0121	0	0	0	other
gene_12763	306	0	0.0	0	0	0	other
gene_12764	693	11	0.0159	0	0	0	other
gene_12765	1017	6	0.0059	0	0	0	other
gene_12766	121	1	0.0083	1	0	0	secreted (pred.)
gene_12767	716	7	0.0098	0	0	0	other
gene_12768	351	4	0.0114	0	0	0	other
gene_12769	598	13	0.0217	0	0	0	other
gene_1277	147	6	0.0408	1	1	0	secreted (pred.)
gene_12770	430	3	0.007	0	0	0	other
gene_12771	101	4	0.0396	0	0	0	other
gene_12772	267	9	0.0337	0	0	0	other
gene_12773	154	2	0.013	1	0	0	secreted (pred.)
gene_12774	167	1	0.006	0	0	0	other
gene_12776	97	3	0.0309	0	0	0	other
gene_12777	354	9	0.0254	0	0	0	other
gene_12778	373	8	0.0214	0	0	0	other
gene_12779	120	2	0.0167	0	0	0	other
gene_1278	388	0	0.0	0	0	0	other
gene_12780	118	0	0.0	0	0	0	other
gene_12781	75	6	0.08	0	0	0	other
gene_12782	333	2	0.006	0	0	0	other
gene_12783	1042	3	0.0029	1	0	0	secreted (pred.)
gene_12784	297	3	0.0101	0	0	0	other
gene_12785	124	10	0.0806	1	1	0	secreted (pred.)
gene_12786	110	0	0.0	0	0	0	other
gene_12787	172	5	0.0291	0	0	0	other
gene_12788	279	3	0.0108	1	0	0	secreted (pred.)
gene_12789	1613	23	0.0143	0	0	0	other
gene_1279	798	3	0.0038	0	0	0	other
gene_12790	496	2	0.004	0	0	0	other
gene_12791	258	3	0.0116	0	0	0	other
gene_12792	979	5	0.0051	1	0	0	secreted (pred.)
gene_12793	261	10	0.0383	0	0	0	other
gene_12794	207	2	0.0097	0	0	0	other
gene_12795	278	5	0.018	0	0	0	other
gene_12796	313	9	0.0288	0	0	0	other
gene_12797	984	8	0.0081	1	0	0	secreted (pred.)
gene_12798	1548	9	0.0058	0	0	0	other
gene_12799	509	8	0.0157	0	0	0	other
gene_128	273	0	0.0	0	0	0	other
gene_1280	338	3	0.0089	0	0	0	other
gene_12800	1541	13	0.0084	0	0	0	other
gene_12801	357	1	0.0028	0	0	0	other
gene_12802	330	10	0.0303	1	0	0	secreted (pred.)
gene_12803	861	13	0.0151	0	0	0	other
gene_12804	291	4	0.0137	0	0	0	other
gene_12806	384	0	0.0	0	0	0	other
gene_12807	362	1	0.0028	0	0	0	other
gene_12808	670	4	0.006	1	0	0	secreted (pred.)
gene_12809	606	14	0.0231	0	0	0	other
gene_1281	148	0	0.0	0	0	0	other
gene_12810	485	3	0.0062	0	0	0	other
gene_12811	3114	59	0.0189	0	0	0	other
gene_12812	697	8	0.0115	0	0	0	other
gene_12813	972	2	0.0021	1	0	0	secreted (pred.)
gene_12814	272	4	0.0147	0	0	0	other
gene_12815	362	7	0.0193	1	0	0	secreted (pred.)
gene_12816	150	1	0.0067	0	0	0	other
gene_12817	293	0	0.0	0	0	0	other
gene_12818	897	7	0.0078	0	0	0	other
gene_12819	346	7	0.0202	0	0	0	other
gene_1282	560	1	0.0018	1	0	0	secreted (pred.)
gene_12820	776	13	0.0168	0	0	0	other
gene_12821	694	18	0.0259	0	0	0	other
gene_12822	219	6	0.0274	1	1	0	secreted (pred.)
gene_12823	2024	46	0.0227	1	0	0	secreted (pred.)
gene_12824	485	2	0.0041	0	0	0	other
gene_12825	499	16	0.0321	0	0	0	other
gene_12826	383	5	0.0131	1	0	0	secreted (pred.)
gene_12827	696	11	0.0158	1	0	0	secreted (pred.)
gene_12828	396	10	0.0253	0	0	0	other
gene_1283	324	2	0.0062	0	0	0	other
gene_12830	391	4	0.0102	1	0	0	secreted (pred.)
gene_12831	93	1	0.0108	0	0	0	other
gene_12832	638	8	0.0125	0	0	0	other
gene_12833	147	2	0.0136	0	0	0	other
gene_12834	2409	25	0.0104	1	0	0	secreted (pred.)
gene_12835	245	11	0.0449	0	0	0	other
gene_12836	272	3	0.011	0	0	0	other
gene_12837	175	3	0.0171	0	0	0	other
gene_12838	572	8	0.014	0	0	0	other
gene_12839	631	14	0.0222	0	0	0	other
gene_1284	334	0	0.0	1	0	0	secreted (pred.)
gene_12840	282	4	0.0142	0	0	0	other
gene_12841	457	4	0.0088	0	0	0	other
gene_12842	1560	34	0.0218	0	0	0	other
gene_12843	336	8	0.0238	1	0	0	secreted (pred.)
gene_12844	357	4	0.0112	0	0	0	other
gene_12845	215	6	0.0279	0	0	0	other
gene_12846	518	3	0.0058	0	0	0	other
gene_12847	366	9	0.0246	0	0	0	other
gene_12848	177	0	0.0	0	0	0	other
gene_12849	1767	20	0.0113	1	0	0	secreted (pred.)
gene_1285	379	3	0.0079	0	0	0	other
gene_12850	745	12	0.0161	0	0	0	other
gene_12851	81	5	0.0617	1	1	0	secreted (pred.)
gene_12852	133	7	0.0526	0	0	0	other
gene_12853	207	3	0.0145	0	0	0	other
gene_12854	703	7	0.01	0	0	0	other
gene_12855	540	1	0.0019	0	0	0	other
gene_12856	874	0	0.0	0	0	0	other
gene_12857	490	3	0.0061	0	0	0	other
gene_12858	375	1	0.0027	0	0	0	other
gene_12859	583	9	0.0154	0	0	0	other
gene_1286	135	1	0.0074	1	0	0	secreted (pred.)
gene_12860	811	6	0.0074	0	0	0	other
gene_12861	251	3	0.012	1	0	0	secreted (pred.)
gene_12862	128	2	0.0156	1	0	0	secreted (pred.)
gene_12863	243	3	0.0123	0	0	0	other
gene_12864	768	9	0.0117	0	0	0	other
gene_12865	2100	8	0.0038	0	0	0	other
gene_12866	526	8	0.0152	0	0	0	other
gene_12867	430	14	0.0326	0	0	0	other
gene_12869	250	3	0.012	1	0	0	secreted (pred.)
gene_1287	115	6	0.0522	1	1	0	secreted (pred.)
gene_12870	191	1	0.0052	0	0	0	other
gene_12871	274	0	0.0	0	0	0	other
gene_12872	756	7	0.0093	0	0	0	other
gene_12873	232	4	0.0172	0	1	1	secreted (pred.)
gene_12874	447	6	0.0134	0	0	0	other
gene_12875	507	3	0.0059	0	0	0	other
gene_12876	511	6	0.0117	0	0	0	other
gene_12877	403	10	0.0248	1	0	0	secreted (pred.)
gene_12878	72	0	0.0	0	0	0	other
gene_12879	481	9	0.0187	0	0	0	other
gene_1288	1003	12	0.012	0	0	0	other
gene_12880	151	7	0.0464	0	0	0	other
gene_12882	180	4	0.0222	0	0	0	other
gene_12883	2414	35	0.0145	1	0	0	secreted (pred.)
gene_12884	397	5	0.0126	1	0	0	secreted (pred.)
gene_12885	1104	13	0.0118	0	0	0	other
gene_12886	328	1	0.003	0	0	0	other
gene_12887	494	1	0.002	0	0	0	other
gene_12888	509	8	0.0157	0	0	0	other
gene_12889	142	3	0.0211	0	0	0	other
gene_1289	435	2	0.0046	0	0	0	other
gene_12890	1200	11	0.0092	0	0	0	other
gene_12891	461	3	0.0065	1	0	0	secreted (pred.)
gene_12892	408	2	0.0049	0	0	0	other
gene_12893	746	17	0.0228	1	0	0	secreted (pred.)
gene_12894	538	11	0.0204	1	0	0	secreted (pred.)
gene_12895	388	6	0.0155	0	0	0	other
gene_12896	2344	40	0.0171	0	0	0	other
gene_12897	1463	13	0.0089	0	0	0	other
gene_12898	174	6	0.0345	0	0	0	other
gene_12899	560	6	0.0107	0	0	0	other
gene_129	414	9	0.0217	0	0	0	other
gene_1290	525	3	0.0057	0	0	0	other
gene_12900	465	7	0.0151	1	0	0	secreted (pred.)
gene_12901	1235	11	0.0089	0	0	0	other
gene_12902	166	4	0.0241	1	1	0	secreted (pred.)
gene_12903	541	13	0.024	0	0	0	other
gene_12904	915	16	0.0175	0	0	0	other
gene_12905	262	5	0.0191	0	0	0	other
gene_12906	512	10	0.0195	0	0	0	other
gene_12907	1058	20	0.0189	0	0	0	other
gene_12908	349	4	0.0115	1	0	0	secreted (pred.)
gene_12909	262	2	0.0076	1	0	0	secreted (pred.)
gene_1291	266	5	0.0188	0	0	0	other
gene_12910	595	7	0.0118	0	0	0	other
gene_12911	562	6	0.0107	1	0	0	secreted (pred.)
gene_12912	81	2	0.0247	1	1	0	secreted (pred.)
gene_12913	353	2	0.0057	0	0	0	other
gene_12914	85	6	0.0706	1	1	0	secreted (pred.)
gene_12915	879	14	0.0159	0	0	0	other
gene_12916	233	6	0.0258	0	0	0	other
gene_12917	282	2	0.0071	1	0	0	secreted (pred.)
gene_12918	206	1	0.0049	0	0	0	other
gene_12919	572	4	0.007	0	0	0	other
gene_1292	231	1	0.0043	1	0	0	secreted (pred.)
gene_12920	222	1	0.0045	0	0	0	other
gene_12921	256	6	0.0234	0	0	0	other
gene_12922	1260	10	0.0079	0	0	0	other
gene_12923	2375	1	0.0004	0	0	0	other
gene_12924	879	8	0.0091	1	0	0	secreted (pred.)
gene_12925	776	15	0.0193	0	0	0	other
gene_12926	133	1	0.0075	0	0	0	other
gene_12927	176	6	0.0341	0	0	0	other
gene_12928	332	8	0.0241	0	0	0	other
gene_12929	230	1	0.0043	0	0	0	other
gene_1293	345	4	0.0116	0	0	0	other
gene_12930	61	0	0.0	0	0	0	other
gene_12931	164	4	0.0244	0	0	0	other
gene_12932	291	2	0.0069	0	0	0	other
gene_12933	230	0	0.0	1	0	0	secreted (pred.)
gene_12934	314	1	0.0032	0	0	0	other
gene_12935	388	2	0.0052	0	0	0	other
gene_12936	930	11	0.0118	0	0	0	other
gene_12937	88	10	0.1136	1	1	0	secreted (pred.)
gene_12938	338	5	0.0148	1	0	0	secreted (pred.)
gene_12939	550	8	0.0145	1	0	0	secreted (pred.)
gene_1294	457	5	0.0109	0	0	0	other
gene_12940	521	9	0.0173	0	0	0	other
gene_12941	568	2	0.0035	1	0	0	secreted (pred.)
gene_12942	337	0	0.0	1	0	0	secreted (pred.)
gene_12943	222	0	0.0	1	0	0	secreted (pred.)
gene_12945	287	9	0.0314	0	0	0	other
gene_12946	516	6	0.0116	0	0	0	other
gene_12947	345	1	0.0029	1	0	0	secreted (pred.)
gene_12948	210	7	0.0333	0	0	0	other
gene_12949	809	5	0.0062	1	0	0	secreted (pred.)
gene_1295	710	4	0.0056	0	0	0	other
gene_12950	614	11	0.0179	0	0	0	other
gene_12951	1789	17	0.0095	0	0	0	other
gene_12952	1346	14	0.0104	0	0	0	other
gene_12954	164	7	0.0427	1	1	0	secreted (pred.)
gene_12956	560	0	0.0	0	0	0	other
gene_12957	456	5	0.011	0	0	0	other
gene_12958	189	3	0.0159	1	0	0	secreted (pred.)
gene_12959	1156	18	0.0156	0	0	0	other
gene_1296	1353	16	0.0118	0	0	0	other
gene_12960	539	5	0.0093	0	0	0	other
gene_12961	2512	22	0.0088	0	0	0	other
gene_12962	248	4	0.0161	0	0	0	other
gene_12963	159	3	0.0189	1	0	0	secreted (pred.)
gene_12964	551	8	0.0145	0	0	0	other
gene_12965	772	6	0.0078	0	0	0	other
gene_12966	422	4	0.0095	0	0	0	other
gene_12967	412	0	0.0	0	0	0	other
gene_12968	251	1	0.004	1	0	0	secreted (pred.)
gene_12969	889	10	0.0112	0	0	0	other
gene_1297	327	4	0.0122	0	0	0	other
gene_12970	362	5	0.0138	1	0	0	secreted (pred.)
gene_12971	261	6	0.023	1	1	0	secreted (pred.)
gene_12972	99	2	0.0202	0	0	0	other
gene_12973	270	6	0.0222	1	1	0	secreted (pred.)
gene_12974	1321	19	0.0144	0	0	0	other
gene_12975	728	13	0.0179	1	0	0	secreted (pred.)
gene_12976	337	1	0.003	0	0	0	other
gene_12977	1192	11	0.0092	0	0	0	other
gene_12978	364	10	0.0275	1	0	0	secreted (pred.)
gene_12979	427	5	0.0117	1	0	0	secreted (pred.)
gene_1298	373	7	0.0188	1	0	0	secreted (pred.)
gene_12980	322	3	0.0093	0	0	0	other
gene_12982	1778	13	0.0073	0	0	0	other
gene_12983	1030	12	0.0117	0	0	0	other
gene_12984	619	0	0.0	0	0	0	other
gene_12985	366	5	0.0137	0	0	0	other
gene_12986	589	10	0.017	1	0	0	secreted (pred.)
gene_12987	839	7	0.0083	0	0	0	other
gene_12988	494	11	0.0223	1	0	0	secreted (pred.)
gene_12989	1200	8	0.0067	0	0	0	other
gene_1299	49	1	0.0204	0	0	0	other
gene_12990	597	8	0.0134	0	0	0	other
gene_12991	317	5	0.0158	0	0	0	other
gene_12993	250	7	0.028	1	1	0	secreted (pred.)
gene_12994	107	0	0.0	0	0	0	other
gene_12995	138	2	0.0145	1	0	0	secreted (pred.)
gene_12996	249	6	0.0241	0	0	0	other
gene_12997	439	7	0.0159	1	0	0	secreted (pred.)
gene_12998	565	5	0.0088	0	0	0	other
gene_12999	166	0	0.0	0	0	0	other
gene_130	223	3	0.0135	0	0	0	other
gene_1300	800	17	0.0213	0	0	0	other
gene_13000	431	5	0.0116	0	0	0	other
gene_13001	1442	23	0.016	1	0	0	secreted (pred.)
gene_13002	243	2	0.0082	0	0	0	other
gene_13003	963	6	0.0062	0	0	0	other
gene_13004	286	1	0.0035	1	0	0	secreted (pred.)
gene_13006	476	3	0.0063	1	0	0	secreted (pred.)
gene_13007	419	3	0.0072	1	0	0	secreted (pred.)
gene_13008	1108	6	0.0054	0	0	0	other
gene_1301	291	0	0.0	0	0	0	other
gene_13010	321	9	0.028	0	0	0	other
gene_13011	228	2	0.0088	0	0	0	other
gene_13012	341	7	0.0205	0	0	0	other
gene_13013	173	12	0.0694	1	1	1	secreted (pred.)
gene_13014	256	11	0.043	1	1	0	secreted (pred.)
gene_13015	263	8	0.0304	1	1	0	secreted (pred.)
gene_13016	286	3	0.0105	0	0	0	other
gene_13017	170	4	0.0235	0	0	0	other
gene_13018	319	2	0.0063	0	0	0	other
gene_13019	564	8	0.0142	0	0	0	other
gene_13020	334	2	0.006	0	0	0	other
gene_13021	175	3	0.0171	0	0	0	other
gene_13022	263	2	0.0076	0	0	0	other
gene_13023	274	3	0.0109	1	0	0	secreted (pred.)
gene_13024	461	13	0.0282	0	0	0	other
gene_13025	266	1	0.0038	0	0	0	other
gene_13027	671	12	0.0179	0	0	0	other
gene_13028	648	1	0.0015	0	0	0	other
gene_13029	393	5	0.0127	0	0	0	other
gene_1303	299	3	0.01	0	0	0	other
gene_13030	972	7	0.0072	0	0	0	other
gene_13031	301	4	0.0133	1	0	0	secreted (pred.)
gene_13032	589	12	0.0204	0	0	0	other
gene_13034	382	2	0.0052	0	0	0	other
gene_13035	108	3	0.0278	1	1	0	secreted (pred.)
gene_13036	578	13	0.0225	0	0	0	other
gene_13037	360	1	0.0028	0	0	0	other
gene_13038	813	10	0.0123	0	0	0	other
gene_13039	163	1	0.0061	0	0	0	other
gene_1304	384	5	0.013	0	0	0	other
gene_13040	990	20	0.0202	0	0	0	other
gene_13041	1619	25	0.0154	0	0	0	other
gene_13042	254	1	0.0039	0	0	0	other
gene_13043	141	1	0.0071	0	0	0	other
gene_13044	210	2	0.0095	0	0	0	other
gene_13046	930	12	0.0129	0	0	0	other
gene_13047	684	5	0.0073	0	0	0	other
gene_1305	213	1	0.0047	0	0	0	other
gene_1306	508	11	0.0217	0	0	0	other
gene_1307	275	4	0.0145	0	0	0	other
gene_1308	271	12	0.0443	1	1	0	secreted (pred.)
gene_1309	284	6	0.0211	0	0	0	other
gene_1310	463	9	0.0194	0	0	0	other
gene_1311	354	16	0.0452	0	0	0	other
gene_1312	554	9	0.0162	1	0	0	secreted (pred.)
gene_1313	1655	37	0.0224	0	0	0	other
gene_1314	747	4	0.0054	1	0	0	secreted (pred.)
gene_1315	233	5	0.0215	0	0	0	other
gene_1316	570	6	0.0105	0	0	0	other
gene_1317	131	0	0.0	0	0	0	other
gene_1318	63	6	0.0952	0	0	0	other
gene_1319	836	9	0.0108	0	0	0	other
gene_132	167	2	0.012	0	0	0	other
gene_1320	169	6	0.0355	1	1	0	secreted (pred.)
gene_1321	950	8	0.0084	0	0	0	other
gene_1322	536	3	0.0056	0	0	0	other
gene_1323	1485	16	0.0108	0	0	0	other
gene_1324	475	7	0.0147	1	0	0	secreted (pred.)
gene_1325	795	7	0.0088	0	0	0	other
gene_1326	793	4	0.005	0	0	0	other
gene_1327	654	6	0.0092	0	0	0	other
gene_1328	609	4	0.0066	0	0	0	other
gene_1329	700	8	0.0114	0	0	0	other
gene_133	112	6	0.0536	1	1	0	secreted (pred.)
gene_1330	677	8	0.0118	0	0	0	other
gene_1331	269	2	0.0074	0	0	0	other
gene_1332	540	0	0.0	0	0	0	other
gene_1333	280	5	0.0179	0	0	0	other
gene_1334	212	8	0.0377	1	1	0	secreted (pred.)
gene_1335	293	4	0.0137	0	0	0	other
gene_1336	334	0	0.0	0	0	0	other
gene_1337	478	7	0.0146	0	0	0	other
gene_1338	203	2	0.0099	1	0	0	secreted (pred.)
gene_1339	454	7	0.0154	0	0	0	other
gene_134	898	22	0.0245	0	0	0	other
gene_1340	368	4	0.0109	0	0	0	other
gene_1341	629	2	0.0032	0	0	0	other
gene_1342	498	6	0.012	0	0	0	other
gene_1343	1043	14	0.0134	0	0	0	other
gene_1344	1005	10	0.01	0	0	0	other
gene_1345	192	2	0.0104	1	0	0	secreted (pred.)
gene_1346	167	0	0.0	0	0	0	other
gene_1347	284	5	0.0176	0	0	0	other
gene_1348	421	12	0.0285	0	0	0	other
gene_1349	580	5	0.0086	1	0	0	secreted (pred.)
gene_135	184	2	0.0109	1	0	0	secreted (pred.)
gene_1350	485	9	0.0186	0	0	0	other
gene_1351	340	3	0.0088	1	0	0	secreted (pred.)
gene_1352	326	6	0.0184	0	0	0	other
gene_1353	773	9	0.0116	0	0	0	other
gene_1354	1130	9	0.008	0	0	0	other
gene_1355	437	0	0.0	0	0	0	other
gene_1357	400	3	0.0075	1	0	0	secreted (pred.)
gene_1358	130	6	0.0462	0	0	0	other
gene_1359	907	5	0.0055	0	0	0	other
gene_136	1314	10	0.0076	0	0	0	other
gene_1360	67	1	0.0149	0	0	0	other
gene_1361	338	1	0.003	0	0	0	other
gene_1362	395	1	0.0025	0	0	0	other
gene_1363	779	5	0.0064	0	0	0	other
gene_1364	237	0	0.0	0	0	0	other
gene_1365	895	10	0.0112	0	0	0	other
gene_1366	558	5	0.009	0	0	0	other
gene_1367	553	13	0.0235	1	0	0	secreted (pred.)
gene_1368	163	4	0.0245	0	0	0	other
gene_1369	84	0	0.0	1	0	0	secreted (pred.)
gene_137	357	2	0.0056	0	0	0	other
gene_1371	827	16	0.0193	0	0	0	other
gene_1372	313	10	0.0319	1	0	0	secreted (pred.)
gene_1373	122	9	0.0738	1	1	0	secreted (pred.)
gene_1374	219	2	0.0091	0	0	0	other
gene_1375	285	6	0.0211	0	0	0	other
gene_1376	256	6	0.0234	0	0	0	other
gene_1377	559	10	0.0179	0	0	0	other
gene_1378	198	1	0.0051	0	0	0	other
gene_1379	669	8	0.012	1	0	0	secreted (pred.)
gene_138	349	1	0.0029	0	0	0	other
gene_1380	271	4	0.0148	0	0	0	other
gene_1381	526	30	0.057	0	0	0	other
gene_1382	810	16	0.0198	0	0	0	other
gene_1383	199	4	0.0201	1	1	0	secreted (pred.)
gene_1384	558	16	0.0287	1	1	1	secreted (pred.)
gene_1385	131	9	0.0687	0	0	0	other
gene_1386	1733	15	0.0087	1	0	0	secreted (pred.)
gene_1387	362	2	0.0055	1	0	0	secreted (pred.)
gene_1388	250	5	0.02	0	0	0	other
gene_1389	242	0	0.0	0	0	0	other
gene_139	152	2	0.0132	0	0	0	other
gene_1390	177	9	0.0508	0	0	0	other
gene_1391	738	2	0.0027	0	0	0	other
gene_1392	192	0	0.0	0	0	0	other
gene_1393	311	4	0.0129	1	0	0	secreted (pred.)
gene_1394	764	1	0.0013	0	0	0	other
gene_1395	877	1	0.0011	0	0	0	other
gene_1396	551	5	0.0091	0	0	0	other
gene_1397	253	4	0.0158	0	0	0	other
gene_1398	579	3	0.0052	0	0	0	other
gene_1399	963	4	0.0042	0	0	0	other
gene_14	399	7	0.0175	0	0	0	other
gene_140	556	0	0.0	0	0	0	other
gene_1400	817	9	0.011	1	0	0	secreted (pred.)
gene_1401	1292	18	0.0139	0	0	0	other
gene_1402	289	7	0.0242	1	1	0	secreted (pred.)
gene_1403	454	10	0.022	1	0	0	secreted (pred.)
gene_1404	323	4	0.0124	0	0	0	other
gene_1405	465	21	0.0452	1	0	0	secreted (pred.)
gene_1406	421	3	0.0071	1	0	0	secreted (pred.)
gene_1407	464	3	0.0065	0	0	0	other
gene_1408	334	4	0.012	0	0	0	other
gene_1409	374	5	0.0134	0	0	0	other
gene_141	347	6	0.0173	0	0	0	other
gene_1410	1307	17	0.013	0	0	0	other
gene_1412	228	0	0.0	1	0	0	secreted (pred.)
gene_1413	1156	6	0.0052	0	0	0	other
gene_1414	311	7	0.0225	0	0	0	other
gene_1415	107	1	0.0093	0	0	0	other
gene_1416	1022	13	0.0127	0	0	0	other
gene_1417	951	7	0.0074	1	0	0	secreted (pred.)
gene_1418	230	2	0.0087	0	0	0	other
gene_1419	301	2	0.0066	0	0	0	other
gene_142	506	8	0.0158	0	0	0	other
gene_1420	443	3	0.0068	0	0	0	other
gene_1421	702	5	0.0071	0	0	0	other
gene_1422	267	5	0.0187	0	0	0	other
gene_1423	812	12	0.0148	0	0	0	other
gene_1424	1497	1	0.0007	0	0	0	other
gene_1425	235	3	0.0128	0	0	0	other
gene_1426	339	1	0.0029	0	0	0	other
gene_1427	791	8	0.0101	0	0	0	other
gene_1428	1146	24	0.0209	0	0	0	other
gene_1429	734	2	0.0027	1	0	0	secreted (pred.)
gene_143	101	12	0.1188	1	1	0	secreted (pred.)
gene_1430	520	5	0.0096	0	0	0	other
gene_1431	765	3	0.0039	0	0	0	other
gene_1432	208	2	0.0096	0	0	0	other
gene_1433	654	11	0.0168	0	0	0	other
gene_1435	304	2	0.0066	1	0	0	secreted (pred.)
gene_1436	966	13	0.0135	0	0	0	other
gene_1437	394	2	0.0051	1	0	0	secreted (pred.)
gene_1438	578	4	0.0069	1	0	0	secreted (pred.)
gene_1440	112	2	0.0179	1	0	0	secreted (pred.)
gene_1441	207	0	0.0	0	0	0	other
gene_1442	272	11	0.0404	1	1	0	secreted (pred.)
gene_1443	621	4	0.0064	0	0	0	other
gene_1444	138	4	0.029	1	1	0	secreted (pred.)
gene_1446	91	0	0.0	0	0	0	other
gene_1447	225	5	0.0222	0	0	0	other
gene_1449	110	0	0.0	0	0	0	other
gene_145	619	5	0.0081	0	0	0	other
gene_1450	1119	8	0.0071	0	0	0	other
gene_1451	685	12	0.0175	0	0	0	other
gene_1452	544	6	0.011	1	0	0	secreted (pred.)
gene_1453	458	7	0.0153	1	0	0	secreted (pred.)
gene_1454	620	8	0.0129	0	0	0	other
gene_1455	240	1	0.0042	1	0	0	secreted (pred.)
gene_1456	79	1	0.0127	0	0	0	other
gene_1457	204	4	0.0196	0	0	0	other
gene_1458	376	10	0.0266	0	0	0	other
gene_146	269	4	0.0149	0	0	0	other
gene_1460	234	1	0.0043	0	0	0	other
gene_1461	478	5	0.0105	0	0	0	other
gene_1463	2432	29	0.0119	0	0	0	other
gene_1464	651	1	0.0015	0	0	0	other
gene_1465	94	1	0.0106	0	0	0	other
gene_1466	713	8	0.0112	1	0	0	secreted (pred.)
gene_1467	1865	7	0.0038	0	0	0	other
gene_1468	145	0	0.0	0	0	0	other
gene_1469	260	3	0.0115	1	0	0	secreted (pred.)
gene_147	893	1	0.0011	0	0	0	other
gene_1470	1325	40	0.0302	0	0	0	other
gene_1471	339	5	0.0147	0	0	0	other
gene_1472	490	6	0.0122	0	0	0	other
gene_1473	990	7	0.0071	0	0	0	other
gene_1474	172	5	0.0291	0	0	0	other
gene_1475	691	7	0.0101	0	0	0	other
gene_1476	597	5	0.0084	1	0	0	secreted (pred.)
gene_1477	524	3	0.0057	1	0	0	secreted (pred.)
gene_1478	719	5	0.007	1	0	0	secreted (pred.)
gene_1479	328	2	0.0061	0	0	0	other
gene_148	394	8	0.0203	0	0	0	other
gene_1480	587	9	0.0153	0	0	0	other
gene_1481	297	6	0.0202	1	1	0	secreted (pred.)
gene_1482	307	4	0.013	0	0	0	other
gene_1483	317	1	0.0032	0	0	0	other
gene_1484	288	0	0.0	0	0	0	other
gene_1485	412	15	0.0364	1	0	0	secreted (pred.)
gene_1486	485	2	0.0041	0	0	0	other
gene_1487	322	2	0.0062	1	0	0	secreted (pred.)
gene_1488	606	2	0.0033	1	0	0	secreted (pred.)
gene_1489	909	13	0.0143	0	0	0	other
gene_149	404	3	0.0074	0	0	0	other
gene_1490	294	1	0.0034	0	0	0	other
gene_1491	394	13	0.033	0	0	0	other
gene_1492	336	6	0.0179	0	0	0	other
gene_1493	702	1	0.0014	1	0	0	secreted (pred.)
gene_1494	179	2	0.0112	0	0	0	other
gene_1495	630	4	0.0063	1	0	0	secreted (pred.)
gene_1496	323	5	0.0155	0	0	0	other
gene_1497	977	3	0.0031	0	0	0	other
gene_1498	443	10	0.0226	1	0	0	secreted (pred.)
gene_15	289	10	0.0346	1	1	0	secreted (pred.)
gene_150	421	4	0.0095	1	0	0	secreted (pred.)
gene_1500	433	6	0.0139	1	0	0	secreted (pred.)
gene_1501	74	5	0.0676	1	1	0	secreted (pred.)
gene_1502	399	8	0.0201	0	0	0	other
gene_1503	932	4	0.0043	0	0	0	other
gene_1504	201	5	0.0249	1	1	0	secreted (pred.)
gene_1505	388	1	0.0026	0	0	0	other
gene_1506	351	0	0.0	0	0	0	other
gene_1507	985	4	0.0041	1	0	0	secreted (pred.)
gene_1508	218	4	0.0183	0	0	0	other
gene_1509	499	6	0.012	0	0	0	other
gene_151	433	2	0.0046	1	0	0	secreted (pred.)
gene_1511	361	2	0.0055	0	0	0	other
gene_1512	440	3	0.0068	0	0	0	other
gene_1513	591	11	0.0186	0	0	0	other
gene_1514	1368	23	0.0168	0	0	0	other
gene_1515	576	10	0.0174	0	0	0	other
gene_1516	510	11	0.0216	1	0	0	secreted (pred.)
gene_1519	323	7	0.0217	1	0	0	secreted (pred.)
gene_152	251	3	0.012	0	0	0	other
gene_1520	336	8	0.0238	0	0	0	other
gene_1521	675	0	0.0	0	0	0	other
gene_1522	75	2	0.0267	0	0	0	other
gene_1523	501	2	0.004	0	0	0	other
gene_1524	309	5	0.0162	0	0	0	other
gene_1525	140	2	0.0143	0	0	0	other
gene_1526	182	3	0.0165	1	0	0	secreted (pred.)
gene_1527	302	4	0.0132	0	0	0	other
gene_1528	174	5	0.0287	0	0	0	other
gene_1529	586	7	0.0119	0	0	0	other
gene_153	544	6	0.011	0	0	0	other
gene_1530	618	2	0.0032	0	0	0	other
gene_1531	263	4	0.0152	0	0	0	other
gene_1532	113	0	0.0	0	0	0	other
gene_1533	325	4	0.0123	0	0	0	other
gene_1534	585	3	0.0051	0	0	0	other
gene_1535	379	7	0.0185	1	0	0	secreted (pred.)
gene_1536	576	8	0.0139	0	0	0	other
gene_1537	385	4	0.0104	0	0	0	other
gene_1538	220	10	0.0455	1	1	0	secreted (pred.)
gene_1539	850	14	0.0165	0	0	0	other
gene_154	131	0	0.0	0	0	0	other
gene_1540	730	17	0.0233	0	0	0	other
gene_1541	439	8	0.0182	1	0	0	secreted (pred.)
gene_1542	1360	17	0.0125	0	0	0	other
gene_1543	540	4	0.0074	1	0	0	secreted (pred.)
gene_1544	393	14	0.0356	0	0	0	other
gene_1545	241	0	0.0	1	0	0	secreted (pred.)
gene_1546	1109	11	0.0099	1	0	0	secreted (pred.)
gene_1547	357	3	0.0084	0	0	0	other
gene_1548	510	10	0.0196	0	0	0	other
gene_1549	227	8	0.0352	0	0	0	other
gene_155	630	5	0.0079	0	0	0	other
gene_1550	173	2	0.0116	1	0	0	secreted (pred.)
gene_1551	202	9	0.0446	0	0	0	other
gene_1552	643	7	0.0109	0	0	0	other
gene_1553	337	1	0.003	0	0	0	other
gene_1554	797	10	0.0125	0	0	0	other
gene_1555	282	5	0.0177	1	0	0	secreted (pred.)
gene_1556	452	10	0.0221	0	0	0	other
gene_1557	180	0	0.0	1	0	0	secreted (pred.)
gene_1558	461	4	0.0087	0	0	0	other
gene_1559	568	0	0.0	0	0	0	other
gene_156	190	3	0.0158	0	0	0	other
gene_1560	153	0	0.0	0	0	0	other
gene_1561	1840	12	0.0065	0	0	0	other
gene_1563	510	8	0.0157	0	0	0	other
gene_1564	406	1	0.0025	1	0	0	secreted (pred.)
gene_1565	241	3	0.0124	0	0	0	other
gene_1566	463	9	0.0194	0	0	0	other
gene_1567	411	1	0.0024	1	0	0	secreted (pred.)
gene_1568	665	8	0.012	0	0	0	other
gene_1569	520	3	0.0058	0	0	0	other
gene_157	231	9	0.039	1	1	0	secreted (pred.)
gene_1570	402	5	0.0124	0	0	0	other
gene_1571	1006	16	0.0159	1	0	0	secreted (pred.)
gene_1572	194	4	0.0206	0	0	0	other
gene_1573	819	8	0.0098	0	0	0	other
gene_1574	827	12	0.0145	1	0	0	secreted (pred.)
gene_1575	63	8	0.127	1	1	0	secreted (pred.)
gene_1576	180	2	0.0111	0	0	0	other
gene_1577	713	4	0.0056	1	0	0	secreted (pred.)
gene_1578	892	8	0.009	0	0	0	other
gene_1579	212	2	0.0094	0	0	0	other
gene_158	171	0	0.0	0	0	0	other
gene_1580	298	4	0.0134	0	0	0	other
gene_1581	555	4	0.0072	0	0	0	other
gene_1582	425	3	0.0071	0	0	0	other
gene_1583	270	6	0.0222	1	1	0	secreted (pred.)
gene_1584	131	2	0.0153	1	0	0	secreted (pred.)
gene_1585	247	3	0.0121	0	0	0	other
gene_1586	328	13	0.0396	1	0	0	secreted (pred.)
gene_1587	877	1	0.0011	0	0	0	other
gene_1588	292	5	0.0171	0	0	0	other
gene_1589	329	4	0.0122	0	0	0	other
gene_159	421	4	0.0095	1	0	0	secreted (pred.)
gene_1590	148	3	0.0203	1	1	0	secreted (pred.)
gene_1591	570	1	0.0018	0	0	0	other
gene_1592	506	10	0.0198	0	0	0	other
gene_1593	302	6	0.0199	0	0	0	other
gene_1594	308	2	0.0065	1	0	0	secreted (pred.)
gene_1595	502	8	0.0159	1	0	0	secreted (pred.)
gene_1596	272	2	0.0074	0	0	0	other
gene_1598	563	8	0.0142	0	0	0	other
gene_1599	649	9	0.0139	0	0	0	other
gene_16	517	8	0.0155	0	0	0	other
gene_160	539	13	0.0241	1	0	0	secreted (pred.)
gene_1600	269	3	0.0112	0	0	0	other
gene_1601	62	8	0.129	1	1	0	secreted (pred.)
gene_1602	759	4	0.0053	0	0	0	other
gene_1603	258	5	0.0194	0	0	0	other
gene_1604	102	0	0.0	0	0	0	other
gene_1605	866	10	0.0115	1	0	0	secreted (pred.)
gene_1606	122	0	0.0	0	0	0	other
gene_1607	471	15	0.0318	1	1	1	secreted (pred.)
gene_1608	336	1	0.003	0	0	0	other
gene_1609	775	13	0.0168	1	0	0	secreted (pred.)
gene_161	85	1	0.0118	0	0	0	other
gene_1610	397	12	0.0302	1	0	0	secreted (pred.)
gene_1611	1166	17	0.0146	1	0	0	secreted (pred.)
gene_1612	256	9	0.0352	0	0	0	other
gene_1613	317	2	0.0063	0	0	0	other
gene_1614	338	2	0.0059	0	0	0	other
gene_1615	931	0	0.0	0	0	0	other
gene_1616	424	3	0.0071	0	0	0	other
gene_1617	708	16	0.0226	0	0	0	other
gene_1618	563	8	0.0142	0	0	0	other
gene_1619	229	5	0.0218	0	0	0	other
gene_162	1366	10	0.0073	0	0	0	other
gene_1620	302	3	0.0099	0	0	0	other
gene_1621	170	1	0.0059	0	0	0	other
gene_1622	229	4	0.0175	0	0	0	other
gene_1623	1367	0	0.0	0	0	0	other
gene_1624	941	6	0.0064	0	0	0	other
gene_1625	539	5	0.0093	0	0	0	other
gene_1626	858	6	0.007	1	0	0	secreted (pred.)
gene_1627	212	3	0.0142	0	0	0	other
gene_1628	429	5	0.0117	0	0	0	other
gene_163	139	5	0.036	0	0	0	other
gene_1630	482	11	0.0228	0	0	0	other
gene_1631	409	3	0.0073	0	0	0	other
gene_1632	510	3	0.0059	0	0	0	other
gene_1633	1350	19	0.0141	0	0	0	other
gene_1634	326	8	0.0245	0	0	0	other
gene_1635	552	4	0.0072	1	0	0	secreted (pred.)
gene_1636	515	10	0.0194	0	0	0	other
gene_1637	656	4	0.0061	0	0	0	other
gene_1638	269	2	0.0074	1	0	0	secreted (pred.)
gene_1639	298	2	0.0067	0	0	0	other
gene_1640	1078	18	0.0167	1	0	0	secreted (pred.)
gene_1641	514	6	0.0117	1	0	0	secreted (pred.)
gene_1642	192	0	0.0	1	0	0	secreted (pred.)
gene_1643	1309	16	0.0122	0	0	0	other
gene_1644	867	9	0.0104	0	0	0	other
gene_1645	246	5	0.0203	0	0	0	other
gene_1646	553	3	0.0054	0	0	0	other
gene_1647	647	10	0.0155	0	0	0	other
gene_1648	147	2	0.0136	1	0	0	secreted (pred.)
gene_1649	873	15	0.0172	0	0	0	other
gene_165	52	0	0.0	1	0	0	secreted (pred.)
gene_1650	189	8	0.0423	1	1	0	secreted (pred.)
gene_1651	368	4	0.0109	1	0	0	secreted (pred.)
gene_1653	177	8	0.0452	1	1	0	secreted (pred.)
gene_1654	332	9	0.0271	0	0	0	other
gene_1655	457	12	0.0263	0	0	0	other
gene_1656	536	4	0.0075	0	0	0	other
gene_1657	601	2	0.0033	1	0	0	secreted (pred.)
gene_1658	526	10	0.019	0	0	0	other
gene_1659	584	3	0.0051	0	0	0	other
gene_166	255	1	0.0039	0	0	0	other
gene_1660	988	9	0.0091	0	0	0	other
gene_1661	79	0	0.0	0	0	0	other
gene_1663	1276	11	0.0086	0	0	0	other
gene_1664	341	7	0.0205	0	0	0	other
gene_1665	473	5	0.0106	0	0	0	other
gene_1666	880	12	0.0136	1	0	0	secreted (pred.)
gene_1667	481	5	0.0104	0	0	0	other
gene_1668	336	1	0.003	0	0	0	other
gene_1669	329	1	0.003	0	0	0	other
gene_167	1134	2	0.0018	0	0	0	other
gene_1670	435	1	0.0023	0	0	0	other
gene_1671	219	0	0.0	0	0	0	other
gene_1672	303	3	0.0099	0	0	0	other
gene_1673	686	2	0.0029	1	0	0	secreted (pred.)
gene_1674	492	4	0.0081	0	0	0	other
gene_1675	249	1	0.004	0	0	0	other
gene_1676	282	3	0.0106	0	0	0	other
gene_1677	136	0	0.0	0	0	0	other
gene_1678	473	8	0.0169	0	0	0	other
gene_1679	259	1	0.0039	0	0	0	other
gene_168	342	2	0.0058	0	0	0	other
gene_1680	328	0	0.0	0	0	0	other
gene_1681	240	13	0.0542	0	0	0	other
gene_1682	945	0	0.0	0	0	0	other
gene_1684	147	0	0.0	0	0	0	other
gene_1685	377	0	0.0	1	0	0	secreted (pred.)
gene_1686	112	0	0.0	0	0	0	other
gene_1687	589	9	0.0153	0	0	0	other
gene_1688	503	8	0.0159	0	0	0	other
gene_1689	641	13	0.0203	0	0	0	other
gene_169	609	10	0.0164	0	0	0	other
gene_1690	505	16	0.0317	0	0	0	other
gene_1691	791	9	0.0114	0	0	0	other
gene_1692	296	6	0.0203	0	0	0	other
gene_1693	652	5	0.0077	0	0	0	other
gene_1694	609	12	0.0197	0	0	0	other
gene_1695	272	4	0.0147	1	1	0	secreted (pred.)
gene_1696	266	5	0.0188	0	0	0	other
gene_1697	415	6	0.0145	0	0	0	other
gene_1698	415	7	0.0169	1	0	0	secreted (pred.)
gene_1699	644	9	0.014	0	0	0	other
gene_17	1172	20	0.0171	0	0	0	other
gene_170	492	3	0.0061	0	0	0	other
gene_1701	375	2	0.0053	0	0	0	other
gene_1702	413	9	0.0218	0	0	0	other
gene_1703	294	8	0.0272	0	0	0	other
gene_1704	1304	18	0.0138	0	0	0	other
gene_1705	903	3	0.0033	1	0	0	secreted (pred.)
gene_1706	277	0	0.0	1	0	0	secreted (pred.)
gene_1707	505	3	0.0059	0	0	0	other
gene_1708	495	9	0.0182	0	0	0	other
gene_1709	251	4	0.0159	0	0	0	other
gene_171	343	2	0.0058	1	0	0	secreted (pred.)
gene_1710	1314	23	0.0175	0	0	0	other
gene_1711	497	9	0.0181	0	0	0	other
gene_1712	175	0	0.0	0	0	0	other
gene_1713	363	3	0.0083	0	0	0	other
gene_1714	337	4	0.0119	1	0	0	secreted (pred.)
gene_1715	455	13	0.0286	1	0	0	secreted (pred.)
gene_1716	344	10	0.0291	0	0	0	other
gene_1717	985	13	0.0132	0	0	0	other
gene_1718	216	5	0.0231	0	0	0	other
gene_1719	94	0	0.0	0	0	0	other
gene_172	1387	19	0.0137	0	0	0	other
gene_1720	950	7	0.0074	0	0	0	other
gene_1721	258	2	0.0078	0	0	0	other
gene_1722	547	5	0.0091	0	0	0	other
gene_1723	278	0	0.0	0	0	0	other
gene_1724	143	0	0.0	1	0	0	secreted (pred.)
gene_1725	396	0	0.0	1	0	0	secreted (pred.)
gene_1726	218	13	0.0596	0	0	0	other
gene_1727	253	1	0.004	0	0	0	other
gene_1728	2012	47	0.0234	0	0	0	other
gene_1729	280	2	0.0071	0	0	0	other
gene_173	606	8	0.0132	1	0	0	secreted (pred.)
gene_1730	213	0	0.0	0	0	0	other
gene_1731	226	3	0.0133	0	0	0	other
gene_1732	362	9	0.0249	0	0	0	other
gene_1733	843	9	0.0107	1	0	0	secreted (pred.)
gene_1734	1124	8	0.0071	0	0	0	other
gene_1735	583	5	0.0086	0	0	0	other
gene_1736	503	10	0.0199	0	0	0	other
gene_1737	534	5	0.0094	0	0	0	other
gene_1738	534	8	0.015	1	0	0	secreted (pred.)
gene_1739	190	0	0.0	0	0	0	other
gene_174	615	6	0.0098	0	0	0	other
gene_1740	558	0	0.0	0	0	0	other
gene_1741	258	6	0.0233	0	0	0	other
gene_1742	236	1	0.0042	0	0	0	other
gene_1743	398	2	0.005	0	0	0	other
gene_1745	2105	10	0.0048	0	0	0	other
gene_1746	360	4	0.0111	0	0	0	other
gene_1747	513	8	0.0156	0	0	0	other
gene_1748	326	1	0.0031	0	0	0	other
gene_1749	270	1	0.0037	0	0	0	other
gene_175	256	5	0.0195	0	0	0	other
gene_1750	440	8	0.0182	1	0	0	secreted (pred.)
gene_1751	525	16	0.0305	0	0	0	other
gene_1752	377	3	0.008	0	0	0	other
gene_1753	326	5	0.0153	0	0	0	other
gene_1754	571	11	0.0193	0	0	0	other
gene_1755	511	3	0.0059	0	0	0	other
gene_1756	395	4	0.0101	0	0	0	other
gene_1757	519	9	0.0173	0	0	0	other
gene_1758	903	10	0.0111	0	0	0	other
gene_1759	152	7	0.0461	0	0	0	other
gene_176	325	7	0.0215	0	0	0	other
gene_1760	161	0	0.0	0	0	0	other
gene_1761	449	2	0.0045	0	0	0	other
gene_1763	552	18	0.0326	0	0	0	other
gene_1764	319	1	0.0031	1	0	0	secreted (pred.)
gene_1765	1001	7	0.007	0	0	0	other
gene_1766	592	3	0.0051	0	0	0	other
gene_1767	446	4	0.009	0	0	0	other
gene_1768	398	1	0.0025	0	0	0	other
gene_1769	1072	9	0.0084	1	0	0	secreted (pred.)
gene_177	83	0	0.0	0	0	0	other
gene_1770	504	4	0.0079	0	0	0	other
gene_1771	446	4	0.009	0	0	0	other
gene_1772	564	8	0.0142	0	0	0	other
gene_1773	517	1	0.0019	0	0	0	other
gene_1774	252	4	0.0159	0	0	0	other
gene_1775	530	6	0.0113	1	0	0	secreted (pred.)
gene_1776	350	3	0.0086	1	0	0	secreted (pred.)
gene_1777	181	0	0.0	0	0	0	other
gene_1778	244	2	0.0082	0	0	0	other
gene_1779	365	7	0.0192	1	0	0	secreted (pred.)
gene_178	551	2	0.0036	1	0	0	secreted (pred.)
gene_1780	479	5	0.0104	0	0	0	other
gene_1781	844	14	0.0166	1	0	0	secreted (pred.)
gene_1782	277	3	0.0108	1	0	0	secreted (pred.)
gene_1783	395	5	0.0127	0	0	0	other
gene_1784	240	8	0.0333	1	1	0	secreted (pred.)
gene_1785	642	5	0.0078	0	0	0	other
gene_1786	774	12	0.0155	1	0	0	secreted (pred.)
gene_1787	303	4	0.0132	0	0	0	other
gene_1788	2230	9	0.004	0	0	0	other
gene_1789	435	8	0.0184	1	0	0	secreted (pred.)
gene_1790	226	5	0.0221	1	0	0	secreted (pred.)
gene_1791	268	9	0.0336	0	0	0	other
gene_1792	527	13	0.0247	0	0	0	other
gene_1793	658	19	0.0289	0	0	0	other
gene_1794	835	16	0.0192	1	0	0	secreted (pred.)
gene_1796	337	2	0.0059	0	0	0	other
gene_1797	186	3	0.0161	1	0	0	secreted (pred.)
gene_1798	260	3	0.0115	1	0	0	secreted (pred.)
gene_1799	919	18	0.0196	0	0	0	other
gene_18	228	1	0.0044	0	0	0	other
gene_180	516	3	0.0058	0	0	0	other
gene_1800	1031	7	0.0068	1	0	0	secreted (pred.)
gene_1801	1471	4	0.0027	0	0	0	other
gene_1802	407	1	0.0025	0	0	0	other
gene_1803	424	6	0.0142	0	0	0	other
gene_1804	1018	10	0.0098	0	0	0	other
gene_1805	290	1	0.0034	0	0	0	other
gene_1806	279	1	0.0036	0	0	0	other
gene_1807	266	3	0.0113	1	0	0	secreted (pred.)
gene_1808	731	18	0.0246	0	0	0	other
gene_1809	1802	9	0.005	0	0	0	other
gene_1810	793	8	0.0101	0	0	0	other
gene_1811	382	1	0.0026	0	0	0	other
gene_1812	861	1	0.0012	0	0	0	other
gene_1813	288	1	0.0035	0	0	0	other
gene_1814	785	5	0.0064	0	0	0	other
gene_1815	125	0	0.0	0	0	0	other
gene_1816	687	7	0.0102	1	0	0	secreted (pred.)
gene_1817	828	7	0.0085	1	0	0	secreted (pred.)
gene_1818	158	2	0.0127	0	0	0	other
gene_1819	240	1	0.0042	0	0	0	other
gene_182	372	5	0.0134	1	0	0	secreted (pred.)
gene_1820	844	4	0.0047	1	0	0	secreted (pred.)
gene_1821	654	1	0.0015	0	0	0	other
gene_1822	395	6	0.0152	0	0	0	other
gene_1823	550	0	0.0	0	0	0	other
gene_1824	415	3	0.0072	1	0	0	secreted (pred.)
gene_1825	200	6	0.03	0	0	0	other
gene_1826	683	2	0.0029	0	0	0	other
gene_1827	348	2	0.0057	0	0	0	other
gene_1828	205	4	0.0195	0	0	0	other
gene_1829	1324	15	0.0113	1	0	0	secreted (pred.)
gene_183	600	7	0.0117	1	0	0	secreted (pred.)
gene_1830	2264	58	0.0256	0	0	0	other
gene_1831	459	6	0.0131	0	0	0	other
gene_1832	117	0	0.0	0	0	0	other
gene_1833	740	9	0.0122	0	0	0	other
gene_1834	533	6	0.0113	0	0	0	other
gene_1835	344	7	0.0203	0	0	0	other
gene_1836	323	8	0.0248	0	0	0	other
gene_1837	339	1	0.0029	1	0	0	secreted (pred.)
gene_1838	690	8	0.0116	0	0	0	other
gene_1839	303	7	0.0231	0	0	0	other
gene_184	391	1	0.0026	0	0	0	other
gene_1840	401	1	0.0025	0	0	0	other
gene_1841	310	8	0.0258	0	0	0	other
gene_1842	401	2	0.005	0	0	0	other
gene_1843	374	7	0.0187	0	0	0	other
gene_1844	490	2	0.0041	0	0	0	other
gene_1845	410	8	0.0195	1	0	0	secreted (pred.)
gene_1846	432	4	0.0093	0	0	0	other
gene_1847	921	3	0.0033	1	0	0	secreted (pred.)
gene_1848	254	16	0.063	0	0	0	other
gene_185	525	5	0.0095	0	0	0	other
gene_1850	721	11	0.0153	0	0	0	other
gene_1851	676	11	0.0163	0	0	0	other
gene_1852	468	4	0.0085	1	0	0	secreted (pred.)
gene_1853	349	1	0.0029	0	0	0	other
gene_1855	698	4	0.0057	0	0	0	other
gene_1856	302	5	0.0166	0	0	0	other
gene_1857	391	5	0.0128	0	0	0	other
gene_1858	569	9	0.0158	0	0	0	other
gene_1859	415	7	0.0169	0	0	0	other
gene_186	325	5	0.0154	1	0	0	secreted (pred.)
gene_1860	476	4	0.0084	0	0	0	other
gene_1861	284	8	0.0282	1	1	1	secreted (pred.)
gene_1862	927	5	0.0054	1	0	0	secreted (pred.)
gene_1863	110	2	0.0182	0	0	0	other
gene_1864	210	1	0.0048	1	0	0	secreted (pred.)
gene_1865	1934	25	0.0129	0	0	0	other
gene_1866	427	8	0.0187	0	0	0	other
gene_1867	661	15	0.0227	0	0	0	other
gene_1868	343	7	0.0204	1	0	0	secreted (pred.)
gene_1869	700	8	0.0114	0	0	0	other
gene_187	534	3	0.0056	0	0	0	other
gene_1870	625	4	0.0064	1	0	0	secreted (pred.)
gene_1871	325	2	0.0062	0	0	0	other
gene_1872	84	6	0.0714	0	0	0	other
gene_1873	767	8	0.0104	1	0	0	secreted (pred.)
gene_1875	223	1	0.0045	0	0	0	other
gene_1876	468	3	0.0064	1	0	0	secreted (pred.)
gene_1877	502	5	0.01	1	0	0	secreted (pred.)
gene_1878	390	7	0.0179	0	0	0	other
gene_1879	889	9	0.0101	0	0	0	other
gene_188	658	10	0.0152	0	0	0	other
gene_1880	835	17	0.0204	0	0	0	other
gene_1881	157	8	0.051	1	1	0	secreted (pred.)
gene_1882	635	0	0.0	0	0	0	other
gene_1883	923	11	0.0119	1	0	0	secreted (pred.)
gene_1884	185	1	0.0054	0	0	0	other
gene_1885	568	1	0.0018	0	0	0	other
gene_1886	814	3	0.0037	0	0	0	other
gene_1887	464	3	0.0065	0	0	0	other
gene_1888	501	3	0.006	0	0	0	other
gene_1889	471	9	0.0191	0	0	0	other
gene_189	315	2	0.0063	1	0	0	secreted (pred.)
gene_1890	398	1	0.0025	0	0	0	other
gene_1891	340	3	0.0088	0	0	0	other
gene_1892	643	3	0.0047	0	0	0	other
gene_1893	738	0	0.0	0	0	0	other
gene_1894	427	2	0.0047	0	0	0	other
gene_1896	261	6	0.023	0	0	0	other
gene_1897	540	8	0.0148	0	0	0	other
gene_1899	324	2	0.0062	1	0	0	secreted (pred.)
gene_19	505	8	0.0158	1	0	0	secreted (pred.)
gene_190	211	0	0.0	0	0	0	other
gene_1900	734	9	0.0123	0	0	0	other
gene_1901	230	1	0.0043	0	0	0	other
gene_1902	210	5	0.0238	1	1	0	secreted (pred.)
gene_1903	552	9	0.0163	0	0	0	other
gene_1904	89	0	0.0	1	0	0	secreted (pred.)
gene_1905	1000	3	0.003	0	0	0	other
gene_1906	544	8	0.0147	1	0	0	secreted (pred.)
gene_1907	469	2	0.0043	0	0	0	other
gene_1908	2030	47	0.0232	1	0	0	secreted (pred.)
gene_1909	428	15	0.035	1	0	0	secreted (pred.)
gene_191	58	0	0.0	1	0	0	secreted (pred.)
gene_1910	424	8	0.0189	1	0	0	secreted (pred.)
gene_1911	308	4	0.013	0	0	0	other
gene_1912	462	9	0.0195	0	0	0	other
gene_1913	811	22	0.0271	0	0	0	other
gene_1914	142	3	0.0211	0	0	0	other
gene_1915	254	7	0.0276	0	0	0	other
gene_1916	280	1	0.0036	0	0	0	other
gene_1917	123	2	0.0163	0	0	0	other
gene_1918	481	7	0.0146	0	0	0	other
gene_1919	139	0	0.0	0	0	0	other
gene_192	377	10	0.0265	0	0	0	other
gene_1920	282	10	0.0355	1	1	0	secreted (pred.)
gene_1921	778	3	0.0039	0	0	0	other
gene_1922	593	5	0.0084	0	0	0	other
gene_1923	789	4	0.0051	0	0	0	other
gene_1924	640	10	0.0156	0	0	0	other
gene_1925	220	0	0.0	0	0	0	other
gene_1926	376	0	0.0	1	0	0	secreted (pred.)
gene_1927	375	10	0.0267	0	0	0	other
gene_1928	1170	10	0.0085	0	0	0	other
gene_1929	744	7	0.0094	1	0	0	secreted (pred.)
gene_193	624	7	0.0112	0	0	0	other
gene_1930	204	3	0.0147	1	0	0	secreted (pred.)
gene_1931	904	16	0.0177	1	0	0	secreted (pred.)
gene_1932	298	1	0.0034	0	0	0	other
gene_1933	685	14	0.0204	0	0	0	other
gene_1934	222	0	0.0	0	0	0	other
gene_1935	415	5	0.012	0	0	0	other
gene_1936	255	7	0.0275	1	1	0	secreted (pred.)
gene_1937	334	6	0.018	0	0	0	other
gene_1938	336	1	0.003	0	0	0	other
gene_1939	354	1	0.0028	1	0	0	secreted (pred.)
gene_194	378	2	0.0053	0	0	0	other
gene_1940	383	5	0.0131	0	0	0	other
gene_1941	608	3	0.0049	0	0	0	other
gene_1943	611	3	0.0049	0	0	0	other
gene_1944	443	3	0.0068	0	0	0	other
gene_1945	555	9	0.0162	0	0	0	other
gene_1946	370	2	0.0054	1	0	0	secreted (pred.)
gene_1947	215	4	0.0186	0	0	0	other
gene_1948	301	2	0.0066	0	0	0	other
gene_1949	98	0	0.0	0	0	0	other
gene_195	330	1	0.003	0	0	0	other
gene_1950	616	4	0.0065	0	0	0	other
gene_1951	291	5	0.0172	0	0	0	other
gene_1952	241	4	0.0166	0	0	0	other
gene_1953	430	2	0.0047	1	0	0	secreted (pred.)
gene_1954	1264	12	0.0095	0	0	0	other
gene_1955	524	16	0.0305	0	0	0	other
gene_1956	405	0	0.0	0	0	0	other
gene_1957	288	5	0.0174	0	0	0	other
gene_1958	223	5	0.0224	0	0	0	other
gene_1959	230	2	0.0087	0	0	0	other
gene_196	181	3	0.0166	0	0	0	other
gene_1960	59	2	0.0339	0	0	0	other
gene_1961	250	0	0.0	0	0	0	other
gene_1962	608	1	0.0016	0	0	0	other
gene_1963	686	13	0.019	0	0	0	other
gene_1964	589	10	0.017	0	0	0	other
gene_1965	440	7	0.0159	1	0	0	secreted (pred.)
gene_1966	799	18	0.0225	0	0	0	other
gene_1967	303	10	0.033	1	0	0	secreted (pred.)
gene_1968	326	0	0.0	0	0	0	other
gene_1969	361	0	0.0	1	0	0	secreted (pred.)
gene_197	979	11	0.0112	0	0	0	other
gene_1970	221	5	0.0226	1	1	0	secreted (pred.)
gene_1971	317	6	0.0189	0	0	0	other
gene_1972	1259	18	0.0143	0	0	0	other
gene_1973	740	4	0.0054	1	0	0	secreted (pred.)
gene_1974	368	5	0.0136	0	0	0	other
gene_1975	305	1	0.0033	0	0	0	other
gene_1976	925	11	0.0119	0	1	1	secreted (pred.)
gene_1977	1817	14	0.0077	1	0	0	secreted (pred.)
gene_1978	603	24	0.0398	0	0	0	other
gene_1979	937	28	0.0299	0	0	0	other
gene_198	330	4	0.0121	1	0	0	secreted (pred.)
gene_1980	247	5	0.0202	0	0	0	other
gene_1981	237	7	0.0295	1	1	0	secreted (pred.)
gene_1982	996	10	0.01	0	0	0	other
gene_1983	360	5	0.0139	0	0	0	other
gene_1985	414	6	0.0145	1	0	0	secreted (pred.)
gene_1986	453	2	0.0044	0	0	0	other
gene_1987	804	13	0.0162	0	0	0	other
gene_1988	283	3	0.0106	0	0	0	other
gene_1989	300	0	0.0	1	0	0	secreted (pred.)
gene_199	596	6	0.0101	0	0	0	other
gene_1990	547	5	0.0091	1	0	0	secreted (pred.)
gene_1991	474	7	0.0148	0	0	0	other
gene_1992	351	0	0.0	0	0	0	other
gene_1993	178	2	0.0112	0	0	0	other
gene_1995	71	8	0.1127	1	1	0	secreted (pred.)
gene_1996	465	7	0.0151	0	0	0	other
gene_1997	325	10	0.0308	0	0	0	other
gene_1998	331	4	0.0121	0	0	0	other
gene_1999	356	6	0.0169	0	0	0	other
gene_2	626	5	0.008	0	0	0	other
gene_20	373	4	0.0107	0	0	0	other
gene_200	1232	2	0.0016	0	0	0	other
gene_2000	244	1	0.0041	0	0	0	other
gene_2001	305	6	0.0197	0	0	0	other
gene_2002	688	4	0.0058	0	0	0	other
gene_2003	329	5	0.0152	0	0	0	other
gene_2004	688	10	0.0145	0	0	0	other
gene_2005	487	7	0.0144	0	0	0	other
gene_2006	555	4	0.0072	1	0	0	secreted (pred.)
gene_2007	768	15	0.0195	1	0	0	secreted (pred.)
gene_2008	280	3	0.0107	0	0	0	other
gene_2009	384	3	0.0078	1	0	0	secreted (pred.)
gene_201	651	9	0.0138	1	0	0	secreted (pred.)
gene_2010	227	0	0.0	0	0	0	other
gene_2011	728	7	0.0096	0	0	0	other
gene_2012	234	4	0.0171	0	0	0	other
gene_2013	384	1	0.0026	0	0	0	other
gene_2014	72	2	0.0278	0	0	0	other
gene_2015	452	5	0.0111	0	0	0	other
gene_2016	973	17	0.0175	0	0	0	other
gene_2017	669	3	0.0045	0	0	0	other
gene_2018	634	6	0.0095	0	0	0	other
gene_2019	420	4	0.0095	0	0	0	other
gene_202	515	2	0.0039	1	0	0	secreted (pred.)
gene_2020	245	2	0.0082	0	0	0	other
gene_2021	245	3	0.0122	0	0	0	other
gene_2022	518	6	0.0116	0	0	0	other
gene_2023	511	6	0.0117	1	0	0	secreted (pred.)
gene_2024	166	6	0.0361	1	1	0	secreted (pred.)
gene_2025	313	2	0.0064	0	0	0	other
gene_2026	460	3	0.0065	0	0	0	other
gene_2027	3270	47	0.0144	1	0	0	secreted (pred.)
gene_2028	652	6	0.0092	0	0	0	other
gene_2029	225	7	0.0311	0	0	0	other
gene_203	298	12	0.0403	1	1	0	secreted (pred.)
gene_2030	501	15	0.0299	1	0	0	secreted (pred.)
gene_2031	304	5	0.0164	0	0	0	other
gene_2032	495	23	0.0465	1	0	0	secreted (pred.)
gene_2033	212	5	0.0236	0	0	0	other
gene_2034	736	9	0.0122	0	0	0	other
gene_2035	271	5	0.0185	0	0	0	other
gene_2036	449	4	0.0089	0	0	0	other
gene_2037	574	7	0.0122	1	0	0	secreted (pred.)
gene_2038	748	6	0.008	1	0	0	secreted (pred.)
gene_2039	197	4	0.0203	1	1	0	secreted (pred.)
gene_204	645	6	0.0093	0	0	0	other
gene_2040	418	19	0.0455	1	0	0	secreted (pred.)
gene_2041	622	14	0.0225	0	0	0	other
gene_2042	234	2	0.0085	0	0	0	other
gene_2043	1230	12	0.0098	0	0	0	other
gene_2044	299	4	0.0134	0	0	0	other
gene_2046	290	0	0.0	0	0	0	other
gene_2047	304	3	0.0099	0	0	0	other
gene_2048	930	11	0.0118	1	0	0	secreted (pred.)
gene_2049	102	0	0.0	0	0	0	other
gene_205	746	7	0.0094	0	0	0	other
gene_2050	211	2	0.0095	0	0	0	other
gene_2051	473	5	0.0106	1	0	0	secreted (pred.)
gene_2052	469	5	0.0107	0	0	0	other
gene_2053	1220	12	0.0098	0	0	0	other
gene_2054	419	9	0.0215	1	0	0	secreted (pred.)
gene_2055	144	2	0.0139	0	0	0	other
gene_2056	266	3	0.0113	0	0	0	other
gene_2057	241	0	0.0	1	0	0	secreted (pred.)
gene_2058	257	4	0.0156	1	0	0	secreted (pred.)
gene_2059	759	5	0.0066	0	0	0	other
gene_206	152	6	0.0395	1	1	0	secreted (pred.)
gene_2060	652	8	0.0123	0	0	0	other
gene_2061	382	4	0.0105	0	0	0	other
gene_2062	415	4	0.0096	0	0	0	other
gene_2063	175	7	0.04	1	1	0	secreted (pred.)
gene_2064	130	4	0.0308	0	0	0	other
gene_2065	265	5	0.0189	0	0	0	other
gene_2066	614	12	0.0195	0	0	0	other
gene_2067	394	4	0.0102	0	0	0	other
gene_2068	214	1	0.0047	0	0	0	other
gene_2069	351	0	0.0	1	0	0	secreted (pred.)
gene_207	383	6	0.0157	1	0	0	secreted (pred.)
gene_2070	679	6	0.0088	0	0	0	other
gene_2072	324	4	0.0123	0	0	0	other
gene_2073	468	2	0.0043	1	0	0	secreted (pred.)
gene_2074	843	4	0.0047	0	0	0	other
gene_2075	271	0	0.0	0	0	0	other
gene_2076	413	4	0.0097	0	0	0	other
gene_2077	531	5	0.0094	0	0	0	other
gene_2078	575	6	0.0104	0	0	0	other
gene_2079	715	10	0.014	0	0	0	other
gene_208	673	7	0.0104	0	0	0	other
gene_2080	424	3	0.0071	0	0	0	other
gene_2081	611	8	0.0131	0	0	0	other
gene_2082	357	10	0.028	1	0	0	secreted (pred.)
gene_2083	142	5	0.0352	1	1	0	secreted (pred.)
gene_2084	299	7	0.0234	1	1	0	secreted (pred.)
gene_2085	494	6	0.0121	0	0	0	other
gene_2086	317	2	0.0063	0	0	0	other
gene_2087	287	2	0.007	0	0	0	other
gene_2088	1665	13	0.0078	1	0	0	secreted (pred.)
gene_2089	110	1	0.0091	0	0	0	other
gene_209	230	1	0.0043	0	0	0	other
gene_2091	150	5	0.0333	0	0	0	other
gene_2092	479	9	0.0188	1	0	0	secreted (pred.)
gene_2093	288	5	0.0174	0	0	0	other
gene_2094	478	4	0.0084	0	0	0	other
gene_2095	829	9	0.0109	0	0	0	other
gene_2096	357	4	0.0112	0	0	0	other
gene_2097	389	4	0.0103	0	0	0	other
gene_2098	475	0	0.0	0	0	0	other
gene_2099	137	2	0.0146	0	0	0	other
gene_21	625	4	0.0064	1	0	0	secreted (pred.)
gene_210	505	8	0.0158	1	0	0	secreted (pred.)
gene_2100	793	7	0.0088	0	0	0	other
gene_2101	453	3	0.0066	0	0	0	other
gene_2102	285	4	0.014	0	0	0	other
gene_2103	423	4	0.0095	0	0	0	other
gene_2104	391	4	0.0102	0	0	0	other
gene_2105	822	9	0.0109	1	0	0	secreted (pred.)
gene_2106	263	3	0.0114	1	0	0	secreted (pred.)
gene_2107	249	14	0.0562	0	0	0	other
gene_2108	113	3	0.0265	0	0	0	other
gene_2109	218	6	0.0275	0	0	0	other
gene_211	638	2	0.0031	0	0	0	other
gene_2110	1312	21	0.016	0	0	0	other
gene_2111	230	1	0.0043	0	0	0	other
gene_2112	860	5	0.0058	1	0	0	secreted (pred.)
gene_2113	773	18	0.0233	0	0	0	other
gene_2114	570	9	0.0158	0	0	0	other
gene_2115	1877	13	0.0069	0	0	0	other
gene_2116	153	1	0.0065	0	0	0	other
gene_2117	488	2	0.0041	0	0	0	other
gene_2118	58	0	0.0	1	0	0	secreted (pred.)
gene_2119	137	0	0.0	0	0	0	other
gene_212	479	0	0.0	0	0	0	other
gene_2120	450	7	0.0156	1	0	0	secreted (pred.)
gene_2121	387	6	0.0155	1	0	0	secreted (pred.)
gene_2122	151	3	0.0199	1	0	0	secreted (pred.)
gene_2123	277	10	0.0361	1	1	1	secreted (pred.)
gene_2124	197	8	0.0406	1	1	0	secreted (pred.)
gene_2125	591	4	0.0068	1	0	0	secreted (pred.)
gene_2126	779	5	0.0064	0	0	0	other
gene_2127	721	6	0.0083	0	0	0	other
gene_2128	667	8	0.012	0	0	0	other
gene_2129	327	1	0.0031	0	0	0	other
gene_213	400	6	0.015	0	0	0	other
gene_2130	110	0	0.0	1	0	0	secreted (pred.)
gene_2131	294	8	0.0272	0	0	0	other
gene_2132	271	2	0.0074	0	0	0	other
gene_2133	257	2	0.0078	1	0	0	secreted (pred.)
gene_2134	101	6	0.0594	1	1	0	secreted (pred.)
gene_2135	522	4	0.0077	0	0	0	other
gene_2136	212	4	0.0189	1	1	0	secreted (pred.)
gene_2137	335	5	0.0149	0	0	0	other
gene_2138	517	13	0.0251	0	0	0	other
gene_2139	428	2	0.0047	0	0	0	other
gene_214	127	0	0.0	0	0	0	other
gene_2140	401	3	0.0075	0	0	0	other
gene_2141	465	0	0.0	0	0	0	other
gene_2142	422	8	0.019	0	0	0	other
gene_2143	724	7	0.0097	1	0	0	secreted (pred.)
gene_2144	327	4	0.0122	0	0	0	other
gene_2145	285	5	0.0175	0	0	0	other
gene_2146	384	6	0.0156	1	0	0	secreted (pred.)
gene_2147	306	4	0.0131	0	0	0	other
gene_2149	339	8	0.0236	1	0	0	secreted (pred.)
gene_215	267	5	0.0187	1	1	0	secreted (pred.)
gene_2150	510	6	0.0118	0	0	0	other
gene_2151	854	11	0.0129	0	0	0	other
gene_2152	293	4	0.0137	0	0	0	other
gene_2153	1378	8	0.0058	0	0	0	other
gene_2154	298	5	0.0168	0	0	0	other
gene_2155	361	3	0.0083	0	0	0	other
gene_2156	608	9	0.0148	0	0	0	other
gene_2157	420	0	0.0	0	0	0	other
gene_2158	413	6	0.0145	0	0	0	other
gene_2159	277	0	0.0	1	0	0	secreted (pred.)
gene_216	345	0	0.0	0	0	0	other
gene_2160	293	5	0.0171	1	1	0	secreted (pred.)
gene_2161	493	6	0.0122	0	0	0	other
gene_2162	237	1	0.0042	1	0	0	secreted (pred.)
gene_2163	1357	9	0.0066	0	0	0	other
gene_2164	242	0	0.0	0	0	0	other
gene_2165	548	18	0.0328	0	0	0	other
gene_2166	514	0	0.0	0	0	0	other
gene_2167	453	4	0.0088	0	0	0	other
gene_2168	326	4	0.0123	0	0	0	other
gene_2169	720	17	0.0236	1	0	0	secreted (pred.)
gene_217	768	4	0.0052	0	0	0	other
gene_2170	780	20	0.0256	1	0	0	secreted (pred.)
gene_2171	256	0	0.0	1	0	0	secreted (pred.)
gene_2172	509	10	0.0196	0	0	0	other
gene_2173	266	4	0.015	1	1	0	secreted (pred.)
gene_2174	343	3	0.0087	0	0	0	other
gene_2175	881	21	0.0238	0	0	0	other
gene_2176	345	3	0.0087	0	0	0	other
gene_2177	360	2	0.0056	0	0	0	other
gene_2178	1450	10	0.0069	0	0	0	other
gene_2179	172	0	0.0	0	0	0	other
gene_218	273	1	0.0037	0	0	0	other
gene_2180	70	0	0.0	1	0	0	secreted (pred.)
gene_2181	558	15	0.0269	0	0	0	other
gene_2182	182	1	0.0055	0	0	0	other
gene_2183	1323	11	0.0083	0	0	0	other
gene_2184	1152	6	0.0052	0	0	0	other
gene_2185	393	7	0.0178	0	0	0	other
gene_2186	240	1	0.0042	0	0	0	other
gene_2187	1086	8	0.0074	0	0	0	other
gene_2188	160	5	0.0312	1	1	0	secreted (pred.)
gene_2189	255	2	0.0078	0	0	0	other
gene_219	717	4	0.0056	0	0	0	other
gene_2190	683	9	0.0132	0	0	0	other
gene_2191	246	1	0.0041	1	0	0	secreted (pred.)
gene_2192	227	0	0.0	1	0	0	secreted (pred.)
gene_2193	449	3	0.0067	0	0	0	other
gene_2194	851	5	0.0059	0	0	0	other
gene_2195	388	6	0.0155	0	0	0	other
gene_2196	288	1	0.0035	1	0	0	secreted (pred.)
gene_2197	92	4	0.0435	0	0	0	other
gene_2198	1833	22	0.012	0	0	0	other
gene_2199	415	3	0.0072	0	0	0	other
gene_22	77	0	0.0	0	0	0	other
gene_220	197	6	0.0305	1	1	0	secreted (pred.)
gene_2200	901	10	0.0111	0	0	0	other
gene_2201	432	8	0.0185	0	0	0	other
gene_2202	255	3	0.0118	0	0	0	other
gene_2203	466	13	0.0279	1	0	0	secreted (pred.)
gene_2204	526	3	0.0057	1	0	0	secreted (pred.)
gene_2205	247	4	0.0162	0	0	0	other
gene_2206	387	8	0.0207	1	0	0	secreted (pred.)
gene_2207	200	3	0.015	0	0	0	other
gene_2208	417	2	0.0048	0	0	0	other
gene_2209	456	7	0.0154	0	0	0	other
gene_221	72	5	0.0694	0	0	0	other
gene_2210	754	10	0.0133	0	0	0	other
gene_2211	223	0	0.0	0	0	0	other
gene_2212	84	2	0.0238	0	0	0	other
gene_2213	50	0	0.0	0	0	0	other
gene_2214	190	4	0.0211	1	1	0	secreted (pred.)
gene_2217	514	6	0.0117	0	0	0	other
gene_2218	121	6	0.0496	1	1	0	secreted (pred.)
gene_2219	1769	9	0.0051	0	0	0	other
gene_222	1966	35	0.0178	0	0	0	other
gene_2220	587	9	0.0153	0	0	0	other
gene_2221	462	1	0.0022	0	0	0	other
gene_2222	524	11	0.021	0	0	0	other
gene_2223	796	8	0.0101	0	0	0	other
gene_2224	516	8	0.0155	0	0	0	other
gene_2225	848	4	0.0047	0	0	0	other
gene_2226	201	5	0.0249	0	0	0	other
gene_2227	570	5	0.0088	0	0	0	other
gene_2228	67	1	0.0149	1	0	0	secreted (pred.)
gene_2229	385	5	0.013	0	0	0	other
gene_223	417	6	0.0144	0	0	0	other
gene_2230	573	1	0.0017	0	0	0	other
gene_2231	271	1	0.0037	0	0	0	other
gene_2232	364	3	0.0082	0	0	0	other
gene_2233	358	11	0.0307	0	1	1	secreted (pred.)
gene_2234	324	8	0.0247	1	0	0	secreted (pred.)
gene_2236	293	1	0.0034	0	0	0	other
gene_2237	569	2	0.0035	0	0	0	other
gene_2238	812	15	0.0185	1	0	0	secreted (pred.)
gene_2239	461	5	0.0108	1	0	0	secreted (pred.)
gene_224	175	7	0.04	1	1	0	secreted (pred.)
gene_2240	340	4	0.0118	1	0	0	secreted (pred.)
gene_2241	325	8	0.0246	1	0	0	secreted (pred.)
gene_2242	324	6	0.0185	0	0	0	other
gene_2243	347	6	0.0173	1	0	0	secreted (pred.)
gene_2244	524	13	0.0248	0	0	0	other
gene_2245	424	3	0.0071	0	0	0	other
gene_2246	743	17	0.0229	0	0	0	other
gene_2247	370	4	0.0108	0	0	0	other
gene_2248	358	4	0.0112	0	0	0	other
gene_2249	263	0	0.0	0	0	0	other
gene_225	396	4	0.0101	0	0	0	other
gene_2250	251	14	0.0558	1	0	0	secreted (pred.)
gene_2251	1030	8	0.0078	0	0	0	other
gene_2252	337	2	0.0059	0	0	0	other
gene_2253	205	1	0.0049	0	0	0	other
gene_2254	228	6	0.0263	0	0	0	other
gene_2255	1058	15	0.0142	0	0	0	other
gene_2256	222	1	0.0045	0	0	0	other
gene_2257	486	3	0.0062	0	0	0	other
gene_2258	524	2	0.0038	0	0	0	other
gene_2259	305	3	0.0098	0	0	0	other
gene_226	163	3	0.0184	1	0	0	secreted (pred.)
gene_2260	243	4	0.0165	0	0	0	other
gene_2261	278	2	0.0072	0	0	0	other
gene_2262	217	5	0.023	1	1	0	secreted (pred.)
gene_2263	608	9	0.0148	1	0	0	secreted (pred.)
gene_2264	946	11	0.0116	0	0	0	other
gene_2265	1716	12	0.007	0	0	0	other
gene_2266	1311	10	0.0076	0	0	0	other
gene_2267	134	2	0.0149	1	0	0	secreted (pred.)
gene_2269	146	3	0.0205	0	0	0	other
gene_227	433	5	0.0115	0	0	0	other
gene_2270	161	8	0.0497	0	0	0	other
gene_2271	220	10	0.0455	1	1	0	secreted (pred.)
gene_2272	217	3	0.0138	0	0	0	other
gene_2273	504	1	0.002	0	0	0	other
gene_2274	235	5	0.0213	0	0	0	other
gene_2275	442	4	0.009	0	0	0	other
gene_2276	229	0	0.0	1	0	0	secreted (pred.)
gene_2277	428	5	0.0117	0	0	0	other
gene_2278	589	11	0.0187	0	0	0	other
gene_2279	669	12	0.0179	0	0	0	other
gene_228	673	34	0.0505	1	1	1	secreted (pred.)
gene_2281	138	1	0.0072	0	0	0	other
gene_2282	378	1	0.0026	0	0	0	other
gene_2283	439	5	0.0114	0	0	0	other
gene_2284	276	2	0.0072	0	0	0	other
gene_2285	291	6	0.0206	0	0	0	other
gene_2286	238	3	0.0126	1	0	0	secreted (pred.)
gene_2287	551	6	0.0109	0	0	0	other
gene_2288	255	4	0.0157	0	0	0	other
gene_2289	223	1	0.0045	1	0	0	secreted (pred.)
gene_229	869	9	0.0104	0	0	0	other
gene_2290	640	11	0.0172	0	0	0	other
gene_2291	587	9	0.0153	0	0	0	other
gene_2293	549	8	0.0146	0	0	0	other
gene_2294	435	2	0.0046	0	0	0	other
gene_2295	545	1	0.0018	0	0	0	other
gene_2296	310	10	0.0323	1	0	0	secreted (pred.)
gene_2297	1753	6	0.0034	0	0	0	other
gene_2298	163	1	0.0061	0	0	0	other
gene_2299	354	7	0.0198	0	0	0	other
gene_23	81	2	0.0247	1	1	0	secreted (pred.)
gene_2300	628	6	0.0096	0	0	0	other
gene_2301	975	9	0.0092	0	0	0	other
gene_2302	714	2	0.0028	0	0	0	other
gene_2303	527	15	0.0285	1	0	0	secreted (pred.)
gene_2304	474	15	0.0316	0	0	0	other
gene_2305	497	6	0.0121	0	0	0	other
gene_2306	923	13	0.0141	0	0	0	other
gene_2307	150	3	0.02	1	1	0	secreted (pred.)
gene_2308	90	4	0.0444	0	0	0	other
gene_2309	2233	31	0.0139	0	0	0	other
gene_231	495	7	0.0141	0	0	0	other
gene_2310	455	5	0.011	0	0	0	other
gene_2311	434	5	0.0115	1	0	0	secreted (pred.)
gene_2312	241	7	0.029	1	1	0	secreted (pred.)
gene_2313	408	0	0.0	0	0	0	other
gene_2314	76	0	0.0	1	0	0	secreted (pred.)
gene_2315	259	2	0.0077	0	0	0	other
gene_2316	86	6	0.0698	1	1	0	secreted (pred.)
gene_2317	96	1	0.0104	0	0	0	other
gene_2318	384	6	0.0156	0	0	0	other
gene_2319	860	5	0.0058	0	0	0	other
gene_232	367	4	0.0109	0	0	0	other
gene_2320	704	10	0.0142	0	0	0	other
gene_2321	969	4	0.0041	1	0	0	secreted (pred.)
gene_2322	323	0	0.0	0	0	0	other
gene_2323	1181	26	0.022	0	0	0	other
gene_2324	63	0	0.0	1	0	0	secreted (pred.)
gene_2325	360	3	0.0083	1	0	0	secreted (pred.)
gene_2326	984	10	0.0102	0	0	0	other
gene_2327	411	6	0.0146	0	0	0	other
gene_2328	214	3	0.014	0	0	0	other
gene_233	279	1	0.0036	1	0	0	secreted (pred.)
gene_2330	270	8	0.0296	0	0	0	other
gene_2331	903	5	0.0055	1	0	0	secreted (pred.)
gene_2332	241	2	0.0083	1	0	0	secreted (pred.)
gene_2333	669	9	0.0135	1	0	0	secreted (pred.)
gene_2334	279	5	0.0179	0	0	0	other
gene_2335	578	1	0.0017	1	0	0	secreted (pred.)
gene_2336	798	8	0.01	0	0	0	other
gene_2337	4057	38	0.0094	0	0	0	other
gene_2338	351	0	0.0	0	0	0	other
gene_2339	547	6	0.011	1	0	0	secreted (pred.)
gene_234	1248	28	0.0224	0	0	0	other
gene_2340	2062	24	0.0116	0	0	0	other
gene_2341	365	6	0.0164	0	0	0	other
gene_2342	243	2	0.0082	1	1	1	secreted (pred.)
gene_2343	439	12	0.0273	1	0	0	secreted (pred.)
gene_2344	326	9	0.0276	1	0	0	secreted (pred.)
gene_2345	534	6	0.0112	0	0	0	other
gene_2346	167	6	0.0359	1	1	0	secreted (pred.)
gene_2347	332	2	0.006	0	0	0	other
gene_2348	350	10	0.0286	1	0	0	secreted (pred.)
gene_2349	453	24	0.053	1	1	1	secreted (pred.)
gene_235	559	10	0.0179	0	0	0	other
gene_2350	318	4	0.0126	0	0	0	other
gene_2352	171	4	0.0234	1	1	0	secreted (pred.)
gene_2353	424	18	0.0425	1	0	0	secreted (pred.)
gene_2354	412	8	0.0194	0	0	0	other
gene_2355	279	1	0.0036	0	0	0	other
gene_2356	464	12	0.0259	1	0	0	secreted (pred.)
gene_2357	1212	24	0.0198	0	0	0	other
gene_2358	243	5	0.0206	0	0	0	other
gene_2359	504	3	0.006	1	0	0	secreted (pred.)
gene_236	586	0	0.0	0	0	0	other
gene_2360	399	6	0.015	0	0	0	other
gene_2361	1096	4	0.0036	0	0	0	other
gene_2362	297	3	0.0101	0	0	0	other
gene_2364	707	12	0.017	0	0	0	other
gene_2365	1314	6	0.0046	0	0	0	other
gene_2366	196	0	0.0	0	0	0	other
gene_2367	2529	28	0.0111	0	0	0	other
gene_2368	553	0	0.0	0	0	0	other
gene_2369	321	6	0.0187	1	0	0	secreted (pred.)
gene_237	314	4	0.0127	0	0	0	other
gene_2370	676	9	0.0133	0	0	0	other
gene_2371	357	4	0.0112	1	0	0	secreted (pred.)
gene_2372	597	14	0.0235	0	0	0	other
gene_2373	271	3	0.0111	0	0	0	other
gene_2374	547	7	0.0128	0	0	0	other
gene_2375	116	1	0.0086	0	0	0	other
gene_2376	781	13	0.0166	0	0	0	other
gene_2377	189	0	0.0	0	0	0	other
gene_2379	517	5	0.0097	1	0	0	secreted (pred.)
gene_238	1646	27	0.0164	0	0	0	other
gene_2380	472	13	0.0275	0	0	0	other
gene_2381	698	3	0.0043	1	0	0	secreted (pred.)
gene_2382	303	9	0.0297	0	0	0	other
gene_2383	399	4	0.01	0	0	0	other
gene_2384	293	4	0.0137	0	0	0	other
gene_2385	390	5	0.0128	0	0	0	other
gene_2386	493	7	0.0142	0	0	0	other
gene_2387	174	0	0.0	1	0	0	secreted (pred.)
gene_2388	331	2	0.006	0	0	0	other
gene_2389	157	4	0.0255	0	0	0	other
gene_239	260	0	0.0	0	0	0	other
gene_2390	506	5	0.0099	0	0	0	other
gene_2391	202	1	0.005	0	0	0	other
gene_2392	473	8	0.0169	0	0	0	other
gene_2393	77	0	0.0	0	0	0	other
gene_2394	1377	25	0.0182	0	0	0	other
gene_2395	559	9	0.0161	0	0	0	other
gene_2396	761	6	0.0079	0	0	0	other
gene_2397	67	2	0.0299	0	0	0	other
gene_2398	638	5	0.0078	0	0	0	other
gene_2399	565	2	0.0035	0	0	0	other
gene_24	286	3	0.0105	0	0	0	other
gene_240	519	4	0.0077	0	0	0	other
gene_2400	192	15	0.0781	0	0	0	other
gene_2401	271	6	0.0221	0	0	0	other
gene_2402	4970	80	0.0161	0	0	0	other
gene_2403	179	2	0.0112	0	0	0	other
gene_2404	271	6	0.0221	0	0	0	other
gene_2405	906	1	0.0011	0	0	0	other
gene_2406	1242	16	0.0129	0	0	0	other
gene_2407	351	2	0.0057	0	0	0	other
gene_2408	570	36	0.0632	0	0	0	other
gene_2409	921	7	0.0076	0	0	0	other
gene_241	138	0	0.0	0	0	0	other
gene_2410	406	5	0.0123	0	0	0	other
gene_2411	201	0	0.0	0	0	0	other
gene_2412	854	10	0.0117	0	0	0	other
gene_2413	1230	19	0.0154	0	0	0	other
gene_2414	748	16	0.0214	0	0	0	other
gene_2415	471	4	0.0085	1	0	0	secreted (pred.)
gene_2416	861	9	0.0105	0	0	0	other
gene_2417	177	7	0.0395	0	0	0	other
gene_2418	596	8	0.0134	0	0	0	other
gene_2419	588	7	0.0119	0	0	0	other
gene_242	556	3	0.0054	0	0	0	other
gene_2420	526	11	0.0209	0	0	0	other
gene_2421	506	3	0.0059	0	0	0	other
gene_2422	629	6	0.0095	0	0	0	other
gene_2423	665	6	0.009	0	0	0	other
gene_2424	386	4	0.0104	0	0	0	other
gene_2425	236	3	0.0127	0	0	0	other
gene_2426	1268	12	0.0095	0	0	0	other
gene_2427	321	1	0.0031	0	0	0	other
gene_2428	346	12	0.0347	1	0	0	secreted (pred.)
gene_2429	373	6	0.0161	0	0	0	other
gene_243	107	8	0.0748	1	1	0	secreted (pred.)
gene_2430	319	6	0.0188	0	0	0	other
gene_2431	396	4	0.0101	1	0	0	secreted (pred.)
gene_2432	605	16	0.0264	1	0	0	secreted (pred.)
gene_2433	393	4	0.0102	0	0	0	other
gene_2434	316	4	0.0127	0	0	0	other
gene_2435	163	4	0.0245	0	0	0	other
gene_2436	938	16	0.0171	0	0	0	other
gene_2437	562	7	0.0125	0	0	0	other
gene_2438	396	17	0.0429	0	0	0	other
gene_2439	388	7	0.018	0	0	0	other
gene_244	996	15	0.0151	0	0	0	other
gene_2440	575	9	0.0157	0	0	0	other
gene_2441	464	1	0.0022	0	0	0	other
gene_2442	288	0	0.0	0	0	0	other
gene_2444	97	0	0.0	1	0	0	secreted (pred.)
gene_2445	679	9	0.0133	0	0	0	other
gene_2446	820	31	0.0378	0	0	0	other
gene_2447	201	2	0.01	0	0	0	other
gene_2448	1070	9	0.0084	0	0	0	other
gene_2449	566	12	0.0212	0	0	0	other
gene_245	235	1	0.0043	0	0	0	other
gene_2450	460	11	0.0239	0	0	0	other
gene_2451	425	1	0.0024	0	0	0	other
gene_2452	128	0	0.0	1	0	0	secreted (pred.)
gene_2453	330	1	0.003	0	0	0	other
gene_2454	1019	18	0.0177	1	0	0	secreted (pred.)
gene_2455	566	4	0.0071	0	0	0	other
gene_2456	644	0	0.0	0	0	0	other
gene_2457	396	4	0.0101	0	0	0	other
gene_2458	1050	5	0.0048	0	0	0	other
gene_2459	388	7	0.018	0	0	0	other
gene_246	1174	6	0.0051	0	0	0	other
gene_2460	834	14	0.0168	0	0	0	other
gene_2461	483	0	0.0	0	0	0	other
gene_2462	579	7	0.0121	0	0	0	other
gene_2463	633	6	0.0095	0	0	0	other
gene_2464	432	5	0.0116	0	0	0	other
gene_2465	98	1	0.0102	0	0	0	other
gene_2466	546	13	0.0238	0	0	0	other
gene_2467	234	6	0.0256	0	0	0	other
gene_2468	360	10	0.0278	1	0	0	secreted (pred.)
gene_2469	236	3	0.0127	0	0	0	other
gene_247	568	6	0.0106	0	0	0	other
gene_2470	193	3	0.0155	0	0	0	other
gene_2471	500	6	0.012	0	0	0	other
gene_2472	76	3	0.0395	1	1	0	secreted (pred.)
gene_2473	730	4	0.0055	0	0	0	other
gene_2474	879	10	0.0114	0	0	0	other
gene_2475	107	0	0.0	0	0	0	other
gene_2476	493	4	0.0081	0	0	0	other
gene_2477	319	6	0.0188	0	0	0	other
gene_2478	236	8	0.0339	0	0	0	other
gene_2479	218	2	0.0092	0	0	0	other
gene_248	367	5	0.0136	1	0	0	secreted (pred.)
gene_2480	735	8	0.0109	1	0	0	secreted (pred.)
gene_2481	178	0	0.0	0	0	0	other
gene_2482	201	1	0.005	0	0	0	other
gene_2483	1143	47	0.0411	1	0	0	secreted (pred.)
gene_2484	1080	9	0.0083	0	0	0	other
gene_2485	600	10	0.0167	1	0	0	secreted (pred.)
gene_2486	1122	13	0.0116	0	0	0	other
gene_2487	761	7	0.0092	0	0	0	other
gene_2488	170	1	0.0059	1	0	0	secreted (pred.)
gene_2489	372	3	0.0081	1	0	0	secreted (pred.)
gene_249	560	3	0.0054	1	0	0	secreted (pred.)
gene_2490	403	15	0.0372	0	0	0	other
gene_2491	445	7	0.0157	0	0	0	other
gene_2492	499	5	0.01	0	0	0	other
gene_2493	770	9	0.0117	0	0	0	other
gene_2494	303	0	0.0	0	0	0	other
gene_2495	465	7	0.0151	1	0	0	secreted (pred.)
gene_2496	523	1	0.0019	0	0	0	other
gene_2497	1086	10	0.0092	0	0	0	other
gene_2498	379	11	0.029	1	0	0	secreted (pred.)
gene_2499	387	7	0.0181	0	0	0	other
gene_25	623	12	0.0193	0	0	0	other
gene_2500	310	4	0.0129	1	0	0	secreted (pred.)
gene_2501	1423	22	0.0155	0	0	0	other
gene_2502	423	7	0.0165	0	0	0	other
gene_2503	256	3	0.0117	0	0	0	other
gene_2504	305	11	0.0361	0	0	0	other
gene_2505	512	7	0.0137	1	0	0	secreted (pred.)
gene_2506	707	9	0.0127	0	0	0	other
gene_2507	793	10	0.0126	1	0	0	secreted (pred.)
gene_2508	354	5	0.0141	0	0	0	other
gene_2509	537	8	0.0149	1	0	0	secreted (pred.)
gene_251	643	2	0.0031	1	0	0	secreted (pred.)
gene_2510	723	7	0.0097	0	0	0	other
gene_2511	294	5	0.017	0	0	0	other
gene_2512	1291	26	0.0201	0	0	0	other
gene_2513	494	8	0.0162	0	0	0	other
gene_2514	293	9	0.0307	1	1	0	secreted (pred.)
gene_2515	121	0	0.0	0	0	0	other
gene_2516	134	4	0.0299	0	0	0	other
gene_2517	261	3	0.0115	0	0	0	other
gene_2518	282	0	0.0	0	0	0	other
gene_2519	830	1	0.0012	0	0	0	other
gene_252	760	7	0.0092	0	0	0	other
gene_2520	201	1	0.005	0	0	0	other
gene_2521	97	4	0.0412	1	1	0	secreted (pred.)
gene_2522	485	6	0.0124	0	0	0	other
gene_2523	326	12	0.0368	0	0	0	other
gene_2524	485	3	0.0062	0	0	0	other
gene_2525	1235	10	0.0081	0	0	0	other
gene_2526	427	5	0.0117	0	0	0	other
gene_2527	691	4	0.0058	0	0	0	other
gene_2528	83	4	0.0482	0	0	0	other
gene_2529	973	20	0.0206	0	0	0	other
gene_253	181	3	0.0166	0	0	0	other
gene_2530	76	4	0.0526	1	1	0	secreted (pred.)
gene_2531	379	7	0.0185	1	0	0	secreted (pred.)
gene_2532	69	4	0.058	0	0	0	other
gene_2533	353	32	0.0907	0	0	0	other
gene_2534	409	8	0.0196	0	0	0	other
gene_2535	705	9	0.0128	0	0	0	other
gene_2536	650	12	0.0185	0	0	0	other
gene_2537	353	16	0.0453	0	0	0	other
gene_2538	1866	21	0.0113	0	0	0	other
gene_2539	250	4	0.016	0	0	0	other
gene_254	327	16	0.0489	1	0	0	secreted (pred.)
gene_2541	1831	36	0.0197	0	0	0	other
gene_2542	891	10	0.0112	0	0	0	other
gene_2543	312	1	0.0032	0	0	0	other
gene_2544	214	2	0.0093	1	0	0	secreted (pred.)
gene_2545	119	3	0.0252	0	0	0	other
gene_2546	238	5	0.021	0	0	0	other
gene_2547	379	9	0.0237	0	0	0	other
gene_2548	541	0	0.0	0	0	0	other
gene_2549	307	8	0.0261	0	0	0	other
gene_255	352	11	0.0312	1	0	0	secreted (pred.)
gene_2550	505	8	0.0158	0	0	0	other
gene_2551	253	5	0.0198	1	0	0	secreted (pred.)
gene_2552	457	1	0.0022	0	0	0	other
gene_2553	530	2	0.0038	0	0	0	other
gene_2554	294	4	0.0136	0	0	0	other
gene_2555	367	10	0.0272	1	0	0	secreted (pred.)
gene_2556	408	6	0.0147	0	0	0	other
gene_2557	285	2	0.007	0	0	0	other
gene_2558	94	8	0.0851	1	1	0	secreted (pred.)
gene_2559	265	2	0.0075	1	0	0	secreted (pred.)
gene_256	1282	34	0.0265	1	0	0	secreted (pred.)
gene_2560	1017	7	0.0069	0	0	0	other
gene_2561	821	5	0.0061	0	0	0	other
gene_2562	435	2	0.0046	0	0	0	other
gene_2563	181	1	0.0055	0	0	0	other
gene_2564	825	3	0.0036	0	0	0	other
gene_2565	386	12	0.0311	0	0	0	other
gene_2566	2226	10	0.0045	0	0	0	other
gene_2567	571	11	0.0193	0	0	0	other
gene_2568	482	4	0.0083	1	0	0	secreted (pred.)
gene_2569	537	7	0.013	0	0	0	other
gene_257	127	4	0.0315	1	1	0	secreted (pred.)
gene_2570	1242	23	0.0185	0	0	0	other
gene_2572	1348	15	0.0111	0	0	0	other
gene_2573	390	7	0.0179	1	0	0	secreted (pred.)
gene_2574	379	4	0.0106	1	0	0	secreted (pred.)
gene_2575	288	3	0.0104	1	0	0	secreted (pred.)
gene_2576	2455	49	0.02	1	0	0	secreted (pred.)
gene_2577	491	10	0.0204	0	0	0	other
gene_2578	118	0	0.0	1	0	0	secreted (pred.)
gene_2579	424	1	0.0024	0	0	0	other
gene_258	312	8	0.0256	0	0	0	other
gene_2580	307	5	0.0163	1	0	0	secreted (pred.)
gene_2581	1371	9	0.0066	0	0	0	other
gene_2582	176	3	0.017	0	0	0	other
gene_2583	321	4	0.0125	0	0	0	other
gene_2584	621	2	0.0032	0	0	0	other
gene_2585	189	3	0.0159	0	0	0	other
gene_2586	1627	16	0.0098	0	0	0	other
gene_2587	1234	13	0.0105	0	0	0	other
gene_2588	397	6	0.0151	0	0	0	other
gene_2589	278	6	0.0216	1	0	0	secreted (pred.)
gene_259	296	0	0.0	1	0	0	secreted (pred.)
gene_2590	566	5	0.0088	0	0	0	other
gene_2591	143	3	0.021	0	0	0	other
gene_2592	54	0	0.0	0	0	0	other
gene_2593	410	8	0.0195	1	0	0	secreted (pred.)
gene_2594	2308	15	0.0065	0	0	0	other
gene_2595	976	6	0.0061	0	0	0	other
gene_2596	609	5	0.0082	0	0	0	other
gene_2597	101	1	0.0099	1	0	0	secreted (pred.)
gene_2598	294	2	0.0068	0	0	0	other
gene_2599	637	7	0.011	0	0	0	other
gene_26	363	10	0.0275	1	0	0	secreted (pred.)
gene_2600	445	7	0.0157	0	0	0	other
gene_2601	843	7	0.0083	0	0	0	other
gene_2602	926	14	0.0151	1	0	0	secreted (pred.)
gene_2603	376	4	0.0106	0	0	0	other
gene_2604	191	4	0.0209	0	0	0	other
gene_2605	242	7	0.0289	0	0	0	other
gene_2606	238	2	0.0084	0	0	0	other
gene_2607	317	5	0.0158	1	0	0	secreted (pred.)
gene_2608	1442	13	0.009	0	0	0	other
gene_2609	452	5	0.0111	0	0	0	other
gene_261	226	2	0.0088	0	0	0	other
gene_2610	326	9	0.0276	0	0	0	other
gene_2611	697	6	0.0086	0	0	0	other
gene_2613	1597	16	0.01	0	0	0	other
gene_2614	637	10	0.0157	0	0	0	other
gene_2615	701	12	0.0171	1	0	0	secreted (pred.)
gene_2616	279	3	0.0108	0	0	0	other
gene_2617	386	8	0.0207	1	0	0	secreted (pred.)
gene_2618	213	1	0.0047	0	0	0	other
gene_2619	169	1	0.0059	0	0	0	other
gene_2620	403	4	0.0099	0	0	0	other
gene_2621	341	2	0.0059	0	0	0	other
gene_2622	264	3	0.0114	0	0	0	other
gene_2623	143	3	0.021	0	0	0	other
gene_2624	307	6	0.0195	0	0	0	other
gene_2625	154	1	0.0065	0	0	0	other
gene_2626	752	16	0.0213	0	0	0	other
gene_2627	428	0	0.0	0	0	0	other
gene_2628	851	12	0.0141	0	0	0	other
gene_2629	526	1	0.0019	1	0	0	secreted (pred.)
gene_263	1369	10	0.0073	0	0	0	other
gene_2630	503	12	0.0239	0	0	0	other
gene_2631	246	10	0.0407	0	0	0	other
gene_2632	130	4	0.0308	1	1	0	secreted (pred.)
gene_2633	295	2	0.0068	0	0	0	other
gene_2634	594	8	0.0135	1	0	0	secreted (pred.)
gene_2635	237	2	0.0084	1	0	0	secreted (pred.)
gene_2636	443	3	0.0068	0	0	0	other
gene_2637	2142	8	0.0037	0	0	0	other
gene_2638	539	5	0.0093	1	0	0	secreted (pred.)
gene_2639	1174	19	0.0162	0	0	0	other
gene_264	453	3	0.0066	0	0	0	other
gene_2640	597	6	0.0101	1	0	0	secreted (pred.)
gene_2641	170	3	0.0176	0	0	0	other
gene_2642	500	1	0.002	0	0	0	other
gene_2643	401	3	0.0075	1	0	0	secreted (pred.)
gene_2644	230	3	0.013	0	0	0	other
gene_2645	486	3	0.0062	1	0	0	secreted (pred.)
gene_2646	1386	3	0.0022	0	0	0	other
gene_2647	1240	19	0.0153	0	0	0	other
gene_2648	401	4	0.01	0	0	0	other
gene_2649	310	11	0.0355	1	0	0	secreted (pred.)
gene_265	2631	23	0.0087	0	0	0	other
gene_2650	536	10	0.0187	0	0	0	other
gene_2651	7698	13	0.0017	0	0	0	other
gene_2652	154	1	0.0065	0	0	0	other
gene_2653	569	6	0.0105	0	0	0	other
gene_2654	405	7	0.0173	0	0	0	other
gene_2655	124	2	0.0161	1	0	0	secreted (pred.)
gene_2656	463	0	0.0	1	0	0	secreted (pred.)
gene_2657	1208	10	0.0083	0	0	0	other
gene_2658	490	3	0.0061	0	0	0	other
gene_2659	210	2	0.0095	0	0	0	other
gene_266	164	1	0.0061	0	0	0	other
gene_2660	271	9	0.0332	0	0	0	other
gene_2661	432	6	0.0139	0	0	0	other
gene_2662	343	6	0.0175	0	0	0	other
gene_2663	85	6	0.0706	0	0	0	other
gene_2664	576	1	0.0017	0	0	0	other
gene_2665	592	8	0.0135	0	0	0	other
gene_2666	724	11	0.0152	0	0	0	other
gene_2667	475	0	0.0	0	0	0	other
gene_2668	184	3	0.0163	0	0	0	other
gene_2669	112	0	0.0	0	0	0	other
gene_267	412	6	0.0146	0	0	0	other
gene_2670	240	0	0.0	0	0	0	other
gene_2671	431	10	0.0232	0	0	0	other
gene_2672	324	5	0.0154	0	0	0	other
gene_2673	491	3	0.0061	0	0	0	other
gene_2674	461	9	0.0195	0	0	0	other
gene_2675	815	19	0.0233	0	0	0	other
gene_2677	398	5	0.0126	1	1	1	secreted (pred.)
gene_2678	509	5	0.0098	0	0	0	other
gene_2679	593	8	0.0135	0	0	0	other
gene_268	134	1	0.0075	0	0	0	other
gene_2680	2112	43	0.0204	0	0	0	other
gene_2681	456	13	0.0285	1	0	0	secreted (pred.)
gene_2682	277	1	0.0036	0	0	0	other
gene_2683	622	8	0.0129	1	0	0	secreted (pred.)
gene_2684	207	3	0.0145	0	0	0	other
gene_2685	425	5	0.0118	0	0	0	other
gene_2686	564	10	0.0177	0	0	0	other
gene_2687	462	14	0.0303	0	0	0	other
gene_2688	91	8	0.0879	0	0	0	other
gene_2689	770	5	0.0065	0	0	0	other
gene_269	339	5	0.0147	0	0	0	other
gene_2691	252	0	0.0	0	0	0	other
gene_2692	503	8	0.0159	0	0	0	other
gene_2693	51	2	0.0392	1	1	0	secreted (pred.)
gene_2694	740	6	0.0081	0	0	0	other
gene_2695	1086	11	0.0101	1	0	0	secreted (pred.)
gene_2696	766	24	0.0313	0	0	0	other
gene_2697	753	10	0.0133	0	0	0	other
gene_2698	276	2	0.0072	0	0	0	other
gene_2699	748	14	0.0187	0	0	0	other
gene_27	794	11	0.0139	0	0	0	other
gene_270	746	3	0.004	0	0	0	other
gene_2700	252	8	0.0317	0	0	0	other
gene_2701	469	5	0.0107	0	0	0	other
gene_2702	100	8	0.08	1	1	0	secreted (pred.)
gene_2703	459	3	0.0065	0	0	0	other
gene_2704	477	9	0.0189	0	0	0	other
gene_2705	375	2	0.0053	0	0	0	other
gene_2706	240	2	0.0083	1	0	0	secreted (pred.)
gene_2707	196	0	0.0	0	0	0	other
gene_2708	170	0	0.0	0	0	0	other
gene_2709	953	5	0.0052	0	0	0	other
gene_271	259	4	0.0154	1	1	0	secreted (pred.)
gene_2710	262	3	0.0115	0	0	0	other
gene_2711	107	0	0.0	0	0	0	other
gene_2712	260	5	0.0192	0	0	0	other
gene_2713	814	10	0.0123	0	0	0	other
gene_2714	571	8	0.014	1	0	0	secreted (pred.)
gene_2715	291	8	0.0275	0	0	0	other
gene_2716	474	3	0.0063	1	0	0	secreted (pred.)
gene_2717	637	8	0.0126	1	0	0	secreted (pred.)
gene_2718	325	3	0.0092	0	0	0	other
gene_2719	327	13	0.0398	0	0	0	other
gene_272	405	4	0.0099	0	0	0	other
gene_2720	728	9	0.0124	1	0	0	secreted (pred.)
gene_2721	245	4	0.0163	0	0	0	other
gene_2722	339	8	0.0236	0	0	0	other
gene_2723	255	7	0.0275	0	0	0	other
gene_2724	1034	9	0.0087	0	0	0	other
gene_2725	478	6	0.0126	1	0	0	secreted (pred.)
gene_2726	342	6	0.0175	0	0	0	other
gene_2727	1217	9	0.0074	0	0	0	other
gene_2728	210	0	0.0	0	0	0	other
gene_2729	2671	45	0.0168	0	0	0	other
gene_273	432	5	0.0116	0	0	0	other
gene_2730	894	5	0.0056	1	0	0	secreted (pred.)
gene_2731	89	1	0.0112	0	0	0	other
gene_2732	521	9	0.0173	0	0	0	other
gene_2733	657	8	0.0122	0	0	0	other
gene_2734	706	3	0.0042	0	0	0	other
gene_2735	98	0	0.0	0	0	0	other
gene_2736	384	3	0.0078	0	0	0	other
gene_2737	206	2	0.0097	1	0	0	secreted (pred.)
gene_2738	329	6	0.0182	0	0	0	other
gene_2739	543	10	0.0184	0	0	0	other
gene_2740	229	3	0.0131	0	0	0	other
gene_2741	542	3	0.0055	0	0	0	other
gene_2742	283	1	0.0035	0	0	0	other
gene_2743	1148	5	0.0044	0	0	0	other
gene_2744	1677	12	0.0072	0	0	0	other
gene_2745	321	1	0.0031	1	0	0	secreted (pred.)
gene_2746	364	5	0.0137	1	0	0	secreted (pred.)
gene_2747	383	2	0.0052	0	0	0	other
gene_2748	496	0	0.0	1	0	0	secreted (pred.)
gene_2749	386	0	0.0	1	0	0	secreted (pred.)
gene_275	260	3	0.0115	0	0	0	other
gene_2750	92	2	0.0217	0	0	0	other
gene_2751	672	8	0.0119	0	0	0	other
gene_2752	658	11	0.0167	0	0	0	other
gene_2753	350	7	0.02	1	0	0	secreted (pred.)
gene_2754	171	0	0.0	0	0	0	other
gene_2755	1537	25	0.0163	0	0	0	other
gene_2756	711	5	0.007	0	0	0	other
gene_2757	546	4	0.0073	1	0	0	secreted (pred.)
gene_2758	1031	9	0.0087	0	0	0	other
gene_2759	370	7	0.0189	0	0	0	other
gene_276	394	1	0.0025	0	0	0	other
gene_2760	758	5	0.0066	0	0	0	other
gene_2761	118	1	0.0085	0	0	0	other
gene_2762	1277	12	0.0094	0	0	0	other
gene_2763	224	0	0.0	1	0	0	secreted (pred.)
gene_2764	661	1	0.0015	0	0	0	other
gene_2765	479	8	0.0167	0	0	0	other
gene_2766	457	9	0.0197	1	0	0	secreted (pred.)
gene_2767	195	2	0.0103	0	0	0	other
gene_2768	489	2	0.0041	0	0	0	other
gene_2769	515	4	0.0078	1	0	0	secreted (pred.)
gene_277	203	2	0.0099	1	0	0	secreted (pred.)
gene_2770	217	1	0.0046	0	0	0	other
gene_2771	336	2	0.006	0	0	0	other
gene_2772	472	6	0.0127	0	0	0	other
gene_2773	361	0	0.0	0	0	0	other
gene_2774	115	8	0.0696	1	1	0	secreted (pred.)
gene_2775	189	0	0.0	0	0	0	other
gene_2776	582	7	0.012	0	0	0	other
gene_2777	387	8	0.0207	1	0	0	secreted (pred.)
gene_2778	811	1	0.0012	0	0	0	other
gene_2779	255	7	0.0275	0	0	0	other
gene_278	519	3	0.0058	0	0	0	other
gene_2780	316	2	0.0063	0	0	0	other
gene_2781	106	0	0.0	1	0	0	secreted (pred.)
gene_2782	579	12	0.0207	0	0	0	other
gene_2783	584	7	0.012	0	0	0	other
gene_2784	350	3	0.0086	0	0	0	other
gene_2785	183	0	0.0	0	0	0	other
gene_2786	550	2	0.0036	0	0	0	other
gene_2787	690	4	0.0058	0	0	0	other
gene_2788	371	6	0.0162	1	0	0	secreted (pred.)
gene_2789	452	4	0.0088	0	0	0	other
gene_279	345	3	0.0087	0	0	0	other
gene_2790	152	1	0.0066	0	0	0	other
gene_2791	577	9	0.0156	1	0	0	secreted (pred.)
gene_2792	509	6	0.0118	1	0	0	secreted (pred.)
gene_2793	224	6	0.0268	1	1	0	secreted (pred.)
gene_2794	1416	33	0.0233	1	0	0	secreted (pred.)
gene_2795	234	4	0.0171	0	0	0	other
gene_2796	486	8	0.0165	0	0	0	other
gene_2797	261	1	0.0038	0	0	0	other
gene_2798	429	4	0.0093	0	0	0	other
gene_28	587	1	0.0017	1	0	0	secreted (pred.)
gene_280	446	9	0.0202	0	0	0	other
gene_2800	293	9	0.0307	1	1	0	secreted (pred.)
gene_2801	288	3	0.0104	1	0	0	secreted (pred.)
gene_2802	669	8	0.012	0	0	0	other
gene_2803	112	0	0.0	1	0	0	secreted (pred.)
gene_2804	265	3	0.0113	0	0	0	other
gene_2805	245	6	0.0245	0	0	0	other
gene_2806	277	4	0.0144	0	0	0	other
gene_2807	630	7	0.0111	0	0	0	other
gene_2808	319	4	0.0125	0	0	0	other
gene_2809	1201	51	0.0425	1	0	0	secreted (pred.)
gene_2810	512	2	0.0039	0	0	0	other
gene_2811	212	3	0.0142	0	0	0	other
gene_2812	697	8	0.0115	0	0	0	other
gene_2813	491	7	0.0143	0	0	0	other
gene_2814	407	13	0.0319	0	0	0	other
gene_2815	500	2	0.004	0	0	0	other
gene_2816	501	9	0.018	1	0	0	secreted (pred.)
gene_2817	1302	9	0.0069	0	0	0	other
gene_2818	187	2	0.0107	1	0	0	secreted (pred.)
gene_282	284	1	0.0035	0	0	0	other
gene_2820	341	4	0.0117	1	0	0	secreted (pred.)
gene_2821	534	4	0.0075	0	0	0	other
gene_2823	354	7	0.0198	0	0	0	other
gene_2824	409	2	0.0049	1	0	0	secreted (pred.)
gene_2825	474	9	0.019	0	0	0	other
gene_2826	264	4	0.0152	1	0	0	secreted (pred.)
gene_2827	611	4	0.0065	0	0	0	other
gene_2828	296	1	0.0034	1	0	0	secreted (pred.)
gene_2829	713	3	0.0042	0	0	0	other
gene_2830	499	4	0.008	0	0	0	other
gene_2831	487	4	0.0082	1	0	0	secreted (pred.)
gene_2832	141	6	0.0426	1	1	0	secreted (pred.)
gene_2833	522	4	0.0077	1	0	0	secreted (pred.)
gene_2834	376	7	0.0186	1	0	0	secreted (pred.)
gene_2835	1296	32	0.0247	0	0	0	other
gene_2836	124	1	0.0081	1	0	0	secreted (pred.)
gene_2837	777	12	0.0154	0	0	0	other
gene_2838	196	0	0.0	0	0	0	other
gene_2839	341	7	0.0205	0	0	0	other
gene_284	533	8	0.015	0	0	0	other
gene_2840	546	10	0.0183	1	0	0	secreted (pred.)
gene_2841	354	5	0.0141	1	0	0	secreted (pred.)
gene_2842	787	16	0.0203	0	0	0	other
gene_2843	75	8	0.1067	0	0	0	other
gene_2844	304	1	0.0033	0	0	0	other
gene_2845	825	11	0.0133	1	0	0	secreted (pred.)
gene_2846	371	4	0.0108	0	0	0	other
gene_2847	1148	8	0.007	0	0	0	other
gene_2848	158	6	0.038	1	1	0	secreted (pred.)
gene_2849	398	9	0.0226	0	0	0	other
gene_285	576	2	0.0035	0	0	0	other
gene_2850	518	5	0.0097	1	0	0	secreted (pred.)
gene_2851	409	6	0.0147	0	0	0	other
gene_2852	288	2	0.0069	0	0	0	other
gene_2853	945	20	0.0212	0	0	0	other
gene_2854	667	11	0.0165	0	0	0	other
gene_2855	194	3	0.0155	1	0	0	secreted (pred.)
gene_2856	1122	10	0.0089	0	0	0	other
gene_2857	256	2	0.0078	0	0	0	other
gene_2858	429	6	0.014	1	0	0	secreted (pred.)
gene_2859	428	4	0.0093	1	0	0	secreted (pred.)
gene_286	181	1	0.0055	0	0	0	other
gene_2860	440	1	0.0023	0	0	0	other
gene_2861	436	5	0.0115	0	0	0	other
gene_2862	932	11	0.0118	0	0	0	other
gene_2863	273	4	0.0147	0	0	0	other
gene_2864	576	5	0.0087	0	0	0	other
gene_2865	638	3	0.0047	0	0	0	other
gene_2866	467	11	0.0236	0	0	0	other
gene_2867	252	5	0.0198	0	0	0	other
gene_2869	604	11	0.0182	1	0	0	secreted (pred.)
gene_287	177	9	0.0508	1	1	0	secreted (pred.)
gene_2870	1426	8	0.0056	1	0	0	secreted (pred.)
gene_2871	373	9	0.0241	1	0	0	secreted (pred.)
gene_2872	370	2	0.0054	0	0	0	other
gene_2873	307	0	0.0	0	0	0	other
gene_2874	333	1	0.003	0	0	0	other
gene_2875	230	1	0.0043	0	0	0	other
gene_2876	97	8	0.0825	1	1	0	secreted (pred.)
gene_2877	258	4	0.0155	1	0	0	secreted (pred.)
gene_2878	434	7	0.0161	0	0	0	other
gene_2879	493	3	0.0061	0	0	0	other
gene_288	353	9	0.0255	1	0	0	secreted (pred.)
gene_2880	214	7	0.0327	1	1	0	secreted (pred.)
gene_2881	417	0	0.0	0	0	0	other
gene_2882	970	3	0.0031	1	0	0	secreted (pred.)
gene_2883	900	5	0.0056	0	0	0	other
gene_2884	545	10	0.0183	0	0	0	other
gene_2885	1531	15	0.0098	0	0	0	other
gene_2886	481	19	0.0395	0	0	0	other
gene_2887	140	2	0.0143	0	0	0	other
gene_2888	747	24	0.0321	1	0	0	secreted (pred.)
gene_2889	906	12	0.0132	1	0	0	secreted (pred.)
gene_289	379	6	0.0158	1	0	0	secreted (pred.)
gene_2890	251	4	0.0159	1	1	0	secreted (pred.)
gene_2891	752	10	0.0133	0	0	0	other
gene_2892	404	2	0.005	1	0	0	secreted (pred.)
gene_2894	855	6	0.007	0	0	0	other
gene_2895	428	4	0.0093	0	0	0	other
gene_2896	155	0	0.0	1	0	0	secreted (pred.)
gene_2897	551	5	0.0091	0	0	0	other
gene_2898	637	3	0.0047	0	0	0	other
gene_2899	505	0	0.0	0	0	0	other
gene_29	491	6	0.0122	0	0	0	other
gene_290	316	3	0.0095	1	0	0	secreted (pred.)
gene_2900	536	6	0.0112	1	0	0	secreted (pred.)
gene_2901	580	6	0.0103	1	0	0	secreted (pred.)
gene_2902	670	4	0.006	1	0	0	secreted (pred.)
gene_2903	537	6	0.0112	0	0	0	other
gene_2904	348	4	0.0115	0	0	0	other
gene_2905	64	0	0.0	1	0	0	secreted (pred.)
gene_2906	444	6	0.0135	0	0	0	other
gene_2907	514	6	0.0117	0	0	0	other
gene_2908	928	13	0.014	0	0	0	other
gene_2909	306	8	0.0261	0	0	0	other
gene_291	297	5	0.0168	0	0	0	other
gene_2910	131	2	0.0153	1	0	0	secreted (pred.)
gene_2911	87	6	0.069	1	1	0	secreted (pred.)
gene_2912	319	8	0.0251	0	0	0	other
gene_2913	694	19	0.0274	0	0	0	other
gene_2914	2396	25	0.0104	1	0	0	secreted (pred.)
gene_2915	329	8	0.0243	0	0	0	other
gene_2916	276	3	0.0109	0	0	0	other
gene_2918	973	13	0.0134	0	0	0	other
gene_2919	61	0	0.0	0	0	0	other
gene_292	188	2	0.0106	0	0	0	other
gene_2920	140	4	0.0286	1	1	0	secreted (pred.)
gene_2921	309	11	0.0356	0	0	0	other
gene_2922	479	1	0.0021	0	0	0	other
gene_2923	330	8	0.0242	0	0	0	other
gene_2924	458	2	0.0044	0	0	0	other
gene_2925	222	2	0.009	0	0	0	other
gene_2926	96	0	0.0	0	0	0	other
gene_2927	846	5	0.0059	0	0	0	other
gene_2928	230	3	0.013	0	0	0	other
gene_2929	127	2	0.0157	1	0	0	secreted (pred.)
gene_293	589	4	0.0068	0	0	0	other
gene_2930	624	8	0.0128	1	0	0	secreted (pred.)
gene_2931	572	5	0.0087	1	0	0	secreted (pred.)
gene_2933	278	2	0.0072	0	0	0	other
gene_2934	352	3	0.0085	0	0	0	other
gene_2935	201	0	0.0	0	0	0	other
gene_2936	317	6	0.0189	0	0	0	other
gene_2937	454	6	0.0132	1	0	0	secreted (pred.)
gene_2938	436	7	0.0161	0	0	0	other
gene_2939	623	3	0.0048	1	0	0	secreted (pred.)
gene_294	103	0	0.0	0	0	0	other
gene_2940	508	4	0.0079	0	0	0	other
gene_2941	804	13	0.0162	0	0	0	other
gene_2942	269	9	0.0335	0	0	0	other
gene_2943	185	1	0.0054	0	0	0	other
gene_2944	212	3	0.0142	1	0	0	secreted (pred.)
gene_2945	1186	20	0.0169	0	0	0	other
gene_2946	80	3	0.0375	0	0	0	other
gene_2947	503	5	0.0099	1	0	0	secreted (pred.)
gene_2948	781	4	0.0051	0	0	0	other
gene_295	127	0	0.0	0	0	0	other
gene_2950	561	5	0.0089	0	0	0	other
gene_2951	355	8	0.0225	0	0	0	other
gene_2952	578	7	0.0121	1	0	0	secreted (pred.)
gene_2953	325	4	0.0123	0	0	0	other
gene_2954	251	3	0.012	0	0	0	other
gene_2956	320	0	0.0	1	0	0	secreted (pred.)
gene_2957	842	15	0.0178	0	0	0	other
gene_2958	393	4	0.0102	0	0	0	other
gene_2959	455	10	0.022	0	0	0	other
gene_296	201	3	0.0149	0	0	0	other
gene_2960	1550	17	0.011	1	0	0	secreted (pred.)
gene_2961	168	1	0.006	0	0	0	other
gene_2962	208	1	0.0048	0	0	0	other
gene_2963	288	5	0.0174	0	0	0	other
gene_2964	477	2	0.0042	0	0	0	other
gene_2965	199	2	0.0101	0	0	0	other
gene_2966	488	8	0.0164	1	0	0	secreted (pred.)
gene_2967	143	3	0.021	0	0	0	other
gene_2968	418	7	0.0167	0	0	0	other
gene_2969	196	1	0.0051	0	0	0	other
gene_297	252	0	0.0	1	0	0	secreted (pred.)
gene_2970	1189	3	0.0025	1	0	0	secreted (pred.)
gene_2971	558	9	0.0161	1	0	0	secreted (pred.)
gene_2972	654	9	0.0138	0	0	0	other
gene_2973	595	10	0.0168	1	0	0	secreted (pred.)
gene_2974	253	5	0.0198	0	0	0	other
gene_2975	994	1	0.001	0	0	0	other
gene_2976	163	5	0.0307	1	1	0	secreted (pred.)
gene_2977	535	3	0.0056	0	0	0	other
gene_2978	133	5	0.0376	0	0	0	other
gene_2979	438	6	0.0137	1	0	0	secreted (pred.)
gene_298	590	5	0.0085	0	0	0	other
gene_2980	191	2	0.0105	0	0	0	other
gene_2981	321	1	0.0031	0	0	0	other
gene_2982	342	8	0.0234	0	0	0	other
gene_2983	397	5	0.0126	1	0	0	secreted (pred.)
gene_2984	400	3	0.0075	0	0	0	other
gene_2985	225	1	0.0044	0	0	0	other
gene_2986	368	4	0.0109	1	0	0	secreted (pred.)
gene_2987	505	1	0.002	0	0	0	other
gene_2988	439	3	0.0068	0	0	0	other
gene_2989	251	4	0.0159	1	1	0	secreted (pred.)
gene_299	146	4	0.0274	1	1	0	secreted (pred.)
gene_2990	375	3	0.008	0	0	0	other
gene_2991	154	4	0.026	0	0	0	other
gene_2992	427	8	0.0187	1	0	0	secreted (pred.)
gene_2993	359	1	0.0028	0	0	0	other
gene_2994	188	0	0.0	0	0	0	other
gene_2995	936	4	0.0043	0	0	0	other
gene_2996	728	13	0.0179	0	0	0	other
gene_2997	235	3	0.0128	0	0	0	other
gene_2998	417	0	0.0	0	0	0	other
gene_2999	2409	32	0.0133	1	0	0	secreted (pred.)
gene_3	114	0	0.0	0	0	0	other
gene_30	77	0	0.0	0	0	0	other
gene_300	944	24	0.0254	0	0	0	other
gene_3000	1052	7	0.0067	0	0	0	other
gene_3001	275	1	0.0036	0	0	0	other
gene_3002	1359	9	0.0066	0	0	0	other
gene_3003	608	3	0.0049	0	0	0	other
gene_3004	942	4	0.0042	0	0	0	other
gene_3005	588	2	0.0034	0	0	0	other
gene_3006	99	2	0.0202	1	1	0	secreted (pred.)
gene_3007	863	0	0.0	0	0	0	other
gene_3008	255	6	0.0235	0	0	0	other
gene_3009	291	7	0.0241	0	0	0	other
gene_301	659	9	0.0137	0	0	0	other
gene_3010	452	10	0.0221	1	0	0	secreted (pred.)
gene_3011	194	1	0.0052	0	0	0	other
gene_3012	124	11	0.0887	1	1	1	secreted (pred.)
gene_3013	370	1	0.0027	0	0	0	other
gene_3014	246	4	0.0163	0	0	0	other
gene_3015	475	4	0.0084	0	0	0	other
gene_3016	162	4	0.0247	0	0	0	other
gene_3017	259	8	0.0309	0	0	0	other
gene_3018	85	2	0.0235	0	0	0	other
gene_3019	1171	10	0.0085	0	0	0	other
gene_302	231	2	0.0087	0	0	0	other
gene_3020	514	13	0.0253	0	0	0	other
gene_3021	343	6	0.0175	0	0	0	other
gene_3023	852	16	0.0188	0	0	0	other
gene_3024	311	4	0.0129	0	0	0	other
gene_3025	1131	4	0.0035	0	0	0	other
gene_3026	630	8	0.0127	0	0	0	other
gene_3027	424	5	0.0118	0	0	0	other
gene_3028	359	5	0.0139	0	0	0	other
gene_3029	67	6	0.0896	1	1	0	secreted (pred.)
gene_303	325	4	0.0123	0	0	0	other
gene_3030	184	2	0.0109	0	0	0	other
gene_3031	507	9	0.0178	0	0	0	other
gene_3032	486	6	0.0123	0	0	0	other
gene_3033	194	10	0.0515	1	1	1	secreted (pred.)
gene_3034	915	11	0.012	1	0	0	secreted (pred.)
gene_3035	100	3	0.03	0	0	0	other
gene_3036	434	4	0.0092	1	0	0	secreted (pred.)
gene_3037	230	2	0.0087	0	0	0	other
gene_3038	674	22	0.0326	0	0	0	other
gene_3039	935	11	0.0118	0	0	0	other
gene_304	1893	22	0.0116	0	0	0	other
gene_3040	340	4	0.0118	0	0	0	other
gene_3041	498	3	0.006	0	0	0	other
gene_3042	381	1	0.0026	0	0	0	other
gene_3044	472	5	0.0106	0	0	0	other
gene_3045	350	2	0.0057	1	0	0	secreted (pred.)
gene_3046	270	4	0.0148	0	0	0	other
gene_3047	126	2	0.0159	0	0	0	other
gene_3048	2465	43	0.0174	0	0	0	other
gene_3049	958	10	0.0104	1	0	0	secreted (pred.)
gene_305	209	4	0.0191	1	1	0	secreted (pred.)
gene_3050	984	13	0.0132	1	0	0	secreted (pred.)
gene_3051	164	1	0.0061	0	0	0	other
gene_3052	675	11	0.0163	0	0	0	other
gene_3053	242	11	0.0455	0	0	0	other
gene_3054	922	6	0.0065	1	0	0	secreted (pred.)
gene_3055	119	4	0.0336	0	0	0	other
gene_3056	269	1	0.0037	0	0	0	other
gene_3057	942	6	0.0064	0	0	0	other
gene_3058	592	5	0.0084	0	0	0	other
gene_3059	186	0	0.0	0	0	0	other
gene_306	551	11	0.02	0	0	0	other
gene_3060	985	21	0.0213	0	0	0	other
gene_3061	1533	13	0.0085	0	0	0	other
gene_3062	464	3	0.0065	0	0	0	other
gene_3063	830	4	0.0048	1	0	0	secreted (pred.)
gene_3064	83	0	0.0	0	0	0	other
gene_3065	506	10	0.0198	0	0	0	other
gene_3066	920	20	0.0217	0	0	0	other
gene_3067	556	9	0.0162	0	0	0	other
gene_3068	363	5	0.0138	1	0	0	secreted (pred.)
gene_3069	537	6	0.0112	1	0	0	secreted (pred.)
gene_307	695	8	0.0115	0	0	0	other
gene_3070	335	5	0.0149	0	0	0	other
gene_3071	426	10	0.0235	1	0	0	secreted (pred.)
gene_3072	909	11	0.0121	0	0	0	other
gene_3073	249	3	0.012	1	0	0	secreted (pred.)
gene_3074	286	3	0.0105	0	0	0	other
gene_3075	1105	9	0.0081	0	0	0	other
gene_3076	292	1	0.0034	0	0	0	other
gene_3077	788	9	0.0114	0	0	0	other
gene_3078	1613	28	0.0174	0	0	0	other
gene_3079	1625	15	0.0092	0	0	0	other
gene_308	237	6	0.0253	0	0	0	other
gene_3080	356	8	0.0225	0	0	0	other
gene_3081	222	14	0.0631	1	1	0	secreted (pred.)
gene_3082	230	4	0.0174	0	0	0	other
gene_3084	172	5	0.0291	1	1	0	secreted (pred.)
gene_3085	817	6	0.0073	1	0	0	secreted (pred.)
gene_3086	336	7	0.0208	0	0	0	other
gene_3087	504	1	0.002	0	0	0	other
gene_3088	399	7	0.0175	1	0	0	secreted (pred.)
gene_3089	264	4	0.0152	0	0	0	other
gene_309	502	6	0.012	0	0	0	other
gene_3090	308	5	0.0162	0	0	0	other
gene_3091	248	2	0.0081	0	0	0	other
gene_3092	1609	14	0.0087	1	0	0	secreted (pred.)
gene_3093	844	13	0.0154	0	0	0	other
gene_3094	1063	24	0.0226	0	0	0	other
gene_3095	229	8	0.0349	1	1	0	secreted (pred.)
gene_3096	382	8	0.0209	1	0	0	secreted (pred.)
gene_3097	218	2	0.0092	0	0	0	other
gene_3098	934	8	0.0086	0	0	0	other
gene_3099	411	14	0.0341	0	0	0	other
gene_31	787	4	0.0051	0	0	0	other
gene_310	270	5	0.0185	0	0	0	other
gene_3100	566	4	0.0071	0	0	0	other
gene_3101	382	1	0.0026	0	0	0	other
gene_3102	382	7	0.0183	0	0	0	other
gene_3103	1184	11	0.0093	0	0	0	other
gene_3104	1698	14	0.0082	1	0	0	secreted (pred.)
gene_3105	718	20	0.0279	0	0	0	other
gene_3106	446	5	0.0112	1	0	0	secreted (pred.)
gene_3107	319	4	0.0125	0	0	0	other
gene_3108	253	1	0.004	0	0	0	other
gene_3109	474	11	0.0232	1	0	0	secreted (pred.)
gene_311	236	4	0.0169	0	0	0	other
gene_3110	370	3	0.0081	0	0	0	other
gene_3111	1465	6	0.0041	0	0	0	other
gene_3112	170	4	0.0235	0	0	0	other
gene_3113	357	10	0.028	0	0	0	other
gene_3114	450	5	0.0111	0	0	0	other
gene_3115	639	14	0.0219	1	0	0	secreted (pred.)
gene_3117	516	10	0.0194	1	0	0	secreted (pred.)
gene_3118	100	6	0.06	1	1	0	secreted (pred.)
gene_3119	350	1	0.0029	0	0	0	other
gene_312	454	8	0.0176	0	0	0	other
gene_3120	379	6	0.0158	1	0	0	secreted (pred.)
gene_3121	617	6	0.0097	0	0	0	other
gene_3122	502	10	0.0199	0	0	0	other
gene_3123	583	2	0.0034	0	0	0	other
gene_3124	245	5	0.0204	1	1	0	secreted (pred.)
gene_3125	772	1	0.0013	0	0	0	other
gene_3126	103	2	0.0194	0	0	0	other
gene_3127	199	6	0.0302	1	1	0	secreted (pred.)
gene_3128	447	5	0.0112	0	0	0	other
gene_3129	583	4	0.0069	0	0	0	other
gene_313	1855	15	0.0081	1	0	0	secreted (pred.)
gene_3130	448	10	0.0223	1	0	0	secreted (pred.)
gene_3131	550	14	0.0255	1	0	0	secreted (pred.)
gene_3132	318	12	0.0377	0	0	0	other
gene_3133	542	4	0.0074	1	0	0	secreted (pred.)
gene_3134	132	4	0.0303	1	1	0	secreted (pred.)
gene_3135	511	1	0.002	0	0	0	other
gene_3136	258	9	0.0349	0	0	0	other
gene_3137	364	6	0.0165	0	0	0	other
gene_3138	494	6	0.0121	0	0	0	other
gene_3139	424	3	0.0071	1	0	0	secreted (pred.)
gene_314	292	4	0.0137	0	0	0	other
gene_3140	784	48	0.0612	1	0	0	secreted (pred.)
gene_3141	142	1	0.007	0	0	0	other
gene_3142	384	0	0.0	1	0	0	secreted (pred.)
gene_3143	232	3	0.0129	0	0	0	other
gene_3144	545	12	0.022	1	0	0	secreted (pred.)
gene_3145	256	1	0.0039	0	0	0	other
gene_3146	353	13	0.0368	1	0	0	secreted (pred.)
gene_3147	786	19	0.0242	0	0	0	other
gene_3148	348	8	0.023	0	0	0	other
gene_3149	1039	11	0.0106	0	0	0	other
gene_315	459	12	0.0261	1	0	0	secreted (pred.)
gene_3150	475	5	0.0105	0	0	0	other
gene_3152	1017	11	0.0108	0	0	0	other
gene_3153	424	3	0.0071	0	0	0	other
gene_3154	321	2	0.0062	0	0	0	other
gene_3155	646	10	0.0155	0	0	0	other
gene_3156	387	5	0.0129	0	0	0	other
gene_3157	934	0	0.0	1	0	0	secreted (pred.)
gene_3158	272	5	0.0184	0	0	0	other
gene_3159	525	3	0.0057	0	0	0	other
gene_316	583	8	0.0137	1	0	0	secreted (pred.)
gene_3160	560	0	0.0	0	0	0	other
gene_3161	1113	16	0.0144	0	0	0	other
gene_3162	325	1	0.0031	0	0	0	other
gene_3163	537	6	0.0112	1	0	0	secreted (pred.)
gene_3164	796	4	0.005	1	0	0	secreted (pred.)
gene_3165	654	9	0.0138	0	0	0	other
gene_3166	428	11	0.0257	0	0	0	other
gene_3167	848	9	0.0106	0	0	0	other
gene_3168	552	5	0.0091	0	0	0	other
gene_3169	524	10	0.0191	0	0	0	other
gene_317	518	3	0.0058	1	0	0	secreted (pred.)
gene_3170	162	0	0.0	0	0	0	other
gene_3171	433	5	0.0115	1	0	0	secreted (pred.)
gene_3172	749	6	0.008	0	0	0	other
gene_3173	119	0	0.0	0	0	0	other
gene_3174	112	2	0.0179	0	0	0	other
gene_3175	322	2	0.0062	0	0	0	other
gene_3177	264	2	0.0076	0	0	0	other
gene_3178	703	8	0.0114	0	0	0	other
gene_3179	561	11	0.0196	0	0	0	other
gene_318	576	8	0.0139	0	0	0	other
gene_3180	650	12	0.0185	0	0	0	other
gene_3181	581	5	0.0086	0	0	0	other
gene_3183	656	9	0.0137	0	0	0	other
gene_3184	776	7	0.009	0	0	0	other
gene_3185	219	1	0.0046	1	0	0	secreted (pred.)
gene_3186	357	1	0.0028	0	0	0	other
gene_3187	128	0	0.0	0	0	0	other
gene_3188	1575	40	0.0254	1	0	0	secreted (pred.)
gene_3189	267	0	0.0	1	0	0	secreted (pred.)
gene_319	526	4	0.0076	0	0	0	other
gene_3190	374	6	0.016	0	0	0	other
gene_3191	225	0	0.0	0	0	0	other
gene_3192	84	1	0.0119	0	0	0	other
gene_3193	751	0	0.0	0	0	0	other
gene_3194	209	8	0.0383	1	1	0	secreted (pred.)
gene_3195	839	2	0.0024	1	0	0	secreted (pred.)
gene_3196	233	5	0.0215	0	0	0	other
gene_3197	461	4	0.0087	0	0	0	other
gene_3198	335	2	0.006	0	0	0	other
gene_3199	355	5	0.0141	0	0	0	other
gene_32	537	6	0.0112	0	0	0	other
gene_320	365	4	0.011	1	0	0	secreted (pred.)
gene_3200	218	7	0.0321	1	1	0	secreted (pred.)
gene_3201	451	11	0.0244	0	0	0	other
gene_3202	372	5	0.0134	0	0	0	other
gene_3203	521	9	0.0173	0	0	0	other
gene_3204	308	8	0.026	0	0	0	other
gene_3205	613	5	0.0082	0	0	0	other
gene_3206	438	10	0.0228	0	0	0	other
gene_3207	390	6	0.0154	1	0	0	secreted (pred.)
gene_3208	598	6	0.01	0	0	0	other
gene_3209	387	5	0.0129	1	0	0	secreted (pred.)
gene_321	662	8	0.0121	0	0	0	other
gene_3210	497	6	0.0121	0	0	0	other
gene_3211	1683	26	0.0154	0	0	0	other
gene_3212	1467	12	0.0082	0	0	0	other
gene_3213	2180	13	0.006	0	0	0	other
gene_3214	1078	9	0.0083	0	0	0	other
gene_3215	577	12	0.0208	0	0	0	other
gene_3216	215	4	0.0186	0	0	0	other
gene_3218	380	7	0.0184	0	0	0	other
gene_3219	215	2	0.0093	0	0	0	other
gene_322	289	5	0.0173	0	0	0	other
gene_3220	293	8	0.0273	1	1	0	secreted (pred.)
gene_3221	139	5	0.036	0	0	0	other
gene_3222	742	3	0.004	0	0	0	other
gene_3223	343	7	0.0204	1	0	0	secreted (pred.)
gene_3224	302	7	0.0232	0	0	0	other
gene_3225	292	5	0.0171	0	0	0	other
gene_3226	465	12	0.0258	0	0	0	other
gene_3227	486	8	0.0165	0	0	0	other
gene_3228	553	4	0.0072	1	0	0	secreted (pred.)
gene_3229	75	0	0.0	0	0	0	other
gene_323	679	4	0.0059	1	0	0	secreted (pred.)
gene_3230	983	8	0.0081	0	0	0	other
gene_3231	637	12	0.0188	1	0	0	secreted (pred.)
gene_3232	176	0	0.0	0	0	0	other
gene_3233	208	2	0.0096	0	0	0	other
gene_3234	615	1	0.0016	0	0	0	other
gene_3235	296	3	0.0101	0	0	0	other
gene_3236	448	9	0.0201	1	0	0	secreted (pred.)
gene_3237	1422	20	0.0141	1	0	0	secreted (pred.)
gene_3238	106	8	0.0755	1	1	0	secreted (pred.)
gene_3239	256	2	0.0078	0	0	0	other
gene_324	668	12	0.018	0	0	0	other
gene_3240	1221	20	0.0164	0	0	0	other
gene_3241	450	17	0.0378	0	0	0	other
gene_3242	438	0	0.0	0	0	0	other
gene_3243	332	6	0.0181	0	0	0	other
gene_3244	549	1	0.0018	0	0	0	other
gene_3245	673	1	0.0015	0	0	0	other
gene_3246	439	4	0.0091	1	0	0	secreted (pred.)
gene_3247	906	16	0.0177	0	0	0	other
gene_3248	403	2	0.005	0	0	0	other
gene_3249	259	2	0.0077	1	0	0	secreted (pred.)
gene_325	478	4	0.0084	0	0	0	other
gene_3250	412	7	0.017	0	0	0	other
gene_3251	558	3	0.0054	0	0	0	other
gene_3252	549	5	0.0091	0	0	0	other
gene_3253	545	7	0.0128	0	0	0	other
gene_3254	175	3	0.0171	0	0	0	other
gene_3255	564	4	0.0071	0	0	0	other
gene_3256	779	0	0.0	1	0	0	secreted (pred.)
gene_3257	383	4	0.0104	0	0	0	other
gene_3258	230	0	0.0	1	0	0	secreted (pred.)
gene_3259	1037	19	0.0183	0	0	0	other
gene_326	482	11	0.0228	0	0	0	other
gene_3260	731	17	0.0233	1	0	0	secreted (pred.)
gene_3261	561	5	0.0089	1	0	0	secreted (pred.)
gene_3262	944	5	0.0053	0	0	0	other
gene_3263	549	11	0.02	0	0	0	other
gene_3264	217	2	0.0092	0	0	0	other
gene_3266	2585	44	0.017	0	0	0	other
gene_3267	830	7	0.0084	1	0	0	secreted (pred.)
gene_3268	555	0	0.0	0	0	0	other
gene_3269	390	2	0.0051	0	0	0	other
gene_327	254	0	0.0	0	0	0	other
gene_3270	410	3	0.0073	0	0	0	other
gene_3271	117	1	0.0085	0	0	0	other
gene_3272	238	1	0.0042	0	0	0	other
gene_3273	635	17	0.0268	0	0	0	other
gene_3274	644	3	0.0047	0	0	0	other
gene_3275	376	2	0.0053	0	0	0	other
gene_3276	269	9	0.0335	0	0	0	other
gene_3277	216	1	0.0046	0	0	0	other
gene_3278	266	1	0.0038	0	0	0	other
gene_3279	128	5	0.0391	0	0	0	other
gene_328	201	0	0.0	0	0	0	other
gene_3280	1028	3	0.0029	0	0	0	other
gene_3281	387	1	0.0026	0	0	0	other
gene_3282	376	0	0.0	1	0	0	secreted (pred.)
gene_3283	105	0	0.0	0	0	0	other
gene_3284	646	3	0.0046	0	0	0	other
gene_3286	499	15	0.0301	0	0	0	other
gene_3287	85	1	0.0118	0	0	0	other
gene_3288	344	4	0.0116	0	0	0	other
gene_3289	298	5	0.0168	0	0	0	other
gene_329	548	2	0.0036	0	0	0	other
gene_3290	409	8	0.0196	0	0	0	other
gene_3291	72	1	0.0139	0	0	0	other
gene_3292	931	11	0.0118	0	0	0	other
gene_3293	551	11	0.02	1	0	0	secreted (pred.)
gene_3295	210	1	0.0048	0	0	0	other
gene_3296	653	1	0.0015	0	0	0	other
gene_3297	325	4	0.0123	0	0	0	other
gene_3298	535	14	0.0262	1	0	0	secreted (pred.)
gene_3299	141	1	0.0071	1	0	0	secreted (pred.)
gene_33	287	14	0.0488	1	1	0	secreted (pred.)
gene_330	224	2	0.0089	0	0	0	other
gene_3300	500	6	0.012	1	0	0	secreted (pred.)
gene_3301	337	18	0.0534	0	0	0	other
gene_3303	464	4	0.0086	1	0	0	secreted (pred.)
gene_3304	1179	17	0.0144	0	0	0	other
gene_3305	105	1	0.0095	0	0	0	other
gene_3306	495	5	0.0101	0	0	0	other
gene_3307	379	8	0.0211	0	0	0	other
gene_3308	188	3	0.016	0	0	0	other
gene_3309	295	4	0.0136	1	0	0	secreted (pred.)
gene_331	534	9	0.0169	0	0	0	other
gene_3310	235	6	0.0255	0	0	0	other
gene_3311	515	4	0.0078	0	0	0	other
gene_3312	140	4	0.0286	1	1	0	secreted (pred.)
gene_3313	380	2	0.0053	0	0	0	other
gene_3315	131	0	0.0	0	0	0	other
gene_3316	376	4	0.0106	0	0	0	other
gene_3317	667	19	0.0285	0	0	0	other
gene_3318	160	12	0.075	1	1	0	secreted (pred.)
gene_3319	865	10	0.0116	0	0	0	other
gene_3320	397	3	0.0076	0	0	0	other
gene_3321	1503	6	0.004	0	0	0	other
gene_3322	732	12	0.0164	0	0	0	other
gene_3323	2119	36	0.017	0	0	0	other
gene_3324	889	8	0.009	0	0	0	other
gene_3325	210	2	0.0095	1	0	0	secreted (pred.)
gene_3326	177	1	0.0056	0	0	0	other
gene_3327	912	3	0.0033	0	0	0	other
gene_3328	465	0	0.0	1	0	0	secreted (pred.)
gene_3329	517	9	0.0174	1	0	0	secreted (pred.)
gene_333	691	2	0.0029	0	0	0	other
gene_3331	202	1	0.005	1	0	0	secreted (pred.)
gene_3332	595	0	0.0	0	0	0	other
gene_3333	451	0	0.0	0	0	0	other
gene_3334	201	2	0.01	0	0	0	other
gene_3335	354	1	0.0028	0	0	0	other
gene_3336	636	11	0.0173	0	0	0	other
gene_3337	556	8	0.0144	0	0	0	other
gene_3338	179	2	0.0112	0	0	0	other
gene_3339	238	4	0.0168	0	0	0	other
gene_334	323	6	0.0186	0	0	0	other
gene_3340	218	2	0.0092	0	0	0	other
gene_3341	392	3	0.0077	0	0	0	other
gene_3342	508	0	0.0	0	0	0	other
gene_3343	788	13	0.0165	1	0	0	secreted (pred.)
gene_3344	189	4	0.0212	0	1	1	secreted (pred.)
gene_3345	640	11	0.0172	1	0	0	secreted (pred.)
gene_3346	409	6	0.0147	0	0	0	other
gene_3347	231	8	0.0346	0	0	0	other
gene_3348	476	9	0.0189	1	0	0	secreted (pred.)
gene_3349	576	12	0.0208	0	0	0	other
gene_335	1492	12	0.008	0	0	0	other
gene_3350	189	4	0.0212	0	0	0	other
gene_3351	108	7	0.0648	1	1	0	secreted (pred.)
gene_3352	658	4	0.0061	0	0	0	other
gene_3353	956	11	0.0115	0	0	0	other
gene_3354	1112	11	0.0099	0	0	0	other
gene_3355	302	3	0.0099	0	0	0	other
gene_3356	635	11	0.0173	1	0	0	secreted (pred.)
gene_3357	1442	21	0.0146	0	0	0	other
gene_3358	544	3	0.0055	0	0	0	other
gene_3359	502	6	0.012	1	0	0	secreted (pred.)
gene_336	239	7	0.0293	0	0	0	other
gene_3360	223	6	0.0269	1	1	0	secreted (pred.)
gene_3361	572	5	0.0087	1	0	0	secreted (pred.)
gene_3363	636	5	0.0079	1	0	0	secreted (pred.)
gene_3365	354	1	0.0028	0	0	0	other
gene_3366	557	12	0.0215	1	0	0	secreted (pred.)
gene_3367	694	13	0.0187	0	0	0	other
gene_3368	441	4	0.0091	1	0	0	secreted (pred.)
gene_3369	275	3	0.0109	1	0	0	secreted (pred.)
gene_337	614	6	0.0098	0	0	0	other
gene_3371	493	8	0.0162	0	0	0	other
gene_3372	273	6	0.022	0	0	0	other
gene_3373	756	13	0.0172	0	0	0	other
gene_3374	105	1	0.0095	0	0	0	other
gene_3375	847	11	0.013	0	0	0	other
gene_3376	194	4	0.0206	1	0	0	secreted (pred.)
gene_3377	66	2	0.0303	0	0	0	other
gene_3378	354	0	0.0	0	0	0	other
gene_3379	544	12	0.0221	1	0	0	secreted (pred.)
gene_338	754	3	0.004	0	0	0	other
gene_3380	412	1	0.0024	0	0	0	other
gene_3381	2658	43	0.0162	1	0	0	secreted (pred.)
gene_3382	465	6	0.0129	0	0	0	other
gene_3383	96	1	0.0104	0	0	0	other
gene_3384	690	17	0.0246	0	0	0	other
gene_3385	245	8	0.0327	0	0	0	other
gene_3386	700	5	0.0071	0	0	0	other
gene_3387	416	7	0.0168	0	0	0	other
gene_3388	106	2	0.0189	0	0	0	other
gene_3389	1109	7	0.0063	0	0	0	other
gene_339	766	4	0.0052	0	0	0	other
gene_3390	143	0	0.0	0	0	0	other
gene_3391	423	0	0.0	0	0	0	other
gene_3392	196	4	0.0204	0	0	0	other
gene_3393	169	2	0.0118	0	0	0	other
gene_3394	529	3	0.0057	0	0	0	other
gene_3395	324	12	0.037	0	0	0	other
gene_3396	997	25	0.0251	0	0	0	other
gene_3397	808	10	0.0124	0	0	0	other
gene_3399	944	3	0.0032	0	0	0	other
gene_34	181	7	0.0387	0	0	0	other
gene_340	274	5	0.0182	0	0	0	other
gene_3400	765	1	0.0013	0	0	0	other
gene_3401	282	1	0.0035	0	0	0	other
gene_3402	232	2	0.0086	1	0	0	secreted (pred.)
gene_3403	811	15	0.0185	0	0	0	other
gene_3404	715	1	0.0014	1	0	0	secreted (pred.)
gene_3405	898	4	0.0045	0	0	0	other
gene_3406	364	1	0.0027	0	0	0	other
gene_3407	181	1	0.0055	0	0	0	other
gene_3408	925	7	0.0076	0	0	0	other
gene_3409	435	1	0.0023	0	0	0	other
gene_341	466	8	0.0172	1	0	0	secreted (pred.)
gene_3410	704	2	0.0028	0	0	0	other
gene_3411	1085	6	0.0055	0	0	0	other
gene_3412	272	5	0.0184	0	0	0	other
gene_3413	191	7	0.0366	0	0	0	other
gene_3414	473	4	0.0085	0	0	0	other
gene_3415	306	3	0.0098	1	0	0	secreted (pred.)
gene_3416	117	0	0.0	0	0	0	other
gene_3417	380	6	0.0158	1	0	0	secreted (pred.)
gene_3418	180	11	0.0611	0	0	0	other
gene_3419	303	1	0.0033	0	0	0	other
gene_342	406	8	0.0197	0	0	0	other
gene_3420	775	15	0.0194	0	0	0	other
gene_3421	576	7	0.0122	0	0	0	other
gene_3422	378	2	0.0053	0	0	0	other
gene_3423	252	3	0.0119	0	0	0	other
gene_3424	491	8	0.0163	0	0	0	other
gene_3425	1540	38	0.0247	1	0	0	secreted (pred.)
gene_3426	781	5	0.0064	1	0	0	secreted (pred.)
gene_3427	313	0	0.0	0	0	0	other
gene_3429	339	8	0.0236	0	0	0	other
gene_343	259	1	0.0039	0	0	0	other
gene_3430	407	7	0.0172	1	0	0	secreted (pred.)
gene_3431	412	7	0.017	0	0	0	other
gene_3432	714	10	0.014	0	0	0	other
gene_3433	807	2	0.0025	0	0	0	other
gene_3434	536	3	0.0056	0	0	0	other
gene_3435	149	2	0.0134	1	0	0	secreted (pred.)
gene_3436	410	38	0.0927	1	0	0	secreted (pred.)
gene_3437	237	13	0.0549	0	0	0	other
gene_3438	374	8	0.0214	0	0	0	other
gene_3439	1310	8	0.0061	1	0	0	secreted (pred.)
gene_344	333	18	0.0541	0	0	0	other
gene_3440	425	10	0.0235	0	0	0	other
gene_3441	501	4	0.008	1	0	0	secreted (pred.)
gene_3442	1310	7	0.0053	0	0	0	other
gene_3443	556	5	0.009	0	0	0	other
gene_3444	54	1	0.0185	1	0	0	secreted (pred.)
gene_3445	407	4	0.0098	0	0	0	other
gene_3446	273	4	0.0147	0	0	0	other
gene_3447	646	7	0.0108	0	0	0	other
gene_3448	427	9	0.0211	0	0	0	other
gene_3449	842	9	0.0107	0	0	0	other
gene_345	272	1	0.0037	0	0	0	other
gene_3450	625	7	0.0112	1	0	0	secreted (pred.)
gene_3451	411	2	0.0049	0	0	0	other
gene_3452	489	5	0.0102	0	0	0	other
gene_3453	437	6	0.0137	0	0	0	other
gene_3454	125	4	0.032	0	0	0	other
gene_3455	593	2	0.0034	0	0	0	other
gene_3456	276	6	0.0217	1	1	0	secreted (pred.)
gene_3457	263	1	0.0038	0	0	0	other
gene_3458	200	4	0.02	1	0	0	secreted (pred.)
gene_3459	195	4	0.0205	1	1	0	secreted (pred.)
gene_346	350	5	0.0143	1	0	0	secreted (pred.)
gene_3460	407	1	0.0025	0	0	0	other
gene_3461	252	4	0.0159	0	0	0	other
gene_3462	1156	22	0.019	0	0	0	other
gene_3463	718	6	0.0084	0	0	0	other
gene_3464	336	4	0.0119	0	0	0	other
gene_3465	341	7	0.0205	0	0	0	other
gene_3466	473	6	0.0127	0	0	0	other
gene_3467	113	1	0.0088	0	0	0	other
gene_3468	253	3	0.0119	0	0	0	other
gene_3469	385	5	0.013	0	0	0	other
gene_347	895	12	0.0134	0	0	0	other
gene_3470	421	7	0.0166	0	0	0	other
gene_3471	508	12	0.0236	0	0	0	other
gene_3472	550	8	0.0145	0	0	0	other
gene_3473	514	7	0.0136	1	0	0	secreted (pred.)
gene_3474	981	28	0.0285	0	0	0	other
gene_3475	67	1	0.0149	1	0	0	secreted (pred.)
gene_3476	557	13	0.0233	1	0	0	secreted (pred.)
gene_3477	468	0	0.0	0	0	0	other
gene_3478	259	6	0.0232	0	0	0	other
gene_3479	355	6	0.0169	0	0	0	other
gene_3480	556	7	0.0126	0	0	0	other
gene_3481	64	0	0.0	1	0	0	secreted (pred.)
gene_3482	270	4	0.0148	0	0	0	other
gene_3483	368	0	0.0	0	0	0	other
gene_3484	353	3	0.0085	0	0	0	other
gene_3485	397	7	0.0176	0	0	0	other
gene_3486	195	5	0.0256	0	0	0	other
gene_3487	457	7	0.0153	0	0	0	other
gene_3488	730	5	0.0068	0	0	0	other
gene_349	257	3	0.0117	0	0	0	other
gene_3490	298	5	0.0168	0	0	0	other
gene_3491	223	4	0.0179	0	0	0	other
gene_3492	234	1	0.0043	0	0	0	other
gene_3493	678	3	0.0044	0	0	0	other
gene_3494	110	1	0.0091	0	0	0	other
gene_3495	68	1	0.0147	0	0	0	other
gene_3496	501	5	0.01	0	0	0	other
gene_3497	420	2	0.0048	0	0	0	other
gene_3498	525	5	0.0095	1	0	0	secreted (pred.)
gene_3499	345	5	0.0145	0	0	0	other
gene_35	395	5	0.0127	0	0	0	other
gene_350	106	6	0.0566	1	1	0	secreted (pred.)
gene_3500	601	4	0.0067	0	0	0	other
gene_3501	1623	25	0.0154	0	0	0	other
gene_3502	1818	30	0.0165	0	0	0	other
gene_3504	255	2	0.0078	0	0	0	other
gene_3505	143	2	0.014	0	0	0	other
gene_3506	1059	14	0.0132	0	0	0	other
gene_3507	546	4	0.0073	0	0	0	other
gene_3508	451	0	0.0	0	0	0	other
gene_3509	175	5	0.0286	1	1	0	secreted (pred.)
gene_351	2026	16	0.0079	0	0	0	other
gene_3510	572	5	0.0087	1	0	0	secreted (pred.)
gene_3511	591	20	0.0338	0	0	0	other
gene_3512	860	5	0.0058	0	0	0	other
gene_3513	545	8	0.0147	0	0	0	other
gene_3514	773	15	0.0194	0	0	0	other
gene_3515	518	5	0.0097	0	0	0	other
gene_3517	479	7	0.0146	0	0	0	other
gene_3518	292	2	0.0068	1	0	0	secreted (pred.)
gene_3519	106	2	0.0189	1	0	0	secreted (pred.)
gene_352	645	7	0.0109	0	0	0	other
gene_3520	196	0	0.0	0	0	0	other
gene_3521	1121	7	0.0062	0	0	0	other
gene_3522	376	19	0.0505	1	1	1	secreted (pred.)
gene_3523	559	5	0.0089	1	0	0	secreted (pred.)
gene_3524	223	3	0.0135	0	0	0	other
gene_3525	794	12	0.0151	0	0	0	other
gene_3526	970	7	0.0072	0	0	0	other
gene_3527	1339	5	0.0037	0	0	0	other
gene_3528	302	5	0.0166	1	0	0	secreted (pred.)
gene_3529	321	13	0.0405	0	0	0	other
gene_353	483	6	0.0124	0	0	0	other
gene_3530	86	0	0.0	0	0	0	other
gene_3531	110	8	0.0727	1	1	0	secreted (pred.)
gene_3532	1050	12	0.0114	0	0	0	other
gene_3533	588	11	0.0187	1	0	0	secreted (pred.)
gene_3534	415	1	0.0024	0	0	0	other
gene_3535	580	11	0.019	0	0	0	other
gene_3536	275	17	0.0618	0	0	0	other
gene_3537	355	23	0.0648	1	0	0	secreted (pred.)
gene_3538	280	5	0.0179	0	0	0	other
gene_3539	1939	27	0.0139	0	0	0	other
gene_354	145	0	0.0	0	0	0	other
gene_3540	228	4	0.0175	1	0	0	secreted (pred.)
gene_3541	148	0	0.0	0	0	0	other
gene_3542	86	4	0.0465	0	0	0	other
gene_3543	446	15	0.0336	0	0	0	other
gene_3544	476	19	0.0399	0	0	0	other
gene_3545	350	4	0.0114	0	0	0	other
gene_3546	588	5	0.0085	0	0	0	other
gene_3547	290	8	0.0276	0	0	0	other
gene_3548	707	12	0.017	0	0	0	other
gene_3549	539	11	0.0204	0	0	0	other
gene_355	347	4	0.0115	0	0	0	other
gene_3550	761	6	0.0079	0	0	0	other
gene_3551	781	11	0.0141	0	0	0	other
gene_3552	1015	4	0.0039	0	0	0	other
gene_3553	1155	10	0.0087	0	0	0	other
gene_3555	82	11	0.1341	0	0	0	other
gene_3556	293	5	0.0171	1	1	0	secreted (pred.)
gene_3557	534	5	0.0094	0	0	0	other
gene_3558	259	6	0.0232	0	0	0	other
gene_3559	658	10	0.0152	0	0	0	other
gene_356	339	0	0.0	1	0	0	secreted (pred.)
gene_3560	1309	8	0.0061	0	0	0	other
gene_3561	323	3	0.0093	1	0	0	secreted (pred.)
gene_3562	129	5	0.0388	0	0	0	other
gene_3563	163	3	0.0184	1	0	0	secreted (pred.)
gene_3564	265	9	0.034	0	0	0	other
gene_3565	139	1	0.0072	1	0	0	secreted (pred.)
gene_3566	393	4	0.0102	0	0	0	other
gene_3567	230	5	0.0217	0	0	0	other
gene_3568	368	5	0.0136	0	0	0	other
gene_3569	597	0	0.0	0	0	0	other
gene_357	1974	23	0.0117	0	0	0	other
gene_3570	337	2	0.0059	1	0	0	secreted (pred.)
gene_3571	505	8	0.0158	0	0	0	other
gene_3572	290	4	0.0138	0	0	0	other
gene_3573	571	6	0.0105	0	0	0	other
gene_3574	726	10	0.0138	0	0	0	other
gene_3575	915	7	0.0077	0	0	0	other
gene_3576	639	10	0.0156	0	0	0	other
gene_3577	340	2	0.0059	0	0	0	other
gene_3578	615	7	0.0114	1	0	0	secreted (pred.)
gene_3579	261	7	0.0268	0	0	0	other
gene_358	126	0	0.0	0	0	0	other
gene_3580	141	3	0.0213	0	0	0	other
gene_3581	158	3	0.019	0	0	0	other
gene_3582	587	10	0.017	0	0	0	other
gene_3583	496	7	0.0141	0	0	0	other
gene_3584	349	1	0.0029	1	0	0	secreted (pred.)
gene_3585	952	12	0.0126	0	0	0	other
gene_3586	254	11	0.0433	0	0	0	other
gene_3587	466	6	0.0129	0	0	0	other
gene_3588	462	33	0.0714	1	0	0	secreted (pred.)
gene_3589	136	1	0.0074	0	0	0	other
gene_359	1364	26	0.0191	0	0	0	other
gene_3590	170	3	0.0176	0	0	0	other
gene_3591	463	10	0.0216	1	0	0	secreted (pred.)
gene_3592	221	2	0.009	0	0	0	other
gene_3593	366	11	0.0301	1	0	0	secreted (pred.)
gene_3594	480	12	0.025	0	0	0	other
gene_3595	144	9	0.0625	0	0	0	other
gene_3596	752	7	0.0093	0	0	0	other
gene_3597	512	4	0.0078	0	0	0	other
gene_3598	1371	3	0.0022	0	0	0	other
gene_36	238	5	0.021	0	0	0	other
gene_360	273	5	0.0183	1	1	0	secreted (pred.)
gene_3600	497	4	0.008	0	0	0	other
gene_3601	354	4	0.0113	0	0	0	other
gene_3602	210	4	0.019	0	0	0	other
gene_3603	104	1	0.0096	0	0	0	other
gene_3604	536	3	0.0056	0	0	0	other
gene_3605	750	17	0.0227	0	0	0	other
gene_3606	281	5	0.0178	1	1	0	secreted (pred.)
gene_3607	237	2	0.0084	0	0	0	other
gene_3608	1172	3	0.0026	0	0	0	other
gene_3609	646	7	0.0108	0	0	0	other
gene_361	316	8	0.0253	1	0	0	secreted (pred.)
gene_3610	365	6	0.0164	0	0	0	other
gene_3611	346	3	0.0087	1	0	0	secreted (pred.)
gene_3612	409	5	0.0122	1	0	0	secreted (pred.)
gene_3613	183	2	0.0109	0	0	0	other
gene_3614	367	0	0.0	0	0	0	other
gene_3615	700	10	0.0143	0	0	0	other
gene_3616	496	10	0.0202	0	0	0	other
gene_3617	209	3	0.0144	1	0	0	secreted (pred.)
gene_3618	290	3	0.0103	0	0	0	other
gene_3619	1227	13	0.0106	0	0	0	other
gene_362	617	15	0.0243	0	0	0	other
gene_3620	606	3	0.005	0	0	0	other
gene_3621	296	4	0.0135	0	0	0	other
gene_3622	489	4	0.0082	0	0	0	other
gene_3623	412	5	0.0121	0	0	0	other
gene_3624	485	7	0.0144	0	0	0	other
gene_3625	881	15	0.017	0	0	0	other
gene_3626	965	5	0.0052	0	0	0	other
gene_3628	165	7	0.0424	1	1	0	secreted (pred.)
gene_3629	422	29	0.0687	1	0	0	secreted (pred.)
gene_363	157	4	0.0255	0	0	0	other
gene_3630	617	11	0.0178	0	0	0	other
gene_3631	392	1	0.0026	1	0	0	secreted (pred.)
gene_3632	767	15	0.0196	0	0	0	other
gene_3633	718	10	0.0139	1	0	0	secreted (pred.)
gene_3634	200	0	0.0	0	0	0	other
gene_3635	761	5	0.0066	1	0	0	secreted (pred.)
gene_3636	1010	7	0.0069	1	0	0	secreted (pred.)
gene_3637	521	3	0.0058	0	0	0	other
gene_3638	437	3	0.0069	0	0	0	other
gene_3639	237	2	0.0084	0	0	0	other
gene_364	544	15	0.0276	0	0	0	other
gene_3640	744	1	0.0013	0	0	0	other
gene_3641	729	6	0.0082	0	0	0	other
gene_3642	353	7	0.0198	0	0	0	other
gene_3643	638	8	0.0125	0	0	0	other
gene_3644	213	2	0.0094	0	0	0	other
gene_3645	742	4	0.0054	0	0	0	other
gene_3646	763	12	0.0157	0	0	0	other
gene_3647	480	7	0.0146	0	0	0	other
gene_3648	442	5	0.0113	0	0	0	other
gene_3649	351	7	0.0199	0	0	0	other
gene_365	384	0	0.0	0	0	0	other
gene_3650	1387	15	0.0108	0	0	0	other
gene_3651	245	6	0.0245	0	0	0	other
gene_3652	752	11	0.0146	0	0	0	other
gene_3653	237	0	0.0	0	0	0	other
gene_3654	310	5	0.0161	1	0	0	secreted (pred.)
gene_3655	337	2	0.0059	0	0	0	other
gene_3656	505	4	0.0079	1	0	0	secreted (pred.)
gene_3657	125	2	0.016	0	0	0	other
gene_3658	461	5	0.0108	0	0	0	other
gene_3659	516	9	0.0174	0	0	0	other
gene_366	387	4	0.0103	0	0	0	other
gene_3660	589	20	0.034	0	0	0	other
gene_3661	452	8	0.0177	1	0	0	secreted (pred.)
gene_3662	994	7	0.007	1	0	0	secreted (pred.)
gene_3663	363	2	0.0055	0	0	0	other
gene_3664	94	8	0.0851	1	1	0	secreted (pred.)
gene_3665	761	2	0.0026	0	0	0	other
gene_3666	121	0	0.0	0	0	0	other
gene_3667	612	6	0.0098	0	0	0	other
gene_3668	678	3	0.0044	0	0	0	other
gene_3669	1130	21	0.0186	0	0	0	other
gene_367	432	5	0.0116	0	0	0	other
gene_3670	341	0	0.0	0	0	0	other
gene_3671	123	3	0.0244	0	0	0	other
gene_3672	348	5	0.0144	0	0	0	other
gene_3673	505	5	0.0099	0	0	0	other
gene_3674	504	8	0.0159	1	0	0	secreted (pred.)
gene_3675	172	7	0.0407	0	0	0	other
gene_3676	351	3	0.0085	0	0	0	other
gene_3677	373	5	0.0134	0	0	0	other
gene_3678	477	3	0.0063	0	0	0	other
gene_3679	316	6	0.019	0	0	0	other
gene_368	798	8	0.01	0	0	0	other
gene_3680	526	8	0.0152	1	0	0	secreted (pred.)
gene_3681	391	4	0.0102	0	0	0	other
gene_3682	99	6	0.0606	1	1	1	secreted (pred.)
gene_3683	154	2	0.013	0	0	0	other
gene_3684	218	2	0.0092	0	0	0	other
gene_3685	466	11	0.0236	1	0	0	secreted (pred.)
gene_3686	195	10	0.0513	1	1	0	secreted (pred.)
gene_3687	515	4	0.0078	1	0	0	secreted (pred.)
gene_3688	272	5	0.0184	1	1	0	secreted (pred.)
gene_3689	638	2	0.0031	1	0	0	secreted (pred.)
gene_369	147	9	0.0612	0	0	0	other
gene_3690	694	12	0.0173	1	0	0	secreted (pred.)
gene_3691	520	3	0.0058	1	0	0	secreted (pred.)
gene_3692	443	3	0.0068	0	0	0	other
gene_3693	978	13	0.0133	0	0	0	other
gene_3694	347	3	0.0086	0	0	0	other
gene_3695	202	5	0.0248	1	1	0	secreted (pred.)
gene_3696	1277	7	0.0055	0	0	0	other
gene_3697	583	10	0.0172	0	0	0	other
gene_3698	337	1	0.003	0	0	0	other
gene_3699	405	4	0.0099	0	0	0	other
gene_37	174	4	0.023	1	1	0	secreted (pred.)
gene_370	510	7	0.0137	0	0	0	other
gene_3700	597	5	0.0084	1	0	0	secreted (pred.)
gene_3701	596	31	0.052	0	0	0	other
gene_3702	369	6	0.0163	1	0	0	secreted (pred.)
gene_3705	395	6	0.0152	0	0	0	other
gene_3706	435	4	0.0092	0	0	0	other
gene_3707	585	9	0.0154	0	0	0	other
gene_3708	79	8	0.1013	1	1	0	secreted (pred.)
gene_3709	536	10	0.0187	0	0	0	other
gene_371	473	1	0.0021	1	0	0	secreted (pred.)
gene_3710	786	12	0.0153	1	0	0	secreted (pred.)
gene_3711	824	22	0.0267	0	0	0	other
gene_3712	539	12	0.0223	0	0	0	other
gene_3713	465	5	0.0108	0	0	0	other
gene_3714	447	7	0.0157	0	0	0	other
gene_3715	737	1	0.0014	0	0	0	other
gene_3716	190	3	0.0158	0	0	0	other
gene_3717	673	20	0.0297	0	0	0	other
gene_3718	71	1	0.0141	0	0	0	other
gene_3719	310	8	0.0258	0	0	0	other
gene_372	541	6	0.0111	1	0	0	secreted (pred.)
gene_3720	59	0	0.0	0	0	0	other
gene_3721	204	8	0.0392	0	0	0	other
gene_3722	317	4	0.0126	0	0	0	other
gene_3723	661	66	0.0998	1	0	0	secreted (pred.)
gene_3724	376	2	0.0053	0	0	0	other
gene_3725	313	9	0.0288	1	0	0	secreted (pred.)
gene_3726	659	2	0.003	0	0	0	other
gene_3727	273	5	0.0183	0	0	0	other
gene_3728	313	2	0.0064	0	0	0	other
gene_3729	1042	19	0.0182	0	0	0	other
gene_373	388	3	0.0077	0	0	0	other
gene_3730	194	7	0.0361	1	1	0	secreted (pred.)
gene_3731	563	0	0.0	0	0	0	other
gene_3732	637	5	0.0078	1	0	0	secreted (pred.)
gene_3733	252	2	0.0079	0	0	0	other
gene_3734	448	3	0.0067	0	0	0	other
gene_3735	435	15	0.0345	0	0	0	other
gene_3736	726	4	0.0055	0	0	0	other
gene_3737	514	14	0.0272	1	0	0	secreted (pred.)
gene_3738	108	0	0.0	1	0	0	secreted (pred.)
gene_3739	62	0	0.0	1	0	0	secreted (pred.)
gene_374	704	2	0.0028	0	0	0	other
gene_3740	80	9	0.1125	1	1	0	secreted (pred.)
gene_3741	236	9	0.0381	0	0	0	other
gene_3742	682	4	0.0059	0	0	0	other
gene_3743	164	1	0.0061	0	0	0	other
gene_3744	326	10	0.0307	0	0	0	other
gene_3745	130	6	0.0462	1	1	0	secreted (pred.)
gene_3747	771	9	0.0117	1	0	0	secreted (pred.)
gene_3748	482	5	0.0104	0	0	0	other
gene_3749	330	3	0.0091	1	0	0	secreted (pred.)
gene_375	174	0	0.0	0	0	0	other
gene_3750	195	2	0.0103	0	0	0	other
gene_3751	213	8	0.0376	1	1	0	secreted (pred.)
gene_3752	475	15	0.0316	0	0	0	other
gene_3753	122	2	0.0164	0	0	0	other
gene_3754	187	5	0.0267	0	0	0	other
gene_3755	287	3	0.0105	0	0	0	other
gene_3756	881	14	0.0159	0	0	0	other
gene_3757	463	7	0.0151	0	0	0	other
gene_3758	467	9	0.0193	1	0	0	secreted (pred.)
gene_3759	311	6	0.0193	0	0	0	other
gene_376	433	4	0.0092	0	0	0	other
gene_3760	594	9	0.0152	1	0	0	secreted (pred.)
gene_3762	509	0	0.0	0	0	0	other
gene_3763	859	10	0.0116	0	0	0	other
gene_3764	320	4	0.0125	0	0	0	other
gene_3765	500	15	0.03	1	1	1	secreted (pred.)
gene_3766	861	6	0.007	1	0	0	secreted (pred.)
gene_3767	463	16	0.0346	1	1	1	secreted (pred.)
gene_3768	491	14	0.0285	1	0	0	secreted (pred.)
gene_3769	595	5	0.0084	0	0	0	other
gene_377	258	3	0.0116	1	0	0	secreted (pred.)
gene_3770	245	0	0.0	0	0	0	other
gene_3771	336	4	0.0119	0	0	0	other
gene_3772	959	15	0.0156	1	0	0	secreted (pred.)
gene_3773	1123	18	0.016	0	0	0	other
gene_3774	891	7	0.0079	1	0	0	secreted (pred.)
gene_3775	381	5	0.0131	0	0	0	other
gene_3776	931	3	0.0032	1	0	0	secreted (pred.)
gene_3777	1527	29	0.019	0	0	0	other
gene_3778	882	3	0.0034	1	0	0	secreted (pred.)
gene_3779	381	5	0.0131	1	0	0	secreted (pred.)
gene_378	515	12	0.0233	0	0	0	other
gene_3780	335	4	0.0119	0	0	0	other
gene_3781	786	1	0.0013	0	0	0	other
gene_3782	454	5	0.011	0	0	0	other
gene_3783	489	4	0.0082	0	0	0	other
gene_3784	103	0	0.0	0	0	0	other
gene_3785	279	7	0.0251	1	1	0	secreted (pred.)
gene_3786	432	2	0.0046	0	0	0	other
gene_3787	407	1	0.0025	0	0	0	other
gene_3788	451	6	0.0133	0	0	0	other
gene_3789	159	2	0.0126	1	0	0	secreted (pred.)
gene_379	601	5	0.0083	0	0	0	other
gene_3790	1609	24	0.0149	0	0	0	other
gene_3791	491	7	0.0143	0	0	0	other
gene_3792	55	0	0.0	1	0	0	secreted (pred.)
gene_3793	743	7	0.0094	0	0	0	other
gene_3794	348	1	0.0029	0	0	0	other
gene_3795	297	1	0.0034	0	0	0	other
gene_3796	587	9	0.0153	0	0	0	other
gene_3797	265	2	0.0075	0	0	0	other
gene_3798	300	2	0.0067	0	0	0	other
gene_3799	91	1	0.011	0	0	0	other
gene_38	263	8	0.0304	0	0	0	other
gene_380	901	2	0.0022	0	0	0	other
gene_3800	711	16	0.0225	0	0	0	other
gene_3801	4028	37	0.0092	1	0	0	secreted (pred.)
gene_3802	525	5	0.0095	0	0	0	other
gene_3803	384	4	0.0104	0	0	0	other
gene_3804	430	3	0.007	1	0	0	secreted (pred.)
gene_3805	172	0	0.0	1	0	0	secreted (pred.)
gene_3806	1180	9	0.0076	0	0	0	other
gene_3807	408	9	0.0221	1	0	0	secreted (pred.)
gene_3808	271	4	0.0148	1	1	1	secreted (pred.)
gene_3809	522	10	0.0192	0	0	0	other
gene_381	696	8	0.0115	0	0	0	other
gene_3810	320	3	0.0094	0	0	0	other
gene_3811	278	3	0.0108	1	0	0	secreted (pred.)
gene_3812	268	7	0.0261	0	0	0	other
gene_3813	235	4	0.017	0	0	0	other
gene_3814	72	2	0.0278	0	0	0	other
gene_3815	1076	19	0.0177	0	0	0	other
gene_3816	148	2	0.0135	0	0	0	other
gene_3817	880	19	0.0216	1	0	0	secreted (pred.)
gene_3818	1192	10	0.0084	0	0	0	other
gene_3819	594	3	0.0051	0	0	0	other
gene_382	263	1	0.0038	0	0	0	other
gene_3820	748	8	0.0107	0	0	0	other
gene_3821	100	1	0.01	0	0	0	other
gene_3822	779	9	0.0116	1	0	0	secreted (pred.)
gene_3823	483	2	0.0041	0	0	0	other
gene_3824	246	7	0.0285	1	0	0	secreted (pred.)
gene_3825	431	6	0.0139	0	0	0	other
gene_3826	352	4	0.0114	0	0	0	other
gene_3827	375	5	0.0133	1	0	0	secreted (pred.)
gene_3828	1075	11	0.0102	1	0	0	secreted (pred.)
gene_3829	279	2	0.0072	0	0	0	other
gene_383	167	1	0.006	1	0	0	secreted (pred.)
gene_3830	341	10	0.0293	0	0	0	other
gene_3831	858	1	0.0012	0	0	0	other
gene_3832	2331	39	0.0167	0	0	0	other
gene_3833	321	6	0.0187	0	0	0	other
gene_3834	316	2	0.0063	0	0	0	other
gene_3835	269	4	0.0149	0	0	0	other
gene_3836	255	2	0.0078	0	0	0	other
gene_3837	218	1	0.0046	0	0	0	other
gene_3838	841	7	0.0083	1	0	0	secreted (pred.)
gene_3839	1012	17	0.0168	0	0	0	other
gene_3840	485	7	0.0144	0	0	0	other
gene_3841	587	9	0.0153	0	0	0	other
gene_3842	727	8	0.011	0	0	0	other
gene_3843	504	7	0.0139	1	0	0	secreted (pred.)
gene_3844	479	6	0.0125	0	0	0	other
gene_3845	323	2	0.0062	0	0	0	other
gene_3846	172	0	0.0	1	0	0	secreted (pred.)
gene_3847	141	2	0.0142	0	0	0	other
gene_3848	1478	21	0.0142	0	0	0	other
gene_3849	164	1	0.0061	0	0	0	other
gene_385	241	2	0.0083	1	0	0	secreted (pred.)
gene_3850	110	0	0.0	0	0	0	other
gene_3851	202	5	0.0248	0	0	0	other
gene_3852	492	5	0.0102	1	0	0	secreted (pred.)
gene_3853	162	3	0.0185	1	0	0	secreted (pred.)
gene_3854	85	1	0.0118	0	0	0	other
gene_3855	515	7	0.0136	0	0	0	other
gene_3856	410	2	0.0049	1	0	0	secreted (pred.)
gene_3857	357	8	0.0224	1	0	0	secreted (pred.)
gene_3858	89	2	0.0225	0	0	0	other
gene_3859	109	8	0.0734	1	1	0	secreted (pred.)
gene_386	267	1	0.0037	0	0	0	other
gene_3860	1329	11	0.0083	0	0	0	other
gene_3861	155	11	0.071	1	1	0	secreted (pred.)
gene_3862	358	8	0.0223	0	0	0	other
gene_3863	470	6	0.0128	0	0	0	other
gene_3864	74	1	0.0135	0	0	0	other
gene_3865	154	1	0.0065	0	0	0	other
gene_3866	372	5	0.0134	0	0	0	other
gene_3867	353	10	0.0283	0	0	0	other
gene_3868	95	1	0.0105	0	0	0	other
gene_3869	494	6	0.0121	0	0	0	other
gene_387	265	1	0.0038	0	0	0	other
gene_3870	482	5	0.0104	0	0	0	other
gene_3871	434	3	0.0069	1	0	0	secreted (pred.)
gene_3872	390	5	0.0128	0	0	0	other
gene_3873	118	8	0.0678	0	0	0	other
gene_3874	168	3	0.0179	1	0	0	secreted (pred.)
gene_3875	226	8	0.0354	1	0	0	secreted (pred.)
gene_3876	654	10	0.0153	1	0	0	secreted (pred.)
gene_3877	611	5	0.0082	0	0	0	other
gene_3878	396	5	0.0126	0	0	0	other
gene_3879	675	30	0.0444	0	0	0	other
gene_388	504	5	0.0099	0	0	0	other
gene_3880	660	3	0.0045	1	0	0	secreted (pred.)
gene_3881	409	7	0.0171	0	0	0	other
gene_3882	612	7	0.0114	0	0	0	other
gene_3883	1103	6	0.0054	0	0	0	other
gene_3884	580	16	0.0276	0	0	0	other
gene_3885	631	7	0.0111	0	0	0	other
gene_3886	358	6	0.0168	0	0	0	other
gene_3887	186	6	0.0323	1	1	0	secreted (pred.)
gene_3888	226	8	0.0354	0	0	0	other
gene_3889	567	7	0.0123	0	0	0	other
gene_3891	312	2	0.0064	0	0	0	other
gene_3892	275	3	0.0109	1	0	0	secreted (pred.)
gene_3893	364	6	0.0165	1	0	0	secreted (pred.)
gene_3894	153	4	0.0261	1	1	0	secreted (pred.)
gene_3895	524	3	0.0057	0	0	0	other
gene_3896	478	8	0.0167	0	0	0	other
gene_3897	461	5	0.0108	0	0	0	other
gene_3898	301	3	0.01	0	0	0	other
gene_3899	161	0	0.0	0	0	0	other
gene_39	272	8	0.0294	0	0	0	other
gene_390	185	2	0.0108	0	0	0	other
gene_3900	1155	11	0.0095	1	0	0	secreted (pred.)
gene_3901	334	1	0.003	0	0	0	other
gene_3902	292	3	0.0103	0	0	0	other
gene_3903	464	6	0.0129	1	0	0	secreted (pred.)
gene_3904	423	8	0.0189	0	0	0	other
gene_3905	1252	11	0.0088	0	0	0	other
gene_3906	297	1	0.0034	1	0	0	secreted (pred.)
gene_3907	125	2	0.016	0	0	0	other
gene_3909	356	0	0.0	0	0	0	other
gene_391	513	7	0.0136	0	0	0	other
gene_3910	988	8	0.0081	0	0	0	other
gene_3911	200	2	0.01	0	0	0	other
gene_3912	553	17	0.0307	0	0	0	other
gene_3913	444	6	0.0135	0	0	0	other
gene_3914	691	1	0.0014	0	0	0	other
gene_3915	100	0	0.0	0	0	0	other
gene_3916	620	46	0.0742	1	0	0	secreted (pred.)
gene_3917	1070	10	0.0093	0	0	0	other
gene_3918	188	4	0.0213	0	0	0	other
gene_392	241	5	0.0207	1	1	0	secreted (pred.)
gene_3920	326	3	0.0092	0	0	0	other
gene_3921	690	4	0.0058	1	0	0	secreted (pred.)
gene_3922	326	3	0.0092	0	0	0	other
gene_3923	326	0	0.0	0	0	0	other
gene_3924	346	3	0.0087	1	0	0	secreted (pred.)
gene_3926	693	1	0.0014	1	0	0	secreted (pred.)
gene_3927	992	14	0.0141	0	0	0	other
gene_3928	516	5	0.0097	0	0	0	other
gene_3929	600	5	0.0083	0	0	0	other
gene_393	1528	2	0.0013	0	0	0	other
gene_3930	368	7	0.019	0	0	0	other
gene_3931	51	0	0.0	0	0	0	other
gene_3932	371	7	0.0189	1	0	0	secreted (pred.)
gene_3933	558	3	0.0054	1	0	0	secreted (pred.)
gene_3934	348	5	0.0144	0	0	0	other
gene_3935	392	1	0.0026	0	0	0	other
gene_3936	153	2	0.0131	0	0	0	other
gene_3937	539	5	0.0093	1	0	0	secreted (pred.)
gene_3938	319	0	0.0	0	0	0	other
gene_3939	460	6	0.013	0	0	0	other
gene_394	450	8	0.0178	1	0	0	secreted (pred.)
gene_3940	198	3	0.0152	1	0	0	secreted (pred.)
gene_3941	956	15	0.0157	0	0	0	other
gene_3942	290	5	0.0172	0	0	0	other
gene_3943	1353	8	0.0059	0	0	0	other
gene_3944	55	7	0.1273	0	0	0	other
gene_3945	449	3	0.0067	0	0	0	other
gene_3946	493	4	0.0081	0	0	0	other
gene_3947	130	7	0.0538	1	1	0	secreted (pred.)
gene_3949	1957	23	0.0118	0	0	0	other
gene_395	929	10	0.0108	0	0	0	other
gene_3950	270	5	0.0185	0	0	0	other
gene_3951	500	8	0.016	0	0	0	other
gene_3952	768	0	0.0	0	0	0	other
gene_3953	514	16	0.0311	0	0	0	other
gene_3954	787	16	0.0203	0	0	0	other
gene_3955	311	10	0.0322	0	0	0	other
gene_3956	640	10	0.0156	1	0	0	secreted (pred.)
gene_3958	671	10	0.0149	1	0	0	secreted (pred.)
gene_3959	506	9	0.0178	0	0	0	other
gene_396	164	3	0.0183	0	0	0	other
gene_3960	1237	4	0.0032	0	0	0	other
gene_3961	325	6	0.0185	1	0	0	secreted (pred.)
gene_3962	519	9	0.0173	1	0	0	secreted (pred.)
gene_3963	886	9	0.0102	0	0	0	other
gene_3964	1614	9	0.0056	0	0	0	other
gene_3965	290	2	0.0069	0	0	0	other
gene_3966	683	1	0.0015	0	0	0	other
gene_3967	256	1	0.0039	0	0	0	other
gene_3968	160	4	0.025	1	1	0	secreted (pred.)
gene_3969	1614	9	0.0056	1	0	0	secreted (pred.)
gene_397	523	6	0.0115	0	0	0	other
gene_3970	207	5	0.0242	0	0	0	other
gene_3971	633	3	0.0047	0	0	0	other
gene_3972	179	0	0.0	0	0	0	other
gene_3973	383	5	0.0131	0	0	0	other
gene_3974	80	2	0.025	0	0	0	other
gene_3975	181	1	0.0055	0	0	0	other
gene_3976	385	4	0.0104	1	0	0	secreted (pred.)
gene_3977	179	4	0.0223	0	0	0	other
gene_3978	1727	37	0.0214	0	0	0	other
gene_3979	287	5	0.0174	0	0	0	other
gene_398	668	15	0.0225	0	0	0	other
gene_3980	213	0	0.0	0	0	0	other
gene_3981	441	3	0.0068	0	0	0	other
gene_3982	383	7	0.0183	0	0	0	other
gene_3984	558	12	0.0215	0	0	0	other
gene_3985	298	6	0.0201	0	0	0	other
gene_3986	494	14	0.0283	1	0	0	secreted (pred.)
gene_3987	237	4	0.0169	1	0	0	secreted (pred.)
gene_3988	264	2	0.0076	0	0	0	other
gene_3989	449	5	0.0111	0	0	0	other
gene_399	688	11	0.016	0	0	0	other
gene_3990	306	3	0.0098	1	0	0	secreted (pred.)
gene_3991	244	7	0.0287	0	0	0	other
gene_3992	905	4	0.0044	0	0	0	other
gene_3994	1148	9	0.0078	0	0	0	other
gene_3995	263	4	0.0152	0	0	0	other
gene_3996	304	1	0.0033	1	0	0	secreted (pred.)
gene_3997	266	2	0.0075	0	0	0	other
gene_3998	476	7	0.0147	0	0	0	other
gene_3999	362	6	0.0166	1	0	0	secreted (pred.)
gene_4	442	3	0.0068	0	0	0	other
gene_40	570	12	0.0211	1	1	1	secreted (pred.)
gene_400	249	1	0.004	0	0	0	other
gene_4000	1133	10	0.0088	1	0	0	secreted (pred.)
gene_4001	3070	37	0.0121	1	0	0	secreted (pred.)
gene_4003	2131	12	0.0056	1	0	0	secreted (pred.)
gene_4004	182	1	0.0055	1	0	0	secreted (pred.)
gene_4006	1098	22	0.02	1	0	0	secreted (pred.)
gene_4007	478	4	0.0084	0	0	0	other
gene_4008	565	7	0.0124	0	0	0	other
gene_4009	543	1	0.0018	1	0	0	secreted (pred.)
gene_401	208	0	0.0	0	0	0	other
gene_4010	198	11	0.0556	1	1	0	secreted (pred.)
gene_4011	534	6	0.0112	0	0	0	other
gene_4012	539	1	0.0019	1	0	0	secreted (pred.)
gene_4013	182	4	0.022	1	0	0	secreted (pred.)
gene_4014	320	8	0.025	0	0	0	other
gene_4015	278	4	0.0144	0	0	0	other
gene_4016	1108	2	0.0018	0	0	0	other
gene_4017	261	2	0.0077	0	0	0	other
gene_4018	294	2	0.0068	0	0	0	other
gene_4019	1152	8	0.0069	0	0	0	other
gene_402	102	9	0.0882	1	1	0	secreted (pred.)
gene_4020	639	17	0.0266	0	0	0	other
gene_4021	257	4	0.0156	0	0	0	other
gene_4022	761	7	0.0092	1	0	0	secreted (pred.)
gene_4023	598	4	0.0067	0	0	0	other
gene_4025	813	11	0.0135	0	0	0	other
gene_4026	430	6	0.014	0	0	0	other
gene_4027	527	5	0.0095	0	0	0	other
gene_4028	237	8	0.0338	1	1	0	secreted (pred.)
gene_4029	272	3	0.011	0	0	0	other
gene_403	363	8	0.022	0	0	0	other
gene_4030	89	4	0.0449	0	0	0	other
gene_4031	883	10	0.0113	0	0	0	other
gene_4032	250	9	0.036	1	1	0	secreted (pred.)
gene_4033	92	2	0.0217	0	0	0	other
gene_4034	1626	23	0.0141	0	0	0	other
gene_4035	832	13	0.0156	0	0	0	other
gene_4036	103	1	0.0097	0	0	0	other
gene_4037	511	5	0.0098	0	0	0	other
gene_4038	127	2	0.0157	0	0	0	other
gene_4039	356	6	0.0169	0	0	0	other
gene_404	377	16	0.0424	0	0	0	other
gene_4041	302	0	0.0	0	0	0	other
gene_4042	239	1	0.0042	0	0	0	other
gene_4044	548	6	0.0109	0	0	0	other
gene_4045	234	8	0.0342	1	1	0	secreted (pred.)
gene_4046	570	4	0.007	0	0	0	other
gene_4047	921	5	0.0054	0	0	0	other
gene_4048	421	2	0.0048	1	0	0	secreted (pred.)
gene_4049	365	9	0.0247	0	0	0	other
gene_405	373	6	0.0161	0	0	0	other
gene_4050	245	1	0.0041	0	0	0	other
gene_4051	364	3	0.0082	0	0	0	other
gene_4052	415	0	0.0	0	0	0	other
gene_4053	277	2	0.0072	0	0	0	other
gene_4054	114	3	0.0263	1	1	0	secreted (pred.)
gene_4056	221	1	0.0045	0	0	0	other
gene_4057	261	4	0.0153	1	1	0	secreted (pred.)
gene_4059	878	10	0.0114	0	0	0	other
gene_406	85	4	0.0471	1	1	0	secreted (pred.)
gene_4060	463	6	0.013	0	0	0	other
gene_4061	526	2	0.0038	0	0	0	other
gene_4062	921	2	0.0022	0	0	0	other
gene_4063	484	13	0.0269	0	0	0	other
gene_4064	412	7	0.017	0	0	0	other
gene_4065	187	1	0.0053	0	0	0	other
gene_4066	288	0	0.0	0	0	0	other
gene_4067	319	8	0.0251	0	0	0	other
gene_4068	310	0	0.0	0	0	0	other
gene_4069	504	1	0.002	1	0	0	secreted (pred.)
gene_407	513	8	0.0156	0	0	0	other
gene_4070	163	2	0.0123	1	0	0	secreted (pred.)
gene_4071	549	1	0.0018	0	0	0	other
gene_4072	421	8	0.019	0	0	0	other
gene_4073	150	1	0.0067	1	0	0	secreted (pred.)
gene_4074	266	4	0.015	0	0	0	other
gene_4075	318	5	0.0157	1	0	0	secreted (pred.)
gene_4076	312	7	0.0224	0	0	0	other
gene_4077	678	6	0.0088	1	0	0	secreted (pred.)
gene_4078	360	3	0.0083	0	0	0	other
gene_4079	719	13	0.0181	0	0	0	other
gene_408	175	3	0.0171	0	0	0	other
gene_4080	897	0	0.0	0	0	0	other
gene_4081	591	13	0.022	0	0	0	other
gene_4082	643	9	0.014	0	0	0	other
gene_4083	245	3	0.0122	0	0	0	other
gene_4084	303	8	0.0264	1	0	0	secreted (pred.)
gene_4085	156	3	0.0192	0	0	0	other
gene_4086	286	6	0.021	1	1	0	secreted (pred.)
gene_4087	823	7	0.0085	0	0	0	other
gene_4088	471	6	0.0127	0	0	0	other
gene_4089	426	10	0.0235	0	0	0	other
gene_409	186	10	0.0538	1	1	0	secreted (pred.)
gene_4090	564	13	0.023	0	0	0	other
gene_4091	605	4	0.0066	0	0	0	other
gene_4092	1249	19	0.0152	1	0	0	secreted (pred.)
gene_4093	268	5	0.0187	0	0	0	other
gene_4094	326	5	0.0153	1	0	0	secreted (pred.)
gene_4095	630	7	0.0111	1	0	0	secreted (pred.)
gene_4096	454	7	0.0154	0	0	0	other
gene_4097	191	4	0.0209	0	0	0	other
gene_4098	758	24	0.0317	0	0	0	other
gene_4099	991	8	0.0081	0	0	0	other
gene_41	313	10	0.0319	1	0	0	secreted (pred.)
gene_410	124	2	0.0161	0	0	0	other
gene_4100	450	9	0.02	1	0	0	secreted (pred.)
gene_4102	346	1	0.0029	0	0	0	other
gene_4103	1350	17	0.0126	0	0	0	other
gene_4104	384	4	0.0104	1	0	0	secreted (pred.)
gene_4105	347	2	0.0058	0	0	0	other
gene_4107	702	6	0.0085	0	0	0	other
gene_4108	724	27	0.0373	1	0	0	secreted (pred.)
gene_4109	230	0	0.0	0	0	0	other
gene_411	415	8	0.0193	0	0	0	other
gene_4110	357	4	0.0112	1	0	0	secreted (pred.)
gene_4111	620	10	0.0161	0	0	0	other
gene_4112	208	7	0.0337	1	1	0	secreted (pred.)
gene_4113	209	0	0.0	0	0	0	other
gene_4114	417	1	0.0024	0	0	0	other
gene_4115	581	5	0.0086	1	0	0	secreted (pred.)
gene_4116	311	8	0.0257	0	0	0	other
gene_4117	356	1	0.0028	0	0	0	other
gene_4118	509	0	0.0	0	0	0	other
gene_4119	455	6	0.0132	0	0	0	other
gene_412	498	7	0.0141	1	0	0	secreted (pred.)
gene_4120	215	5	0.0233	1	1	0	secreted (pred.)
gene_4121	182	3	0.0165	0	0	0	other
gene_4122	128	1	0.0078	0	0	0	other
gene_4123	2430	12	0.0049	0	0	0	other
gene_4124	174	2	0.0115	1	0	0	secreted (pred.)
gene_4125	160	0	0.0	0	0	0	other
gene_4126	733	13	0.0177	0	0	0	other
gene_4127	318	5	0.0157	0	0	0	other
gene_4128	258	5	0.0194	0	0	0	other
gene_4129	497	3	0.006	1	0	0	secreted (pred.)
gene_413	1111	18	0.0162	0	0	0	other
gene_4131	298	5	0.0168	0	0	0	other
gene_4132	460	0	0.0	0	0	0	other
gene_4133	841	15	0.0178	0	0	0	other
gene_4134	774	4	0.0052	0	0	0	other
gene_4135	1030	10	0.0097	0	0	0	other
gene_4136	232	0	0.0	1	0	0	secreted (pred.)
gene_4137	406	6	0.0148	0	0	0	other
gene_4138	194	1	0.0052	1	0	0	secreted (pred.)
gene_4139	233	4	0.0172	0	0	0	other
gene_414	289	4	0.0138	1	0	0	secreted (pred.)
gene_4140	484	12	0.0248	0	0	0	other
gene_4141	124	2	0.0161	1	0	0	secreted (pred.)
gene_4142	134	1	0.0075	0	0	0	other
gene_4143	1427	19	0.0133	1	0	0	secreted (pred.)
gene_4144	343	4	0.0117	0	0	0	other
gene_4145	160	0	0.0	0	0	0	other
gene_4146	459	5	0.0109	0	0	0	other
gene_4147	621	9	0.0145	0	0	0	other
gene_4148	485	8	0.0165	0	0	0	other
gene_4149	100	1	0.01	0	0	0	other
gene_415	119	4	0.0336	0	0	0	other
gene_4150	352	3	0.0085	1	0	0	secreted (pred.)
gene_4151	158	0	0.0	0	0	0	other
gene_4152	681	9	0.0132	0	0	0	other
gene_4153	445	10	0.0225	0	0	0	other
gene_4154	224	3	0.0134	1	0	0	secreted (pred.)
gene_4155	289	5	0.0173	1	1	0	secreted (pred.)
gene_4156	865	14	0.0162	0	0	0	other
gene_4157	227	3	0.0132	0	0	0	other
gene_4158	2185	5	0.0023	1	0	0	secreted (pred.)
gene_4159	311	3	0.0096	0	0	0	other
gene_416	54	1	0.0185	0	0	0	other
gene_4160	97	3	0.0309	0	0	0	other
gene_4161	1252	10	0.008	0	0	0	other
gene_4162	436	7	0.0161	0	0	0	other
gene_4163	541	3	0.0055	1	0	0	secreted (pred.)
gene_4164	1143	9	0.0079	1	0	0	secreted (pred.)
gene_4166	559	3	0.0054	0	0	0	other
gene_4167	108	2	0.0185	0	0	0	other
gene_4169	155	12	0.0774	1	1	0	secreted (pred.)
gene_417	417	4	0.0096	0	0	0	other
gene_4171	243	5	0.0206	0	0	0	other
gene_4172	620	5	0.0081	0	0	0	other
gene_4173	495	7	0.0141	0	0	0	other
gene_4174	196	4	0.0204	0	0	0	other
gene_4175	100	2	0.02	1	1	0	secreted (pred.)
gene_4176	405	3	0.0074	0	0	0	other
gene_4177	298	4	0.0134	0	0	0	other
gene_4178	1032	21	0.0203	0	0	0	other
gene_4179	191	4	0.0209	0	0	0	other
gene_418	264	4	0.0152	1	1	0	secreted (pred.)
gene_4180	409	10	0.0244	0	0	0	other
gene_4181	178	2	0.0112	0	0	0	other
gene_4182	514	6	0.0117	0	0	0	other
gene_4183	280	6	0.0214	0	0	0	other
gene_4184	404	2	0.005	1	0	0	secreted (pred.)
gene_4185	546	0	0.0	0	0	0	other
gene_4186	678	15	0.0221	0	0	0	other
gene_4187	814	3	0.0037	0	0	0	other
gene_4188	403	7	0.0174	0	0	0	other
gene_4189	526	6	0.0114	0	0	0	other
gene_419	508	5	0.0098	1	0	0	secreted (pred.)
gene_4190	513	7	0.0136	0	0	0	other
gene_4191	741	15	0.0202	0	0	0	other
gene_4192	112	8	0.0714	1	1	0	secreted (pred.)
gene_4193	74	3	0.0405	0	0	0	other
gene_4194	390	7	0.0179	0	0	0	other
gene_4195	570	10	0.0175	1	0	0	secreted (pred.)
gene_4196	420	2	0.0048	0	0	0	other
gene_4197	72	6	0.0833	1	1	0	secreted (pred.)
gene_4198	271	5	0.0185	0	0	0	other
gene_4199	418	0	0.0	0	0	0	other
gene_42	3405	41	0.012	0	0	0	other
gene_420	382	1	0.0026	0	0	0	other
gene_4200	70	1	0.0143	1	0	0	secreted (pred.)
gene_4201	160	5	0.0312	0	0	0	other
gene_4202	229	0	0.0	0	0	0	other
gene_4203	332	2	0.006	1	0	0	secreted (pred.)
gene_4204	664	11	0.0166	0	0	0	other
gene_4205	172	8	0.0465	0	0	0	other
gene_4206	432	6	0.0139	0	0	0	other
gene_4207	374	5	0.0134	0	0	0	other
gene_4208	568	7	0.0123	1	0	0	secreted (pred.)
gene_4209	417	6	0.0144	1	0	0	secreted (pred.)
gene_421	250	0	0.0	1	0	0	secreted (pred.)
gene_4210	295	7	0.0237	0	0	0	other
gene_4211	435	2	0.0046	1	0	0	secreted (pred.)
gene_4212	341	18	0.0528	0	0	0	other
gene_4213	1471	12	0.0082	0	0	0	other
gene_4214	885	15	0.0169	0	0	0	other
gene_4215	380	9	0.0237	0	0	0	other
gene_4216	389	3	0.0077	0	0	0	other
gene_4217	1215	12	0.0099	0	0	0	other
gene_4218	518	5	0.0097	0	0	0	other
gene_4219	125	4	0.032	0	0	0	other
gene_422	470	7	0.0149	0	0	0	other
gene_4220	514	55	0.107	0	0	0	other
gene_4221	291	1	0.0034	0	0	0	other
gene_4222	288	0	0.0	0	0	0	other
gene_4223	161	5	0.0311	0	0	0	other
gene_4224	544	9	0.0165	0	0	0	other
gene_4225	685	12	0.0175	0	0	0	other
gene_4226	386	6	0.0155	0	0	0	other
gene_4227	361	1	0.0028	0	0	0	other
gene_4228	242	1	0.0041	0	0	0	other
gene_4229	84	2	0.0238	0	0	0	other
gene_423	508	5	0.0098	1	0	0	secreted (pred.)
gene_4231	743	17	0.0229	0	0	0	other
gene_4232	809	9	0.0111	0	0	0	other
gene_4233	375	10	0.0267	0	0	0	other
gene_4234	1114	8	0.0072	0	0	0	other
gene_4235	366	7	0.0191	0	0	0	other
gene_4236	695	20	0.0288	0	0	0	other
gene_4237	272	0	0.0	0	0	0	other
gene_4238	63	0	0.0	0	0	0	other
gene_4239	214	4	0.0187	0	0	0	other
gene_424	229	0	0.0	1	0	0	secreted (pred.)
gene_4240	953	9	0.0094	0	0	0	other
gene_4241	675	7	0.0104	0	0	0	other
gene_4242	423	11	0.026	0	0	0	other
gene_4243	193	0	0.0	0	0	0	other
gene_4245	260	7	0.0269	0	0	0	other
gene_4246	471	8	0.017	0	0	0	other
gene_4247	540	3	0.0056	1	0	0	secreted (pred.)
gene_4248	216	13	0.0602	0	0	0	other
gene_4249	564	9	0.016	0	0	0	other
gene_425	814	14	0.0172	1	0	0	secreted (pred.)
gene_4250	273	0	0.0	0	0	0	other
gene_4252	231	1	0.0043	1	0	0	secreted (pred.)
gene_4253	196	1	0.0051	0	0	0	other
gene_4254	174	7	0.0402	1	1	0	secreted (pred.)
gene_4255	401	3	0.0075	0	0	0	other
gene_4257	238	1	0.0042	0	0	0	other
gene_4258	577	1	0.0017	0	0	0	other
gene_4259	306	2	0.0065	0	0	0	other
gene_426	613	59	0.0962	0	0	0	other
gene_4260	784	17	0.0217	0	0	0	other
gene_4261	257	3	0.0117	1	0	0	secreted (pred.)
gene_4262	706	7	0.0099	0	0	0	other
gene_4263	544	4	0.0074	0	0	0	other
gene_4264	2141	17	0.0079	0	0	0	other
gene_4265	153	1	0.0065	0	0	0	other
gene_4266	281	4	0.0142	0	0	0	other
gene_4267	1086	21	0.0193	0	0	0	other
gene_4268	529	2	0.0038	1	0	0	secreted (pred.)
gene_4269	291	3	0.0103	0	0	0	other
gene_427	498	8	0.0161	0	0	0	other
gene_4270	213	2	0.0094	1	0	0	secreted (pred.)
gene_4271	432	4	0.0093	0	0	0	other
gene_4272	505	8	0.0158	0	0	0	other
gene_4273	311	5	0.0161	0	0	0	other
gene_4274	345	7	0.0203	0	0	0	other
gene_4275	251	6	0.0239	0	0	0	other
gene_4276	486	10	0.0206	0	0	0	other
gene_4277	151	0	0.0	0	0	0	other
gene_4278	759	11	0.0145	0	0	0	other
gene_4279	330	1	0.003	0	0	0	other
gene_428	1496	17	0.0114	0	0	0	other
gene_4280	822	11	0.0134	0	0	0	other
gene_4281	375	6	0.016	1	0	0	secreted (pred.)
gene_4282	617	8	0.013	0	0	0	other
gene_4283	229	5	0.0218	0	0	0	other
gene_4284	130	9	0.0692	1	1	0	secreted (pred.)
gene_4285	80	0	0.0	0	0	0	other
gene_4286	113	1	0.0088	0	0	0	other
gene_4287	415	9	0.0217	1	0	0	secreted (pred.)
gene_4288	645	18	0.0279	0	0	0	other
gene_4289	2873	4	0.0014	0	0	0	other
gene_429	368	6	0.0163	0	0	0	other
gene_4290	602	3	0.005	0	0	0	other
gene_4291	646	4	0.0062	0	1	1	secreted (pred.)
gene_4292	543	5	0.0092	0	0	0	other
gene_4293	475	5	0.0105	0	0	0	other
gene_4294	277	0	0.0	0	0	0	other
gene_4295	124	2	0.0161	0	0	0	other
gene_4296	361	4	0.0111	0	0	0	other
gene_4297	453	8	0.0177	0	0	0	other
gene_4298	118	3	0.0254	0	0	0	other
gene_4299	549	2	0.0036	0	0	0	other
gene_43	119	8	0.0672	1	1	0	secreted (pred.)
gene_430	1421	28	0.0197	0	0	0	other
gene_4300	395	0	0.0	0	0	0	other
gene_4301	183	2	0.0109	0	0	0	other
gene_4302	447	3	0.0067	1	0	0	secreted (pred.)
gene_4303	130	1	0.0077	1	0	0	secreted (pred.)
gene_4304	635	20	0.0315	1	0	0	secreted (pred.)
gene_4305	226	2	0.0088	0	0	0	other
gene_4306	242	1	0.0041	1	0	0	secreted (pred.)
gene_4307	1252	9	0.0072	1	0	0	secreted (pred.)
gene_4308	849	7	0.0082	0	0	0	other
gene_4309	167	2	0.012	0	0	0	other
gene_431	1600	7	0.0044	0	0	0	other
gene_4310	111	9	0.0811	1	1	0	secreted (pred.)
gene_4311	1119	6	0.0054	0	0	0	other
gene_4312	630	11	0.0175	0	0	0	other
gene_4313	416	11	0.0264	1	0	0	secreted (pred.)
gene_4314	180	1	0.0056	0	0	0	other
gene_4315	604	9	0.0149	0	0	0	other
gene_4316	553	13	0.0235	1	0	0	secreted (pred.)
gene_4317	453	5	0.011	0	0	0	other
gene_4318	160	2	0.0125	0	0	0	other
gene_432	294	0	0.0	0	0	0	other
gene_4320	255	1	0.0039	0	0	0	other
gene_4321	643	5	0.0078	1	0	0	secreted (pred.)
gene_4323	194	1	0.0052	0	0	0	other
gene_4324	871	5	0.0057	0	0	0	other
gene_4325	513	7	0.0136	0	0	0	other
gene_4326	276	5	0.0181	0	0	0	other
gene_4327	753	12	0.0159	1	0	0	secreted (pred.)
gene_4328	371	8	0.0216	0	0	0	other
gene_4329	208	5	0.024	1	1	0	secreted (pred.)
gene_433	562	6	0.0107	1	0	0	secreted (pred.)
gene_4330	308	5	0.0162	0	0	0	other
gene_4331	154	0	0.0	0	0	0	other
gene_4332	429	10	0.0233	1	0	0	secreted (pred.)
gene_4333	666	1	0.0015	0	0	0	other
gene_4334	301	1	0.0033	0	0	0	other
gene_4335	128	2	0.0156	0	0	0	other
gene_4336	692	22	0.0318	1	0	0	secreted (pred.)
gene_4337	404	7	0.0173	1	0	0	secreted (pred.)
gene_4338	599	3	0.005	0	0	0	other
gene_4339	1413	11	0.0078	0	0	0	other
gene_434	1027	12	0.0117	0	0	0	other
gene_4340	322	8	0.0248	0	0	0	other
gene_4341	454	7	0.0154	0	0	0	other
gene_4342	368	4	0.0109	0	0	0	other
gene_4343	316	0	0.0	0	0	0	other
gene_4344	1222	27	0.0221	1	0	0	secreted (pred.)
gene_4345	473	11	0.0233	1	0	0	secreted (pred.)
gene_4346	528	4	0.0076	0	0	0	other
gene_4347	281	2	0.0071	1	0	0	secreted (pred.)
gene_4348	490	8	0.0163	0	0	0	other
gene_4349	327	14	0.0428	1	0	0	secreted (pred.)
gene_435	414	2	0.0048	0	0	0	other
gene_4350	441	7	0.0159	0	0	0	other
gene_4351	1411	16	0.0113	0	0	0	other
gene_4352	516	4	0.0078	1	0	0	secreted (pred.)
gene_4353	165	2	0.0121	0	0	0	other
gene_4354	932	10	0.0107	0	0	0	other
gene_4355	373	5	0.0134	1	0	0	secreted (pred.)
gene_4356	741	3	0.004	1	0	0	secreted (pred.)
gene_4357	479	8	0.0167	0	0	0	other
gene_4358	492	6	0.0122	1	0	0	secreted (pred.)
gene_4359	353	3	0.0085	1	0	0	secreted (pred.)
gene_436	346	2	0.0058	0	0	0	other
gene_4360	1035	14	0.0135	1	0	0	secreted (pred.)
gene_4361	468	8	0.0171	0	0	0	other
gene_4362	329	12	0.0365	0	0	0	other
gene_4363	566	9	0.0159	0	0	0	other
gene_4364	889	3	0.0034	1	0	0	secreted (pred.)
gene_4365	868	5	0.0058	0	0	0	other
gene_4366	398	3	0.0075	0	0	0	other
gene_4367	913	9	0.0099	0	0	0	other
gene_4368	415	3	0.0072	0	0	0	other
gene_437	255	4	0.0157	1	0	0	secreted (pred.)
gene_4370	347	5	0.0144	0	0	0	other
gene_4371	530	14	0.0264	0	0	0	other
gene_4372	642	3	0.0047	0	0	0	other
gene_4373	454	4	0.0088	0	0	0	other
gene_4374	625	12	0.0192	0	0	0	other
gene_4375	348	2	0.0057	1	0	0	secreted (pred.)
gene_4376	362	4	0.011	0	0	0	other
gene_4378	170	1	0.0059	0	0	0	other
gene_438	349	3	0.0086	0	0	0	other
gene_4380	499	9	0.018	1	0	0	secreted (pred.)
gene_4381	549	2	0.0036	0	0	0	other
gene_4382	281	4	0.0142	0	0	0	other
gene_4383	505	8	0.0158	1	0	0	secreted (pred.)
gene_4384	1409	12	0.0085	0	0	0	other
gene_4385	576	2	0.0035	0	0	0	other
gene_4386	130	2	0.0154	0	0	0	other
gene_4387	592	9	0.0152	0	0	0	other
gene_4388	378	4	0.0106	0	0	0	other
gene_4389	493	4	0.0081	0	1	1	secreted (pred.)
gene_439	768	2	0.0026	1	0	0	secreted (pred.)
gene_4390	349	5	0.0143	0	0	0	other
gene_4391	147	0	0.0	0	0	0	other
gene_4392	680	9	0.0132	0	0	0	other
gene_4393	138	1	0.0072	0	0	0	other
gene_4394	1211	14	0.0116	0	0	0	other
gene_4395	780	11	0.0141	0	0	0	other
gene_4396	842	7	0.0083	0	0	0	other
gene_4398	553	14	0.0253	0	0	0	other
gene_4399	499	8	0.016	1	0	0	secreted (pred.)
gene_44	726	4	0.0055	0	0	0	other
gene_440	617	8	0.013	0	0	0	other
gene_4400	135	0	0.0	0	0	0	other
gene_4401	95	1	0.0105	0	0	0	other
gene_4402	778	15	0.0193	0	0	0	other
gene_4403	483	6	0.0124	0	0	0	other
gene_4404	160	3	0.0187	0	0	0	other
gene_4405	1018	8	0.0079	0	0	0	other
gene_4406	307	2	0.0065	0	0	0	other
gene_4407	203	0	0.0	0	0	0	other
gene_4408	330	3	0.0091	0	0	0	other
gene_4409	1015	18	0.0177	0	0	0	other
gene_441	312	5	0.016	0	0	0	other
gene_4410	334	7	0.021	0	0	0	other
gene_4411	206	0	0.0	0	0	0	other
gene_4412	616	5	0.0081	0	0	0	other
gene_4413	406	6	0.0148	0	0	0	other
gene_4414	400	5	0.0125	0	0	0	other
gene_4416	206	3	0.0146	0	0	0	other
gene_4417	95	0	0.0	1	0	0	secreted (pred.)
gene_4418	261	6	0.023	0	0	0	other
gene_4419	561	6	0.0107	0	0	0	other
gene_442	174	8	0.046	1	1	0	secreted (pred.)
gene_4420	1118	16	0.0143	0	0	0	other
gene_4421	502	10	0.0199	0	0	0	other
gene_4422	447	8	0.0179	0	0	0	other
gene_4423	899	11	0.0122	1	0	0	secreted (pred.)
gene_4424	1102	5	0.0045	0	0	0	other
gene_4425	212	4	0.0189	1	1	1	secreted (pred.)
gene_4426	404	2	0.005	0	0	0	other
gene_4428	325	4	0.0123	1	0	0	secreted (pred.)
gene_4429	726	13	0.0179	0	0	0	other
gene_443	169	5	0.0296	1	0	0	secreted (pred.)
gene_4430	209	0	0.0	0	0	0	other
gene_4431	751	11	0.0146	0	0	0	other
gene_4432	606	16	0.0264	0	0	0	other
gene_4433	654	3	0.0046	0	0	0	other
gene_4434	113	0	0.0	0	0	0	other
gene_4435	492	5	0.0102	0	0	0	other
gene_4436	765	9	0.0118	0	0	0	other
gene_4437	1283	13	0.0101	0	0	0	other
gene_4438	552	2	0.0036	0	0	0	other
gene_4439	572	9	0.0157	1	0	0	secreted (pred.)
gene_444	1064	4	0.0038	0	0	0	other
gene_4440	682	0	0.0	0	0	0	other
gene_4441	268	0	0.0	0	0	0	other
gene_4442	1142	3	0.0026	0	0	0	other
gene_4443	365	3	0.0082	0	0	0	other
gene_4445	727	3	0.0041	1	0	0	secreted (pred.)
gene_4446	326	8	0.0245	0	0	0	other
gene_4447	88	2	0.0227	0	0	0	other
gene_4448	117	6	0.0513	1	1	0	secreted (pred.)
gene_4449	675	10	0.0148	0	0	0	other
gene_445	706	7	0.0099	0	0	0	other
gene_4450	339	4	0.0118	1	0	0	secreted (pred.)
gene_4451	980	13	0.0133	0	0	0	other
gene_4452	237	7	0.0295	0	0	0	other
gene_4453	649	9	0.0139	0	0	0	other
gene_4454	375	6	0.016	0	0	0	other
gene_4455	606	7	0.0116	0	0	0	other
gene_4456	725	11	0.0152	0	0	0	other
gene_4457	608	13	0.0214	0	0	0	other
gene_4458	325	8	0.0246	0	0	0	other
gene_4459	227	6	0.0264	0	0	0	other
gene_4460	373	1	0.0027	0	0	0	other
gene_4461	292	9	0.0308	0	0	0	other
gene_4462	121	0	0.0	1	0	0	secreted (pred.)
gene_4463	292	3	0.0103	0	0	0	other
gene_4464	429	4	0.0093	0	0	0	other
gene_4465	613	11	0.0179	0	0	0	other
gene_4466	703	15	0.0213	0	0	0	other
gene_4467	517	6	0.0116	0	0	0	other
gene_4468	1772	13	0.0073	0	0	0	other
gene_4469	334	2	0.006	1	0	0	secreted (pred.)
gene_447	307	2	0.0065	1	0	0	secreted (pred.)
gene_4470	436	2	0.0046	0	0	0	other
gene_4471	320	11	0.0344	1	0	0	secreted (pred.)
gene_4472	590	6	0.0102	0	0	0	other
gene_4473	422	4	0.0095	1	0	0	secreted (pred.)
gene_4474	1549	3	0.0019	0	0	0	other
gene_4475	705	11	0.0156	0	0	0	other
gene_4476	484	4	0.0083	0	0	0	other
gene_4477	434	2	0.0046	1	0	0	secreted (pred.)
gene_4478	550	14	0.0255	1	0	0	secreted (pred.)
gene_4479	242	10	0.0413	0	0	0	other
gene_4480	101	0	0.0	0	0	0	other
gene_4481	270	8	0.0296	1	1	0	secreted (pred.)
gene_4482	455	4	0.0088	0	0	0	other
gene_4484	150	0	0.0	1	0	0	secreted (pred.)
gene_4485	1181	18	0.0152	0	0	0	other
gene_4486	670	13	0.0194	0	0	0	other
gene_4487	908	9	0.0099	0	0	0	other
gene_4488	366	6	0.0164	0	0	0	other
gene_4489	264	4	0.0152	0	0	0	other
gene_449	166	9	0.0542	1	1	0	secreted (pred.)
gene_4490	266	6	0.0226	0	0	0	other
gene_4491	1176	4	0.0034	0	0	0	other
gene_4492	2388	13	0.0054	0	0	0	other
gene_4493	118	0	0.0	1	0	0	secreted (pred.)
gene_4494	583	5	0.0086	0	0	0	other
gene_4495	77	1	0.013	0	0	0	other
gene_4496	680	18	0.0265	0	0	0	other
gene_4497	102	0	0.0	0	0	0	other
gene_4498	361	3	0.0083	1	0	0	secreted (pred.)
gene_4499	2237	3	0.0013	1	0	0	secreted (pred.)
gene_45	488	3	0.0061	0	0	0	other
gene_450	560	12	0.0214	0	0	0	other
gene_4500	726	2	0.0028	0	0	0	other
gene_4501	501	7	0.014	0	0	0	other
gene_4502	131	3	0.0229	1	0	0	secreted (pred.)
gene_4503	205	3	0.0146	1	0	0	secreted (pred.)
gene_4504	287	1	0.0035	0	0	0	other
gene_4505	393	9	0.0229	1	0	0	secreted (pred.)
gene_4506	417	4	0.0096	1	0	0	secreted (pred.)
gene_4507	202	4	0.0198	0	0	0	other
gene_4508	1346	10	0.0074	0	0	0	other
gene_4509	262	8	0.0305	1	1	0	secreted (pred.)
gene_451	53	1	0.0189	0	0	0	other
gene_4510	513	15	0.0292	0	0	0	other
gene_4511	262	0	0.0	0	0	0	other
gene_4512	324	3	0.0093	0	0	0	other
gene_4513	334	4	0.012	0	0	0	other
gene_4514	436	5	0.0115	0	0	0	other
gene_4515	112	7	0.0625	1	1	0	secreted (pred.)
gene_4516	2078	33	0.0159	0	0	0	other
gene_4517	285	2	0.007	1	0	0	secreted (pred.)
gene_4518	153	5	0.0327	0	0	0	other
gene_4519	281	3	0.0107	1	0	0	secreted (pred.)
gene_452	187	4	0.0214	0	0	0	other
gene_4520	174	0	0.0	1	0	0	secreted (pred.)
gene_4521	279	3	0.0108	0	0	0	other
gene_4522	341	4	0.0117	0	0	0	other
gene_4523	856	11	0.0129	0	0	0	other
gene_4524	423	0	0.0	0	0	0	other
gene_4525	342	6	0.0175	0	0	0	other
gene_4526	73	0	0.0	0	0	0	other
gene_4527	556	10	0.018	1	0	0	secreted (pred.)
gene_4528	280	11	0.0393	0	0	0	other
gene_4529	115	2	0.0174	0	0	0	other
gene_453	408	5	0.0123	1	0	0	secreted (pred.)
gene_4531	621	7	0.0113	0	0	0	other
gene_4532	1049	2	0.0019	0	0	0	other
gene_4533	473	3	0.0063	0	0	0	other
gene_4534	119	4	0.0336	0	0	0	other
gene_4535	464	5	0.0108	0	0	0	other
gene_4537	342	6	0.0175	0	0	0	other
gene_4538	455	5	0.011	0	0	0	other
gene_4539	253	10	0.0395	1	1	0	secreted (pred.)
gene_454	494	7	0.0142	1	0	0	secreted (pred.)
gene_4540	668	6	0.009	0	0	0	other
gene_4541	835	7	0.0084	0	0	0	other
gene_4542	369	4	0.0108	0	0	0	other
gene_4543	237	14	0.0591	0	0	0	other
gene_4544	1104	13	0.0118	0	0	0	other
gene_4545	892	4	0.0045	0	0	0	other
gene_4546	435	9	0.0207	0	0	0	other
gene_4547	378	8	0.0212	0	0	0	other
gene_4548	1263	34	0.0269	0	0	0	other
gene_4549	418	4	0.0096	0	0	0	other
gene_455	402	4	0.01	1	0	0	secreted (pred.)
gene_4550	472	7	0.0148	1	0	0	secreted (pred.)
gene_4551	419	4	0.0095	1	0	0	secreted (pred.)
gene_4552	312	2	0.0064	0	0	0	other
gene_4553	426	0	0.0	0	0	0	other
gene_4555	461	11	0.0239	0	0	0	other
gene_4556	395	13	0.0329	0	0	0	other
gene_4557	604	6	0.0099	0	0	0	other
gene_4558	343	0	0.0	0	0	0	other
gene_4559	231	13	0.0563	0	0	0	other
gene_456	125	6	0.048	0	0	0	other
gene_4560	955	0	0.0	0	0	0	other
gene_4561	809	9	0.0111	0	0	0	other
gene_4562	237	9	0.038	0	0	0	other
gene_4563	658	2	0.003	0	0	0	other
gene_4564	258	3	0.0116	1	0	0	secreted (pred.)
gene_4565	59	1	0.0169	0	0	0	other
gene_4566	256	3	0.0117	1	0	0	secreted (pred.)
gene_4567	601	6	0.01	0	0	0	other
gene_4568	710	12	0.0169	0	0	0	other
gene_4569	55	1	0.0182	1	0	0	secreted (pred.)
gene_457	58	2	0.0345	0	0	0	other
gene_4570	566	8	0.0141	0	0	0	other
gene_4571	485	14	0.0289	0	0	0	other
gene_4572	578	4	0.0069	1	0	0	secreted (pred.)
gene_4573	319	0	0.0	0	0	0	other
gene_4574	198	5	0.0253	1	1	0	secreted (pred.)
gene_4575	398	10	0.0251	1	0	0	secreted (pred.)
gene_4576	163	3	0.0184	0	0	0	other
gene_4577	308	1	0.0032	0	0	0	other
gene_4578	513	0	0.0	0	0	0	other
gene_4579	292	2	0.0068	1	0	0	secreted (pred.)
gene_458	218	1	0.0046	0	0	0	other
gene_4581	241	1	0.0041	0	0	0	other
gene_4582	825	15	0.0182	0	0	0	other
gene_4583	547	12	0.0219	0	0	0	other
gene_4584	1000	8	0.008	0	0	0	other
gene_4585	595	8	0.0134	1	0	0	secreted (pred.)
gene_4586	121	7	0.0579	1	1	0	secreted (pred.)
gene_4587	600	6	0.01	0	0	0	other
gene_4588	904	16	0.0177	0	0	0	other
gene_4589	456	6	0.0132	0	0	0	other
gene_459	192	0	0.0	0	0	0	other
gene_4590	477	14	0.0294	0	0	0	other
gene_4591	387	1	0.0026	1	0	0	secreted (pred.)
gene_4592	402	5	0.0124	0	0	0	other
gene_4593	399	5	0.0125	0	0	0	other
gene_4594	133	1	0.0075	0	0	0	other
gene_4595	128	0	0.0	0	0	0	other
gene_4596	437	4	0.0092	0	0	0	other
gene_4597	426	6	0.0141	0	0	0	other
gene_4598	1519	8	0.0053	0	0	0	other
gene_4599	861	2	0.0023	0	0	0	other
gene_46	203	2	0.0099	1	0	0	secreted (pred.)
gene_460	535	11	0.0206	0	0	0	other
gene_4600	136	1	0.0074	0	0	0	other
gene_4601	391	6	0.0153	0	0	0	other
gene_4602	1154	7	0.0061	0	0	0	other
gene_4603	391	5	0.0128	0	0	0	other
gene_4604	127	0	0.0	0	0	0	other
gene_4605	601	15	0.025	0	0	0	other
gene_4606	174	4	0.023	0	0	0	other
gene_4607	998	10	0.01	0	0	0	other
gene_4608	578	4	0.0069	1	0	0	secreted (pred.)
gene_4609	709	6	0.0085	1	0	0	secreted (pred.)
gene_461	69	0	0.0	0	0	0	other
gene_4610	415	3	0.0072	0	0	0	other
gene_4611	495	1	0.002	0	0	0	other
gene_4612	692	14	0.0202	0	0	0	other
gene_4613	690	11	0.0159	0	0	0	other
gene_4614	261	9	0.0345	1	1	0	secreted (pred.)
gene_4615	665	11	0.0165	0	0	0	other
gene_4616	228	5	0.0219	1	1	0	secreted (pred.)
gene_4617	824	37	0.0449	1	1	1	secreted (pred.)
gene_4618	510	7	0.0137	0	0	0	other
gene_4619	132	0	0.0	0	0	0	other
gene_462	250	0	0.0	1	0	0	secreted (pred.)
gene_4620	583	6	0.0103	0	0	0	other
gene_4621	495	7	0.0141	0	0	0	other
gene_4622	466	8	0.0172	0	0	0	other
gene_4623	284	4	0.0141	0	0	0	other
gene_4624	99	1	0.0101	1	0	0	secreted (pred.)
gene_4625	1137	8	0.007	0	0	0	other
gene_4626	277	1	0.0036	0	0	0	other
gene_4627	127	0	0.0	0	0	0	other
gene_4628	195	12	0.0615	1	1	0	secreted (pred.)
gene_4629	306	2	0.0065	0	0	0	other
gene_463	360	13	0.0361	0	0	0	other
gene_4630	350	2	0.0057	0	0	0	other
gene_4631	345	1	0.0029	0	0	0	other
gene_4632	770	6	0.0078	0	0	0	other
gene_4633	338	7	0.0207	0	0	0	other
gene_4634	483	9	0.0186	1	0	0	secreted (pred.)
gene_4635	369	2	0.0054	0	0	0	other
gene_4636	411	1	0.0024	0	0	0	other
gene_4638	446	26	0.0583	1	0	0	secreted (pred.)
gene_4639	382	1	0.0026	0	0	0	other
gene_4640	811	13	0.016	0	0	0	other
gene_4641	128	5	0.0391	0	0	0	other
gene_4642	344	7	0.0203	0	0	0	other
gene_4643	528	5	0.0095	0	0	0	other
gene_4644	514	6	0.0117	0	0	0	other
gene_4645	261	6	0.023	0	0	0	other
gene_4646	148	6	0.0405	0	0	0	other
gene_4647	315	9	0.0286	0	0	0	other
gene_4648	300	7	0.0233	0	0	0	other
gene_4649	232	1	0.0043	0	0	0	other
gene_465	1474	14	0.0095	0	0	0	other
gene_4650	698	1	0.0014	0	0	0	other
gene_4651	471	6	0.0127	1	0	0	secreted (pred.)
gene_4652	1067	7	0.0066	0	0	0	other
gene_4653	255	0	0.0	0	0	0	other
gene_4654	1022	6	0.0059	0	0	0	other
gene_4655	576	5	0.0087	0	0	0	other
gene_4656	690	4	0.0058	0	0	0	other
gene_4657	288	6	0.0208	1	0	0	secreted (pred.)
gene_4658	321	2	0.0062	0	0	0	other
gene_4659	501	3	0.006	1	0	0	secreted (pred.)
gene_466	267	3	0.0112	1	0	0	secreted (pred.)
gene_4660	421	3	0.0071	1	0	0	secreted (pred.)
gene_4661	811	7	0.0086	0	0	0	other
gene_4662	899	6	0.0067	0	0	0	other
gene_4663	480	5	0.0104	0	0	0	other
gene_4664	217	1	0.0046	1	0	0	secreted (pred.)
gene_4666	546	15	0.0275	1	0	0	secreted (pred.)
gene_4667	846	10	0.0118	0	0	0	other
gene_4668	221	7	0.0317	0	0	0	other
gene_467	1017	10	0.0098	0	0	0	other
gene_4670	1447	20	0.0138	0	0	0	other
gene_4671	544	8	0.0147	0	0	0	other
gene_4672	300	5	0.0167	0	0	0	other
gene_4673	459	7	0.0153	1	0	0	secreted (pred.)
gene_4674	158	2	0.0127	0	0	0	other
gene_4675	461	5	0.0108	0	0	0	other
gene_4676	235	8	0.034	0	0	0	other
gene_4677	613	5	0.0082	0	0	0	other
gene_4678	302	2	0.0066	0	0	0	other
gene_4679	272	0	0.0	1	0	0	secreted (pred.)
gene_468	442	7	0.0158	0	0	0	other
gene_4680	221	5	0.0226	1	1	0	secreted (pred.)
gene_4681	661	6	0.0091	0	0	0	other
gene_4682	272	2	0.0074	0	0	0	other
gene_4683	713	16	0.0224	0	0	0	other
gene_4684	109	3	0.0275	0	0	0	other
gene_4685	153	3	0.0196	0	0	0	other
gene_4686	480	12	0.025	0	1	1	secreted (pred.)
gene_4687	529	6	0.0113	0	0	0	other
gene_4688	459	13	0.0283	1	0	0	secreted (pred.)
gene_4689	520	11	0.0212	0	0	0	other
gene_469	790	4	0.0051	0	0	0	other
gene_4690	228	5	0.0219	0	0	0	other
gene_4691	881	14	0.0159	1	0	0	secreted (pred.)
gene_4692	538	7	0.013	0	0	0	other
gene_4693	343	1	0.0029	0	0	0	other
gene_4694	661	6	0.0091	0	0	0	other
gene_4695	406	7	0.0172	1	0	0	secreted (pred.)
gene_4696	272	10	0.0368	0	0	0	other
gene_4697	82	2	0.0244	1	1	0	secreted (pred.)
gene_4698	152	7	0.0461	1	1	1	secreted (pred.)
gene_47	142	2	0.0141	0	0	0	other
gene_470	270	2	0.0074	0	0	0	other
gene_4700	360	2	0.0056	0	0	0	other
gene_4701	1568	19	0.0121	0	0	0	other
gene_4702	230	2	0.0087	0	0	0	other
gene_4703	553	4	0.0072	0	0	0	other
gene_4704	155	1	0.0065	0	0	0	other
gene_4705	398	3	0.0075	1	0	0	secreted (pred.)
gene_4706	441	8	0.0181	0	0	0	other
gene_4707	379	5	0.0132	0	0	0	other
gene_4709	901	14	0.0155	0	0	0	other
gene_471	806	15	0.0186	0	0	0	other
gene_4710	929	7	0.0075	0	0	0	other
gene_4711	690	27	0.0391	0	0	0	other
gene_4712	426	7	0.0164	0	0	0	other
gene_4713	516	3	0.0058	0	0	0	other
gene_4714	637	4	0.0063	0	0	0	other
gene_4715	410	2	0.0049	0	0	0	other
gene_4716	361	9	0.0249	0	0	0	other
gene_4717	246	3	0.0122	1	0	0	secreted (pred.)
gene_4718	427	8	0.0187	1	1	1	secreted (pred.)
gene_4719	877	8	0.0091	0	0	0	other
gene_472	86	2	0.0233	0	0	0	other
gene_4720	353	3	0.0085	0	0	0	other
gene_4721	310	3	0.0097	0	0	0	other
gene_4722	430	0	0.0	0	0	0	other
gene_4723	174	3	0.0172	0	0	0	other
gene_4724	476	9	0.0189	1	0	0	secreted (pred.)
gene_4725	245	2	0.0082	0	0	0	other
gene_4726	499	3	0.006	0	0	0	other
gene_4727	198	2	0.0101	1	0	0	secreted (pred.)
gene_4728	183	9	0.0492	1	1	0	secreted (pred.)
gene_4729	1057	9	0.0085	1	0	0	secreted (pred.)
gene_473	275	0	0.0	1	0	0	secreted (pred.)
gene_4730	146	4	0.0274	0	0	0	other
gene_4731	949	8	0.0084	1	0	0	secreted (pred.)
gene_4732	458	1	0.0022	0	0	0	other
gene_4734	442	3	0.0068	0	0	0	other
gene_4735	718	11	0.0153	1	0	0	secreted (pred.)
gene_4736	233	0	0.0	0	0	0	other
gene_4737	519	5	0.0096	0	0	0	other
gene_4738	213	12	0.0563	0	0	0	other
gene_4739	964	13	0.0135	0	0	0	other
gene_474	1267	10	0.0079	0	0	0	other
gene_4740	782	8	0.0102	0	0	0	other
gene_4741	191	2	0.0105	0	0	0	other
gene_4742	249	2	0.008	1	0	0	secreted (pred.)
gene_4743	591	7	0.0118	0	0	0	other
gene_4744	346	1	0.0029	0	0	0	other
gene_4745	196	3	0.0153	0	0	0	other
gene_4746	635	36	0.0567	0	0	0	other
gene_4747	532	13	0.0244	0	0	0	other
gene_4748	579	2	0.0035	1	0	0	secreted (pred.)
gene_4749	435	6	0.0138	0	0	0	other
gene_475	232	6	0.0259	0	0	0	other
gene_4750	273	1	0.0037	0	0	0	other
gene_4751	637	11	0.0173	0	0	0	other
gene_4752	1109	14	0.0126	0	0	0	other
gene_4753	160	4	0.025	1	1	0	secreted (pred.)
gene_4754	275	4	0.0145	0	0	0	other
gene_4755	661	3	0.0045	0	0	0	other
gene_4757	259	5	0.0193	1	1	0	secreted (pred.)
gene_4758	641	11	0.0172	0	0	0	other
gene_4759	374	5	0.0134	0	0	0	other
gene_476	563	7	0.0124	0	0	0	other
gene_4760	129	0	0.0	1	0	0	secreted (pred.)
gene_4761	253	2	0.0079	0	0	0	other
gene_4762	170	0	0.0	0	0	0	other
gene_4763	225	0	0.0	0	0	0	other
gene_4764	131	3	0.0229	0	0	0	other
gene_4765	243	0	0.0	1	0	0	secreted (pred.)
gene_4766	333	6	0.018	0	0	0	other
gene_4767	537	7	0.013	1	0	0	secreted (pred.)
gene_4768	312	1	0.0032	0	0	0	other
gene_4769	414	13	0.0314	0	0	0	other
gene_477	317	6	0.0189	0	0	0	other
gene_4770	1444	18	0.0125	0	0	0	other
gene_4771	264	6	0.0227	0	0	0	other
gene_4772	747	9	0.012	0	0	0	other
gene_4773	389	11	0.0283	0	0	0	other
gene_4774	531	12	0.0226	0	0	0	other
gene_4775	760	11	0.0145	0	0	0	other
gene_4776	122	7	0.0574	1	1	0	secreted (pred.)
gene_4777	255	1	0.0039	0	0	0	other
gene_4778	359	3	0.0084	0	0	0	other
gene_4779	799	7	0.0088	1	0	0	secreted (pred.)
gene_478	263	1	0.0038	0	0	0	other
gene_4780	288	1	0.0035	0	0	0	other
gene_4781	224	0	0.0	0	0	0	other
gene_4782	148	4	0.027	1	1	0	secreted (pred.)
gene_4783	340	6	0.0176	1	0	0	secreted (pred.)
gene_4784	364	5	0.0137	1	0	0	secreted (pred.)
gene_4785	1143	20	0.0175	0	0	0	other
gene_4786	601	14	0.0233	0	0	0	other
gene_4787	228	4	0.0175	0	0	0	other
gene_4788	701	19	0.0271	0	0	0	other
gene_4789	497	3	0.006	0	0	0	other
gene_479	362	5	0.0138	0	0	0	other
gene_4790	762	8	0.0105	0	0	0	other
gene_4791	334	0	0.0	0	0	0	other
gene_4792	406	2	0.0049	0	0	0	other
gene_4793	336	1	0.003	1	0	0	secreted (pred.)
gene_4794	282	4	0.0142	0	0	0	other
gene_4795	85	0	0.0	1	0	0	secreted (pred.)
gene_4796	398	1	0.0025	0	0	0	other
gene_4797	483	6	0.0124	1	0	0	secreted (pred.)
gene_4798	775	5	0.0065	1	0	0	secreted (pred.)
gene_4799	556	16	0.0288	0	0	0	other
gene_48	418	2	0.0048	0	0	0	other
gene_480	276	0	0.0	1	0	0	secreted (pred.)
gene_4800	61	0	0.0	0	0	0	other
gene_4801	722	36	0.0499	1	1	1	secreted (pred.)
gene_4802	258	6	0.0233	0	0	0	other
gene_4803	358	1	0.0028	0	0	0	other
gene_4804	212	2	0.0094	1	0	0	secreted (pred.)
gene_4805	165	8	0.0485	0	0	0	other
gene_4806	412	6	0.0146	0	0	0	other
gene_4807	832	23	0.0276	0	0	0	other
gene_4808	127	1	0.0079	0	0	0	other
gene_4809	554	6	0.0108	0	0	0	other
gene_481	395	1	0.0025	0	0	0	other
gene_4810	501	12	0.024	1	0	0	secreted (pred.)
gene_4811	641	10	0.0156	0	0	0	other
gene_4812	624	8	0.0128	1	1	1	secreted (pred.)
gene_4813	1461	20	0.0137	0	0	0	other
gene_4814	511	5	0.0098	1	0	0	secreted (pred.)
gene_4815	275	3	0.0109	0	0	0	other
gene_4816	396	3	0.0076	0	0	0	other
gene_4817	444	4	0.009	0	0	0	other
gene_4819	1052	12	0.0114	0	0	0	other
gene_482	157	1	0.0064	0	0	0	other
gene_4820	306	7	0.0229	1	0	0	secreted (pred.)
gene_4821	257	7	0.0272	0	0	0	other
gene_4822	1175	2	0.0017	0	0	0	other
gene_4823	469	4	0.0085	0	0	0	other
gene_4824	72	1	0.0139	1	0	0	secreted (pred.)
gene_4825	263	9	0.0342	1	1	0	secreted (pred.)
gene_4826	193	1	0.0052	0	0	0	other
gene_4827	441	2	0.0045	0	0	0	other
gene_4828	367	6	0.0163	1	0	0	secreted (pred.)
gene_4829	767	17	0.0222	0	0	0	other
gene_483	823	7	0.0085	0	0	0	other
gene_4830	154	0	0.0	0	0	0	other
gene_4831	485	6	0.0124	0	0	0	other
gene_4832	235	8	0.034	1	1	0	secreted (pred.)
gene_4833	924	2	0.0022	0	0	0	other
gene_4834	336	5	0.0149	1	0	0	secreted (pred.)
gene_4835	714	3	0.0042	0	0	0	other
gene_4836	804	23	0.0286	1	0	0	secreted (pred.)
gene_4838	302	5	0.0166	0	0	0	other
gene_484	336	2	0.006	0	0	0	other
gene_4840	117	0	0.0	1	0	0	secreted (pred.)
gene_4841	145	0	0.0	0	0	0	other
gene_4842	378	12	0.0317	1	1	1	secreted (pred.)
gene_4843	188	2	0.0106	1	0	0	secreted (pred.)
gene_4844	401	6	0.015	0	0	0	other
gene_4845	215	1	0.0047	0	0	0	other
gene_4846	577	12	0.0208	0	0	0	other
gene_4847	692	18	0.026	0	0	0	other
gene_4848	443	18	0.0406	1	0	0	secreted (pred.)
gene_4849	290	12	0.0414	1	1	0	secreted (pred.)
gene_485	308	7	0.0227	0	0	0	other
gene_4850	1083	11	0.0102	0	0	0	other
gene_4851	68	0	0.0	0	0	0	other
gene_4852	203	4	0.0197	1	1	0	secreted (pred.)
gene_4853	396	5	0.0126	0	0	0	other
gene_4854	2118	3	0.0014	1	0	0	secreted (pred.)
gene_4855	364	6	0.0165	1	0	0	secreted (pred.)
gene_4856	492	6	0.0122	0	0	0	other
gene_4857	352	4	0.0114	0	0	0	other
gene_4858	553	4	0.0072	0	0	0	other
gene_4859	245	4	0.0163	0	0	0	other
gene_486	255	6	0.0235	0	0	0	other
gene_4860	263	4	0.0152	0	0	0	other
gene_4862	533	7	0.0131	0	0	0	other
gene_4863	248	6	0.0242	0	0	0	other
gene_4864	240	9	0.0375	0	0	0	other
gene_4865	461	3	0.0065	1	0	0	secreted (pred.)
gene_4866	1111	18	0.0162	1	0	0	secreted (pred.)
gene_4868	575	2	0.0035	0	0	0	other
gene_4869	977	15	0.0154	0	0	0	other
gene_487	158	1	0.0063	1	0	0	secreted (pred.)
gene_4870	380	1	0.0026	1	0	0	secreted (pred.)
gene_4871	230	0	0.0	1	0	0	secreted (pred.)
gene_4872	269	4	0.0149	0	0	0	other
gene_4873	1184	6	0.0051	0	0	0	other
gene_4874	649	12	0.0185	0	0	0	other
gene_4875	175	0	0.0	0	0	0	other
gene_4876	452	5	0.0111	0	0	0	other
gene_4877	745	4	0.0054	0	0	0	other
gene_4878	176	0	0.0	0	0	0	other
gene_4879	432	7	0.0162	0	0	0	other
gene_488	1057	9	0.0085	1	0	0	secreted (pred.)
gene_4880	226	1	0.0044	0	0	0	other
gene_4881	716	5	0.007	0	0	0	other
gene_4882	216	1	0.0046	0	0	0	other
gene_4883	340	3	0.0088	1	0	0	secreted (pred.)
gene_4884	315	4	0.0127	0	0	0	other
gene_4885	484	5	0.0103	0	0	0	other
gene_4886	187	1	0.0053	0	0	0	other
gene_4887	717	11	0.0153	0	0	0	other
gene_4888	646	3	0.0046	0	0	0	other
gene_4889	451	12	0.0266	1	0	0	secreted (pred.)
gene_489	389	3	0.0077	0	0	0	other
gene_4890	677	7	0.0103	0	0	0	other
gene_4891	417	9	0.0216	0	0	0	other
gene_4892	107	0	0.0	0	0	0	other
gene_4893	268	4	0.0149	0	0	0	other
gene_4894	731	1	0.0014	0	0	0	other
gene_4895	645	2	0.0031	0	0	0	other
gene_4896	222	5	0.0225	1	1	0	secreted (pred.)
gene_4897	770	7	0.0091	0	0	0	other
gene_4899	270	0	0.0	0	0	0	other
gene_49	607	5	0.0082	0	0	0	other
gene_490	225	0	0.0	0	0	0	other
gene_4900	376	2	0.0053	0	0	0	other
gene_4902	1008	4	0.004	1	0	0	secreted (pred.)
gene_4903	949	14	0.0148	0	0	0	other
gene_4904	567	14	0.0247	1	0	0	secreted (pred.)
gene_4905	643	5	0.0078	0	0	0	other
gene_4907	463	6	0.013	0	0	0	other
gene_4908	200	2	0.01	0	0	0	other
gene_4909	331	7	0.0211	0	0	0	other
gene_491	385	7	0.0182	1	0	0	secreted (pred.)
gene_4910	584	9	0.0154	0	0	0	other
gene_4911	487	7	0.0144	0	0	0	other
gene_4912	195	1	0.0051	0	0	0	other
gene_4913	267	8	0.03	1	1	0	secreted (pred.)
gene_4914	478	5	0.0105	1	0	0	secreted (pred.)
gene_4915	237	0	0.0	0	0	0	other
gene_4916	283	1	0.0035	0	0	0	other
gene_4917	641	5	0.0078	0	0	0	other
gene_4919	351	4	0.0114	1	0	0	secreted (pred.)
gene_492	95	6	0.0632	1	1	0	secreted (pred.)
gene_4920	263	3	0.0114	0	0	0	other
gene_4921	1842	59	0.032	1	0	0	secreted (pred.)
gene_4922	481	0	0.0	0	0	0	other
gene_4923	867	3	0.0035	0	0	0	other
gene_4924	282	4	0.0142	1	1	0	secreted (pred.)
gene_4925	320	7	0.0219	1	0	0	secreted (pred.)
gene_4926	1126	14	0.0124	1	0	0	secreted (pred.)
gene_4927	308	10	0.0325	1	0	0	secreted (pred.)
gene_4928	141	0	0.0	0	0	0	other
gene_4929	259	0	0.0	1	0	0	secreted (pred.)
gene_493	1999	33	0.0165	0	0	0	other
gene_4930	87	1	0.0115	0	0	0	other
gene_4931	805	18	0.0224	0	0	0	other
gene_4932	170	12	0.0706	1	1	0	secreted (pred.)
gene_4933	414	4	0.0097	1	0	0	secreted (pred.)
gene_4934	345	4	0.0116	0	0	0	other
gene_4935	265	3	0.0113	0	0	0	other
gene_4936	694	11	0.0159	1	0	0	secreted (pred.)
gene_4937	999	6	0.006	0	0	0	other
gene_4938	257	2	0.0078	0	0	0	other
gene_4939	1731	4	0.0023	0	0	0	other
gene_494	390	0	0.0	0	0	0	other
gene_4941	360	14	0.0389	0	0	0	other
gene_4943	884	4	0.0045	0	0	0	other
gene_4944	797	6	0.0075	1	0	0	secreted (pred.)
gene_4945	226	9	0.0398	0	0	0	other
gene_4946	103	4	0.0388	0	0	0	other
gene_4947	405	3	0.0074	1	0	0	secreted (pred.)
gene_4949	247	6	0.0243	0	0	0	other
gene_495	758	14	0.0185	0	0	0	other
gene_4950	288	6	0.0208	0	0	0	other
gene_4951	787	10	0.0127	0	0	0	other
gene_4952	285	5	0.0175	0	0	0	other
gene_4953	310	2	0.0065	0	0	0	other
gene_4954	285	3	0.0105	0	0	0	other
gene_4955	615	12	0.0195	0	0	0	other
gene_4956	445	6	0.0135	0	0	0	other
gene_4957	312	1	0.0032	1	0	0	secreted (pred.)
gene_4958	686	12	0.0175	0	0	0	other
gene_4959	313	2	0.0064	1	0	0	secreted (pred.)
gene_496	516	8	0.0155	0	0	0	other
gene_4960	195	4	0.0205	0	0	0	other
gene_4961	421	6	0.0143	1	0	0	secreted (pred.)
gene_4962	1000	13	0.013	0	0	0	other
gene_4963	550	8	0.0145	0	0	0	other
gene_4964	1193	6	0.005	0	0	0	other
gene_4965	124	4	0.0323	1	1	0	secreted (pred.)
gene_4966	214	2	0.0093	0	0	0	other
gene_4967	468	7	0.015	0	0	0	other
gene_4968	103	1	0.0097	1	0	0	secreted (pred.)
gene_4969	662	3	0.0045	0	0	0	other
gene_497	510	6	0.0118	0	0	0	other
gene_4970	476	5	0.0105	0	0	0	other
gene_4971	1006	22	0.0219	0	0	0	other
gene_4973	206	9	0.0437	0	0	0	other
gene_4974	315	2	0.0063	0	0	0	other
gene_4975	347	6	0.0173	0	0	0	other
gene_4976	306	2	0.0065	0	0	0	other
gene_4977	195	1	0.0051	0	0	0	other
gene_4978	237	3	0.0127	0	0	0	other
gene_4979	446	8	0.0179	0	0	0	other
gene_498	163	7	0.0429	0	0	0	other
gene_4980	549	9	0.0164	0	0	0	other
gene_4981	145	2	0.0138	0	0	0	other
gene_4982	110	8	0.0727	0	0	0	other
gene_4983	98	0	0.0	0	0	0	other
gene_4984	248	1	0.004	0	0	0	other
gene_4985	538	4	0.0074	0	0	0	other
gene_4987	706	12	0.017	0	0	0	other
gene_4988	216	0	0.0	1	0	0	secreted (pred.)
gene_4989	842	9	0.0107	1	0	0	secreted (pred.)
gene_499	207	0	0.0	0	0	0	other
gene_4990	565	11	0.0195	0	0	0	other
gene_4991	395	4	0.0101	0	0	0	other
gene_4992	54	2	0.037	1	1	0	secreted (pred.)
gene_4993	1479	20	0.0135	0	0	0	other
gene_4994	272	3	0.011	0	0	0	other
gene_4995	396	7	0.0177	0	0	0	other
gene_4996	804	15	0.0187	0	0	0	other
gene_4997	646	3	0.0046	0	0	0	other
gene_4998	488	24	0.0492	0	0	0	other
gene_4999	356	5	0.014	0	0	0	other
gene_5	432	5	0.0116	1	0	0	secreted (pred.)
gene_50	386	3	0.0078	0	0	0	other
gene_500	507	8	0.0158	0	0	0	other
gene_5000	378	2	0.0053	1	0	0	secreted (pred.)
gene_5001	2414	20	0.0083	1	0	0	secreted (pred.)
gene_5002	507	9	0.0178	1	0	0	secreted (pred.)
gene_5003	243	2	0.0082	0	0	0	other
gene_5004	603	7	0.0116	1	0	0	secreted (pred.)
gene_5005	467	5	0.0107	0	0	0	other
gene_5006	574	6	0.0105	1	0	0	secreted (pred.)
gene_5007	1406	15	0.0107	0	0	0	other
gene_5008	1491	15	0.0101	0	0	0	other
gene_5009	1275	18	0.0141	0	0	0	other
gene_501	504	9	0.0179	0	0	0	other
gene_5010	340	3	0.0088	1	0	0	secreted (pred.)
gene_5011	566	22	0.0389	1	0	0	secreted (pred.)
gene_5012	291	0	0.0	0	0	0	other
gene_5013	298	1	0.0034	0	0	0	other
gene_5014	391	7	0.0179	0	0	0	other
gene_5015	718	15	0.0209	0	0	0	other
gene_5016	276	5	0.0181	0	0	0	other
gene_5017	206	2	0.0097	0	0	0	other
gene_5018	367	2	0.0054	0	0	0	other
gene_5019	512	4	0.0078	1	0	0	secreted (pred.)
gene_502	294	4	0.0136	0	0	0	other
gene_5020	448	12	0.0268	0	0	0	other
gene_5021	307	1	0.0033	1	0	0	secreted (pred.)
gene_5022	539	7	0.013	0	0	0	other
gene_5023	140	4	0.0286	0	0	0	other
gene_5024	879	8	0.0091	0	0	0	other
gene_5025	805	12	0.0149	0	0	0	other
gene_5026	1761	17	0.0097	0	0	0	other
gene_5027	303	3	0.0099	0	0	0	other
gene_5028	440	4	0.0091	0	0	0	other
gene_5029	504	6	0.0119	0	0	0	other
gene_503	238	7	0.0294	0	0	0	other
gene_5030	401	10	0.0249	1	0	0	secreted (pred.)
gene_5031	561	5	0.0089	1	0	0	secreted (pred.)
gene_5032	465	8	0.0172	0	0	0	other
gene_5033	531	8	0.0151	0	0	0	other
gene_5034	512	5	0.0098	0	0	0	other
gene_5035	789	7	0.0089	0	0	0	other
gene_5036	344	4	0.0116	0	0	0	other
gene_5037	1140	4	0.0035	0	0	0	other
gene_5038	644	8	0.0124	0	0	0	other
gene_5039	438	2	0.0046	0	0	0	other
gene_504	389	6	0.0154	1	0	0	secreted (pred.)
gene_5040	153	3	0.0196	0	0	0	other
gene_5041	522	8	0.0153	0	0	0	other
gene_5042	448	5	0.0112	0	0	0	other
gene_5043	587	17	0.029	0	0	0	other
gene_5044	177	3	0.0169	0	0	0	other
gene_5045	507	11	0.0217	0	0	0	other
gene_5046	251	6	0.0239	0	0	0	other
gene_5047	464	17	0.0366	1	1	1	secreted (pred.)
gene_5049	372	8	0.0215	0	0	0	other
gene_505	549	0	0.0	0	0	0	other
gene_5050	699	12	0.0172	0	0	0	other
gene_5051	495	3	0.0061	0	0	0	other
gene_5052	423	4	0.0095	1	0	0	secreted (pred.)
gene_5053	598	11	0.0184	0	0	0	other
gene_5054	735	5	0.0068	0	0	0	other
gene_5055	2050	26	0.0127	0	0	0	other
gene_5056	573	7	0.0122	0	0	0	other
gene_5058	1793	0	0.0	0	0	0	other
gene_5059	348	1	0.0029	0	0	0	other
gene_506	169	7	0.0414	0	0	0	other
gene_5060	1507	9	0.006	0	0	0	other
gene_5061	503	9	0.0179	1	0	0	secreted (pred.)
gene_5062	266	0	0.0	0	0	0	other
gene_5063	231	4	0.0173	1	1	0	secreted (pred.)
gene_5064	477	12	0.0252	0	0	0	other
gene_5065	776	4	0.0052	1	0	0	secreted (pred.)
gene_5066	449	7	0.0156	0	0	0	other
gene_5067	57	6	0.1053	1	1	0	secreted (pred.)
gene_5068	770	8	0.0104	0	0	0	other
gene_5069	417	7	0.0168	1	0	0	secreted (pred.)
gene_507	224	5	0.0223	0	0	0	other
gene_5070	760	11	0.0145	0	0	0	other
gene_5071	186	0	0.0	0	0	0	other
gene_5072	277	6	0.0217	0	0	0	other
gene_5073	176	3	0.017	0	0	0	other
gene_5074	534	7	0.0131	0	0	0	other
gene_5075	282	9	0.0319	0	0	0	other
gene_5076	1209	15	0.0124	0	0	0	other
gene_5077	679	8	0.0118	0	0	0	other
gene_5078	532	11	0.0207	0	0	0	other
gene_5079	310	8	0.0258	0	0	0	other
gene_508	475	5	0.0105	0	0	0	other
gene_5080	181	4	0.0221	1	1	0	secreted (pred.)
gene_5081	891	28	0.0314	0	0	0	other
gene_5082	791	7	0.0088	0	0	0	other
gene_5083	882	12	0.0136	1	0	0	secreted (pred.)
gene_5084	374	6	0.016	1	0	0	secreted (pred.)
gene_5085	109	0	0.0	1	0	0	secreted (pred.)
gene_5087	367	1	0.0027	0	0	0	other
gene_5088	531	6	0.0113	0	0	0	other
gene_5089	400	2	0.005	0	0	0	other
gene_5090	456	6	0.0132	1	0	0	secreted (pred.)
gene_5091	443	8	0.0181	0	0	0	other
gene_5092	778	21	0.027	0	0	0	other
gene_5093	1320	10	0.0076	0	0	0	other
gene_5094	312	4	0.0128	0	0	0	other
gene_5095	306	3	0.0098	0	0	0	other
gene_5096	307	4	0.013	1	0	0	secreted (pred.)
gene_5097	717	6	0.0084	1	0	0	secreted (pred.)
gene_5099	149	0	0.0	1	0	0	secreted (pred.)
gene_51	165	1	0.0061	1	0	0	secreted (pred.)
gene_510	120	0	0.0	0	0	0	other
gene_5100	165	4	0.0242	0	0	0	other
gene_5101	682	7	0.0103	0	0	0	other
gene_5102	599	4	0.0067	0	0	0	other
gene_5103	687	11	0.016	0	0	0	other
gene_5104	432	3	0.0069	0	0	0	other
gene_5105	445	5	0.0112	0	0	0	other
gene_5106	881	5	0.0057	0	0	0	other
gene_5107	304	2	0.0066	0	0	0	other
gene_5108	835	18	0.0216	0	0	0	other
gene_5109	132	0	0.0	0	0	0	other
gene_511	533	10	0.0188	0	0	0	other
gene_5110	363	9	0.0248	0	0	0	other
gene_5111	280	2	0.0071	0	0	0	other
gene_5112	382	3	0.0079	0	0	0	other
gene_5113	903	16	0.0177	0	0	0	other
gene_5114	306	7	0.0229	1	0	0	secreted (pred.)
gene_5115	390	5	0.0128	0	0	0	other
gene_5116	330	1	0.003	0	0	0	other
gene_5117	271	5	0.0185	0	0	0	other
gene_5118	626	6	0.0096	0	0	0	other
gene_5119	343	10	0.0292	0	0	0	other
gene_512	276	3	0.0109	0	0	0	other
gene_5120	448	4	0.0089	0	0	0	other
gene_5121	775	4	0.0052	0	0	0	other
gene_5122	161	2	0.0124	0	0	0	other
gene_5123	413	4	0.0097	0	0	0	other
gene_5124	909	7	0.0077	0	0	0	other
gene_5125	418	1	0.0024	0	0	0	other
gene_5126	571	12	0.021	0	0	0	other
gene_5127	362	4	0.011	0	0	0	other
gene_5128	555	4	0.0072	0	0	0	other
gene_5129	221	0	0.0	0	0	0	other
gene_513	513	8	0.0156	1	0	0	secreted (pred.)
gene_5130	516	15	0.0291	0	0	0	other
gene_5131	279	10	0.0358	0	0	0	other
gene_5132	452	2	0.0044	0	0	0	other
gene_5133	278	5	0.018	0	0	0	other
gene_5134	626	3	0.0048	0	0	0	other
gene_5135	172	2	0.0116	1	0	0	secreted (pred.)
gene_5136	227	1	0.0044	0	0	0	other
gene_5137	517	9	0.0174	0	0	0	other
gene_5138	947	8	0.0084	1	0	0	secreted (pred.)
gene_5139	262	13	0.0496	0	0	0	other
gene_5140	866	8	0.0092	0	0	0	other
gene_5141	282	5	0.0177	0	0	0	other
gene_5142	521	5	0.0096	1	0	0	secreted (pred.)
gene_5143	692	6	0.0087	1	0	0	secreted (pred.)
gene_5144	519	7	0.0135	0	0	0	other
gene_5145	684	3	0.0044	1	0	0	secreted (pred.)
gene_5146	623	5	0.008	1	0	0	secreted (pred.)
gene_5147	227	5	0.022	1	1	0	secreted (pred.)
gene_5148	167	2	0.012	0	0	0	other
gene_5149	627	13	0.0207	0	0	0	other
gene_515	425	4	0.0094	0	0	0	other
gene_5150	514	4	0.0078	0	0	0	other
gene_5151	659	7	0.0106	0	0	0	other
gene_5152	185	1	0.0054	0	0	0	other
gene_5153	154	4	0.026	0	0	0	other
gene_5154	291	2	0.0069	0	0	0	other
gene_5155	645	9	0.014	0	0	0	other
gene_5156	223	4	0.0179	0	0	0	other
gene_5157	1117	8	0.0072	0	0	0	other
gene_5158	276	5	0.0181	0	0	0	other
gene_5159	158	6	0.038	1	1	0	secreted (pred.)
gene_516	707	3	0.0042	0	0	0	other
gene_5160	734	19	0.0259	0	0	0	other
gene_5161	79	1	0.0127	0	0	0	other
gene_5162	219	1	0.0046	0	0	0	other
gene_5163	197	4	0.0203	0	0	0	other
gene_5164	257	1	0.0039	0	0	0	other
gene_5165	335	0	0.0	0	0	0	other
gene_5166	260	2	0.0077	0	0	0	other
gene_5167	572	3	0.0052	0	0	0	other
gene_5168	178	5	0.0281	1	1	0	secreted (pred.)
gene_5169	770	4	0.0052	0	0	0	other
gene_517	118	1	0.0085	0	0	0	other
gene_5170	671	10	0.0149	0	0	0	other
gene_5171	689	4	0.0058	0	0	0	other
gene_5172	326	6	0.0184	0	0	0	other
gene_5173	77	6	0.0779	1	1	0	secreted (pred.)
gene_5174	591	7	0.0118	0	0	0	other
gene_5175	160	1	0.0063	0	0	0	other
gene_5176	551	7	0.0127	0	0	0	other
gene_5177	722	8	0.0111	0	0	0	other
gene_5178	686	5	0.0073	0	0	0	other
gene_5179	776	14	0.018	0	0	0	other
gene_518	332	5	0.0151	0	0	0	other
gene_5180	374	5	0.0134	1	0	0	secreted (pred.)
gene_5181	1217	9	0.0074	0	0	0	other
gene_5182	207	1	0.0048	0	0	0	other
gene_5183	131	0	0.0	0	0	0	other
gene_5184	322	3	0.0093	0	0	0	other
gene_5185	920	4	0.0043	0	0	0	other
gene_5186	546	5	0.0092	0	0	0	other
gene_5187	276	2	0.0072	0	0	0	other
gene_5188	397	6	0.0151	1	0	0	secreted (pred.)
gene_5189	411	8	0.0195	0	0	0	other
gene_519	571	8	0.014	0	0	0	other
gene_5190	223	10	0.0448	0	0	0	other
gene_5191	1269	9	0.0071	0	0	0	other
gene_5192	289	9	0.0311	0	0	0	other
gene_5194	198	3	0.0152	0	0	0	other
gene_5195	301	1	0.0033	0	0	0	other
gene_5196	834	14	0.0168	0	0	0	other
gene_5197	502	13	0.0259	0	0	0	other
gene_5198	283	7	0.0247	0	0	0	other
gene_5199	1011	11	0.0109	0	0	0	other
gene_520	292	4	0.0137	0	0	0	other
gene_5200	998	3	0.003	1	0	0	secreted (pred.)
gene_5201	540	6	0.0111	0	0	0	other
gene_5202	834	3	0.0036	1	0	0	secreted (pred.)
gene_5203	336	3	0.0089	0	0	0	other
gene_5204	557	14	0.0251	1	0	0	secreted (pred.)
gene_5205	165	7	0.0424	0	0	0	other
gene_5206	54	6	0.1111	0	0	0	other
gene_5207	1251	23	0.0184	0	0	0	other
gene_5208	176	5	0.0284	1	1	0	secreted (pred.)
gene_5209	1625	8	0.0049	0	0	0	other
gene_521	724	7	0.0097	1	0	0	secreted (pred.)
gene_5210	152	1	0.0066	0	0	0	other
gene_5211	760	8	0.0105	0	0	0	other
gene_5212	110	0	0.0	0	0	0	other
gene_5213	515	4	0.0078	1	0	0	secreted (pred.)
gene_5214	334	13	0.0389	0	0	0	other
gene_5215	74	3	0.0405	1	1	0	secreted (pred.)
gene_5216	1361	27	0.0198	0	1	1	secreted (pred.)
gene_5217	515	3	0.0058	0	0	0	other
gene_5218	399	3	0.0075	1	0	0	secreted (pred.)
gene_5219	193	7	0.0363	0	0	0	other
gene_522	167	2	0.012	0	0	0	other
gene_5220	780	16	0.0205	0	0	0	other
gene_5221	1016	5	0.0049	1	0	0	secreted (pred.)
gene_5222	138	1	0.0072	0	0	0	other
gene_5223	402	5	0.0124	0	0	0	other
gene_5224	222	2	0.009	0	0	0	other
gene_5225	106	1	0.0094	0	0	0	other
gene_5226	200	6	0.03	0	0	0	other
gene_5227	375	2	0.0053	0	0	0	other
gene_5228	239	2	0.0084	0	0	0	other
gene_5229	517	9	0.0174	0	0	0	other
gene_523	226	1	0.0044	0	0	0	other
gene_5230	299	2	0.0067	0	0	0	other
gene_5231	536	9	0.0168	0	0	0	other
gene_5232	146	10	0.0685	1	1	1	secreted (pred.)
gene_5233	269	2	0.0074	0	0	0	other
gene_5234	260	2	0.0077	0	0	0	other
gene_5235	322	1	0.0031	0	0	0	other
gene_5236	138	2	0.0145	1	0	0	secreted (pred.)
gene_5237	286	1	0.0035	0	0	0	other
gene_5238	353	7	0.0198	1	0	0	secreted (pred.)
gene_5239	276	4	0.0145	0	0	0	other
gene_524	568	3	0.0053	1	0	0	secreted (pred.)
gene_5240	112	3	0.0268	0	0	0	other
gene_5241	701	1	0.0014	0	0	0	other
gene_5242	421	2	0.0048	0	0	0	other
gene_5243	871	11	0.0126	0	0	0	other
gene_5244	149	4	0.0268	0	0	0	other
gene_5245	706	7	0.0099	0	0	0	other
gene_5246	341	7	0.0205	0	0	0	other
gene_5247	370	11	0.0297	0	0	0	other
gene_5248	353	3	0.0085	0	0	0	other
gene_5249	208	1	0.0048	1	0	0	secreted (pred.)
gene_525	396	4	0.0101	1	0	0	secreted (pred.)
gene_5250	328	4	0.0122	0	0	0	other
gene_5251	478	4	0.0084	0	0	0	other
gene_5252	762	9	0.0118	0	0	0	other
gene_5253	631	3	0.0048	0	0	0	other
gene_5254	675	13	0.0193	0	0	0	other
gene_5255	514	4	0.0078	1	0	0	secreted (pred.)
gene_5256	343	5	0.0146	0	0	0	other
gene_5257	922	8	0.0087	0	0	0	other
gene_5258	146	0	0.0	0	0	0	other
gene_5259	530	5	0.0094	0	0	0	other
gene_526	298	8	0.0268	0	0	0	other
gene_5260	266	2	0.0075	1	0	0	secreted (pred.)
gene_5261	585	15	0.0256	0	0	0	other
gene_5262	328	3	0.0091	0	0	0	other
gene_5263	446	10	0.0224	1	0	0	secreted (pred.)
gene_5264	375	2	0.0053	0	0	0	other
gene_5265	904	14	0.0155	0	0	0	other
gene_5266	644	8	0.0124	0	0	0	other
gene_5267	97	0	0.0	1	0	0	secreted (pred.)
gene_5268	501	4	0.008	1	0	0	secreted (pred.)
gene_5269	882	11	0.0125	0	0	0	other
gene_527	183	1	0.0055	0	0	0	other
gene_5270	491	4	0.0081	0	0	0	other
gene_5271	186	4	0.0215	0	0	0	other
gene_5272	482	3	0.0062	0	0	0	other
gene_5273	108	3	0.0278	1	1	0	secreted (pred.)
gene_5274	504	4	0.0079	0	0	0	other
gene_5275	81	1	0.0123	0	0	0	other
gene_5276	1264	19	0.015	0	0	0	other
gene_5278	253	5	0.0198	1	0	0	secreted (pred.)
gene_5279	251	4	0.0159	0	0	0	other
gene_528	348	1	0.0029	1	0	0	secreted (pred.)
gene_5280	1225	16	0.0131	0	0	0	other
gene_5281	505	6	0.0119	0	0	0	other
gene_5282	863	30	0.0348	0	0	0	other
gene_5284	1041	21	0.0202	1	0	0	secreted (pred.)
gene_5285	309	4	0.0129	0	0	0	other
gene_5286	554	9	0.0162	0	0	0	other
gene_5287	571	2	0.0035	0	0	0	other
gene_5288	630	7	0.0111	0	0	0	other
gene_5289	676	9	0.0133	0	0	0	other
gene_529	216	3	0.0139	1	0	0	secreted (pred.)
gene_5291	169	1	0.0059	0	0	0	other
gene_5292	604	3	0.005	1	0	0	secreted (pred.)
gene_5294	610	2	0.0033	0	0	0	other
gene_5295	423	4	0.0095	1	0	0	secreted (pred.)
gene_5296	721	5	0.0069	0	0	0	other
gene_5297	166	1	0.006	0	0	0	other
gene_5298	105	0	0.0	0	0	0	other
gene_5299	162	4	0.0247	1	1	0	secreted (pred.)
gene_53	269	0	0.0	1	0	0	secreted (pred.)
gene_530	592	9	0.0152	0	0	0	other
gene_5300	327	3	0.0092	1	0	0	secreted (pred.)
gene_5301	417	6	0.0144	1	0	0	secreted (pred.)
gene_5302	312	0	0.0	0	0	0	other
gene_5303	555	17	0.0306	0	0	0	other
gene_5304	224	3	0.0134	0	0	0	other
gene_5305	597	7	0.0117	0	0	0	other
gene_5306	247	9	0.0364	0	0	0	other
gene_5307	126	0	0.0	0	0	0	other
gene_5308	398	1	0.0025	1	0	0	secreted (pred.)
gene_5309	1052	16	0.0152	0	0	0	other
gene_531	330	6	0.0182	1	0	0	secreted (pred.)
gene_5310	361	5	0.0139	0	0	0	other
gene_5311	756	6	0.0079	0	0	0	other
gene_5312	2524	33	0.0131	0	0	0	other
gene_5313	220	2	0.0091	0	0	0	other
gene_5314	591	1	0.0017	0	0	0	other
gene_5315	432	22	0.0509	1	0	0	secreted (pred.)
gene_5316	923	5	0.0054	0	0	0	other
gene_5317	1042	14	0.0134	0	0	0	other
gene_5318	225	1	0.0044	0	0	0	other
gene_5319	381	1	0.0026	0	0	0	other
gene_532	500	6	0.012	0	0	0	other
gene_5321	547	4	0.0073	1	0	0	secreted (pred.)
gene_5322	1081	9	0.0083	0	0	0	other
gene_5323	1147	14	0.0122	1	0	0	secreted (pred.)
gene_5324	164	3	0.0183	1	0	0	secreted (pred.)
gene_5325	506	3	0.0059	0	0	0	other
gene_5326	167	2	0.012	0	0	0	other
gene_5327	263	0	0.0	0	0	0	other
gene_5328	361	11	0.0305	0	0	0	other
gene_5329	526	2	0.0038	0	0	0	other
gene_533	213	6	0.0282	0	0	0	other
gene_5330	337	5	0.0148	0	0	0	other
gene_5331	552	6	0.0109	1	0	0	secreted (pred.)
gene_5332	562	0	0.0	0	0	0	other
gene_5333	204	1	0.0049	0	0	0	other
gene_5334	414	4	0.0097	0	0	0	other
gene_5335	509	4	0.0079	0	0	0	other
gene_5336	412	5	0.0121	0	0	0	other
gene_5338	128	10	0.0781	0	0	0	other
gene_5339	1339	1	0.0007	0	0	0	other
gene_534	477	9	0.0189	0	0	0	other
gene_5340	197	0	0.0	0	0	0	other
gene_5341	250	3	0.012	0	0	0	other
gene_5342	448	9	0.0201	0	0	0	other
gene_5343	102	6	0.0588	1	1	0	secreted (pred.)
gene_5344	99	1	0.0101	0	0	0	other
gene_5345	354	3	0.0085	0	0	0	other
gene_5347	924	18	0.0195	0	0	0	other
gene_5348	790	26	0.0329	0	0	0	other
gene_5349	372	4	0.0108	0	0	0	other
gene_535	637	0	0.0	0	0	0	other
gene_5350	364	1	0.0027	0	0	0	other
gene_5351	1043	9	0.0086	0	0	0	other
gene_5352	189	1	0.0053	0	0	0	other
gene_5353	389	2	0.0051	1	0	0	secreted (pred.)
gene_5354	1229	12	0.0098	0	0	0	other
gene_5355	495	3	0.0061	0	0	0	other
gene_5356	396	7	0.0177	0	0	0	other
gene_5357	316	6	0.019	0	0	0	other
gene_5358	298	0	0.0	1	0	0	secreted (pred.)
gene_5359	413	12	0.0291	0	0	0	other
gene_536	358	3	0.0084	1	0	0	secreted (pred.)
gene_5361	178	1	0.0056	0	0	0	other
gene_5362	582	6	0.0103	0	0	0	other
gene_5363	428	7	0.0164	1	0	0	secreted (pred.)
gene_5364	1641	39	0.0238	0	0	0	other
gene_5365	71	0	0.0	0	0	0	other
gene_5366	1024	12	0.0117	0	0	0	other
gene_5367	143	1	0.007	0	0	0	other
gene_5368	647	15	0.0232	0	0	0	other
gene_5369	194	3	0.0155	0	0	0	other
gene_537	589	11	0.0187	0	0	0	other
gene_5370	161	0	0.0	0	0	0	other
gene_5371	522	5	0.0096	0	0	0	other
gene_5372	596	6	0.0101	0	0	0	other
gene_5373	741	9	0.0121	0	0	0	other
gene_5374	297	7	0.0236	0	0	0	other
gene_5375	319	5	0.0157	1	0	0	secreted (pred.)
gene_5376	353	6	0.017	1	0	0	secreted (pred.)
gene_5377	64	4	0.0625	1	1	0	secreted (pred.)
gene_5378	235	4	0.017	0	0	0	other
gene_5379	530	13	0.0245	0	0	0	other
gene_538	251	8	0.0319	1	1	0	secreted (pred.)
gene_5380	452	6	0.0133	0	0	0	other
gene_5381	238	6	0.0252	0	0	0	other
gene_5382	247	3	0.0121	0	0	0	other
gene_5383	331	6	0.0181	0	0	0	other
gene_5384	232	2	0.0086	1	0	0	secreted (pred.)
gene_5385	389	4	0.0103	0	0	0	other
gene_5386	299	4	0.0134	1	1	0	secreted (pred.)
gene_5387	316	7	0.0222	1	0	0	secreted (pred.)
gene_5388	227	4	0.0176	0	0	0	other
gene_5389	592	6	0.0101	0	0	0	other
gene_539	307	7	0.0228	1	0	0	secreted (pred.)
gene_5390	744	1	0.0013	0	0	0	other
gene_5391	460	5	0.0109	0	0	0	other
gene_5392	197	6	0.0305	0	0	0	other
gene_5393	572	10	0.0175	1	0	0	secreted (pred.)
gene_5394	303	3	0.0099	0	0	0	other
gene_5395	123	3	0.0244	0	0	0	other
gene_5397	533	8	0.015	0	0	0	other
gene_5398	695	8	0.0115	1	0	0	secreted (pred.)
gene_5399	700	7	0.01	0	0	0	other
gene_54	539	9	0.0167	0	0	0	other
gene_540	859	12	0.014	0	0	0	other
gene_5400	691	8	0.0116	1	0	0	secreted (pred.)
gene_5401	547	5	0.0091	0	0	0	other
gene_5402	170	2	0.0118	1	0	0	secreted (pred.)
gene_5403	188	6	0.0319	1	1	0	secreted (pred.)
gene_5404	1191	8	0.0067	1	0	0	secreted (pred.)
gene_5405	449	4	0.0089	1	0	0	secreted (pred.)
gene_5406	541	13	0.024	0	0	0	other
gene_5407	723	13	0.018	0	0	0	other
gene_5408	490	6	0.0122	1	0	0	secreted (pred.)
gene_5409	397	1	0.0025	1	0	0	secreted (pred.)
gene_541	1056	18	0.017	0	0	0	other
gene_5410	106	10	0.0943	1	1	0	secreted (pred.)
gene_5411	451	10	0.0222	0	0	0	other
gene_5412	672	1	0.0015	0	0	0	other
gene_5413	249	6	0.0241	0	0	0	other
gene_5414	3013	22	0.0073	0	0	0	other
gene_5415	437	9	0.0206	0	0	0	other
gene_5416	241	3	0.0124	0	0	0	other
gene_5417	291	5	0.0172	1	1	0	secreted (pred.)
gene_5418	178	3	0.0169	0	0	0	other
gene_5419	164	2	0.0122	1	0	0	secreted (pred.)
gene_542	1225	21	0.0171	0	0	0	other
gene_5421	427	3	0.007	0	0	0	other
gene_5422	2406	19	0.0079	0	0	0	other
gene_5423	631	13	0.0206	0	0	0	other
gene_5424	543	2	0.0037	1	0	0	secreted (pred.)
gene_5425	482	7	0.0145	0	0	0	other
gene_5426	1187	10	0.0084	0	0	0	other
gene_5427	222	4	0.018	1	1	0	secreted (pred.)
gene_5428	851	6	0.0071	0	0	0	other
gene_5429	159	0	0.0	0	0	0	other
gene_543	360	4	0.0111	0	0	0	other
gene_5430	862	17	0.0197	1	0	0	secreted (pred.)
gene_5431	506	3	0.0059	0	0	0	other
gene_5432	191	5	0.0262	1	0	0	secreted (pred.)
gene_5433	186	4	0.0215	0	0	0	other
gene_5434	507	6	0.0118	1	0	0	secreted (pred.)
gene_5435	222	1	0.0045	0	0	0	other
gene_5436	980	13	0.0133	0	0	0	other
gene_5437	964	5	0.0052	0	0	0	other
gene_5438	279	1	0.0036	0	0	0	other
gene_5439	773	17	0.022	0	0	0	other
gene_544	376	2	0.0053	0	0	0	other
gene_5440	311	5	0.0161	0	0	0	other
gene_5441	198	3	0.0152	0	0	0	other
gene_5442	409	9	0.022	0	0	0	other
gene_5443	274	2	0.0073	1	0	0	secreted (pred.)
gene_5444	132	1	0.0076	1	0	0	secreted (pred.)
gene_5445	106	4	0.0377	0	0	0	other
gene_5446	1232	14	0.0114	0	0	0	other
gene_5447	407	6	0.0147	0	0	0	other
gene_5448	2369	13	0.0055	0	0	0	other
gene_5449	794	13	0.0164	1	0	0	secreted (pred.)
gene_545	175	4	0.0229	1	1	0	secreted (pred.)
gene_5450	204	8	0.0392	0	0	0	other
gene_5451	1063	8	0.0075	0	0	0	other
gene_5452	458	17	0.0371	1	0	0	secreted (pred.)
gene_5453	343	1	0.0029	0	0	0	other
gene_5454	147	0	0.0	0	0	0	other
gene_5455	288	0	0.0	0	0	0	other
gene_5456	454	1	0.0022	0	0	0	other
gene_5458	1054	11	0.0104	0	0	0	other
gene_5459	303	8	0.0264	1	0	0	secreted (pred.)
gene_546	660	14	0.0212	0	0	0	other
gene_5460	530	8	0.0151	0	0	0	other
gene_5461	415	15	0.0361	0	0	0	other
gene_5462	97	0	0.0	1	0	0	secreted (pred.)
gene_5463	382	8	0.0209	0	0	0	other
gene_5464	826	45	0.0545	1	0	0	secreted (pred.)
gene_5465	1141	31	0.0272	1	0	0	secreted (pred.)
gene_5466	474	4	0.0084	0	0	0	other
gene_5467	863	17	0.0197	0	0	0	other
gene_5468	184	1	0.0054	1	0	0	secreted (pred.)
gene_547	150	6	0.04	1	1	0	secreted (pred.)
gene_5470	339	4	0.0118	0	0	0	other
gene_5471	153	1	0.0065	0	0	0	other
gene_5472	259	8	0.0309	1	1	0	secreted (pred.)
gene_5473	545	1	0.0018	0	0	0	other
gene_5474	257	0	0.0	0	0	0	other
gene_5476	1428	11	0.0077	1	0	0	secreted (pred.)
gene_5477	815	12	0.0147	0	0	0	other
gene_5478	579	4	0.0069	0	0	0	other
gene_5479	1204	7	0.0058	0	0	0	other
gene_548	165	5	0.0303	0	0	0	other
gene_5480	303	6	0.0198	0	0	0	other
gene_5481	851	18	0.0212	0	0	0	other
gene_5482	249	0	0.0	0	0	0	other
gene_5483	353	8	0.0227	0	0	0	other
gene_5484	422	7	0.0166	0	0	0	other
gene_5485	112	5	0.0446	1	1	0	secreted (pred.)
gene_5486	327	1	0.0031	1	0	0	secreted (pred.)
gene_5487	210	4	0.019	0	0	0	other
gene_5488	422	9	0.0213	0	0	0	other
gene_5489	922	12	0.013	0	0	0	other
gene_549	438	12	0.0274	1	0	0	secreted (pred.)
gene_5490	515	7	0.0136	0	0	0	other
gene_5491	375	4	0.0107	0	0	0	other
gene_5492	522	4	0.0077	0	0	0	other
gene_5493	296	0	0.0	0	0	0	other
gene_5494	404	1	0.0025	0	0	0	other
gene_5495	288	4	0.0139	0	0	0	other
gene_5496	834	4	0.0048	1	0	0	secreted (pred.)
gene_5497	536	6	0.0112	0	0	0	other
gene_5498	359	5	0.0139	0	0	0	other
gene_5499	461	3	0.0065	1	0	0	secreted (pred.)
gene_55	748	2	0.0027	0	0	0	other
gene_550	363	0	0.0	0	0	0	other
gene_5500	498	10	0.0201	1	0	0	secreted (pred.)
gene_5501	200	0	0.0	1	0	0	secreted (pred.)
gene_5502	470	14	0.0298	1	1	1	secreted (pred.)
gene_5503	255	7	0.0275	0	0	0	other
gene_5504	1042	17	0.0163	1	0	0	secreted (pred.)
gene_5505	367	8	0.0218	1	0	0	secreted (pred.)
gene_5506	341	1	0.0029	1	0	0	secreted (pred.)
gene_5507	1072	11	0.0103	0	0	0	other
gene_5508	227	7	0.0308	0	0	0	other
gene_5509	163	6	0.0368	0	0	0	other
gene_5510	415	5	0.012	0	0	0	other
gene_5511	109	1	0.0092	0	0	0	other
gene_5512	563	16	0.0284	1	0	0	secreted (pred.)
gene_5513	1389	7	0.005	0	0	0	other
gene_5514	673	4	0.0059	0	0	0	other
gene_5515	689	7	0.0102	0	0	0	other
gene_5516	211	2	0.0095	0	0	0	other
gene_5517	260	5	0.0192	0	0	0	other
gene_5518	186	6	0.0323	1	1	0	secreted (pred.)
gene_5519	831	5	0.006	0	0	0	other
gene_552	1456	30	0.0206	0	0	0	other
gene_5520	517	4	0.0077	0	0	0	other
gene_5521	1070	15	0.014	1	0	0	secreted (pred.)
gene_5522	134	4	0.0299	1	1	0	secreted (pred.)
gene_5523	467	1	0.0021	1	0	0	secreted (pred.)
gene_5524	106	7	0.066	1	1	0	secreted (pred.)
gene_5525	933	3	0.0032	0	0	0	other
gene_5526	455	11	0.0242	0	0	0	other
gene_5527	335	5	0.0149	0	0	0	other
gene_5528	654	6	0.0092	0	0	0	other
gene_5529	385	6	0.0156	1	0	0	secreted (pred.)
gene_553	422	5	0.0118	0	0	0	other
gene_5530	435	3	0.0069	0	0	0	other
gene_5531	1259	24	0.0191	0	0	0	other
gene_5532	197	5	0.0254	0	0	0	other
gene_5533	1006	17	0.0169	0	0	0	other
gene_5534	308	5	0.0162	0	0	0	other
gene_5535	227	4	0.0176	0	0	0	other
gene_5536	770	12	0.0156	0	0	0	other
gene_5537	415	5	0.012	0	0	0	other
gene_5538	697	11	0.0158	0	0	0	other
gene_5539	1061	21	0.0198	0	0	0	other
gene_554	505	10	0.0198	0	0	0	other
gene_5540	402	9	0.0224	0	0	0	other
gene_5541	832	9	0.0108	1	0	0	secreted (pred.)
gene_5542	617	4	0.0065	0	0	0	other
gene_5543	342	15	0.0439	0	0	0	other
gene_5544	219	2	0.0091	0	0	0	other
gene_5545	471	2	0.0042	0	0	0	other
gene_5546	741	6	0.0081	1	0	0	secreted (pred.)
gene_5547	1043	4	0.0038	1	0	0	secreted (pred.)
gene_5548	222	3	0.0135	1	0	0	secreted (pred.)
gene_5549	188	6	0.0319	1	1	0	secreted (pred.)
gene_555	385	3	0.0078	0	0	0	other
gene_5550	512	5	0.0098	1	0	0	secreted (pred.)
gene_5551	173	0	0.0	1	0	0	secreted (pred.)
gene_5552	236	0	0.0	0	0	0	other
gene_5554	424	6	0.0142	0	0	0	other
gene_5555	551	0	0.0	0	0	0	other
gene_5556	485	4	0.0082	0	0	0	other
gene_5557	324	2	0.0062	1	0	0	secreted (pred.)
gene_5558	448	9	0.0201	0	0	0	other
gene_5559	469	8	0.0171	0	0	0	other
gene_556	433	5	0.0115	0	0	0	other
gene_5560	122	1	0.0082	0	0	0	other
gene_5561	1455	4	0.0027	0	0	0	other
gene_5562	335	7	0.0209	0	0	0	other
gene_5563	523	4	0.0076	0	0	0	other
gene_5564	434	4	0.0092	0	0	0	other
gene_5565	196	2	0.0102	0	0	0	other
gene_5566	365	7	0.0192	0	0	0	other
gene_5567	257	4	0.0156	1	1	0	secreted (pred.)
gene_5568	332	4	0.012	1	0	0	secreted (pred.)
gene_5569	1206	24	0.0199	0	0	0	other
gene_557	532	17	0.032	0	0	0	other
gene_5570	200	4	0.02	0	0	0	other
gene_5571	427	1	0.0023	1	0	0	secreted (pred.)
gene_5572	535	4	0.0075	0	0	0	other
gene_5573	940	16	0.017	0	0	0	other
gene_5574	379	1	0.0026	0	0	0	other
gene_5575	252	5	0.0198	0	0	0	other
gene_5576	347	5	0.0144	0	0	0	other
gene_5577	514	5	0.0097	0	0	0	other
gene_5578	509	7	0.0138	0	0	0	other
gene_5579	968	13	0.0134	0	0	0	other
gene_558	335	1	0.003	0	0	0	other
gene_5580	345	1	0.0029	1	0	0	secreted (pred.)
gene_5581	1053	27	0.0256	0	0	0	other
gene_5582	625	7	0.0112	0	0	0	other
gene_5583	273	4	0.0147	0	0	0	other
gene_5584	384	8	0.0208	1	0	0	secreted (pred.)
gene_5585	362	3	0.0083	0	0	0	other
gene_5586	1052	16	0.0152	0	0	0	other
gene_5587	2159	32	0.0148	0	0	0	other
gene_5588	152	1	0.0066	1	0	0	secreted (pred.)
gene_5589	235	1	0.0043	0	0	0	other
gene_559	704	11	0.0156	1	0	0	secreted (pred.)
gene_5590	571	15	0.0263	1	0	0	secreted (pred.)
gene_5591	229	1	0.0044	1	0	0	secreted (pred.)
gene_5592	240	6	0.025	1	1	0	secreted (pred.)
gene_5593	418	3	0.0072	0	0	0	other
gene_5594	284	1	0.0035	1	0	0	secreted (pred.)
gene_5595	223	2	0.009	0	0	0	other
gene_5596	248	0	0.0	1	0	0	secreted (pred.)
gene_5597	209	4	0.0191	0	0	0	other
gene_5598	964	8	0.0083	1	0	0	secreted (pred.)
gene_5599	606	2	0.0033	0	0	0	other
gene_560	271	5	0.0185	0	0	0	other
gene_5600	320	2	0.0063	1	0	0	secreted (pred.)
gene_5601	482	8	0.0166	0	0	0	other
gene_5602	402	10	0.0249	0	0	0	other
gene_5603	129	2	0.0155	1	0	0	secreted (pred.)
gene_5604	401	11	0.0274	0	0	0	other
gene_5605	251	1	0.004	0	0	0	other
gene_5606	604	5	0.0083	0	0	0	other
gene_5607	207	2	0.0097	0	0	0	other
gene_5608	70	0	0.0	0	0	0	other
gene_5609	292	5	0.0171	0	0	0	other
gene_561	262	7	0.0267	0	0	0	other
gene_5610	361	6	0.0166	0	0	0	other
gene_5611	285	2	0.007	0	0	0	other
gene_5612	299	1	0.0033	1	0	0	secreted (pred.)
gene_5613	998	16	0.016	0	0	0	other
gene_5614	647	1	0.0015	0	0	0	other
gene_5615	517	4	0.0077	0	0	0	other
gene_5616	229	1	0.0044	0	0	0	other
gene_5617	560	8	0.0143	0	0	0	other
gene_5618	529	4	0.0076	0	0	0	other
gene_5619	119	3	0.0252	0	0	0	other
gene_5620	371	5	0.0135	0	0	0	other
gene_5621	301	6	0.0199	0	0	0	other
gene_5622	429	4	0.0093	1	0	0	secreted (pred.)
gene_5623	689	4	0.0058	0	0	0	other
gene_5624	395	4	0.0101	1	0	0	secreted (pred.)
gene_5625	356	2	0.0056	0	0	0	other
gene_5626	206	2	0.0097	0	0	0	other
gene_5627	1333	15	0.0113	0	0	0	other
gene_5628	420	0	0.0	0	0	0	other
gene_5629	263	6	0.0228	0	0	0	other
gene_563	147	5	0.034	0	0	0	other
gene_5630	339	5	0.0147	0	0	0	other
gene_5631	414	16	0.0386	1	1	1	secreted (pred.)
gene_5632	539	9	0.0167	0	0	0	other
gene_5633	431	3	0.007	0	0	0	other
gene_5634	202	0	0.0	0	0	0	other
gene_5635	667	4	0.006	1	0	0	secreted (pred.)
gene_5636	459	7	0.0153	0	0	0	other
gene_5637	364	7	0.0192	0	0	0	other
gene_5638	323	11	0.0341	0	0	0	other
gene_5639	153	9	0.0588	0	0	0	other
gene_564	1090	15	0.0138	0	0	0	other
gene_5640	355	4	0.0113	0	0	0	other
gene_5641	308	1	0.0032	0	0	0	other
gene_5642	362	5	0.0138	0	0	0	other
gene_5643	232	3	0.0129	1	0	0	secreted (pred.)
gene_5644	492	13	0.0264	0	0	0	other
gene_5645	488	11	0.0225	0	0	0	other
gene_5646	246	5	0.0203	1	1	0	secreted (pred.)
gene_5647	289	7	0.0242	0	0	0	other
gene_5648	534	8	0.015	0	0	0	other
gene_5649	1269	6	0.0047	0	0	0	other
gene_5650	244	9	0.0369	0	0	0	other
gene_5651	502	8	0.0159	0	0	0	other
gene_5652	1084	11	0.0101	0	0	0	other
gene_5653	592	4	0.0068	1	0	0	secreted (pred.)
gene_5654	233	3	0.0129	0	0	0	other
gene_5655	253	19	0.0751	0	0	0	other
gene_5656	852	1	0.0012	0	0	0	other
gene_5657	135	5	0.037	0	0	0	other
gene_5658	649	3	0.0046	0	0	0	other
gene_5659	933	11	0.0118	0	0	0	other
gene_566	312	7	0.0224	0	0	0	other
gene_5660	757	1	0.0013	0	0	0	other
gene_5661	240	1	0.0042	0	0	0	other
gene_5662	495	3	0.0061	1	0	0	secreted (pred.)
gene_5663	258	6	0.0233	1	1	0	secreted (pred.)
gene_5664	805	11	0.0137	0	0	0	other
gene_5665	470	1	0.0021	1	0	0	secreted (pred.)
gene_5666	192	2	0.0104	1	0	0	secreted (pred.)
gene_5667	370	7	0.0189	0	0	0	other
gene_5668	284	8	0.0282	0	0	0	other
gene_5669	448	9	0.0201	0	0	0	other
gene_567	530	4	0.0075	0	0	0	other
gene_5670	504	7	0.0139	0	0	0	other
gene_5671	558	5	0.009	0	0	0	other
gene_5672	513	3	0.0058	0	0	0	other
gene_5673	692	0	0.0	0	0	0	other
gene_5674	811	8	0.0099	0	0	0	other
gene_5675	294	2	0.0068	0	0	0	other
gene_5676	1239	16	0.0129	0	0	0	other
gene_5677	1597	17	0.0106	0	0	0	other
gene_5678	573	12	0.0209	0	0	0	other
gene_5679	138	3	0.0217	1	1	0	secreted (pred.)
gene_568	892	13	0.0146	0	0	0	other
gene_5680	164	2	0.0122	0	0	0	other
gene_5681	768	17	0.0221	0	0	0	other
gene_5682	841	9	0.0107	0	0	0	other
gene_5683	183	1	0.0055	0	0	0	other
gene_5684	563	12	0.0213	0	0	0	other
gene_5685	80	1	0.0125	0	0	0	other
gene_5686	480	3	0.0063	0	0	0	other
gene_5687	613	6	0.0098	0	0	0	other
gene_5688	507	6	0.0118	0	0	0	other
gene_5689	450	13	0.0289	1	0	0	secreted (pred.)
gene_569	531	8	0.0151	0	0	0	other
gene_5690	212	6	0.0283	1	1	0	secreted (pred.)
gene_5691	322	4	0.0124	0	0	0	other
gene_5692	759	13	0.0171	0	0	0	other
gene_5693	685	11	0.0161	0	0	0	other
gene_5694	288	2	0.0069	0	0	0	other
gene_5695	238	1	0.0042	0	0	0	other
gene_5696	404	9	0.0223	0	0	0	other
gene_5697	221	1	0.0045	0	0	0	other
gene_5698	627	6	0.0096	0	0	0	other
gene_5699	282	1	0.0035	0	0	0	other
gene_57	2071	6	0.0029	0	0	0	other
gene_570	134	1	0.0075	1	0	0	secreted (pred.)
gene_5700	203	4	0.0197	1	1	0	secreted (pred.)
gene_5701	612	13	0.0212	0	0	0	other
gene_5703	501	8	0.016	0	0	0	other
gene_5704	885	11	0.0124	0	0	0	other
gene_5705	743	6	0.0081	1	0	0	secreted (pred.)
gene_5706	424	12	0.0283	1	0	0	secreted (pred.)
gene_5707	302	8	0.0265	0	0	0	other
gene_5708	946	22	0.0233	0	0	0	other
gene_5709	822	8	0.0097	0	0	0	other
gene_571	1061	3	0.0028	0	0	0	other
gene_5710	586	7	0.0119	0	0	0	other
gene_5711	861	23	0.0267	0	0	0	other
gene_5712	521	6	0.0115	0	0	0	other
gene_5713	315	5	0.0159	1	0	0	secreted (pred.)
gene_5714	290	9	0.031	1	1	0	secreted (pred.)
gene_5715	261	0	0.0	0	0	0	other
gene_5716	475	9	0.0189	0	0	0	other
gene_5717	627	7	0.0112	0	0	0	other
gene_5718	1665	31	0.0186	0	0	0	other
gene_5719	106	6	0.0566	1	1	0	secreted (pred.)
gene_572	882	17	0.0193	1	0	0	secreted (pred.)
gene_5720	895	12	0.0134	0	0	0	other
gene_5721	229	1	0.0044	0	0	0	other
gene_5722	123	3	0.0244	0	0	0	other
gene_5723	352	2	0.0057	1	0	0	secreted (pred.)
gene_5724	321	2	0.0062	0	0	0	other
gene_5725	208	1	0.0048	0	0	0	other
gene_5726	779	5	0.0064	0	0	0	other
gene_5727	159	0	0.0	0	0	0	other
gene_5728	208	6	0.0288	0	0	0	other
gene_5729	560	10	0.0179	1	0	0	secreted (pred.)
gene_573	408	13	0.0319	0	0	0	other
gene_5730	653	7	0.0107	0	0	0	other
gene_5731	524	2	0.0038	0	0	0	other
gene_5732	400	0	0.0	0	0	0	other
gene_5733	586	7	0.0119	0	0	0	other
gene_5734	847	2	0.0024	0	0	0	other
gene_5735	954	12	0.0126	0	0	0	other
gene_5736	532	8	0.015	0	0	0	other
gene_5737	201	3	0.0149	0	0	0	other
gene_5738	798	7	0.0088	0	0	0	other
gene_5739	359	5	0.0139	0	0	0	other
gene_574	562	7	0.0125	0	0	0	other
gene_5740	895	12	0.0134	0	0	0	other
gene_5741	574	7	0.0122	0	0	0	other
gene_5742	316	8	0.0253	0	0	0	other
gene_5743	615	8	0.013	0	0	0	other
gene_5744	977	9	0.0092	0	0	0	other
gene_5745	361	5	0.0139	0	0	0	other
gene_5746	465	11	0.0237	0	0	0	other
gene_5747	214	2	0.0093	0	0	0	other
gene_5748	564	6	0.0106	0	0	0	other
gene_575	1273	15	0.0118	0	0	0	other
gene_5750	296	6	0.0203	0	0	0	other
gene_5751	394	4	0.0102	0	0	0	other
gene_5752	462	0	0.0	0	0	0	other
gene_5753	362	9	0.0249	0	0	0	other
gene_5754	856	3	0.0035	0	0	0	other
gene_5756	360	5	0.0139	0	0	0	other
gene_5757	420	5	0.0119	0	0	0	other
gene_5758	864	7	0.0081	0	0	0	other
gene_5759	260	5	0.0192	0	0	0	other
gene_576	324	2	0.0062	0	0	0	other
gene_5760	334	2	0.006	0	0	0	other
gene_5761	417	5	0.012	0	0	0	other
gene_5762	1320	8	0.0061	0	0	0	other
gene_5763	239	6	0.0251	0	0	0	other
gene_5764	1345	24	0.0178	0	0	0	other
gene_5765	501	5	0.01	1	0	0	secreted (pred.)
gene_5766	1286	21	0.0163	0	0	0	other
gene_5767	837	2	0.0024	0	0	0	other
gene_5768	716	11	0.0154	0	0	0	other
gene_5769	162	5	0.0309	0	0	0	other
gene_577	327	4	0.0122	0	0	0	other
gene_5770	242	4	0.0165	0	0	0	other
gene_5771	447	3	0.0067	0	0	0	other
gene_5772	345	0	0.0	1	0	0	secreted (pred.)
gene_5773	1068	15	0.014	0	0	0	other
gene_5774	137	0	0.0	0	0	0	other
gene_5775	452	12	0.0265	1	0	0	secreted (pred.)
gene_5776	327	5	0.0153	1	0	0	secreted (pred.)
gene_5777	813	6	0.0074	0	0	0	other
gene_5778	178	0	0.0	0	0	0	other
gene_5779	224	1	0.0045	0	0	0	other
gene_578	68	2	0.0294	0	0	0	other
gene_5780	605	9	0.0149	0	0	0	other
gene_5781	550	3	0.0055	1	0	0	secreted (pred.)
gene_5782	497	5	0.0101	0	0	0	other
gene_5783	1150	6	0.0052	0	0	0	other
gene_5784	364	12	0.033	0	0	0	other
gene_5785	321	0	0.0	0	0	0	other
gene_5786	247	3	0.0121	0	0	0	other
gene_5787	289	17	0.0588	0	0	0	other
gene_5788	880	4	0.0045	0	0	0	other
gene_5789	701	8	0.0114	1	0	0	secreted (pred.)
gene_579	788	8	0.0102	0	0	0	other
gene_5790	512	15	0.0293	0	0	0	other
gene_5791	80	6	0.075	1	1	0	secreted (pred.)
gene_5792	303	6	0.0198	1	0	0	secreted (pred.)
gene_5793	1219	32	0.0263	0	0	0	other
gene_5794	278	9	0.0324	0	0	0	other
gene_5795	513	10	0.0195	0	0	0	other
gene_5796	347	3	0.0086	1	0	0	secreted (pred.)
gene_5797	162	2	0.0123	0	0	0	other
gene_5798	483	9	0.0186	0	0	0	other
gene_5799	575	11	0.0191	0	0	0	other
gene_58	370	5	0.0135	1	0	0	secreted (pred.)
gene_580	3224	24	0.0074	0	0	0	other
gene_5800	907	17	0.0187	0	0	0	other
gene_5801	551	20	0.0363	0	0	0	other
gene_5802	175	5	0.0286	0	0	0	other
gene_5803	184	8	0.0435	0	0	0	other
gene_5805	272	8	0.0294	0	0	0	other
gene_5806	313	0	0.0	0	0	0	other
gene_5807	323	4	0.0124	0	0	0	other
gene_5808	1783	23	0.0129	0	0	0	other
gene_5809	325	12	0.0369	1	0	0	secreted (pred.)
gene_581	861	11	0.0128	0	0	0	other
gene_5810	575	6	0.0104	0	0	0	other
gene_5811	744	10	0.0134	0	0	0	other
gene_5812	302	2	0.0066	0	0	0	other
gene_5813	566	15	0.0265	0	0	0	other
gene_5814	312	6	0.0192	1	0	0	secreted (pred.)
gene_5815	248	2	0.0081	1	0	0	secreted (pred.)
gene_5816	321	8	0.0249	1	1	1	secreted (pred.)
gene_5817	120	1	0.0083	0	0	0	other
gene_5818	376	6	0.016	1	0	0	secreted (pred.)
gene_5819	128	3	0.0234	0	0	0	other
gene_582	326	3	0.0092	0	0	0	other
gene_5820	482	2	0.0041	0	0	0	other
gene_5821	416	6	0.0144	0	0	0	other
gene_5822	315	4	0.0127	0	0	0	other
gene_5823	54	1	0.0185	0	0	0	other
gene_5824	450	8	0.0178	0	0	0	other
gene_5825	521	0	0.0	0	0	0	other
gene_5826	602	4	0.0066	1	0	0	secreted (pred.)
gene_5827	369	2	0.0054	0	0	0	other
gene_5828	276	4	0.0145	1	1	0	secreted (pred.)
gene_5829	378	7	0.0185	0	0	0	other
gene_583	598	1	0.0017	0	0	0	other
gene_5830	214	0	0.0	0	0	0	other
gene_5831	477	6	0.0126	0	0	0	other
gene_5832	734	7	0.0095	1	0	0	secreted (pred.)
gene_5833	680	10	0.0147	0	0	0	other
gene_5834	222	5	0.0225	0	0	0	other
gene_5835	571	4	0.007	1	0	0	secreted (pred.)
gene_5836	3995	48	0.012	1	0	0	secreted (pred.)
gene_5837	2092	19	0.0091	0	0	0	other
gene_5838	276	0	0.0	0	0	0	other
gene_5839	169	2	0.0118	1	0	0	secreted (pred.)
gene_584	232	1	0.0043	0	0	0	other
gene_5840	408	5	0.0123	1	0	0	secreted (pred.)
gene_5841	674	12	0.0178	1	0	0	secreted (pred.)
gene_5842	331	6	0.0181	0	0	0	other
gene_5843	1561	3	0.0019	0	0	0	other
gene_5844	619	4	0.0065	1	0	0	secreted (pred.)
gene_5845	1088	15	0.0138	0	0	0	other
gene_5846	428	2	0.0047	0	0	0	other
gene_5847	1033	6	0.0058	1	0	0	secreted (pred.)
gene_5848	653	9	0.0138	0	0	0	other
gene_5849	169	2	0.0118	0	0	0	other
gene_585	669	3	0.0045	0	0	0	other
gene_5850	289	4	0.0138	1	0	0	secreted (pred.)
gene_5851	603	6	0.01	0	0	0	other
gene_5852	411	1	0.0024	1	0	0	secreted (pred.)
gene_5853	269	12	0.0446	0	0	0	other
gene_5854	298	1	0.0034	1	0	0	secreted (pred.)
gene_5855	305	17	0.0557	0	0	0	other
gene_5856	253	2	0.0079	0	0	0	other
gene_5857	785	18	0.0229	0	0	0	other
gene_5858	559	10	0.0179	0	0	0	other
gene_5859	539	3	0.0056	0	0	0	other
gene_586	883	14	0.0159	1	0	0	secreted (pred.)
gene_5860	129	2	0.0155	0	0	0	other
gene_5861	243	0	0.0	0	0	0	other
gene_5862	254	0	0.0	1	0	0	secreted (pred.)
gene_5863	243	12	0.0494	1	1	0	secreted (pred.)
gene_5864	700	6	0.0086	1	0	0	secreted (pred.)
gene_5865	301	6	0.0199	0	0	0	other
gene_5866	191	21	0.1099	0	0	0	other
gene_5867	145	2	0.0138	0	0	0	other
gene_5868	395	3	0.0076	0	0	0	other
gene_5869	395	13	0.0329	0	0	0	other
gene_587	1370	10	0.0073	0	0	0	other
gene_5870	451	3	0.0067	0	0	0	other
gene_5871	669	8	0.012	0	0	0	other
gene_5872	1055	16	0.0152	0	0	0	other
gene_5873	365	12	0.0329	1	0	0	secreted (pred.)
gene_5874	443	9	0.0203	0	0	0	other
gene_5875	494	6	0.0121	0	0	0	other
gene_5876	341	2	0.0059	0	0	0	other
gene_5877	288	9	0.0312	0	0	0	other
gene_5878	250	4	0.016	0	0	0	other
gene_5879	494	5	0.0101	0	0	0	other
gene_588	245	0	0.0	1	0	0	secreted (pred.)
gene_5880	207	1	0.0048	1	0	0	secreted (pred.)
gene_5881	293	7	0.0239	1	1	0	secreted (pred.)
gene_5882	1203	14	0.0116	1	0	0	secreted (pred.)
gene_5884	167	0	0.0	0	0	0	other
gene_5885	320	3	0.0094	1	0	0	secreted (pred.)
gene_5887	605	21	0.0347	0	0	0	other
gene_5888	489	9	0.0184	1	0	0	secreted (pred.)
gene_5889	263	2	0.0076	0	0	0	other
gene_589	257	11	0.0428	0	0	0	other
gene_5890	500	6	0.012	0	0	0	other
gene_5891	324	5	0.0154	1	0	0	secreted (pred.)
gene_5892	838	8	0.0095	0	0	0	other
gene_5893	505	5	0.0099	0	0	0	other
gene_5894	366	8	0.0219	0	0	0	other
gene_5895	557	6	0.0108	1	0	0	secreted (pred.)
gene_5896	651	12	0.0184	0	0	0	other
gene_5898	1116	9	0.0081	0	0	0	other
gene_5899	147	4	0.0272	1	1	0	secreted (pred.)
gene_59	395	5	0.0127	0	0	0	other
gene_590	2357	4	0.0017	0	0	0	other
gene_5900	93	0	0.0	0	0	0	other
gene_5901	311	12	0.0386	0	0	0	other
gene_5902	196	4	0.0204	0	0	0	other
gene_5903	399	2	0.005	0	0	0	other
gene_5905	334	8	0.024	0	0	0	other
gene_5906	343	7	0.0204	0	0	0	other
gene_5908	65	0	0.0	0	0	0	other
gene_5909	227	0	0.0	0	0	0	other
gene_591	449	6	0.0134	0	0	0	other
gene_5910	548	10	0.0182	0	0	0	other
gene_5911	126	0	0.0	1	0	0	secreted (pred.)
gene_5912	2064	45	0.0218	1	0	0	secreted (pred.)
gene_5913	480	8	0.0167	1	0	0	secreted (pred.)
gene_5914	280	2	0.0071	0	0	0	other
gene_5915	456	6	0.0132	1	0	0	secreted (pred.)
gene_5916	257	1	0.0039	0	0	0	other
gene_5917	410	5	0.0122	0	0	0	other
gene_5918	268	0	0.0	0	0	0	other
gene_5919	66	1	0.0152	1	0	0	secreted (pred.)
gene_592	794	17	0.0214	0	0	0	other
gene_5920	270	5	0.0185	0	0	0	other
gene_5922	330	6	0.0182	1	0	0	secreted (pred.)
gene_5923	263	3	0.0114	0	0	0	other
gene_5926	217	4	0.0184	1	1	0	secreted (pred.)
gene_5927	344	6	0.0174	0	0	0	other
gene_5929	392	4	0.0102	0	0	0	other
gene_593	775	3	0.0039	0	0	0	other
gene_5930	246	1	0.0041	0	0	0	other
gene_5931	286	0	0.0	1	0	0	secreted (pred.)
gene_5932	862	2	0.0023	0	0	0	other
gene_5933	219	4	0.0183	0	0	0	other
gene_5934	314	7	0.0223	1	0	0	secreted (pred.)
gene_5935	439	9	0.0205	0	0	0	other
gene_5936	262	5	0.0191	1	0	0	secreted (pred.)
gene_5937	1102	14	0.0127	0	0	0	other
gene_5938	237	8	0.0338	0	0	0	other
gene_5939	206	4	0.0194	0	0	0	other
gene_594	336	17	0.0506	0	0	0	other
gene_5940	268	11	0.041	0	0	0	other
gene_5942	193	6	0.0311	0	0	0	other
gene_5943	696	7	0.0101	0	0	0	other
gene_5944	562	7	0.0125	0	0	0	other
gene_5945	367	2	0.0054	0	0	0	other
gene_5946	960	47	0.049	1	0	0	secreted (pred.)
gene_5947	617	2	0.0032	0	0	0	other
gene_5948	427	4	0.0094	1	0	0	secreted (pred.)
gene_5949	343	5	0.0146	0	0	0	other
gene_595	542	10	0.0185	0	0	0	other
gene_5950	263	2	0.0076	1	0	0	secreted (pred.)
gene_5951	150	9	0.06	0	0	0	other
gene_5952	260	2	0.0077	1	0	0	secreted (pred.)
gene_5953	98	10	0.102	1	1	1	secreted (pred.)
gene_5954	718	4	0.0056	0	0	0	other
gene_5955	370	3	0.0081	1	0	0	secreted (pred.)
gene_5956	1193	20	0.0168	0	0	0	other
gene_5957	1250	4	0.0032	0	0	0	other
gene_5958	470	0	0.0	0	0	0	other
gene_5959	379	5	0.0132	0	0	0	other
gene_596	166	1	0.006	0	0	0	other
gene_5960	170	0	0.0	1	0	0	secreted (pred.)
gene_5961	1024	10	0.0098	0	0	0	other
gene_5962	336	18	0.0536	1	0	0	secreted (pred.)
gene_5963	184	1	0.0054	0	0	0	other
gene_5964	135	3	0.0222	1	1	0	secreted (pred.)
gene_5965	492	3	0.0061	0	0	0	other
gene_5966	1592	0	0.0	0	0	0	other
gene_5967	74	0	0.0	0	0	0	other
gene_5968	188	1	0.0053	0	0	0	other
gene_5969	371	4	0.0108	0	0	0	other
gene_597	706	10	0.0142	0	0	0	other
gene_5970	450	6	0.0133	1	0	0	secreted (pred.)
gene_5971	707	5	0.0071	0	0	0	other
gene_5972	349	2	0.0057	0	0	0	other
gene_5973	441	10	0.0227	0	0	0	other
gene_5974	365	1	0.0027	0	0	0	other
gene_5975	128	0	0.0	0	0	0	other
gene_5976	838	4	0.0048	0	0	0	other
gene_5977	157	0	0.0	1	0	0	secreted (pred.)
gene_5978	1370	12	0.0088	0	0	0	other
gene_5979	1938	9	0.0046	0	0	0	other
gene_598	1705	24	0.0141	0	0	0	other
gene_5980	80	2	0.025	1	1	0	secreted (pred.)
gene_5981	259	3	0.0116	0	0	0	other
gene_5982	540	2	0.0037	0	0	0	other
gene_5983	948	4	0.0042	0	0	0	other
gene_5984	664	19	0.0286	0	0	0	other
gene_5985	358	2	0.0056	0	0	0	other
gene_5986	533	11	0.0206	0	0	0	other
gene_5987	161	1	0.0062	0	0	0	other
gene_5989	462	9	0.0195	0	0	0	other
gene_599	543	7	0.0129	1	0	0	secreted (pred.)
gene_5990	228	0	0.0	1	0	0	secreted (pred.)
gene_5991	300	3	0.01	1	0	0	secreted (pred.)
gene_5992	137	3	0.0219	1	1	0	secreted (pred.)
gene_5993	1581	9	0.0057	0	0	0	other
gene_5995	267	0	0.0	0	0	0	other
gene_5996	209	6	0.0287	1	1	0	secreted (pred.)
gene_5997	467	1	0.0021	0	0	0	other
gene_5998	1091	16	0.0147	0	0	0	other
gene_5999	487	7	0.0144	0	0	0	other
gene_6	540	1	0.0019	0	0	0	other
gene_60	853	13	0.0152	0	0	0	other
gene_600	257	11	0.0428	0	0	0	other
gene_6001	135	1	0.0074	0	0	0	other
gene_6004	368	4	0.0109	1	0	0	secreted (pred.)
gene_6005	119	1	0.0084	1	0	0	secreted (pred.)
gene_6007	791	6	0.0076	0	0	0	other
gene_6008	165	9	0.0545	0	0	0	other
gene_6009	282	1	0.0035	1	0	0	secreted (pred.)
gene_601	215	3	0.014	0	0	0	other
gene_6010	3981	66	0.0166	1	0	0	secreted (pred.)
gene_6011	954	5	0.0052	0	0	0	other
gene_6012	376	4	0.0106	0	0	0	other
gene_6013	167	1	0.006	0	0	0	other
gene_6014	331	5	0.0151	1	0	0	secreted (pred.)
gene_6015	186	4	0.0215	1	1	0	secreted (pred.)
gene_6016	118	8	0.0678	1	1	0	secreted (pred.)
gene_6017	895	16	0.0179	0	0	0	other
gene_6018	883	5	0.0057	0	0	0	other
gene_6019	731	10	0.0137	0	0	0	other
gene_602	326	15	0.046	1	0	0	secreted (pred.)
gene_6021	322	4	0.0124	0	0	0	other
gene_6022	600	3	0.005	0	0	0	other
gene_6023	722	4	0.0055	0	0	0	other
gene_6024	566	9	0.0159	0	0	0	other
gene_6025	747	2	0.0027	1	0	0	secreted (pred.)
gene_6026	351	6	0.0171	1	0	0	secreted (pred.)
gene_6027	197	0	0.0	0	0	0	other
gene_6028	145	0	0.0	0	0	0	other
gene_6029	1567	7	0.0045	0	0	0	other
gene_603	449	6	0.0134	0	0	0	other
gene_6030	493	11	0.0223	0	0	0	other
gene_6032	626	2	0.0032	0	0	0	other
gene_6033	513	6	0.0117	1	0	0	secreted (pred.)
gene_6034	168	3	0.0179	1	0	0	secreted (pred.)
gene_6037	161	2	0.0124	0	0	0	other
gene_6038	232	0	0.0	0	0	0	other
gene_6039	328	7	0.0213	0	0	0	other
gene_604	776	5	0.0064	1	0	0	secreted (pred.)
gene_6040	264	0	0.0	0	0	0	other
gene_6041	291	3	0.0103	0	0	0	other
gene_6042	551	8	0.0145	0	0	0	other
gene_6043	366	4	0.0109	0	0	0	other
gene_6044	593	5	0.0084	0	0	0	other
gene_6045	1540	26	0.0169	1	0	0	secreted (pred.)
gene_6046	849	10	0.0118	1	0	0	secreted (pred.)
gene_6047	1238	18	0.0145	0	0	0	other
gene_6048	1013	32	0.0316	0	0	0	other
gene_6049	442	5	0.0113	0	0	0	other
gene_605	1199	8	0.0067	0	0	0	other
gene_6050	118	0	0.0	0	0	0	other
gene_6051	214	4	0.0187	0	0	0	other
gene_6052	263	8	0.0304	0	0	0	other
gene_6053	555	7	0.0126	1	0	0	secreted (pred.)
gene_6054	190	2	0.0105	0	0	0	other
gene_6055	531	9	0.0169	0	0	0	other
gene_6056	526	3	0.0057	1	0	0	secreted (pred.)
gene_6057	325	1	0.0031	0	0	0	other
gene_6058	329	2	0.0061	1	0	0	secreted (pred.)
gene_6059	854	13	0.0152	0	0	0	other
gene_606	1000	13	0.013	0	0	0	other
gene_6060	231	1	0.0043	0	0	0	other
gene_6061	970	15	0.0155	0	0	0	other
gene_6062	200	1	0.005	0	0	0	other
gene_6063	748	12	0.016	0	0	0	other
gene_6064	201	2	0.01	0	0	0	other
gene_6065	75	2	0.0267	0	0	0	other
gene_6066	456	23	0.0504	0	0	0	other
gene_6067	165	3	0.0182	0	0	0	other
gene_6068	263	3	0.0114	0	0	0	other
gene_6069	355	3	0.0085	0	0	0	other
gene_607	481	5	0.0104	0	0	0	other
gene_6070	60	2	0.0333	0	0	0	other
gene_6071	662	10	0.0151	1	0	0	secreted (pred.)
gene_6072	829	8	0.0097	0	0	0	other
gene_6073	471	4	0.0085	0	0	0	other
gene_6074	204	7	0.0343	0	0	0	other
gene_6075	385	2	0.0052	0	0	0	other
gene_6077	1106	8	0.0072	0	0	0	other
gene_6078	299	5	0.0167	0	0	0	other
gene_6079	205	3	0.0146	0	0	0	other
gene_608	509	7	0.0138	1	0	0	secreted (pred.)
gene_6080	226	1	0.0044	1	0	0	secreted (pred.)
gene_6081	1516	18	0.0119	0	0	0	other
gene_6082	285	0	0.0	0	0	0	other
gene_6084	159	2	0.0126	1	0	0	secreted (pred.)
gene_6085	810	7	0.0086	0	0	0	other
gene_6086	604	5	0.0083	1	0	0	secreted (pred.)
gene_6087	4434	51	0.0115	1	0	0	secreted (pred.)
gene_6088	361	4	0.0111	0	0	0	other
gene_6089	394	5	0.0127	1	0	0	secreted (pred.)
gene_609	431	11	0.0255	1	0	0	secreted (pred.)
gene_6090	122	4	0.0328	1	1	0	secreted (pred.)
gene_6091	494	3	0.0061	0	0	0	other
gene_6092	505	4	0.0079	1	0	0	secreted (pred.)
gene_6093	2138	33	0.0154	0	0	0	other
gene_6094	312	5	0.016	0	0	0	other
gene_6095	685	15	0.0219	0	0	0	other
gene_6096	234	2	0.0085	0	0	0	other
gene_6097	759	9	0.0119	0	0	0	other
gene_6098	778	10	0.0129	0	0	0	other
gene_6099	440	4	0.0091	1	0	0	secreted (pred.)
gene_61	816	6	0.0074	0	0	0	other
gene_610	358	8	0.0223	0	0	0	other
gene_6100	367	1	0.0027	0	0	0	other
gene_6101	190	2	0.0105	1	0	0	secreted (pred.)
gene_6102	231	2	0.0087	0	0	0	other
gene_6103	471	8	0.017	1	0	0	secreted (pred.)
gene_6104	1204	8	0.0066	0	0	0	other
gene_6106	209	2	0.0096	0	0	0	other
gene_6107	1740	22	0.0126	0	0	0	other
gene_6108	587	10	0.017	0	0	0	other
gene_6109	432	11	0.0255	1	0	0	secreted (pred.)
gene_611	155	4	0.0258	1	1	0	secreted (pred.)
gene_6110	324	3	0.0093	0	0	0	other
gene_6111	378	6	0.0159	1	0	0	secreted (pred.)
gene_6112	881	6	0.0068	0	0	0	other
gene_6113	561	11	0.0196	0	0	0	other
gene_6114	87	6	0.069	1	1	0	secreted (pred.)
gene_6115	346	4	0.0116	0	0	0	other
gene_6116	1046	3	0.0029	0	0	0	other
gene_6117	887	6	0.0068	0	0	0	other
gene_6118	225	4	0.0178	1	1	0	secreted (pred.)
gene_6119	613	8	0.0131	0	0	0	other
gene_612	302	4	0.0132	0	0	0	other
gene_6120	184	0	0.0	0	0	0	other
gene_6121	682	6	0.0088	0	0	0	other
gene_6122	302	3	0.0099	0	0	0	other
gene_6123	407	6	0.0147	0	0	0	other
gene_6124	458	2	0.0044	0	0	0	other
gene_6125	607	5	0.0082	0	0	0	other
gene_6126	133	1	0.0075	0	0	0	other
gene_6127	1181	1	0.0008	0	0	0	other
gene_6128	522	8	0.0153	0	0	0	other
gene_6129	324	10	0.0309	1	0	0	secreted (pred.)
gene_613	403	4	0.0099	0	0	0	other
gene_6130	282	3	0.0106	1	0	0	secreted (pred.)
gene_6131	158	0	0.0	0	0	0	other
gene_6132	862	7	0.0081	0	0	0	other
gene_6133	286	3	0.0105	0	0	0	other
gene_6134	747	9	0.012	0	0	0	other
gene_6135	330	3	0.0091	0	0	0	other
gene_6136	252	7	0.0278	0	0	0	other
gene_6137	527	3	0.0057	0	0	0	other
gene_6138	222	7	0.0315	1	1	0	secreted (pred.)
gene_6139	131	2	0.0153	1	1	1	secreted (pred.)
gene_6141	449	14	0.0312	1	1	1	secreted (pred.)
gene_6142	233	4	0.0172	0	0	0	other
gene_6143	519	1	0.0019	0	0	0	other
gene_6144	726	21	0.0289	0	0	0	other
gene_6145	406	3	0.0074	0	0	0	other
gene_6146	387	4	0.0103	0	0	0	other
gene_6147	118	3	0.0254	0	0	0	other
gene_6148	545	6	0.011	1	0	0	secreted (pred.)
gene_6149	103	2	0.0194	1	0	0	secreted (pred.)
gene_615	347	6	0.0173	1	0	0	secreted (pred.)
gene_6150	970	8	0.0082	0	0	0	other
gene_6151	440	3	0.0068	0	0	0	other
gene_6152	466	11	0.0236	1	0	0	secreted (pred.)
gene_6153	865	18	0.0208	0	0	0	other
gene_6154	1814	15	0.0083	0	0	0	other
gene_6155	481	5	0.0104	0	0	0	other
gene_6156	1076	3	0.0028	0	0	0	other
gene_6157	510	6	0.0118	0	0	0	other
gene_6158	1215	23	0.0189	0	0	0	other
gene_6159	847	15	0.0177	0	0	0	other
gene_616	294	5	0.017	1	0	0	secreted (pred.)
gene_6160	152	5	0.0329	0	0	0	other
gene_6161	866	13	0.015	0	0	0	other
gene_6162	1141	15	0.0131	0	0	0	other
gene_6163	179	2	0.0112	0	0	0	other
gene_6164	276	12	0.0435	1	1	0	secreted (pred.)
gene_6165	865	11	0.0127	1	0	0	secreted (pred.)
gene_6166	331	7	0.0211	0	0	0	other
gene_6167	1083	12	0.0111	1	0	0	secreted (pred.)
gene_6168	395	16	0.0405	0	0	0	other
gene_6169	623	0	0.0	0	0	0	other
gene_617	354	4	0.0113	0	0	0	other
gene_6170	393	4	0.0102	0	0	0	other
gene_6171	420	10	0.0238	0	0	0	other
gene_6172	610	11	0.018	1	0	0	secreted (pred.)
gene_6173	167	4	0.024	1	1	0	secreted (pred.)
gene_6174	248	4	0.0161	0	0	0	other
gene_6175	467	2	0.0043	1	0	0	secreted (pred.)
gene_6176	310	15	0.0484	1	0	0	secreted (pred.)
gene_6177	107	6	0.0561	1	1	0	secreted (pred.)
gene_6178	574	13	0.0226	0	0	0	other
gene_6179	444	8	0.018	0	0	0	other
gene_618	824	8	0.0097	0	0	0	other
gene_6180	518	2	0.0039	1	0	0	secreted (pred.)
gene_6182	1278	11	0.0086	1	0	0	secreted (pred.)
gene_6183	262	1	0.0038	0	0	0	other
gene_6184	267	4	0.015	0	0	0	other
gene_6185	667	2	0.003	0	0	0	other
gene_6186	116	0	0.0	0	0	0	other
gene_6187	707	5	0.0071	0	0	0	other
gene_6188	240	16	0.0667	0	0	0	other
gene_6189	341	4	0.0117	0	0	0	other
gene_619	257	5	0.0195	0	0	0	other
gene_6190	495	7	0.0141	0	0	0	other
gene_6191	596	7	0.0117	0	0	0	other
gene_6192	411	7	0.017	0	0	0	other
gene_6193	432	7	0.0162	0	0	0	other
gene_6194	394	3	0.0076	0	0	0	other
gene_6195	166	2	0.012	0	0	0	other
gene_6196	201	10	0.0498	1	1	0	secreted (pred.)
gene_6197	150	0	0.0	1	0	0	secreted (pred.)
gene_6198	488	6	0.0123	1	0	0	secreted (pred.)
gene_6199	391	10	0.0256	0	0	0	other
gene_62	454	0	0.0	0	0	0	other
gene_620	233	1	0.0043	0	0	0	other
gene_6200	136	0	0.0	0	0	0	other
gene_6201	751	16	0.0213	0	0	0	other
gene_6202	262	1	0.0038	0	0	0	other
gene_6203	570	6	0.0105	0	0	0	other
gene_6204	259	11	0.0425	1	1	0	secreted (pred.)
gene_6205	345	4	0.0116	0	0	0	other
gene_6206	323	4	0.0124	0	0	0	other
gene_6207	437	6	0.0137	1	0	0	secreted (pred.)
gene_6208	318	5	0.0157	0	0	0	other
gene_6209	1345	6	0.0045	0	0	0	other
gene_621	417	8	0.0192	0	0	0	other
gene_6210	238	1	0.0042	0	0	0	other
gene_6211	687	15	0.0218	0	0	0	other
gene_6212	1406	15	0.0107	0	0	0	other
gene_6213	333	8	0.024	0	0	0	other
gene_6214	110	2	0.0182	0	0	0	other
gene_6215	240	3	0.0125	1	0	0	secreted (pred.)
gene_6216	472	7	0.0148	1	0	0	secreted (pred.)
gene_6217	220	7	0.0318	0	0	0	other
gene_6218	299	4	0.0134	0	0	0	other
gene_6219	374	2	0.0053	0	0	0	other
gene_622	414	5	0.0121	0	0	0	other
gene_6220	176	1	0.0057	1	0	0	secreted (pred.)
gene_6221	990	13	0.0131	0	0	0	other
gene_6222	660	4	0.0061	1	0	0	secreted (pred.)
gene_6223	555	7	0.0126	1	0	0	secreted (pred.)
gene_6224	201	3	0.0149	0	0	0	other
gene_6225	314	3	0.0096	0	0	0	other
gene_6226	2951	32	0.0108	0	0	0	other
gene_6227	549	1	0.0018	1	0	0	secreted (pred.)
gene_6228	759	15	0.0198	0	0	0	other
gene_6229	614	8	0.013	0	0	0	other
gene_623	419	4	0.0095	1	0	0	secreted (pred.)
gene_6230	291	5	0.0172	1	0	0	secreted (pred.)
gene_6231	1278	12	0.0094	1	0	0	secreted (pred.)
gene_6232	825	5	0.0061	0	0	0	other
gene_6234	305	4	0.0131	0	0	0	other
gene_6236	741	14	0.0189	0	0	0	other
gene_6237	200	4	0.02	0	0	0	other
gene_6238	304	5	0.0164	1	0	0	secreted (pred.)
gene_6239	222	0	0.0	0	0	0	other
gene_624	467	14	0.03	1	0	0	secreted (pred.)
gene_6240	285	4	0.014	0	0	0	other
gene_6241	180	11	0.0611	0	0	0	other
gene_6242	528	6	0.0114	0	0	0	other
gene_6243	344	2	0.0058	1	0	0	secreted (pred.)
gene_6244	699	16	0.0229	1	0	0	secreted (pred.)
gene_6245	372	10	0.0269	1	0	0	secreted (pred.)
gene_6246	139	0	0.0	1	0	0	secreted (pred.)
gene_6247	393	2	0.0051	0	0	0	other
gene_6248	207	8	0.0386	1	1	1	secreted (pred.)
gene_6249	369	11	0.0298	0	0	0	other
gene_625	321	0	0.0	0	0	0	other
gene_6250	196	1	0.0051	0	0	0	other
gene_6251	543	7	0.0129	0	0	0	other
gene_6252	549	3	0.0055	0	0	0	other
gene_6253	119	0	0.0	0	0	0	other
gene_6254	550	4	0.0073	0	0	0	other
gene_6255	992	7	0.0071	0	0	0	other
gene_6256	973	10	0.0103	0	0	0	other
gene_6257	107	2	0.0187	1	0	0	secreted (pred.)
gene_6258	619	6	0.0097	0	0	0	other
gene_6259	372	8	0.0215	0	0	0	other
gene_626	324	2	0.0062	1	0	0	secreted (pred.)
gene_6260	424	9	0.0212	1	0	0	secreted (pred.)
gene_6261	179	3	0.0168	1	0	0	secreted (pred.)
gene_6262	88	4	0.0455	0	0	0	other
gene_6263	586	1	0.0017	0	0	0	other
gene_6264	445	0	0.0	0	0	0	other
gene_6265	776	13	0.0168	0	0	0	other
gene_6266	425	3	0.0071	0	0	0	other
gene_6267	135	2	0.0148	0	0	0	other
gene_6268	459	8	0.0174	0	0	0	other
gene_6269	205	4	0.0195	1	1	0	secreted (pred.)
gene_6270	382	8	0.0209	0	0	0	other
gene_6271	241	8	0.0332	0	0	0	other
gene_6272	305	0	0.0	0	0	0	other
gene_6273	800	18	0.0225	0	0	0	other
gene_6274	236	0	0.0	0	0	0	other
gene_6275	331	8	0.0242	0	0	0	other
gene_6276	277	11	0.0397	1	1	0	secreted (pred.)
gene_6277	399	12	0.0301	0	0	0	other
gene_6278	357	1	0.0028	0	0	0	other
gene_6279	455	7	0.0154	0	0	0	other
gene_628	691	3	0.0043	1	0	0	secreted (pred.)
gene_6280	263	4	0.0152	0	0	0	other
gene_6281	1106	17	0.0154	1	0	0	secreted (pred.)
gene_6282	595	11	0.0185	0	0	0	other
gene_6283	283	3	0.0106	0	0	0	other
gene_6284	457	7	0.0153	0	0	0	other
gene_6285	455	8	0.0176	0	0	0	other
gene_6286	551	4	0.0073	1	0	0	secreted (pred.)
gene_6287	312	5	0.016	0	0	0	other
gene_6288	253	0	0.0	0	0	0	other
gene_6289	302	2	0.0066	0	0	0	other
gene_629	454	4	0.0088	1	0	0	secreted (pred.)
gene_6290	325	4	0.0123	1	0	0	secreted (pred.)
gene_6291	260	0	0.0	0	0	0	other
gene_6292	588	5	0.0085	0	0	0	other
gene_6293	175	5	0.0286	0	0	0	other
gene_6294	365	4	0.011	0	0	0	other
gene_6295	1965	26	0.0132	0	0	0	other
gene_6297	244	1	0.0041	0	0	0	other
gene_6298	1093	21	0.0192	0	0	0	other
gene_6299	161	6	0.0373	0	0	0	other
gene_63	1000	18	0.018	0	0	0	other
gene_6300	280	2	0.0071	0	0	0	other
gene_6301	1179	49	0.0416	0	0	0	other
gene_6302	128	4	0.0312	0	0	0	other
gene_6303	280	2	0.0071	1	0	0	secreted (pred.)
gene_6304	58	7	0.1207	0	0	0	other
gene_6305	268	1	0.0037	0	0	0	other
gene_6306	773	15	0.0194	0	0	0	other
gene_6307	81	0	0.0	1	0	0	secreted (pred.)
gene_6309	582	12	0.0206	0	0	0	other
gene_631	809	4	0.0049	1	0	0	secreted (pred.)
gene_6310	548	7	0.0128	0	0	0	other
gene_6311	339	4	0.0118	0	0	0	other
gene_6312	83	0	0.0	1	0	0	secreted (pred.)
gene_6313	995	9	0.009	1	0	0	secreted (pred.)
gene_6314	516	5	0.0097	1	0	0	secreted (pred.)
gene_6315	674	12	0.0178	0	0	0	other
gene_6316	463	6	0.013	0	0	0	other
gene_6317	512	6	0.0117	0	0	0	other
gene_6318	595	6	0.0101	1	0	0	secreted (pred.)
gene_6319	240	1	0.0042	0	0	0	other
gene_632	538	5	0.0093	0	0	0	other
gene_6320	191	5	0.0262	1	0	0	secreted (pred.)
gene_6321	409	2	0.0049	0	0	0	other
gene_6322	835	4	0.0048	1	0	0	secreted (pred.)
gene_6323	201	2	0.01	0	0	0	other
gene_6324	236	19	0.0805	1	1	0	secreted (pred.)
gene_6325	578	1	0.0017	0	0	0	other
gene_6326	236	3	0.0127	0	0	0	other
gene_6327	242	1	0.0041	1	0	0	secreted (pred.)
gene_6328	1829	47	0.0257	0	0	0	other
gene_6329	335	5	0.0149	0	0	0	other
gene_633	183	4	0.0219	0	0	0	other
gene_6330	221	0	0.0	0	0	0	other
gene_6331	1079	7	0.0065	0	0	0	other
gene_6332	286	5	0.0175	0	0	0	other
gene_6333	251	1	0.004	0	0	0	other
gene_6334	1017	16	0.0157	0	0	0	other
gene_6335	536	8	0.0149	0	0	0	other
gene_6336	252	6	0.0238	0	0	0	other
gene_6337	271	5	0.0185	0	0	0	other
gene_6338	832	14	0.0168	1	0	0	secreted (pred.)
gene_6339	490	5	0.0102	1	0	0	secreted (pred.)
gene_634	439	1	0.0023	0	0	0	other
gene_6340	154	3	0.0195	0	0	0	other
gene_6341	1417	17	0.012	0	0	0	other
gene_6344	106	2	0.0189	0	0	0	other
gene_6345	125	1	0.008	0	0	0	other
gene_6346	248	7	0.0282	0	0	0	other
gene_6347	147	3	0.0204	0	0	0	other
gene_6348	2528	35	0.0138	0	0	0	other
gene_6349	832	6	0.0072	0	0	0	other
gene_635	751	16	0.0213	0	0	0	other
gene_6350	181	4	0.0221	1	1	0	secreted (pred.)
gene_6351	956	14	0.0146	0	0	0	other
gene_6353	329	3	0.0091	0	0	0	other
gene_6354	625	4	0.0064	0	0	0	other
gene_6355	511	7	0.0137	0	0	0	other
gene_6356	610	15	0.0246	0	0	0	other
gene_6357	717	14	0.0195	1	0	0	secreted (pred.)
gene_6358	374	3	0.008	0	0	0	other
gene_6359	350	2	0.0057	0	0	0	other
gene_636	663	4	0.006	1	0	0	secreted (pred.)
gene_6360	597	23	0.0385	1	0	0	secreted (pred.)
gene_6361	351	2	0.0057	0	0	0	other
gene_6362	674	6	0.0089	0	0	0	other
gene_6363	142	3	0.0211	0	0	0	other
gene_6364	350	7	0.02	1	0	0	secreted (pred.)
gene_6365	538	4	0.0074	0	0	0	other
gene_6366	236	5	0.0212	0	0	0	other
gene_6367	495	7	0.0141	0	0	0	other
gene_6368	147	2	0.0136	0	0	0	other
gene_6369	851	33	0.0388	0	0	0	other
gene_637	355	6	0.0169	1	0	0	secreted (pred.)
gene_6370	324	0	0.0	1	0	0	secreted (pred.)
gene_6371	333	2	0.006	0	0	0	other
gene_6372	852	11	0.0129	0	0	0	other
gene_6373	360	8	0.0222	0	0	0	other
gene_6374	259	3	0.0116	0	0	0	other
gene_6375	601	15	0.025	0	0	0	other
gene_6376	62	0	0.0	0	0	0	other
gene_6377	447	2	0.0045	0	0	0	other
gene_6378	794	7	0.0088	0	0	0	other
gene_6379	539	10	0.0186	0	0	0	other
gene_638	469	9	0.0192	1	0	0	secreted (pred.)
gene_6380	488	3	0.0061	1	0	0	secreted (pred.)
gene_6381	760	11	0.0145	1	0	0	secreted (pred.)
gene_6382	1593	3	0.0019	0	0	0	other
gene_6383	74	8	0.1081	1	1	0	secreted (pred.)
gene_6384	171	8	0.0468	0	0	0	other
gene_6385	873	6	0.0069	0	0	0	other
gene_6386	178	11	0.0618	1	1	0	secreted (pred.)
gene_6387	608	13	0.0214	0	0	0	other
gene_6388	1612	41	0.0254	1	0	0	secreted (pred.)
gene_6389	849	2	0.0024	0	0	0	other
gene_639	349	4	0.0115	0	0	0	other
gene_6390	545	10	0.0183	1	0	0	secreted (pred.)
gene_6391	300	4	0.0133	0	0	0	other
gene_6392	1298	0	0.0	0	0	0	other
gene_6393	870	9	0.0103	0	0	0	other
gene_6394	141	5	0.0355	0	0	0	other
gene_6395	591	8	0.0135	0	0	0	other
gene_6396	287	4	0.0139	1	0	0	secreted (pred.)
gene_6397	278	3	0.0108	0	0	0	other
gene_6398	191	2	0.0105	1	0	0	secreted (pred.)
gene_6399	599	10	0.0167	0	0	0	other
gene_64	685	9	0.0131	0	0	0	other
gene_640	306	7	0.0229	1	0	0	secreted (pred.)
gene_6400	110	5	0.0455	1	1	0	secreted (pred.)
gene_6401	469	4	0.0085	0	0	0	other
gene_6402	222	7	0.0315	0	0	0	other
gene_6403	72	0	0.0	1	0	0	secreted (pred.)
gene_6404	502	8	0.0159	0	0	0	other
gene_6405	209	4	0.0191	0	0	0	other
gene_6406	266	8	0.0301	0	0	0	other
gene_6407	120	0	0.0	0	0	0	other
gene_6408	242	4	0.0165	0	0	0	other
gene_6409	386	0	0.0	0	0	0	other
gene_641	696	6	0.0086	0	0	0	other
gene_6410	248	1	0.004	0	0	0	other
gene_6411	640	14	0.0219	0	0	0	other
gene_6412	183	2	0.0109	0	0	0	other
gene_6413	565	3	0.0053	0	0	0	other
gene_6414	361	3	0.0083	1	0	0	secreted (pred.)
gene_6415	407	7	0.0172	0	0	0	other
gene_6416	238	2	0.0084	1	0	0	secreted (pred.)
gene_6417	392	4	0.0102	1	0	0	secreted (pred.)
gene_6418	703	5	0.0071	0	0	0	other
gene_6419	428	2	0.0047	0	0	0	other
gene_642	353	5	0.0142	0	0	0	other
gene_6420	443	11	0.0248	1	0	0	secreted (pred.)
gene_6421	405	5	0.0123	0	0	0	other
gene_6422	512	3	0.0059	1	0	0	secreted (pred.)
gene_6423	469	0	0.0	0	0	0	other
gene_6424	155	1	0.0065	0	0	0	other
gene_6425	909	18	0.0198	1	0	0	secreted (pred.)
gene_6426	421	0	0.0	0	0	0	other
gene_6427	96	2	0.0208	1	1	0	secreted (pred.)
gene_6428	650	7	0.0108	0	0	0	other
gene_6429	165	8	0.0485	1	1	0	secreted (pred.)
gene_643	257	4	0.0156	0	0	0	other
gene_6430	465	9	0.0194	0	0	0	other
gene_6431	658	6	0.0091	0	0	0	other
gene_6432	364	4	0.011	1	0	0	secreted (pred.)
gene_6433	389	10	0.0257	0	0	0	other
gene_6434	224	3	0.0134	1	0	0	secreted (pred.)
gene_6435	373	17	0.0456	0	0	0	other
gene_6436	682	4	0.0059	1	0	0	secreted (pred.)
gene_6437	1564	26	0.0166	0	0	0	other
gene_6438	271	9	0.0332	0	0	0	other
gene_6439	155	2	0.0129	0	0	0	other
gene_644	879	4	0.0046	0	0	0	other
gene_6440	221	2	0.009	0	0	0	other
gene_6441	107	1	0.0093	0	0	0	other
gene_6442	1028	8	0.0078	0	0	0	other
gene_6443	466	17	0.0365	0	0	0	other
gene_6444	1066	11	0.0103	0	0	0	other
gene_6445	299	3	0.01	0	0	0	other
gene_6446	317	9	0.0284	0	0	0	other
gene_6447	409	6	0.0147	0	0	0	other
gene_6448	493	8	0.0162	0	0	0	other
gene_6449	382	7	0.0183	1	0	0	secreted (pred.)
gene_645	725	0	0.0	0	0	0	other
gene_6450	775	16	0.0206	0	0	0	other
gene_6451	611	10	0.0164	1	0	0	secreted (pred.)
gene_6452	475	2	0.0042	0	0	0	other
gene_6453	394	2	0.0051	1	0	0	secreted (pred.)
gene_6454	393	0	0.0	0	0	0	other
gene_6455	248	6	0.0242	0	0	0	other
gene_6456	1269	11	0.0087	0	0	0	other
gene_6458	93	0	0.0	0	0	0	other
gene_6459	414	4	0.0097	0	0	0	other
gene_646	601	11	0.0183	0	0	0	other
gene_6460	1094	11	0.0101	0	0	0	other
gene_6461	172	2	0.0116	0	0	0	other
gene_6462	828	14	0.0169	0	0	0	other
gene_6463	472	13	0.0275	0	0	0	other
gene_6464	1603	19	0.0119	0	0	0	other
gene_6465	429	14	0.0326	0	0	0	other
gene_6466	739	9	0.0122	0	0	0	other
gene_6467	94	0	0.0	0	0	0	other
gene_6468	784	8	0.0102	0	0	0	other
gene_6469	446	0	0.0	0	0	0	other
gene_647	433	8	0.0185	0	0	0	other
gene_6470	241	1	0.0041	0	0	0	other
gene_6471	265	4	0.0151	1	1	0	secreted (pred.)
gene_6472	367	2	0.0054	1	0	0	secreted (pred.)
gene_6473	1092	9	0.0082	1	0	0	secreted (pred.)
gene_6474	379	3	0.0079	1	0	0	secreted (pred.)
gene_6475	738	5	0.0068	0	0	0	other
gene_6476	553	4	0.0072	0	0	0	other
gene_6477	184	2	0.0109	0	0	0	other
gene_6478	206	5	0.0243	0	0	0	other
gene_6479	358	9	0.0251	1	0	0	secreted (pred.)
gene_648	132	2	0.0152	0	0	0	other
gene_6480	426	1	0.0023	1	0	0	secreted (pred.)
gene_6481	340	2	0.0059	0	0	0	other
gene_6482	216	0	0.0	0	0	0	other
gene_6483	1144	16	0.014	0	0	0	other
gene_6484	415	9	0.0217	1	0	0	secreted (pred.)
gene_6485	208	0	0.0	0	0	0	other
gene_6487	738	14	0.019	0	0	0	other
gene_6488	98	0	0.0	0	0	0	other
gene_6489	83	1	0.012	0	0	0	other
gene_649	406	5	0.0123	0	0	0	other
gene_6490	755	5	0.0066	0	0	0	other
gene_6491	433	12	0.0277	0	0	0	other
gene_6492	1201	22	0.0183	1	0	0	secreted (pred.)
gene_6493	223	9	0.0404	1	1	0	secreted (pred.)
gene_6494	945	3	0.0032	0	0	0	other
gene_6495	351	9	0.0256	0	0	0	other
gene_6496	297	6	0.0202	0	0	0	other
gene_6497	283	4	0.0141	0	0	0	other
gene_6498	156	0	0.0	0	0	0	other
gene_6499	484	2	0.0041	0	0	0	other
gene_65	410	7	0.0171	0	0	0	other
gene_650	453	9	0.0199	0	0	0	other
gene_6500	205	1	0.0049	1	0	0	secreted (pred.)
gene_6501	617	10	0.0162	0	0	0	other
gene_6502	1103	22	0.0199	0	0	0	other
gene_6503	397	1	0.0025	0	0	0	other
gene_6504	333	7	0.021	0	0	0	other
gene_6505	490	7	0.0143	0	0	0	other
gene_6506	298	1	0.0034	1	0	0	secreted (pred.)
gene_6507	457	13	0.0284	0	0	0	other
gene_6508	543	28	0.0516	0	0	0	other
gene_6509	446	11	0.0247	0	0	0	other
gene_651	633	8	0.0126	0	0	0	other
gene_6510	340	3	0.0088	0	0	0	other
gene_6511	428	3	0.007	0	0	0	other
gene_6512	367	4	0.0109	0	0	0	other
gene_6513	282	7	0.0248	1	1	0	secreted (pred.)
gene_6514	521	5	0.0096	0	0	0	other
gene_6515	61	3	0.0492	0	0	0	other
gene_6516	536	6	0.0112	1	0	0	secreted (pred.)
gene_6517	496	4	0.0081	0	0	0	other
gene_6518	830	6	0.0072	0	0	0	other
gene_6519	973	12	0.0123	0	0	0	other
gene_652	428	6	0.014	0	0	0	other
gene_6520	106	0	0.0	0	0	0	other
gene_6521	716	7	0.0098	0	0	0	other
gene_6522	1402	9	0.0064	0	0	0	other
gene_6523	394	7	0.0178	0	0	0	other
gene_6524	440	5	0.0114	0	0	0	other
gene_6525	707	10	0.0141	0	0	0	other
gene_6526	226	21	0.0929	0	0	0	other
gene_6527	569	2	0.0035	0	0	0	other
gene_6528	230	4	0.0174	0	0	0	other
gene_6529	419	8	0.0191	1	0	0	secreted (pred.)
gene_653	280	11	0.0393	0	0	0	other
gene_6530	437	14	0.032	0	0	0	other
gene_6531	671	5	0.0075	1	0	0	secreted (pred.)
gene_6532	255	1	0.0039	0	0	0	other
gene_6533	725	14	0.0193	0	0	0	other
gene_6534	488	4	0.0082	0	0	0	other
gene_6535	415	7	0.0169	0	0	0	other
gene_6536	424	3	0.0071	0	0	0	other
gene_6537	133	1	0.0075	0	0	0	other
gene_6538	543	5	0.0092	0	0	0	other
gene_6539	232	6	0.0259	0	0	0	other
gene_654	540	5	0.0093	0	0	0	other
gene_6540	369	4	0.0108	0	0	0	other
gene_6541	226	2	0.0088	0	0	0	other
gene_6542	590	2	0.0034	0	0	0	other
gene_6543	834	6	0.0072	0	0	0	other
gene_6544	1920	27	0.0141	0	0	0	other
gene_6545	266	5	0.0188	0	0	0	other
gene_6546	600	4	0.0067	1	0	0	secreted (pred.)
gene_6547	96	14	0.1458	0	0	0	other
gene_6548	319	4	0.0125	0	0	0	other
gene_6549	442	11	0.0249	0	0	0	other
gene_655	544	5	0.0092	0	0	0	other
gene_6550	196	1	0.0051	0	0	0	other
gene_6551	660	7	0.0106	0	0	0	other
gene_6552	168	3	0.0179	0	0	0	other
gene_6553	114	8	0.0702	1	1	0	secreted (pred.)
gene_6554	598	9	0.0151	0	0	0	other
gene_6555	758	17	0.0224	0	0	0	other
gene_6556	1222	2	0.0016	0	0	0	other
gene_6557	700	13	0.0186	0	0	0	other
gene_6558	378	6	0.0159	0	0	0	other
gene_6559	964	10	0.0104	0	0	0	other
gene_656	1267	6	0.0047	0	0	0	other
gene_6560	383	7	0.0183	0	0	0	other
gene_6561	264	2	0.0076	1	0	0	secreted (pred.)
gene_6562	1015	17	0.0167	0	0	0	other
gene_6563	589	8	0.0136	1	0	0	secreted (pred.)
gene_6564	370	11	0.0297	0	0	0	other
gene_6565	321	9	0.028	0	0	0	other
gene_6566	413	7	0.0169	0	0	0	other
gene_6567	73	0	0.0	0	0	0	other
gene_6568	131	0	0.0	0	0	0	other
gene_6569	738	7	0.0095	0	0	0	other
gene_657	1862	18	0.0097	0	0	0	other
gene_6570	276	5	0.0181	1	0	0	secreted (pred.)
gene_6571	575	9	0.0157	0	0	0	other
gene_6572	526	22	0.0418	1	0	0	secreted (pred.)
gene_6573	206	4	0.0194	1	1	0	secreted (pred.)
gene_6574	607	13	0.0214	0	0	0	other
gene_6575	135	0	0.0	1	0	0	secreted (pred.)
gene_6576	869	20	0.023	0	0	0	other
gene_6577	489	11	0.0225	0	0	0	other
gene_6578	2155	47	0.0218	1	0	0	secreted (pred.)
gene_6579	143	0	0.0	0	0	0	other
gene_658	89	1	0.0112	0	0	0	other
gene_6580	410	2	0.0049	1	0	0	secreted (pred.)
gene_6582	1113	3	0.0027	0	0	0	other
gene_6583	1025	11	0.0107	1	0	0	secreted (pred.)
gene_6584	97	0	0.0	0	0	0	other
gene_6586	219	3	0.0137	1	0	0	secreted (pred.)
gene_6587	258	5	0.0194	0	0	0	other
gene_6588	591	2	0.0034	0	0	0	other
gene_6589	561	9	0.016	0	0	0	other
gene_659	226	8	0.0354	1	1	0	secreted (pred.)
gene_6590	237	0	0.0	0	0	0	other
gene_6591	1185	12	0.0101	1	0	0	secreted (pred.)
gene_6592	1319	18	0.0136	0	0	0	other
gene_6593	591	3	0.0051	0	0	0	other
gene_6594	310	5	0.0161	1	0	0	secreted (pred.)
gene_6595	1165	15	0.0129	0	0	0	other
gene_6596	172	0	0.0	0	0	0	other
gene_6597	451	4	0.0089	0	0	0	other
gene_6598	470	3	0.0064	0	0	0	other
gene_6599	103	1	0.0097	0	0	0	other
gene_66	623	9	0.0144	0	0	0	other
gene_660	363	5	0.0138	1	0	0	secreted (pred.)
gene_6600	543	6	0.011	0	0	0	other
gene_6601	588	5	0.0085	1	0	0	secreted (pred.)
gene_6602	305	3	0.0098	0	0	0	other
gene_6603	142	6	0.0423	1	1	0	secreted (pred.)
gene_6604	180	0	0.0	0	0	0	other
gene_6605	483	4	0.0083	0	0	0	other
gene_6606	360	6	0.0167	0	0	0	other
gene_6607	238	3	0.0126	1	0	0	secreted (pred.)
gene_6608	303	2	0.0066	1	0	0	secreted (pred.)
gene_6609	204	1	0.0049	0	0	0	other
gene_661	75	0	0.0	1	0	0	secreted (pred.)
gene_6610	115	1	0.0087	0	0	0	other
gene_6611	476	5	0.0105	0	0	0	other
gene_6612	223	2	0.009	0	0	0	other
gene_6613	269	3	0.0112	0	0	0	other
gene_6614	968	9	0.0093	0	0	0	other
gene_6615	750	15	0.02	0	0	0	other
gene_6617	351	2	0.0057	1	0	0	secreted (pred.)
gene_6618	1062	19	0.0179	0	0	0	other
gene_6619	598	7	0.0117	0	0	0	other
gene_662	689	7	0.0102	0	0	0	other
gene_6620	201	10	0.0498	1	1	0	secreted (pred.)
gene_6621	749	1	0.0013	0	0	0	other
gene_6622	1064	12	0.0113	1	0	0	secreted (pred.)
gene_6624	479	5	0.0104	0	0	0	other
gene_6625	634	10	0.0158	0	0	0	other
gene_6626	102	3	0.0294	1	1	0	secreted (pred.)
gene_6627	148	0	0.0	0	0	0	other
gene_6628	144	0	0.0	0	0	0	other
gene_6629	610	10	0.0164	0	0	0	other
gene_663	509	3	0.0059	1	0	0	secreted (pred.)
gene_6630	318	4	0.0126	0	0	0	other
gene_6631	367	0	0.0	0	0	0	other
gene_6632	1320	11	0.0083	0	0	0	other
gene_6633	1200	12	0.01	0	0	0	other
gene_6634	403	4	0.0099	0	0	0	other
gene_6635	59	0	0.0	1	0	0	secreted (pred.)
gene_6636	191	0	0.0	0	0	0	other
gene_6637	279	10	0.0358	1	1	0	secreted (pred.)
gene_6638	1081	18	0.0167	0	0	0	other
gene_6639	460	10	0.0217	0	0	0	other
gene_664	819	1	0.0012	0	0	0	other
gene_6640	333	7	0.021	0	0	0	other
gene_6641	89	2	0.0225	0	0	0	other
gene_6642	324	7	0.0216	1	0	0	secreted (pred.)
gene_6643	333	8	0.024	1	0	0	secreted (pred.)
gene_6644	642	4	0.0062	0	0	0	other
gene_6645	396	0	0.0	0	0	0	other
gene_6647	452	1	0.0022	0	0	0	other
gene_6648	1228	12	0.0098	1	0	0	secreted (pred.)
gene_6649	173	4	0.0231	1	1	1	secreted (pred.)
gene_665	1654	21	0.0127	1	0	0	secreted (pred.)
gene_6650	460	15	0.0326	0	0	0	other
gene_6651	125	4	0.032	1	1	0	secreted (pred.)
gene_6652	732	2	0.0027	0	0	0	other
gene_6653	909	4	0.0044	0	0	0	other
gene_6654	750	16	0.0213	0	0	0	other
gene_6655	621	17	0.0274	1	0	0	secreted (pred.)
gene_6656	1409	11	0.0078	0	0	0	other
gene_6657	190	3	0.0158	1	0	0	secreted (pred.)
gene_6658	610	5	0.0082	0	0	0	other
gene_6659	271	9	0.0332	0	0	0	other
gene_666	366	1	0.0027	0	0	0	other
gene_6660	534	9	0.0169	0	0	0	other
gene_6661	526	4	0.0076	0	0	0	other
gene_6662	364	3	0.0082	0	0	0	other
gene_6663	201	4	0.0199	0	0	0	other
gene_6664	248	3	0.0121	0	0	0	other
gene_6665	244	0	0.0	0	0	0	other
gene_6666	187	0	0.0	0	0	0	other
gene_6667	335	0	0.0	0	0	0	other
gene_6668	256	4	0.0156	0	0	0	other
gene_667	218	7	0.0321	0	0	0	other
gene_6670	808	18	0.0223	0	0	0	other
gene_6671	491	10	0.0204	0	0	0	other
gene_6672	398	0	0.0	1	0	0	secreted (pred.)
gene_6673	592	5	0.0084	0	0	0	other
gene_6674	403	5	0.0124	0	0	0	other
gene_6675	507	7	0.0138	0	0	0	other
gene_6676	272	2	0.0074	0	0	0	other
gene_6677	707	8	0.0113	0	0	0	other
gene_6678	366	0	0.0	0	0	0	other
gene_6679	1471	19	0.0129	0	0	0	other
gene_668	515	6	0.0117	0	0	0	other
gene_6680	112	8	0.0714	1	1	0	secreted (pred.)
gene_6681	158	0	0.0	0	0	0	other
gene_6682	182	3	0.0165	0	0	0	other
gene_6683	233	14	0.0601	1	0	0	secreted (pred.)
gene_6684	631	3	0.0048	0	0	0	other
gene_6685	500	7	0.014	0	0	0	other
gene_6686	502	9	0.0179	1	0	0	secreted (pred.)
gene_6687	942	14	0.0149	0	0	0	other
gene_6688	327	8	0.0245	0	0	0	other
gene_6689	220	0	0.0	0	0	0	other
gene_669	476	2	0.0042	0	0	0	other
gene_6690	252	0	0.0	0	0	0	other
gene_6691	333	4	0.012	0	0	0	other
gene_6692	75	0	0.0	1	0	0	secreted (pred.)
gene_6693	534	14	0.0262	0	0	0	other
gene_6694	575	7	0.0122	0	0	0	other
gene_6695	522	9	0.0172	0	0	0	other
gene_6696	330	4	0.0121	1	0	0	secreted (pred.)
gene_6697	801	21	0.0262	0	0	0	other
gene_6698	115	2	0.0174	0	0	0	other
gene_6699	165	7	0.0424	1	1	0	secreted (pred.)
gene_67	224	2	0.0089	0	0	0	other
gene_670	563	6	0.0107	0	0	0	other
gene_6700	1641	8	0.0049	0	0	0	other
gene_6701	420	0	0.0	0	0	0	other
gene_6702	1440	9	0.0063	0	0	0	other
gene_6703	365	2	0.0055	1	0	0	secreted (pred.)
gene_6704	120	10	0.0833	1	1	0	secreted (pred.)
gene_6705	433	5	0.0115	0	0	0	other
gene_6706	464	8	0.0172	0	0	0	other
gene_6707	375	1	0.0027	0	0	0	other
gene_6708	598	13	0.0217	0	0	0	other
gene_6709	300	4	0.0133	0	0	0	other
gene_671	479	4	0.0084	0	0	0	other
gene_6710	110	2	0.0182	1	0	0	secreted (pred.)
gene_6711	320	10	0.0312	0	0	0	other
gene_6712	836	11	0.0132	0	0	0	other
gene_6713	182	1	0.0055	1	0	0	secreted (pred.)
gene_6714	534	12	0.0225	0	0	0	other
gene_6715	308	5	0.0162	1	0	0	secreted (pred.)
gene_6716	173	0	0.0	1	0	0	secreted (pred.)
gene_6717	774	7	0.009	0	0	0	other
gene_6718	765	3	0.0039	0	0	0	other
gene_6719	274	6	0.0219	1	1	0	secreted (pred.)
gene_672	271	4	0.0148	0	0	0	other
gene_6720	210	1	0.0048	0	0	0	other
gene_6721	267	2	0.0075	1	0	0	secreted (pred.)
gene_6722	652	16	0.0245	0	0	0	other
gene_6724	323	8	0.0248	1	0	0	secreted (pred.)
gene_6725	828	6	0.0072	0	0	0	other
gene_6726	990	8	0.0081	0	0	0	other
gene_6727	428	4	0.0093	0	0	0	other
gene_6728	207	0	0.0	0	0	0	other
gene_6729	1181	9	0.0076	0	0	0	other
gene_673	1795	9	0.005	0	0	0	other
gene_6730	564	5	0.0089	1	0	0	secreted (pred.)
gene_6731	231	6	0.026	0	0	0	other
gene_6732	477	13	0.0273	1	0	0	secreted (pred.)
gene_6733	273	4	0.0147	1	1	0	secreted (pred.)
gene_6734	165	8	0.0485	0	0	0	other
gene_6735	649	8	0.0123	1	0	0	secreted (pred.)
gene_6736	160	2	0.0125	0	0	0	other
gene_6738	266	5	0.0188	1	1	0	secreted (pred.)
gene_6739	307	9	0.0293	1	0	0	secreted (pred.)
gene_674	875	3	0.0034	1	0	0	secreted (pred.)
gene_6740	274	1	0.0036	0	0	0	other
gene_6741	568	10	0.0176	0	0	0	other
gene_6742	498	3	0.006	0	0	0	other
gene_6743	330	2	0.0061	0	0	0	other
gene_6744	791	10	0.0126	0	0	0	other
gene_6745	215	2	0.0093	0	0	0	other
gene_6746	450	4	0.0089	0	0	0	other
gene_6747	1088	18	0.0165	0	0	0	other
gene_6748	900	4	0.0044	0	0	0	other
gene_6749	462	3	0.0065	0	0	0	other
gene_675	180	8	0.0444	0	0	0	other
gene_6750	862	6	0.007	0	0	0	other
gene_6751	119	8	0.0672	1	1	0	secreted (pred.)
gene_6752	532	9	0.0169	0	0	0	other
gene_6753	768	2	0.0026	0	0	0	other
gene_6754	342	5	0.0146	0	0	0	other
gene_6755	328	4	0.0122	0	0	0	other
gene_6756	356	1	0.0028	0	0	0	other
gene_6757	331	6	0.0181	1	0	0	secreted (pred.)
gene_6758	514	2	0.0039	1	0	0	secreted (pred.)
gene_6759	254	1	0.0039	1	0	0	secreted (pred.)
gene_676	859	12	0.014	0	0	0	other
gene_6760	1459	20	0.0137	0	0	0	other
gene_6761	456	11	0.0241	0	0	0	other
gene_6762	206	8	0.0388	1	1	0	secreted (pred.)
gene_6763	154	0	0.0	0	0	0	other
gene_6764	859	11	0.0128	0	0	0	other
gene_6765	382	8	0.0209	0	0	0	other
gene_6766	475	0	0.0	0	0	0	other
gene_6767	3268	28	0.0086	0	0	0	other
gene_6768	704	7	0.0099	0	0	0	other
gene_6769	557	12	0.0215	0	0	0	other
gene_677	132	9	0.0682	1	1	0	secreted (pred.)
gene_6770	778	25	0.0321	0	0	0	other
gene_6771	282	0	0.0	0	0	0	other
gene_6772	568	0	0.0	0	0	0	other
gene_6773	483	5	0.0104	0	0	0	other
gene_6774	909	14	0.0154	0	0	0	other
gene_6775	740	16	0.0216	0	0	0	other
gene_6776	256	0	0.0	1	0	0	secreted (pred.)
gene_6777	965	24	0.0249	0	0	0	other
gene_6778	1146	13	0.0113	0	0	0	other
gene_6779	1247	21	0.0168	0	0	0	other
gene_678	329	7	0.0213	1	0	0	secreted (pred.)
gene_6780	318	1	0.0031	0	0	0	other
gene_6781	295	1	0.0034	1	0	0	secreted (pred.)
gene_6782	1168	18	0.0154	0	0	0	other
gene_6783	402	2	0.005	0	0	0	other
gene_6784	889	8	0.009	0	0	0	other
gene_6786	340	6	0.0176	0	0	0	other
gene_6787	195	1	0.0051	0	0	0	other
gene_6788	811	11	0.0136	0	0	0	other
gene_6789	1018	7	0.0069	0	0	0	other
gene_679	396	3	0.0076	1	0	0	secreted (pred.)
gene_6790	490	10	0.0204	0	0	0	other
gene_6791	803	4	0.005	0	0	0	other
gene_6792	243	4	0.0165	0	0	0	other
gene_6793	1039	4	0.0038	0	0	0	other
gene_6794	548	5	0.0091	1	0	0	secreted (pred.)
gene_6795	284	5	0.0176	0	0	0	other
gene_6796	365	1	0.0027	0	0	0	other
gene_6797	425	0	0.0	0	0	0	other
gene_6798	1569	19	0.0121	0	0	0	other
gene_6799	603	6	0.01	0	0	0	other
gene_68	189	8	0.0423	0	0	0	other
gene_680	122	0	0.0	0	0	0	other
gene_6800	130	1	0.0077	0	0	0	other
gene_6801	453	9	0.0199	0	0	0	other
gene_6802	403	7	0.0174	0	0	0	other
gene_6803	310	3	0.0097	0	0	0	other
gene_6804	802	13	0.0162	1	0	0	secreted (pred.)
gene_6805	632	6	0.0095	0	0	0	other
gene_6806	208	2	0.0096	0	0	0	other
gene_6807	565	14	0.0248	0	0	0	other
gene_6808	339	0	0.0	1	0	0	secreted (pred.)
gene_6809	651	3	0.0046	0	0	0	other
gene_681	770	9	0.0117	0	0	0	other
gene_6810	483	1	0.0021	0	0	0	other
gene_6811	258	1	0.0039	0	0	0	other
gene_6812	379	1	0.0026	0	0	0	other
gene_6814	412	7	0.017	0	0	0	other
gene_6815	912	14	0.0154	1	0	0	secreted (pred.)
gene_6816	354	2	0.0056	0	0	0	other
gene_6817	181	1	0.0055	1	0	0	secreted (pred.)
gene_6818	523	4	0.0076	1	0	0	secreted (pred.)
gene_6819	551	7	0.0127	0	0	0	other
gene_682	592	2	0.0034	0	0	0	other
gene_6820	854	11	0.0129	0	0	0	other
gene_6821	318	5	0.0157	1	0	0	secreted (pred.)
gene_6822	263	3	0.0114	1	0	0	secreted (pred.)
gene_6823	1869	11	0.0059	0	0	0	other
gene_6824	463	5	0.0108	0	0	0	other
gene_6825	389	2	0.0051	0	0	0	other
gene_6826	581	8	0.0138	1	0	0	secreted (pred.)
gene_6827	668	8	0.012	1	0	0	secreted (pred.)
gene_6828	557	12	0.0215	1	0	0	secreted (pred.)
gene_6829	304	11	0.0362	0	0	0	other
gene_683	245	3	0.0122	0	0	0	other
gene_6830	491	11	0.0224	0	0	0	other
gene_6831	403	3	0.0074	0	0	0	other
gene_6832	71	6	0.0845	1	1	0	secreted (pred.)
gene_6833	318	4	0.0126	1	0	0	secreted (pred.)
gene_6834	565	5	0.0088	0	0	0	other
gene_6835	514	4	0.0078	0	0	0	other
gene_6837	1782	11	0.0062	0	0	0	other
gene_6838	886	8	0.009	0	0	0	other
gene_6839	83	1	0.012	0	0	0	other
gene_684	653	11	0.0168	0	0	0	other
gene_6840	689	4	0.0058	0	0	0	other
gene_6841	296	1	0.0034	0	0	0	other
gene_6842	663	13	0.0196	0	0	0	other
gene_6843	389	8	0.0206	0	0	0	other
gene_6844	109	1	0.0092	0	0	0	other
gene_6845	259	1	0.0039	0	0	0	other
gene_6846	673	21	0.0312	0	0	0	other
gene_6847	203	4	0.0197	1	1	0	secreted (pred.)
gene_6848	570	8	0.014	0	0	0	other
gene_6849	738	17	0.023	0	0	0	other
gene_685	92	2	0.0217	0	0	0	other
gene_6850	944	15	0.0159	0	0	0	other
gene_6851	255	2	0.0078	0	0	0	other
gene_6852	175	2	0.0114	1	0	0	secreted (pred.)
gene_6853	185	1	0.0054	0	0	0	other
gene_6854	234	1	0.0043	0	0	0	other
gene_6855	509	4	0.0079	0	0	0	other
gene_6856	358	8	0.0223	0	0	0	other
gene_6857	1197	8	0.0067	0	0	0	other
gene_6858	138	0	0.0	1	0	0	secreted (pred.)
gene_6859	232	4	0.0172	0	0	0	other
gene_686	550	9	0.0164	0	0	0	other
gene_6860	245	4	0.0163	0	0	0	other
gene_6861	490	1	0.002	0	0	0	other
gene_6862	261	2	0.0077	0	0	0	other
gene_6863	488	9	0.0184	0	0	0	other
gene_6864	794	11	0.0139	1	0	0	secreted (pred.)
gene_6865	348	8	0.023	1	0	0	secreted (pred.)
gene_6866	505	6	0.0119	0	0	0	other
gene_6867	161	8	0.0497	0	0	0	other
gene_6868	586	9	0.0154	1	0	0	secreted (pred.)
gene_6869	211	5	0.0237	1	1	0	secreted (pred.)
gene_687	262	7	0.0267	0	0	0	other
gene_6870	747	10	0.0134	0	0	0	other
gene_6871	506	1	0.002	1	0	0	secreted (pred.)
gene_6872	345	4	0.0116	0	0	0	other
gene_6873	864	7	0.0081	0	0	0	other
gene_6874	98	3	0.0306	1	1	0	secreted (pred.)
gene_6875	1511	16	0.0106	0	0	0	other
gene_6876	952	3	0.0032	0	0	0	other
gene_6877	406	4	0.0099	0	0	0	other
gene_6878	223	3	0.0135	1	0	0	secreted (pred.)
gene_6879	535	6	0.0112	0	0	0	other
gene_688	584	17	0.0291	1	0	0	secreted (pred.)
gene_6880	541	9	0.0166	0	0	0	other
gene_6881	291	3	0.0103	0	0	0	other
gene_6882	528	11	0.0208	0	0	0	other
gene_6883	833	11	0.0132	0	0	0	other
gene_6884	259	3	0.0116	0	0	0	other
gene_6885	114	10	0.0877	1	1	0	secreted (pred.)
gene_6886	599	0	0.0	0	0	0	other
gene_6887	380	6	0.0158	1	0	0	secreted (pred.)
gene_6889	754	22	0.0292	1	0	0	secreted (pred.)
gene_689	955	21	0.022	0	0	0	other
gene_6890	663	7	0.0106	1	0	0	secreted (pred.)
gene_6891	127	7	0.0551	1	1	0	secreted (pred.)
gene_6892	501	7	0.014	0	0	0	other
gene_6893	588	8	0.0136	0	0	0	other
gene_6894	694	4	0.0058	0	0	0	other
gene_6895	274	2	0.0073	1	0	0	secreted (pred.)
gene_6896	831	8	0.0096	1	0	0	secreted (pred.)
gene_6897	417	3	0.0072	0	0	0	other
gene_6898	374	5	0.0134	0	0	0	other
gene_6899	341	5	0.0147	0	0	0	other
gene_69	1072	4	0.0037	0	0	0	other
gene_690	1016	15	0.0148	1	0	0	secreted (pred.)
gene_6900	446	3	0.0067	0	0	0	other
gene_6901	134	4	0.0299	1	1	0	secreted (pred.)
gene_6902	321	8	0.0249	0	0	0	other
gene_6903	277	3	0.0108	1	0	0	secreted (pred.)
gene_6904	750	6	0.008	1	0	0	secreted (pred.)
gene_6905	183	6	0.0328	1	1	0	secreted (pred.)
gene_6906	334	2	0.006	0	0	0	other
gene_6907	365	4	0.011	0	0	0	other
gene_6908	299	3	0.01	0	0	0	other
gene_6909	343	4	0.0117	0	0	0	other
gene_691	287	8	0.0279	0	0	0	other
gene_6910	161	2	0.0124	0	0	0	other
gene_6911	916	1	0.0011	0	0	0	other
gene_6912	305	8	0.0262	1	0	0	secreted (pred.)
gene_6913	343	6	0.0175	0	0	0	other
gene_6914	380	8	0.0211	0	0	0	other
gene_6915	1047	10	0.0096	0	0	0	other
gene_6916	276	5	0.0181	0	0	0	other
gene_6917	543	3	0.0055	0	0	0	other
gene_6918	413	5	0.0121	0	0	0	other
gene_6919	881	7	0.0079	0	0	0	other
gene_6921	330	4	0.0121	0	0	0	other
gene_6922	209	6	0.0287	0	0	0	other
gene_6923	110	2	0.0182	1	0	0	secreted (pred.)
gene_6924	969	17	0.0175	0	0	0	other
gene_6925	347	8	0.0231	1	0	0	secreted (pred.)
gene_6926	286	5	0.0175	1	1	0	secreted (pred.)
gene_6927	904	5	0.0055	0	0	0	other
gene_6928	359	4	0.0111	0	0	0	other
gene_6929	571	9	0.0158	0	0	0	other
gene_693	223	7	0.0314	0	0	0	other
gene_6930	283	3	0.0106	0	0	0	other
gene_6931	580	0	0.0	0	0	0	other
gene_6932	258	1	0.0039	0	0	0	other
gene_6933	1012	4	0.004	0	0	0	other
gene_6934	295	2	0.0068	1	0	0	secreted (pred.)
gene_6935	1189	15	0.0126	0	0	0	other
gene_6936	322	12	0.0373	0	0	0	other
gene_6937	470	14	0.0298	1	1	1	secreted (pred.)
gene_6938	289	9	0.0311	1	1	0	secreted (pred.)
gene_6939	746	4	0.0054	0	0	0	other
gene_694	545	14	0.0257	0	0	0	other
gene_6940	183	8	0.0437	1	1	0	secreted (pred.)
gene_6941	2280	29	0.0127	0	0	0	other
gene_6942	746	5	0.0067	0	0	0	other
gene_6943	821	14	0.0171	0	0	0	other
gene_6944	319	7	0.0219	0	0	0	other
gene_6945	522	6	0.0115	0	0	0	other
gene_6946	410	1	0.0024	0	0	0	other
gene_6947	1258	12	0.0095	0	0	0	other
gene_6948	654	10	0.0153	0	0	0	other
gene_6949	533	8	0.015	0	0	0	other
gene_695	120	2	0.0167	0	0	0	other
gene_6951	234	4	0.0171	1	1	0	secreted (pred.)
gene_6952	518	5	0.0097	0	0	0	other
gene_6953	308	5	0.0162	0	0	0	other
gene_6954	541	5	0.0092	0	0	0	other
gene_6955	164	4	0.0244	0	0	0	other
gene_6956	1363	21	0.0154	1	0	0	secreted (pred.)
gene_6957	145	1	0.0069	0	0	0	other
gene_6958	360	5	0.0139	1	0	0	secreted (pred.)
gene_6959	359	3	0.0084	0	0	0	other
gene_696	211	5	0.0237	1	1	0	secreted (pred.)
gene_6960	623	9	0.0144	0	0	0	other
gene_6961	424	0	0.0	0	0	0	other
gene_6962	605	9	0.0149	0	0	0	other
gene_6963	301	1	0.0033	0	0	0	other
gene_6964	449	4	0.0089	0	0	0	other
gene_6965	483	8	0.0166	0	0	0	other
gene_6966	397	14	0.0353	0	0	0	other
gene_6967	377	4	0.0106	0	0	0	other
gene_6968	1092	9	0.0082	0	0	0	other
gene_6969	639	3	0.0047	1	0	0	secreted (pred.)
gene_697	1807	24	0.0133	0	0	0	other
gene_6970	894	19	0.0213	0	0	0	other
gene_6971	624	12	0.0192	1	0	0	secreted (pred.)
gene_6972	515	9	0.0175	1	0	0	secreted (pred.)
gene_6973	90	4	0.0444	0	0	0	other
gene_6974	361	2	0.0055	0	0	0	other
gene_6975	354	5	0.0141	0	0	0	other
gene_6976	819	10	0.0122	0	0	0	other
gene_6977	246	3	0.0122	0	0	0	other
gene_6978	904	9	0.01	0	0	0	other
gene_6979	106	4	0.0377	0	0	0	other
gene_698	262	1	0.0038	1	0	0	secreted (pred.)
gene_6980	956	11	0.0115	0	0	0	other
gene_6981	484	7	0.0145	0	0	0	other
gene_6982	776	11	0.0142	1	0	0	secreted (pred.)
gene_6983	208	2	0.0096	0	0	0	other
gene_6984	693	9	0.013	0	0	0	other
gene_6985	581	5	0.0086	1	0	0	secreted (pred.)
gene_6986	715	7	0.0098	0	0	0	other
gene_6987	544	11	0.0202	0	0	0	other
gene_6988	372	2	0.0054	0	0	0	other
gene_6989	366	11	0.0301	0	0	0	other
gene_699	1047	10	0.0096	1	0	0	secreted (pred.)
gene_6990	460	5	0.0109	0	0	0	other
gene_6991	181	4	0.0221	0	0	0	other
gene_6992	162	2	0.0123	0	0	0	other
gene_6993	120	10	0.0833	1	1	0	secreted (pred.)
gene_6994	447	5	0.0112	0	0	0	other
gene_6995	799	1	0.0013	0	0	0	other
gene_6996	300	4	0.0133	0	0	0	other
gene_6997	149	4	0.0268	0	0	0	other
gene_6998	291	8	0.0275	0	0	0	other
gene_6999	98	1	0.0102	0	0	0	other
gene_70	321	7	0.0218	1	0	0	secreted (pred.)
gene_700	1976	19	0.0096	0	0	0	other
gene_7001	1478	1	0.0007	0	0	0	other
gene_7002	333	5	0.015	1	0	0	secreted (pred.)
gene_7003	729	5	0.0069	0	0	0	other
gene_7004	494	2	0.004	1	0	0	secreted (pred.)
gene_7005	205	4	0.0195	0	0	0	other
gene_7006	99	0	0.0	0	0	0	other
gene_7007	1523	22	0.0144	0	0	0	other
gene_7008	377	8	0.0212	0	0	0	other
gene_701	493	3	0.0061	0	0	0	other
gene_7010	1092	14	0.0128	0	0	0	other
gene_7011	691	5	0.0072	0	0	0	other
gene_7012	481	5	0.0104	0	0	0	other
gene_7013	554	9	0.0162	1	0	0	secreted (pred.)
gene_7014	158	9	0.057	0	0	0	other
gene_7015	251	2	0.008	0	0	0	other
gene_7016	548	7	0.0128	0	0	0	other
gene_7017	606	0	0.0	0	0	0	other
gene_7018	166	0	0.0	0	0	0	other
gene_7019	269	6	0.0223	0	0	0	other
gene_702	228	2	0.0088	0	0	0	other
gene_7020	868	8	0.0092	0	0	0	other
gene_7021	175	4	0.0229	1	1	0	secreted (pred.)
gene_7022	1137	12	0.0106	0	0	0	other
gene_7023	773	11	0.0142	0	0	0	other
gene_7024	988	32	0.0324	0	0	0	other
gene_7025	353	8	0.0227	1	0	0	secreted (pred.)
gene_7026	690	11	0.0159	0	0	0	other
gene_7027	139	3	0.0216	0	0	0	other
gene_7028	379	2	0.0053	0	0	0	other
gene_7029	231	6	0.026	0	0	0	other
gene_703	168	5	0.0298	0	0	0	other
gene_7030	448	6	0.0134	0	0	0	other
gene_7031	1149	42	0.0366	1	0	0	secreted (pred.)
gene_7032	448	4	0.0089	1	0	0	secreted (pred.)
gene_7033	376	9	0.0239	0	0	0	other
gene_7034	123	4	0.0325	1	1	0	secreted (pred.)
gene_7035	319	3	0.0094	0	0	0	other
gene_7036	340	4	0.0118	0	0	0	other
gene_7037	126	3	0.0238	0	0	0	other
gene_7038	494	3	0.0061	1	0	0	secreted (pred.)
gene_7039	539	5	0.0093	0	0	0	other
gene_704	323	1	0.0031	0	0	0	other
gene_7040	442	6	0.0136	1	0	0	secreted (pred.)
gene_7041	155	3	0.0194	1	0	0	secreted (pred.)
gene_7042	264	4	0.0152	1	1	0	secreted (pred.)
gene_7043	157	6	0.0382	0	0	0	other
gene_7044	1182	11	0.0093	0	0	0	other
gene_7045	480	1	0.0021	0	0	0	other
gene_7046	724	5	0.0069	0	0	0	other
gene_7047	629	15	0.0238	0	0	0	other
gene_7048	2074	24	0.0116	0	0	0	other
gene_7049	261	5	0.0192	0	0	0	other
gene_705	1131	11	0.0097	0	0	0	other
gene_7050	1373	5	0.0036	0	0	0	other
gene_7051	539	5	0.0093	0	0	0	other
gene_7052	471	12	0.0255	1	0	0	secreted (pred.)
gene_7053	874	8	0.0092	1	0	0	secreted (pred.)
gene_7054	721	8	0.0111	0	0	0	other
gene_7055	424	2	0.0047	0	0	0	other
gene_7056	711	13	0.0183	0	0	0	other
gene_7057	370	3	0.0081	0	0	0	other
gene_7058	922	5	0.0054	0	0	0	other
gene_7059	396	9	0.0227	0	0	0	other
gene_706	189	2	0.0106	0	0	0	other
gene_7060	501	8	0.016	0	0	0	other
gene_7061	309	2	0.0065	1	0	0	secreted (pred.)
gene_7062	350	2	0.0057	0	0	0	other
gene_7063	332	6	0.0181	0	0	0	other
gene_7064	790	2	0.0025	1	0	0	secreted (pred.)
gene_7065	408	1	0.0025	0	0	0	other
gene_7066	228	4	0.0175	0	0	0	other
gene_7067	644	6	0.0093	0	0	0	other
gene_7068	399	2	0.005	0	0	0	other
gene_7069	1015	5	0.0049	0	0	0	other
gene_707	858	18	0.021	0	0	0	other
gene_7070	361	2	0.0055	0	0	0	other
gene_7071	843	4	0.0047	0	0	0	other
gene_7072	450	1	0.0022	0	0	0	other
gene_7073	219	5	0.0228	0	0	0	other
gene_7074	641	11	0.0172	0	0	0	other
gene_7075	1049	8	0.0076	0	0	0	other
gene_7076	205	9	0.0439	0	0	0	other
gene_7077	622	4	0.0064	1	0	0	secreted (pred.)
gene_7078	184	2	0.0109	0	0	0	other
gene_7079	473	6	0.0127	0	0	0	other
gene_708	317	3	0.0095	0	0	0	other
gene_7080	298	1	0.0034	0	0	0	other
gene_7081	658	9	0.0137	0	0	0	other
gene_7083	710	5	0.007	1	0	0	secreted (pred.)
gene_7084	220	3	0.0136	0	0	0	other
gene_7085	195	1	0.0051	0	0	0	other
gene_7086	241	2	0.0083	1	0	0	secreted (pred.)
gene_7087	380	6	0.0158	1	0	0	secreted (pred.)
gene_7088	331	4	0.0121	1	0	0	secreted (pred.)
gene_7089	741	18	0.0243	0	0	0	other
gene_709	305	0	0.0	0	0	0	other
gene_7090	803	12	0.0149	0	0	0	other
gene_7091	568	9	0.0158	0	0	0	other
gene_7093	220	5	0.0227	0	0	0	other
gene_7094	2251	23	0.0102	0	0	0	other
gene_7095	180	3	0.0167	0	0	0	other
gene_7096	618	8	0.0129	1	0	0	secreted (pred.)
gene_7097	515	9	0.0175	0	0	0	other
gene_7098	304	0	0.0	0	0	0	other
gene_7099	161	2	0.0124	0	0	0	other
gene_71	179	9	0.0503	0	0	0	other
gene_710	416	3	0.0072	0	0	0	other
gene_7100	459	6	0.0131	0	0	0	other
gene_7101	185	1	0.0054	0	0	0	other
gene_7102	375	2	0.0053	0	0	0	other
gene_7103	386	7	0.0181	1	0	0	secreted (pred.)
gene_7104	680	15	0.0221	0	0	0	other
gene_7105	575	6	0.0104	1	0	0	secreted (pred.)
gene_7106	656	5	0.0076	1	0	0	secreted (pred.)
gene_7107	858	21	0.0245	1	0	0	secreted (pred.)
gene_7108	91	4	0.044	1	1	0	secreted (pred.)
gene_7109	313	5	0.016	0	0	0	other
gene_711	763	36	0.0472	1	1	1	secreted (pred.)
gene_7110	1120	15	0.0134	0	0	0	other
gene_7111	915	8	0.0087	0	0	0	other
gene_7112	237	1	0.0042	1	0	0	secreted (pred.)
gene_7113	240	4	0.0167	0	0	0	other
gene_7114	53	6	0.1132	1	1	0	secreted (pred.)
gene_7115	866	9	0.0104	0	0	0	other
gene_7116	401	6	0.015	0	0	0	other
gene_7117	203	3	0.0148	0	0	0	other
gene_7118	265	4	0.0151	0	0	0	other
gene_7119	1161	29	0.025	0	0	0	other
gene_712	351	4	0.0114	0	0	0	other
gene_7120	113	1	0.0088	0	0	0	other
gene_7121	530	8	0.0151	0	0	0	other
gene_7122	181	3	0.0166	0	0	0	other
gene_7123	186	20	0.1075	1	1	0	secreted (pred.)
gene_7124	945	7	0.0074	0	0	0	other
gene_7125	476	7	0.0147	0	0	0	other
gene_7126	385	2	0.0052	1	0	0	secreted (pred.)
gene_7127	667	0	0.0	0	0	0	other
gene_7128	366	3	0.0082	0	0	0	other
gene_7129	200	1	0.005	0	0	0	other
gene_713	601	6	0.01	0	0	0	other
gene_7130	482	4	0.0083	0	0	0	other
gene_7132	805	10	0.0124	0	0	0	other
gene_7133	284	3	0.0106	0	0	0	other
gene_7134	639	0	0.0	0	0	0	other
gene_7135	324	1	0.0031	0	0	0	other
gene_7136	532	3	0.0056	0	0	0	other
gene_7137	810	11	0.0136	1	0	0	secreted (pred.)
gene_7138	378	6	0.0159	1	0	0	secreted (pred.)
gene_7139	574	11	0.0192	0	0	0	other
gene_714	487	4	0.0082	1	0	0	secreted (pred.)
gene_7140	756	17	0.0225	1	0	0	secreted (pred.)
gene_7141	356	2	0.0056	0	0	0	other
gene_7142	442	8	0.0181	0	0	0	other
gene_7143	569	8	0.0141	0	0	0	other
gene_7144	91	4	0.044	1	1	0	secreted (pred.)
gene_7145	359	1	0.0028	0	0	0	other
gene_7146	1539	2	0.0013	0	0	0	other
gene_7147	298	4	0.0134	0	0	0	other
gene_7148	360	9	0.025	0	0	0	other
gene_7149	851	30	0.0353	0	0	0	other
gene_715	235	2	0.0085	0	0	0	other
gene_7150	588	4	0.0068	0	0	0	other
gene_7151	657	7	0.0107	0	0	0	other
gene_7152	334	1	0.003	0	0	0	other
gene_7153	177	1	0.0056	1	0	0	secreted (pred.)
gene_7154	340	3	0.0088	1	0	0	secreted (pred.)
gene_7155	421	5	0.0119	1	0	0	secreted (pred.)
gene_7156	496	5	0.0101	0	0	0	other
gene_7157	524	7	0.0134	0	0	0	other
gene_7158	638	7	0.011	1	0	0	secreted (pred.)
gene_7159	352	6	0.017	0	0	0	other
gene_716	283	2	0.0071	0	0	0	other
gene_7160	647	10	0.0155	0	0	0	other
gene_7161	231	1	0.0043	0	0	0	other
gene_7162	510	4	0.0078	0	0	0	other
gene_7163	751	7	0.0093	0	0	0	other
gene_7164	324	4	0.0123	1	0	0	secreted (pred.)
gene_7166	253	6	0.0237	0	0	0	other
gene_7167	1661	16	0.0096	1	0	0	secreted (pred.)
gene_7168	272	5	0.0184	0	0	0	other
gene_7169	1295	12	0.0093	0	0	0	other
gene_717	245	6	0.0245	0	0	0	other
gene_7170	1031	16	0.0155	0	0	0	other
gene_7171	1279	12	0.0094	0	0	0	other
gene_7172	459	6	0.0131	0	0	0	other
gene_7173	347	4	0.0115	0	0	0	other
gene_7174	125	2	0.016	0	0	0	other
gene_7175	858	15	0.0175	0	0	0	other
gene_7176	66	1	0.0152	1	0	0	secreted (pred.)
gene_7177	775	6	0.0077	0	0	0	other
gene_7178	535	4	0.0075	0	0	0	other
gene_7179	609	7	0.0115	0	0	0	other
gene_718	235	2	0.0085	0	0	0	other
gene_7181	255	0	0.0	0	0	0	other
gene_7182	312	2	0.0064	1	0	0	secreted (pred.)
gene_7183	128	8	0.0625	1	1	0	secreted (pred.)
gene_7184	577	7	0.0121	1	0	0	secreted (pred.)
gene_7185	320	3	0.0094	0	0	0	other
gene_7186	599	7	0.0117	0	0	0	other
gene_7187	363	8	0.022	0	0	0	other
gene_7188	819	8	0.0098	0	0	0	other
gene_7189	700	4	0.0057	0	0	0	other
gene_719	423	8	0.0189	0	0	0	other
gene_7190	268	4	0.0149	1	1	0	secreted (pred.)
gene_7191	515	8	0.0155	0	0	0	other
gene_7192	1499	6	0.004	0	0	0	other
gene_7193	224	7	0.0312	0	0	0	other
gene_7194	507	3	0.0059	0	0	0	other
gene_7195	218	4	0.0183	1	1	0	secreted (pred.)
gene_7196	286	3	0.0105	1	0	0	secreted (pred.)
gene_7197	977	6	0.0061	0	0	0	other
gene_7198	129	4	0.031	0	0	0	other
gene_7199	573	10	0.0175	1	0	0	secreted (pred.)
gene_72	1008	6	0.006	0	0	0	other
gene_720	223	1	0.0045	0	0	0	other
gene_7200	148	1	0.0068	0	0	0	other
gene_7201	753	11	0.0146	1	0	0	secreted (pred.)
gene_7202	492	5	0.0102	1	0	0	secreted (pred.)
gene_7203	247	4	0.0162	1	1	0	secreted (pred.)
gene_7204	168	3	0.0179	1	0	0	secreted (pred.)
gene_7205	453	2	0.0044	0	0	0	other
gene_7206	1085	12	0.0111	0	0	0	other
gene_7207	535	4	0.0075	0	0	0	other
gene_7208	347	2	0.0058	1	0	0	secreted (pred.)
gene_7209	434	7	0.0161	0	0	0	other
gene_721	279	2	0.0072	1	0	0	secreted (pred.)
gene_7210	257	4	0.0156	0	0	0	other
gene_7211	245	4	0.0163	0	0	0	other
gene_7212	269	2	0.0074	0	0	0	other
gene_7213	173	4	0.0231	1	1	0	secreted (pred.)
gene_7214	312	4	0.0128	0	0	0	other
gene_7216	209	2	0.0096	1	0	0	secreted (pred.)
gene_7217	301	0	0.0	0	0	0	other
gene_7218	291	4	0.0137	0	0	0	other
gene_7219	1478	15	0.0101	0	0	0	other
gene_722	765	9	0.0118	0	0	0	other
gene_7220	321	4	0.0125	0	0	0	other
gene_7221	433	9	0.0208	0	0	0	other
gene_7223	148	1	0.0068	1	0	0	secreted (pred.)
gene_7224	364	5	0.0137	1	0	0	secreted (pred.)
gene_7225	69	0	0.0	0	0	0	other
gene_7226	482	7	0.0145	0	0	0	other
gene_7227	880	12	0.0136	0	0	0	other
gene_7228	392	9	0.023	0	0	0	other
gene_7229	240	6	0.025	0	0	0	other
gene_723	507	8	0.0158	0	0	0	other
gene_7230	319	1	0.0031	0	0	0	other
gene_7231	326	2	0.0061	0	0	0	other
gene_7232	542	8	0.0148	1	0	0	secreted (pred.)
gene_7233	393	4	0.0102	0	0	0	other
gene_7234	128	4	0.0312	1	1	0	secreted (pred.)
gene_7235	266	4	0.015	0	0	0	other
gene_7236	447	10	0.0224	0	0	0	other
gene_7237	193	2	0.0104	0	0	0	other
gene_7238	1195	27	0.0226	1	0	0	secreted (pred.)
gene_7239	215	2	0.0093	1	0	0	secreted (pred.)
gene_724	306	4	0.0131	0	0	0	other
gene_7240	633	8	0.0126	0	0	0	other
gene_7241	529	10	0.0189	1	0	0	secreted (pred.)
gene_7242	137	0	0.0	1	0	0	secreted (pred.)
gene_7243	693	18	0.026	0	0	0	other
gene_7244	652	3	0.0046	1	0	0	secreted (pred.)
gene_7245	550	13	0.0236	1	0	0	secreted (pred.)
gene_7246	270	2	0.0074	1	0	0	secreted (pred.)
gene_7247	960	7	0.0073	0	0	0	other
gene_7248	698	11	0.0158	0	0	0	other
gene_7249	528	8	0.0152	1	0	0	secreted (pred.)
gene_725	1045	15	0.0144	0	0	0	other
gene_7250	268	4	0.0149	0	0	0	other
gene_7251	1987	9	0.0045	0	0	0	other
gene_7252	212	11	0.0519	0	0	0	other
gene_7253	522	11	0.0211	1	0	0	secreted (pred.)
gene_7254	186	2	0.0108	0	0	0	other
gene_7255	327	3	0.0092	1	0	0	secreted (pred.)
gene_7256	345	2	0.0058	0	0	0	other
gene_7257	425	4	0.0094	0	0	0	other
gene_7258	554	7	0.0126	1	0	0	secreted (pred.)
gene_7259	366	0	0.0	0	0	0	other
gene_726	389	3	0.0077	0	0	0	other
gene_7260	463	7	0.0151	1	0	0	secreted (pred.)
gene_7261	522	5	0.0096	1	0	0	secreted (pred.)
gene_7262	708	8	0.0113	0	0	0	other
gene_7263	887	14	0.0158	1	0	0	secreted (pred.)
gene_7264	265	2	0.0075	0	0	0	other
gene_7265	553	11	0.0199	1	0	0	secreted (pred.)
gene_7266	541	6	0.0111	0	0	0	other
gene_7267	613	7	0.0114	1	0	0	secreted (pred.)
gene_7268	591	11	0.0186	0	0	0	other
gene_7269	467	11	0.0236	0	0	0	other
gene_727	967	15	0.0155	0	0	0	other
gene_7270	1574	14	0.0089	0	0	0	other
gene_7271	172	1	0.0058	0	0	0	other
gene_7272	519	9	0.0173	0	0	0	other
gene_7273	236	2	0.0085	0	0	0	other
gene_7274	588	3	0.0051	0	0	0	other
gene_7275	163	2	0.0123	0	0	0	other
gene_7276	287	5	0.0174	0	0	0	other
gene_7277	254	7	0.0276	1	1	0	secreted (pred.)
gene_7278	56	0	0.0	0	0	0	other
gene_7279	618	4	0.0065	1	0	0	secreted (pred.)
gene_728	177	1	0.0056	0	0	0	other
gene_7280	585	5	0.0085	0	0	0	other
gene_7281	521	5	0.0096	0	0	0	other
gene_7282	78	3	0.0385	1	1	0	secreted (pred.)
gene_7283	323	12	0.0372	0	0	0	other
gene_7284	374	14	0.0374	1	0	0	secreted (pred.)
gene_7285	974	1	0.001	0	0	0	other
gene_7286	381	0	0.0	0	0	0	other
gene_7287	306	4	0.0131	1	0	0	secreted (pred.)
gene_7288	437	4	0.0092	0	0	0	other
gene_7289	123	3	0.0244	1	1	0	secreted (pred.)
gene_729	407	12	0.0295	0	0	0	other
gene_7290	399	4	0.01	0	0	0	other
gene_7291	1051	15	0.0143	0	0	0	other
gene_7292	512	8	0.0156	0	0	0	other
gene_7293	544	5	0.0092	1	0	0	secreted (pred.)
gene_7294	161	2	0.0124	1	0	0	secreted (pred.)
gene_7295	558	2	0.0036	0	0	0	other
gene_7297	727	8	0.011	0	0	0	other
gene_7298	961	6	0.0062	1	0	0	secreted (pred.)
gene_7299	320	8	0.025	0	0	0	other
gene_73	1038	16	0.0154	0	0	0	other
gene_730	308	0	0.0	0	0	0	other
gene_7300	542	4	0.0074	0	0	0	other
gene_7301	663	6	0.009	1	0	0	secreted (pred.)
gene_7302	694	4	0.0058	0	0	0	other
gene_7303	224	0	0.0	0	0	0	other
gene_7304	409	11	0.0269	0	0	0	other
gene_7305	361	0	0.0	0	0	0	other
gene_7306	1368	15	0.011	0	0	0	other
gene_7307	552	10	0.0181	0	0	0	other
gene_7308	797	14	0.0176	0	0	0	other
gene_7309	419	10	0.0239	1	0	0	secreted (pred.)
gene_731	484	6	0.0124	0	0	0	other
gene_7310	201	7	0.0348	0	0	0	other
gene_7311	407	8	0.0197	0	0	0	other
gene_7312	185	3	0.0162	0	0	0	other
gene_7313	1126	10	0.0089	0	0	0	other
gene_7314	330	8	0.0242	0	0	0	other
gene_7316	815	6	0.0074	1	0	0	secreted (pred.)
gene_7317	232	4	0.0172	0	0	0	other
gene_7318	628	2	0.0032	1	0	0	secreted (pred.)
gene_7319	192	3	0.0156	0	0	0	other
gene_732	234	3	0.0128	1	0	0	secreted (pred.)
gene_7320	1531	20	0.0131	0	0	0	other
gene_7321	300	3	0.01	0	0	0	other
gene_7322	767	4	0.0052	0	0	0	other
gene_7323	882	5	0.0057	0	0	0	other
gene_7324	206	2	0.0097	1	0	0	secreted (pred.)
gene_7325	611	2	0.0033	1	0	0	secreted (pred.)
gene_7326	342	10	0.0292	1	1	1	secreted (pred.)
gene_7327	508	5	0.0098	0	0	0	other
gene_7330	515	2	0.0039	1	0	0	secreted (pred.)
gene_7331	491	10	0.0204	0	0	0	other
gene_7332	271	0	0.0	1	0	0	secreted (pred.)
gene_7333	272	0	0.0	1	0	0	secreted (pred.)
gene_7334	144	1	0.0069	0	0	0	other
gene_7335	670	15	0.0224	0	0	0	other
gene_7336	562	6	0.0107	1	0	0	secreted (pred.)
gene_7337	260	5	0.0192	0	0	0	other
gene_7338	1439	18	0.0125	0	0	0	other
gene_7339	484	10	0.0207	0	0	0	other
gene_7340	555	7	0.0126	0	0	0	other
gene_7341	227	0	0.0	0	0	0	other
gene_7342	559	11	0.0197	1	0	0	secreted (pred.)
gene_7343	1617	12	0.0074	0	0	0	other
gene_7345	212	0	0.0	0	0	0	other
gene_7346	647	15	0.0232	0	0	0	other
gene_7347	186	12	0.0645	0	0	0	other
gene_7348	823	9	0.0109	0	0	0	other
gene_7349	824	12	0.0146	0	0	0	other
gene_735	827	9	0.0109	0	0	0	other
gene_7350	620	9	0.0145	0	0	0	other
gene_7351	982	4	0.0041	0	0	0	other
gene_7352	144	3	0.0208	0	0	0	other
gene_7353	1394	11	0.0079	0	0	0	other
gene_7354	356	5	0.014	0	0	0	other
gene_7355	712	2	0.0028	1	0	0	secreted (pred.)
gene_7356	586	2	0.0034	0	0	0	other
gene_7357	727	1	0.0014	0	0	0	other
gene_7359	393	6	0.0153	1	0	0	secreted (pred.)
gene_736	399	4	0.01	1	0	0	secreted (pred.)
gene_7360	397	7	0.0176	0	0	0	other
gene_7361	1085	19	0.0175	0	0	0	other
gene_7362	428	6	0.014	1	0	0	secreted (pred.)
gene_7363	639	4	0.0063	0	0	0	other
gene_7364	237	2	0.0084	0	0	0	other
gene_7365	417	3	0.0072	0	0	0	other
gene_7367	130	8	0.0615	1	1	0	secreted (pred.)
gene_7368	450	7	0.0156	1	0	0	secreted (pred.)
gene_7369	659	10	0.0152	0	0	0	other
gene_737	780	20	0.0256	0	0	0	other
gene_7370	425	12	0.0282	1	0	0	secreted (pred.)
gene_7371	209	2	0.0096	1	0	0	secreted (pred.)
gene_7372	181	3	0.0166	1	0	0	secreted (pred.)
gene_7373	329	6	0.0182	0	0	0	other
gene_7374	484	10	0.0207	0	0	0	other
gene_7375	503	4	0.008	0	0	0	other
gene_7376	707	9	0.0127	0	0	0	other
gene_7377	319	9	0.0282	0	0	0	other
gene_7378	292	6	0.0205	1	0	0	secreted (pred.)
gene_7379	213	3	0.0141	0	0	0	other
gene_738	441	11	0.0249	0	0	0	other
gene_7381	737	1	0.0014	0	0	0	other
gene_7382	551	13	0.0236	0	0	0	other
gene_7383	269	1	0.0037	0	0	0	other
gene_7384	512	3	0.0059	1	0	0	secreted (pred.)
gene_7385	302	15	0.0497	1	0	0	secreted (pred.)
gene_7386	837	9	0.0108	0	0	0	other
gene_7387	616	8	0.013	0	0	0	other
gene_7388	1124	2	0.0018	1	0	0	secreted (pred.)
gene_7389	198	5	0.0253	1	1	1	secreted (pred.)
gene_739	564	15	0.0266	1	0	0	secreted (pred.)
gene_7390	203	0	0.0	0	0	0	other
gene_7391	255	3	0.0118	0	0	0	other
gene_7392	270	2	0.0074	0	0	0	other
gene_7393	488	3	0.0061	0	0	0	other
gene_7394	575	5	0.0087	0	0	0	other
gene_7395	299	9	0.0301	0	0	0	other
gene_7396	513	6	0.0117	0	0	0	other
gene_7397	309	3	0.0097	0	0	0	other
gene_7398	536	5	0.0093	0	0	0	other
gene_7399	264	7	0.0265	0	0	0	other
gene_74	617	11	0.0178	0	0	0	other
gene_740	259	0	0.0	0	0	0	other
gene_7400	580	11	0.019	0	0	0	other
gene_7401	1192	18	0.0151	0	0	0	other
gene_7402	389	6	0.0154	0	0	0	other
gene_7403	216	1	0.0046	0	0	0	other
gene_7404	1866	6	0.0032	0	0	0	other
gene_7405	256	2	0.0078	0	0	0	other
gene_7407	996	14	0.0141	0	0	0	other
gene_7409	684	1	0.0015	0	0	0	other
gene_741	121	0	0.0	0	0	0	other
gene_7411	454	11	0.0242	0	0	0	other
gene_7412	1197	12	0.01	0	0	0	other
gene_7413	367	1	0.0027	0	0	0	other
gene_7414	583	8	0.0137	1	0	0	secreted (pred.)
gene_7416	377	4	0.0106	0	0	0	other
gene_7417	530	4	0.0075	0	0	0	other
gene_7418	794	11	0.0139	0	0	0	other
gene_742	559	11	0.0197	1	0	0	secreted (pred.)
gene_7420	517	9	0.0174	0	0	0	other
gene_7421	145	0	0.0	0	0	0	other
gene_7422	520	5	0.0096	0	0	0	other
gene_7423	365	6	0.0164	0	0	0	other
gene_7424	331	6	0.0181	0	0	0	other
gene_7425	541	14	0.0259	0	0	0	other
gene_7427	418	9	0.0215	0	0	0	other
gene_7428	270	4	0.0148	0	0	0	other
gene_7429	597	12	0.0201	0	0	0	other
gene_743	527	2	0.0038	0	0	0	other
gene_7430	1189	21	0.0177	0	0	0	other
gene_7431	443	1	0.0023	0	0	0	other
gene_7432	254	3	0.0118	0	0	0	other
gene_7433	539	7	0.013	1	0	0	secreted (pred.)
gene_7434	233	3	0.0129	0	0	0	other
gene_7435	138	3	0.0217	1	1	0	secreted (pred.)
gene_7436	623	5	0.008	0	0	0	other
gene_7437	565	8	0.0142	1	0	0	secreted (pred.)
gene_7438	382	6	0.0157	0	0	0	other
gene_7439	1030	12	0.0117	0	0	0	other
gene_744	410	6	0.0146	1	0	0	secreted (pred.)
gene_7440	155	10	0.0645	1	1	0	secreted (pred.)
gene_7441	102	1	0.0098	0	0	0	other
gene_7442	214	6	0.028	0	0	0	other
gene_7443	1579	17	0.0108	0	0	0	other
gene_7444	902	7	0.0078	0	0	0	other
gene_7445	402	8	0.0199	0	0	0	other
gene_7446	455	3	0.0066	0	0	0	other
gene_7447	406	3	0.0074	0	0	0	other
gene_7448	578	6	0.0104	0	0	0	other
gene_7449	168	2	0.0119	0	0	0	other
gene_745	856	12	0.014	0	0	0	other
gene_7450	587	5	0.0085	1	0	0	secreted (pred.)
gene_7451	81	6	0.0741	1	1	0	secreted (pred.)
gene_7452	134	6	0.0448	1	1	0	secreted (pred.)
gene_7453	923	9	0.0098	0	0	0	other
gene_7454	182	4	0.022	1	1	0	secreted (pred.)
gene_7455	416	4	0.0096	1	0	0	secreted (pred.)
gene_7456	198	0	0.0	0	0	0	other
gene_7457	112	8	0.0714	1	1	0	secreted (pred.)
gene_7458	252	6	0.0238	0	0	0	other
gene_7459	139	7	0.0504	0	0	0	other
gene_746	206	6	0.0291	1	1	0	secreted (pred.)
gene_7460	485	5	0.0103	0	0	0	other
gene_7461	411	6	0.0146	1	0	0	secreted (pred.)
gene_7462	546	6	0.011	1	0	0	secreted (pred.)
gene_7463	465	5	0.0108	0	0	0	other
gene_7464	821	9	0.011	0	0	0	other
gene_7465	243	0	0.0	0	0	0	other
gene_7466	570	8	0.014	0	0	0	other
gene_7467	844	9	0.0107	0	0	0	other
gene_7468	1191	6	0.005	0	0	0	other
gene_7469	390	4	0.0103	0	0	0	other
gene_747	410	4	0.0098	0	0	0	other
gene_7470	695	9	0.0129	0	0	0	other
gene_7471	915	12	0.0131	0	0	0	other
gene_7472	135	0	0.0	0	0	0	other
gene_7473	440	4	0.0091	0	0	0	other
gene_7474	414	4	0.0097	0	0	0	other
gene_7475	477	0	0.0	0	0	0	other
gene_7476	471	4	0.0085	0	0	0	other
gene_7477	691	15	0.0217	0	0	0	other
gene_7478	771	17	0.022	0	0	0	other
gene_7479	637	10	0.0157	0	0	0	other
gene_748	718	8	0.0111	0	0	0	other
gene_7480	250	0	0.0	0	0	0	other
gene_7481	204	3	0.0147	0	0	0	other
gene_7482	50	0	0.0	0	0	0	other
gene_7483	586	15	0.0256	0	0	0	other
gene_7484	296	3	0.0101	0	0	0	other
gene_7485	546	10	0.0183	1	0	0	secreted (pred.)
gene_7486	170	0	0.0	0	0	0	other
gene_7487	467	5	0.0107	0	0	0	other
gene_7488	1029	10	0.0097	0	0	0	other
gene_7489	199	2	0.0101	0	0	0	other
gene_749	594	6	0.0101	0	0	0	other
gene_7490	798	12	0.015	1	0	0	secreted (pred.)
gene_7491	1270	29	0.0228	0	0	0	other
gene_7492	540	4	0.0074	0	0	0	other
gene_7493	155	1	0.0065	1	0	0	secreted (pred.)
gene_7494	305	6	0.0197	0	0	0	other
gene_7495	135	4	0.0296	0	0	0	other
gene_7496	738	2	0.0027	0	0	0	other
gene_7497	446	2	0.0045	0	0	0	other
gene_7498	204	1	0.0049	0	0	0	other
gene_7499	329	3	0.0091	0	0	0	other
gene_75	634	5	0.0079	0	0	0	other
gene_750	437	5	0.0114	0	0	0	other
gene_7500	375	11	0.0293	0	0	0	other
gene_7501	95	5	0.0526	1	1	0	secreted (pred.)
gene_7502	416	4	0.0096	0	0	0	other
gene_7503	901	19	0.0211	0	0	0	other
gene_7504	527	5	0.0095	0	0	0	other
gene_7505	578	3	0.0052	1	0	0	secreted (pred.)
gene_7506	484	2	0.0041	0	0	0	other
gene_7507	159	2	0.0126	0	0	0	other
gene_7508	390	7	0.0179	1	0	0	secreted (pred.)
gene_7509	598	8	0.0134	0	0	0	other
gene_751	237	4	0.0169	0	0	0	other
gene_7510	79	6	0.0759	0	0	0	other
gene_7511	228	0	0.0	0	0	0	other
gene_7512	770	12	0.0156	1	0	0	secreted (pred.)
gene_7513	318	2	0.0063	0	0	0	other
gene_7514	266	5	0.0188	0	0	0	other
gene_7515	61	3	0.0492	0	0	0	other
gene_7516	239	10	0.0418	1	0	0	secreted (pred.)
gene_7517	152	0	0.0	1	0	0	secreted (pred.)
gene_7518	448	5	0.0112	0	0	0	other
gene_7519	489	4	0.0082	0	0	0	other
gene_752	740	9	0.0122	0	0	0	other
gene_7520	217	3	0.0138	0	0	0	other
gene_7521	762	13	0.0171	0	0	0	other
gene_7522	354	6	0.0169	1	0	0	secreted (pred.)
gene_7523	239	2	0.0084	0	0	0	other
gene_7524	416	4	0.0096	1	0	0	secreted (pred.)
gene_7525	539	3	0.0056	0	0	0	other
gene_7526	640	5	0.0078	1	0	0	secreted (pred.)
gene_7527	963	15	0.0156	0	0	0	other
gene_7528	924	8	0.0087	0	0	0	other
gene_7529	299	2	0.0067	0	0	0	other
gene_753	146	9	0.0616	1	1	0	secreted (pred.)
gene_7530	367	7	0.0191	0	0	0	other
gene_7531	1527	13	0.0085	0	0	0	other
gene_7532	472	9	0.0191	0	0	0	other
gene_7533	144	5	0.0347	0	0	0	other
gene_7534	850	13	0.0153	0	0	0	other
gene_7535	75	1	0.0133	0	0	0	other
gene_7536	1347	11	0.0082	0	0	0	other
gene_7537	458	15	0.0328	1	0	0	secreted (pred.)
gene_7538	768	3	0.0039	0	0	0	other
gene_7539	65	0	0.0	0	0	0	other
gene_754	209	2	0.0096	0	0	0	other
gene_7540	243	0	0.0	0	0	0	other
gene_7541	650	12	0.0185	1	0	0	secreted (pred.)
gene_7542	568	4	0.007	0	0	0	other
gene_7543	721	7	0.0097	1	0	0	secreted (pred.)
gene_7544	324	2	0.0062	1	0	0	secreted (pred.)
gene_7545	1107	12	0.0108	0	0	0	other
gene_7546	407	1	0.0025	1	0	0	secreted (pred.)
gene_7547	1151	7	0.0061	0	0	0	other
gene_7548	97	1	0.0103	0	0	0	other
gene_7549	333	37	0.1111	0	0	0	other
gene_755	179	0	0.0	0	0	0	other
gene_7550	344	6	0.0174	0	0	0	other
gene_7551	290	3	0.0103	1	0	0	secreted (pred.)
gene_7552	2331	39	0.0167	0	0	0	other
gene_7553	110	8	0.0727	1	1	0	secreted (pred.)
gene_7554	1165	11	0.0094	0	0	0	other
gene_7555	1434	16	0.0112	0	0	0	other
gene_7556	1365	17	0.0125	0	0	0	other
gene_7557	484	4	0.0083	0	0	0	other
gene_7558	345	0	0.0	0	0	0	other
gene_7559	253	1	0.004	0	0	0	other
gene_756	290	4	0.0138	1	1	0	secreted (pred.)
gene_7560	331	6	0.0181	0	0	0	other
gene_7561	290	3	0.0103	0	0	0	other
gene_7562	251	4	0.0159	0	0	0	other
gene_7564	175	7	0.04	1	1	0	secreted (pred.)
gene_7565	264	2	0.0076	0	0	0	other
gene_7566	241	4	0.0166	0	0	0	other
gene_7567	1016	5	0.0049	0	0	0	other
gene_7568	303	3	0.0099	0	0	0	other
gene_7569	514	11	0.0214	1	0	0	secreted (pred.)
gene_757	358	14	0.0391	0	0	0	other
gene_7571	208	0	0.0	1	0	0	secreted (pred.)
gene_7572	162	3	0.0185	1	0	0	secreted (pred.)
gene_7573	209	3	0.0144	0	0	0	other
gene_7574	474	3	0.0063	0	0	0	other
gene_7575	213	6	0.0282	1	1	0	secreted (pred.)
gene_7576	371	3	0.0081	0	0	0	other
gene_7577	295	10	0.0339	0	0	0	other
gene_7578	725	15	0.0207	1	0	0	secreted (pred.)
gene_7579	368	2	0.0054	0	0	0	other
gene_758	443	0	0.0	0	0	0	other
gene_7580	438	2	0.0046	0	0	0	other
gene_7581	271	9	0.0332	0	0	0	other
gene_7582	143	3	0.021	0	0	0	other
gene_7583	159	2	0.0126	0	0	0	other
gene_7584	133	6	0.0451	1	1	0	secreted (pred.)
gene_7585	464	11	0.0237	0	0	0	other
gene_7586	404	3	0.0074	1	0	0	secreted (pred.)
gene_7587	251	2	0.008	0	0	0	other
gene_7588	654	7	0.0107	0	0	0	other
gene_7589	496	15	0.0302	0	0	0	other
gene_759	154	0	0.0	1	0	0	secreted (pred.)
gene_7590	575	9	0.0157	0	0	0	other
gene_7591	241	0	0.0	0	0	0	other
gene_7592	972	10	0.0103	0	0	0	other
gene_7593	468	9	0.0192	0	0	0	other
gene_7594	265	5	0.0189	0	0	0	other
gene_7595	458	5	0.0109	0	0	0	other
gene_7596	757	9	0.0119	0	0	0	other
gene_7597	549	7	0.0128	0	0	0	other
gene_7598	330	4	0.0121	0	0	0	other
gene_7599	148	3	0.0203	1	1	0	secreted (pred.)
gene_76	310	7	0.0226	0	0	0	other
gene_760	721	12	0.0166	1	0	0	secreted (pred.)
gene_7600	348	3	0.0086	0	0	0	other
gene_7601	273	2	0.0073	1	0	0	secreted (pred.)
gene_7602	706	9	0.0127	0	0	0	other
gene_7603	315	7	0.0222	0	0	0	other
gene_7604	661	8	0.0121	0	0	0	other
gene_7605	256	1	0.0039	1	0	0	secreted (pred.)
gene_7606	144	9	0.0625	0	0	0	other
gene_7607	478	6	0.0126	0	0	0	other
gene_7608	235	2	0.0085	1	0	0	secreted (pred.)
gene_7609	130	9	0.0692	1	1	0	secreted (pred.)
gene_761	836	16	0.0191	0	0	0	other
gene_7610	819	8	0.0098	1	0	0	secreted (pred.)
gene_7611	786	3	0.0038	0	0	0	other
gene_7612	1235	14	0.0113	0	0	0	other
gene_7613	227	2	0.0088	1	0	0	secreted (pred.)
gene_7614	71	0	0.0	0	0	0	other
gene_7615	866	12	0.0139	0	0	0	other
gene_7616	322	5	0.0155	0	0	0	other
gene_7617	98	0	0.0	1	0	0	secreted (pred.)
gene_7618	314	7	0.0223	1	0	0	secreted (pred.)
gene_7619	322	1	0.0031	0	0	0	other
gene_762	494	10	0.0202	0	0	0	other
gene_7620	786	17	0.0216	0	0	0	other
gene_7621	839	2	0.0024	0	0	0	other
gene_7622	108	0	0.0	0	0	0	other
gene_7623	492	4	0.0081	0	0	0	other
gene_7624	502	7	0.0139	0	0	0	other
gene_7626	202	16	0.0792	0	0	0	other
gene_7627	797	4	0.005	0	0	0	other
gene_7628	524	5	0.0095	0	0	0	other
gene_7629	552	13	0.0236	0	0	0	other
gene_763	302	1	0.0033	1	0	0	secreted (pred.)
gene_7630	247	3	0.0121	0	0	0	other
gene_7631	247	2	0.0081	1	0	0	secreted (pred.)
gene_7632	430	3	0.007	1	0	0	secreted (pred.)
gene_7633	617	9	0.0146	0	0	0	other
gene_7634	203	6	0.0296	0	0	0	other
gene_7636	543	11	0.0203	1	0	0	secreted (pred.)
gene_7637	242	15	0.062	0	0	0	other
gene_7638	692	5	0.0072	0	0	0	other
gene_7639	240	9	0.0375	0	0	0	other
gene_764	513	7	0.0136	0	0	0	other
gene_7640	518	3	0.0058	1	0	0	secreted (pred.)
gene_7641	1399	1	0.0007	0	0	0	other
gene_7642	1055	13	0.0123	0	0	0	other
gene_7643	416	5	0.012	1	0	0	secreted (pred.)
gene_7644	330	4	0.0121	0	0	0	other
gene_7645	634	7	0.011	0	0	0	other
gene_7646	1580	16	0.0101	1	0	0	secreted (pred.)
gene_7647	338	5	0.0148	0	0	0	other
gene_7648	479	6	0.0125	1	0	0	secreted (pred.)
gene_7649	305	3	0.0098	0	0	0	other
gene_765	213	7	0.0329	0	0	0	other
gene_7650	432	0	0.0	0	0	0	other
gene_7651	604	9	0.0149	0	0	0	other
gene_7652	169	7	0.0414	0	0	0	other
gene_7653	1163	7	0.006	0	0	0	other
gene_7654	664	10	0.0151	0	0	0	other
gene_7655	666	5	0.0075	0	0	0	other
gene_7656	2268	51	0.0225	0	0	0	other
gene_7657	430	1	0.0023	0	0	0	other
gene_7658	299	2	0.0067	0	0	0	other
gene_7659	939	8	0.0085	0	0	0	other
gene_766	978	5	0.0051	1	0	0	secreted (pred.)
gene_7660	101	4	0.0396	0	0	0	other
gene_7661	896	7	0.0078	1	0	0	secreted (pred.)
gene_7662	557	0	0.0	0	0	0	other
gene_7663	374	9	0.0241	0	0	0	other
gene_7664	255	0	0.0	1	0	0	secreted (pred.)
gene_7665	130	2	0.0154	1	0	0	secreted (pred.)
gene_7666	527	8	0.0152	0	0	0	other
gene_7667	133	1	0.0075	0	0	0	other
gene_7668	858	14	0.0163	0	0	0	other
gene_7669	234	0	0.0	0	0	0	other
gene_767	252	3	0.0119	0	0	0	other
gene_7670	1036	8	0.0077	0	0	0	other
gene_7671	761	6	0.0079	0	0	0	other
gene_7672	753	5	0.0066	0	0	0	other
gene_7673	187	5	0.0267	1	1	0	secreted (pred.)
gene_7674	1376	28	0.0203	1	0	0	secreted (pred.)
gene_7675	82	6	0.0732	1	1	0	secreted (pred.)
gene_7676	501	5	0.01	1	0	0	secreted (pred.)
gene_7677	372	4	0.0108	1	0	0	secreted (pred.)
gene_7678	540	11	0.0204	0	0	0	other
gene_7679	497	15	0.0302	1	0	0	secreted (pred.)
gene_768	557	17	0.0305	0	0	0	other
gene_7680	333	2	0.006	0	0	0	other
gene_7681	511	10	0.0196	1	0	0	secreted (pred.)
gene_7682	507	5	0.0099	0	0	0	other
gene_7683	313	2	0.0064	0	0	0	other
gene_7684	771	14	0.0182	0	0	0	other
gene_7685	354	3	0.0085	1	0	0	secreted (pred.)
gene_7686	552	6	0.0109	0	0	0	other
gene_7687	655	2	0.0031	0	0	0	other
gene_7688	316	5	0.0158	1	0	0	secreted (pred.)
gene_7689	376	3	0.008	0	0	0	other
gene_769	658	6	0.0091	0	0	0	other
gene_7690	647	5	0.0077	0	0	0	other
gene_7691	309	0	0.0	0	0	0	other
gene_7692	1263	19	0.015	0	0	0	other
gene_7693	197	0	0.0	0	0	0	other
gene_7694	716	9	0.0126	0	0	0	other
gene_7695	322	4	0.0124	0	0	0	other
gene_7696	232	6	0.0259	1	1	0	secreted (pred.)
gene_7697	71	0	0.0	0	0	0	other
gene_7698	363	5	0.0138	0	0	0	other
gene_7699	422	1	0.0024	0	0	0	other
gene_77	150	2	0.0133	0	0	0	other
gene_770	1578	6	0.0038	0	0	0	other
gene_7700	427	6	0.0141	0	0	0	other
gene_7701	1214	14	0.0115	0	0	0	other
gene_7702	185	0	0.0	0	0	0	other
gene_7703	648	5	0.0077	0	0	0	other
gene_7704	157	4	0.0255	0	0	0	other
gene_7705	482	10	0.0207	1	0	0	secreted (pred.)
gene_7706	274	5	0.0182	1	1	0	secreted (pred.)
gene_7707	463	4	0.0086	0	0	0	other
gene_7709	1066	16	0.015	0	0	0	other
gene_771	1269	16	0.0126	0	0	0	other
gene_7710	928	2	0.0022	0	0	0	other
gene_7711	363	4	0.011	0	0	0	other
gene_7712	192	3	0.0156	0	0	0	other
gene_7713	914	4	0.0044	0	0	0	other
gene_7714	568	2	0.0035	0	0	0	other
gene_7715	96	1	0.0104	0	0	0	other
gene_7716	661	11	0.0166	0	0	0	other
gene_7717	418	0	0.0	0	0	0	other
gene_7718	362	5	0.0138	0	0	0	other
gene_7719	746	4	0.0054	1	0	0	secreted (pred.)
gene_772	329	6	0.0182	0	0	0	other
gene_7720	324	6	0.0185	0	0	0	other
gene_7721	402	4	0.01	0	0	0	other
gene_7722	420	10	0.0238	0	0	0	other
gene_7723	289	3	0.0104	0	0	0	other
gene_7724	358	2	0.0056	1	0	0	secreted (pred.)
gene_7725	343	8	0.0233	1	0	0	secreted (pred.)
gene_7726	721	9	0.0125	0	0	0	other
gene_7727	1162	16	0.0138	0	0	0	other
gene_7728	234	2	0.0085	0	0	0	other
gene_7729	347	7	0.0202	0	0	0	other
gene_773	681	14	0.0206	0	0	0	other
gene_7730	218	3	0.0138	0	0	0	other
gene_7731	350	2	0.0057	1	0	0	secreted (pred.)
gene_7732	448	1	0.0022	1	0	0	secreted (pred.)
gene_7733	344	3	0.0087	0	0	0	other
gene_7734	474	0	0.0	0	0	0	other
gene_7735	349	0	0.0	0	0	0	other
gene_7736	301	3	0.01	0	0	0	other
gene_7737	82	0	0.0	0	0	0	other
gene_7738	445	2	0.0045	0	0	0	other
gene_774	527	7	0.0133	0	0	0	other
gene_7740	188	7	0.0372	1	1	0	secreted (pred.)
gene_7741	1193	13	0.0109	0	0	0	other
gene_7742	1792	16	0.0089	0	0	0	other
gene_7743	212	2	0.0094	1	0	0	secreted (pred.)
gene_7744	895	9	0.0101	0	0	0	other
gene_7745	614	8	0.013	1	0	0	secreted (pred.)
gene_7746	1288	9	0.007	0	0	0	other
gene_7747	876	6	0.0068	1	0	0	secreted (pred.)
gene_7748	1149	13	0.0113	0	0	0	other
gene_7749	211	2	0.0095	1	0	0	secreted (pred.)
gene_775	326	3	0.0092	0	0	0	other
gene_7750	535	1	0.0019	0	0	0	other
gene_7751	462	6	0.013	1	0	0	secreted (pred.)
gene_7752	1068	14	0.0131	0	0	0	other
gene_7753	324	2	0.0062	0	0	0	other
gene_7754	482	6	0.0124	1	0	0	secreted (pred.)
gene_7755	1492	6	0.004	1	0	0	secreted (pred.)
gene_7756	1098	13	0.0118	1	0	0	secreted (pred.)
gene_7757	477	3	0.0063	0	0	0	other
gene_7758	208	0	0.0	1	0	0	secreted (pred.)
gene_7759	524	17	0.0324	0	0	0	other
gene_776	2519	29	0.0115	1	0	0	secreted (pred.)
gene_7760	1042	14	0.0134	0	0	0	other
gene_7761	414	6	0.0145	1	0	0	secreted (pred.)
gene_7762	323	9	0.0279	0	0	0	other
gene_7763	455	16	0.0352	0	0	0	other
gene_7764	221	6	0.0271	0	0	0	other
gene_7765	245	5	0.0204	1	1	0	secreted (pred.)
gene_7766	175	7	0.04	1	1	0	secreted (pred.)
gene_7767	715	13	0.0182	0	0	0	other
gene_7768	261	9	0.0345	1	0	0	secreted (pred.)
gene_7769	158	1	0.0063	0	0	0	other
gene_777	503	9	0.0179	0	0	0	other
gene_7770	471	9	0.0191	0	0	0	other
gene_7771	480	3	0.0063	1	0	0	secreted (pred.)
gene_7772	500	7	0.014	0	0	0	other
gene_7773	257	5	0.0195	0	0	0	other
gene_7774	245	5	0.0204	1	0	0	secreted (pred.)
gene_7775	240	4	0.0167	0	0	0	other
gene_7776	368	6	0.0163	1	0	0	secreted (pred.)
gene_7777	364	3	0.0082	0	0	0	other
gene_7778	247	3	0.0121	0	0	0	other
gene_7779	391	9	0.023	1	0	0	secreted (pred.)
gene_778	507	1	0.002	0	0	0	other
gene_7781	517	4	0.0077	0	0	0	other
gene_7782	441	3	0.0068	0	0	0	other
gene_7783	222	0	0.0	0	0	0	other
gene_7784	556	14	0.0252	1	0	0	secreted (pred.)
gene_7785	128	2	0.0156	0	0	0	other
gene_7786	539	4	0.0074	0	0	0	other
gene_7787	298	5	0.0168	0	0	0	other
gene_7788	912	8	0.0088	0	0	0	other
gene_7789	185	4	0.0216	0	0	0	other
gene_779	489	8	0.0164	0	0	0	other
gene_7790	399	7	0.0175	0	0	0	other
gene_7791	2978	11	0.0037	1	0	0	secreted (pred.)
gene_7792	175	2	0.0114	1	0	0	secreted (pred.)
gene_7793	998	12	0.012	0	0	0	other
gene_7794	653	10	0.0153	0	0	0	other
gene_7795	205	4	0.0195	0	0	0	other
gene_7796	275	10	0.0364	0	0	0	other
gene_7797	477	5	0.0105	0	0	0	other
gene_7798	171	0	0.0	0	0	0	other
gene_7799	158	4	0.0253	0	0	0	other
gene_78	617	1	0.0016	0	0	0	other
gene_780	619	8	0.0129	0	0	0	other
gene_7800	738	9	0.0122	0	0	0	other
gene_7801	1510	6	0.004	0	0	0	other
gene_7802	321	7	0.0218	1	0	0	secreted (pred.)
gene_7803	415	3	0.0072	1	0	0	secreted (pred.)
gene_7804	165	2	0.0121	1	0	0	secreted (pred.)
gene_7805	311	4	0.0129	1	0	0	secreted (pred.)
gene_7806	336	7	0.0208	1	0	0	secreted (pred.)
gene_7807	304	7	0.023	0	0	0	other
gene_7808	815	7	0.0086	1	0	0	secreted (pred.)
gene_7809	432	8	0.0185	1	0	0	secreted (pred.)
gene_781	236	1	0.0042	0	0	0	other
gene_7811	627	3	0.0048	0	0	0	other
gene_7812	576	7	0.0122	0	0	0	other
gene_7813	994	10	0.0101	0	0	0	other
gene_7814	304	9	0.0296	0	0	0	other
gene_7815	484	0	0.0	0	0	0	other
gene_7816	369	8	0.0217	0	0	0	other
gene_7817	448	4	0.0089	0	0	0	other
gene_7818	157	0	0.0	0	0	0	other
gene_7819	854	7	0.0082	0	0	0	other
gene_782	393	4	0.0102	0	0	0	other
gene_7820	361	0	0.0	0	0	0	other
gene_7821	660	6	0.0091	1	0	0	secreted (pred.)
gene_7822	391	8	0.0205	1	0	0	secreted (pred.)
gene_7823	229	5	0.0218	1	1	0	secreted (pred.)
gene_7824	602	16	0.0266	0	0	0	other
gene_7825	417	0	0.0	0	0	0	other
gene_7826	680	5	0.0074	0	0	0	other
gene_7827	369	5	0.0136	1	0	0	secreted (pred.)
gene_7828	205	0	0.0	0	0	0	other
gene_7829	423	10	0.0236	0	0	0	other
gene_783	671	8	0.0119	0	0	0	other
gene_7830	978	15	0.0153	1	0	0	secreted (pred.)
gene_7831	715	2	0.0028	0	0	0	other
gene_7832	547	7	0.0128	1	0	0	secreted (pred.)
gene_7833	308	9	0.0292	0	0	0	other
gene_7834	460	10	0.0217	0	0	0	other
gene_7835	383	2	0.0052	0	0	0	other
gene_7836	270	8	0.0296	0	0	0	other
gene_7837	214	1	0.0047	1	0	0	secreted (pred.)
gene_7838	524	7	0.0134	1	0	0	secreted (pred.)
gene_7839	1517	4	0.0026	0	0	0	other
gene_784	603	5	0.0083	0	0	0	other
gene_7840	614	11	0.0179	0	0	0	other
gene_7841	188	6	0.0319	1	1	0	secreted (pred.)
gene_7842	894	8	0.0089	0	0	0	other
gene_7843	892	16	0.0179	0	0	0	other
gene_7844	347	11	0.0317	1	0	0	secreted (pred.)
gene_7846	799	15	0.0188	0	0	0	other
gene_7847	117	3	0.0256	0	0	0	other
gene_7848	384	2	0.0052	0	0	0	other
gene_7849	576	2	0.0035	0	0	0	other
gene_785	4973	35	0.007	1	0	0	secreted (pred.)
gene_7850	478	8	0.0167	0	0	0	other
gene_7851	1131	45	0.0398	1	0	0	secreted (pred.)
gene_7852	1283	14	0.0109	0	0	0	other
gene_7853	997	25	0.0251	0	0	0	other
gene_7854	102	0	0.0	0	0	0	other
gene_7855	572	8	0.014	0	0	0	other
gene_7856	95	0	0.0	1	0	0	secreted (pred.)
gene_7857	466	5	0.0107	0	0	0	other
gene_7858	323	5	0.0155	0	0	0	other
gene_7859	1067	9	0.0084	1	0	0	secreted (pred.)
gene_786	165	3	0.0182	0	0	0	other
gene_7860	840	6	0.0071	0	0	0	other
gene_7861	586	9	0.0154	0	0	0	other
gene_7863	317	3	0.0095	0	0	0	other
gene_7864	922	6	0.0065	0	0	0	other
gene_7865	1167	8	0.0069	0	0	0	other
gene_7866	373	5	0.0134	0	0	0	other
gene_7867	729	9	0.0123	0	0	0	other
gene_7868	867	17	0.0196	0	0	0	other
gene_7869	436	7	0.0161	1	0	0	secreted (pred.)
gene_787	143	5	0.035	0	0	0	other
gene_7870	296	5	0.0169	1	1	0	secreted (pred.)
gene_7871	1783	25	0.014	0	0	0	other
gene_7872	975	11	0.0113	0	0	0	other
gene_7873	232	1	0.0043	0	0	0	other
gene_7874	137	13	0.0949	0	0	0	other
gene_7875	110	0	0.0	0	0	0	other
gene_7876	755	16	0.0212	0	0	0	other
gene_7877	226	0	0.0	0	0	0	other
gene_7878	679	10	0.0147	0	0	0	other
gene_7879	141	0	0.0	0	0	0	other
gene_788	452	7	0.0155	0	0	0	other
gene_7880	116	6	0.0517	1	1	0	secreted (pred.)
gene_7881	176	2	0.0114	0	0	0	other
gene_7882	287	0	0.0	0	0	0	other
gene_7883	178	2	0.0112	0	0	0	other
gene_7884	371	2	0.0054	0	0	0	other
gene_7885	258	19	0.0736	1	1	0	secreted (pred.)
gene_7886	519	7	0.0135	1	0	0	secreted (pred.)
gene_7887	795	8	0.0101	0	0	0	other
gene_7888	742	13	0.0175	0	0	0	other
gene_7889	296	1	0.0034	1	0	0	secreted (pred.)
gene_789	1582	6	0.0038	0	0	0	other
gene_7890	388	6	0.0155	1	0	0	secreted (pred.)
gene_7891	365	1	0.0027	0	0	0	other
gene_7892	788	18	0.0228	0	0	0	other
gene_7893	113	6	0.0531	1	1	0	secreted (pred.)
gene_7894	377	5	0.0133	1	0	0	secreted (pred.)
gene_7895	322	3	0.0093	0	0	0	other
gene_7896	153	0	0.0	1	0	0	secreted (pred.)
gene_7897	675	5	0.0074	0	0	0	other
gene_7898	135	0	0.0	1	0	0	secreted (pred.)
gene_7899	243	6	0.0247	0	0	0	other
gene_79	309	10	0.0324	0	0	0	other
gene_790	240	10	0.0417	1	1	0	secreted (pred.)
gene_7900	82	8	0.0976	1	1	0	secreted (pred.)
gene_7901	637	6	0.0094	0	0	0	other
gene_7902	115	4	0.0348	1	1	0	secreted (pred.)
gene_7903	427	5	0.0117	0	0	0	other
gene_7904	243	4	0.0165	0	0	0	other
gene_7905	419	4	0.0095	0	0	0	other
gene_7906	333	5	0.015	0	0	0	other
gene_7907	206	3	0.0146	0	0	0	other
gene_7908	1255	11	0.0088	0	0	0	other
gene_7909	298	1	0.0034	0	0	0	other
gene_791	54	1	0.0185	0	0	0	other
gene_7910	406	5	0.0123	0	0	0	other
gene_7911	277	1	0.0036	0	0	0	other
gene_7912	874	14	0.016	0	0	0	other
gene_7913	575	4	0.007	0	0	0	other
gene_7914	992	24	0.0242	1	0	0	secreted (pred.)
gene_7915	429	16	0.0373	1	1	1	secreted (pred.)
gene_7916	392	4	0.0102	0	0	0	other
gene_7917	377	7	0.0186	1	0	0	secreted (pred.)
gene_7918	1365	15	0.011	0	0	0	other
gene_7919	199	5	0.0251	0	0	0	other
gene_792	546	10	0.0183	0	0	0	other
gene_7920	1479	22	0.0149	0	0	0	other
gene_7921	342	6	0.0175	0	0	0	other
gene_7922	964	13	0.0135	0	0	0	other
gene_7923	334	4	0.012	0	0	0	other
gene_7924	415	10	0.0241	1	0	0	secreted (pred.)
gene_7926	777	7	0.009	1	0	0	secreted (pred.)
gene_7927	316	7	0.0222	0	0	0	other
gene_7928	335	4	0.0119	0	0	0	other
gene_7929	295	7	0.0237	0	0	0	other
gene_793	309	9	0.0291	0	0	0	other
gene_7930	364	1	0.0027	0	0	0	other
gene_7931	883	10	0.0113	0	0	0	other
gene_7932	287	4	0.0139	1	1	0	secreted (pred.)
gene_7933	968	18	0.0186	0	0	0	other
gene_7935	393	5	0.0127	1	0	0	secreted (pred.)
gene_7936	490	7	0.0143	0	0	0	other
gene_7937	419	4	0.0095	1	0	0	secreted (pred.)
gene_7939	715	15	0.021	1	0	0	secreted (pred.)
gene_794	647	11	0.017	1	0	0	secreted (pred.)
gene_7940	470	7	0.0149	0	0	0	other
gene_7941	370	7	0.0189	0	0	0	other
gene_7942	138	1	0.0072	0	0	0	other
gene_7943	539	8	0.0148	0	0	0	other
gene_7944	179	0	0.0	0	0	0	other
gene_7945	293	2	0.0068	0	0	0	other
gene_7946	581	0	0.0	0	0	0	other
gene_7947	529	6	0.0113	0	0	0	other
gene_7948	797	8	0.01	0	0	0	other
gene_7949	523	8	0.0153	1	0	0	secreted (pred.)
gene_7950	561	8	0.0143	0	0	0	other
gene_7951	315	5	0.0159	0	0	0	other
gene_7952	225	5	0.0222	0	0	0	other
gene_7953	632	9	0.0142	0	0	0	other
gene_7954	391	5	0.0128	0	0	0	other
gene_7955	504	8	0.0159	0	0	0	other
gene_7956	382	8	0.0209	1	0	0	secreted (pred.)
gene_7957	606	5	0.0083	0	0	0	other
gene_7958	96	0	0.0	1	0	0	secreted (pred.)
gene_7959	254	7	0.0276	1	1	0	secreted (pred.)
gene_796	563	10	0.0178	0	0	0	other
gene_7960	618	5	0.0081	1	0	0	secreted (pred.)
gene_7961	203	4	0.0197	1	1	0	secreted (pred.)
gene_7962	307	4	0.013	0	0	0	other
gene_7963	504	18	0.0357	1	0	0	secreted (pred.)
gene_7964	192	0	0.0	1	0	0	secreted (pred.)
gene_7965	524	5	0.0095	1	0	0	secreted (pred.)
gene_7966	587	4	0.0068	0	0	0	other
gene_7967	2118	17	0.008	0	0	0	other
gene_7968	1394	28	0.0201	1	0	0	secreted (pred.)
gene_7969	709	7	0.0099	0	0	0	other
gene_797	510	12	0.0235	0	0	0	other
gene_7970	1054	16	0.0152	0	0	0	other
gene_7971	527	16	0.0304	0	0	0	other
gene_7972	245	1	0.0041	0	0	0	other
gene_7973	1195	20	0.0167	0	0	0	other
gene_7974	450	6	0.0133	1	0	0	secreted (pred.)
gene_7975	1255	9	0.0072	1	0	0	secreted (pred.)
gene_7976	239	0	0.0	0	0	0	other
gene_7977	546	8	0.0147	0	0	0	other
gene_7978	599	5	0.0083	0	0	0	other
gene_7979	212	0	0.0	1	0	0	secreted (pred.)
gene_798	519	7	0.0135	0	0	0	other
gene_7980	251	0	0.0	0	0	0	other
gene_7981	844	11	0.013	0	0	0	other
gene_7982	689	6	0.0087	1	0	0	secreted (pred.)
gene_7983	300	7	0.0233	0	0	0	other
gene_7984	903	10	0.0111	1	0	0	secreted (pred.)
gene_7985	333	9	0.027	1	0	0	secreted (pred.)
gene_7986	1045	9	0.0086	0	0	0	other
gene_7987	200	1	0.005	0	0	0	other
gene_7988	1881	14	0.0074	0	0	0	other
gene_799	846	17	0.0201	0	0	0	other
gene_7990	769	17	0.0221	0	0	0	other
gene_7991	80	4	0.05	1	1	0	secreted (pred.)
gene_7992	414	5	0.0121	0	0	0	other
gene_7993	204	0	0.0	0	0	0	other
gene_7994	281	1	0.0036	0	0	0	other
gene_7995	827	14	0.0169	0	0	0	other
gene_7997	1727	6	0.0035	0	0	0	other
gene_7998	515	9	0.0175	0	0	0	other
gene_7999	254	2	0.0079	0	0	0	other
gene_8	473	4	0.0085	1	0	0	secreted (pred.)
gene_80	835	5	0.006	0	0	0	other
gene_800	1157	14	0.0121	0	0	0	other
gene_8000	463	3	0.0065	1	0	0	secreted (pred.)
gene_8001	1024	10	0.0098	1	0	0	secreted (pred.)
gene_8002	290	6	0.0207	0	0	0	other
gene_8003	945	16	0.0169	0	0	0	other
gene_8004	159	0	0.0	0	0	0	other
gene_8005	399	6	0.015	1	0	0	secreted (pred.)
gene_8006	474	10	0.0211	0	0	0	other
gene_8007	269	4	0.0149	1	0	0	secreted (pred.)
gene_8008	366	5	0.0137	0	0	0	other
gene_8009	347	0	0.0	0	0	0	other
gene_801	486	2	0.0041	0	0	0	other
gene_8010	578	8	0.0138	0	0	0	other
gene_8011	540	14	0.0259	1	0	0	secreted (pred.)
gene_8012	1352	9	0.0067	0	0	0	other
gene_8013	1032	32	0.031	1	0	0	secreted (pred.)
gene_8014	538	8	0.0149	0	0	0	other
gene_8015	311	2	0.0064	1	0	0	secreted (pred.)
gene_8016	255	3	0.0118	0	0	0	other
gene_8017	243	0	0.0	0	0	0	other
gene_8018	185	5	0.027	0	0	0	other
gene_8019	500	5	0.01	0	0	0	other
gene_802	346	0	0.0	0	0	0	other
gene_8021	889	6	0.0067	0	0	0	other
gene_8022	512	4	0.0078	0	0	0	other
gene_8023	1736	21	0.0121	0	0	0	other
gene_8024	508	6	0.0118	1	0	0	secreted (pred.)
gene_8026	228	0	0.0	0	0	0	other
gene_8027	661	7	0.0106	0	0	0	other
gene_8028	848	17	0.02	0	0	0	other
gene_8029	415	4	0.0096	0	0	0	other
gene_803	575	9	0.0157	1	0	0	secreted (pred.)
gene_8030	194	4	0.0206	0	0	0	other
gene_8031	425	5	0.0118	1	0	0	secreted (pred.)
gene_8032	67	0	0.0	0	0	0	other
gene_8033	256	8	0.0312	1	1	0	secreted (pred.)
gene_8034	272	2	0.0074	0	0	0	other
gene_8035	354	6	0.0169	1	0	0	secreted (pred.)
gene_8036	790	7	0.0089	0	0	0	other
gene_8037	497	12	0.0241	1	0	0	secreted (pred.)
gene_8038	1475	26	0.0176	0	0	0	other
gene_8039	182	7	0.0385	1	1	0	secreted (pred.)
gene_804	367	1	0.0027	1	0	0	secreted (pred.)
gene_8040	600	1	0.0017	0	0	0	other
gene_8041	208	4	0.0192	0	0	0	other
gene_8042	172	8	0.0465	1	1	0	secreted (pred.)
gene_8043	334	2	0.006	0	0	0	other
gene_8044	1031	10	0.0097	0	0	0	other
gene_8045	509	6	0.0118	0	0	0	other
gene_8046	61	1	0.0164	0	0	0	other
gene_8047	1739	7	0.004	0	0	0	other
gene_8048	1106	12	0.0108	0	0	0	other
gene_8049	344	1	0.0029	0	0	0	other
gene_805	573	14	0.0244	0	0	0	other
gene_8050	541	6	0.0111	0	0	0	other
gene_8051	83	0	0.0	0	0	0	other
gene_8052	975	6	0.0062	0	0	0	other
gene_8053	551	6	0.0109	1	0	0	secreted (pred.)
gene_8054	119	4	0.0336	1	1	0	secreted (pred.)
gene_8055	732	11	0.015	0	0	0	other
gene_8056	4122	42	0.0102	0	0	0	other
gene_8057	737	4	0.0054	0	0	0	other
gene_8058	170	0	0.0	0	0	0	other
gene_8059	363	6	0.0165	0	0	0	other
gene_806	271	6	0.0221	0	0	0	other
gene_8060	467	8	0.0171	0	0	0	other
gene_8061	600	9	0.015	0	0	0	other
gene_8062	519	8	0.0154	0	0	0	other
gene_8063	411	5	0.0122	0	0	0	other
gene_8064	1061	43	0.0405	1	0	0	secreted (pred.)
gene_8065	511	20	0.0391	0	0	0	other
gene_8066	203	3	0.0148	0	0	0	other
gene_8067	380	3	0.0079	1	0	0	secreted (pred.)
gene_8068	78	0	0.0	0	0	0	other
gene_8069	534	4	0.0075	0	0	0	other
gene_807	606	8	0.0132	0	0	0	other
gene_8070	322	0	0.0	0	0	0	other
gene_8071	432	3	0.0069	0	0	0	other
gene_8072	325	7	0.0215	1	0	0	secreted (pred.)
gene_8073	628	8	0.0127	1	0	0	secreted (pred.)
gene_8074	361	7	0.0194	0	0	0	other
gene_8075	642	1	0.0016	0	0	0	other
gene_8076	159	2	0.0126	0	0	0	other
gene_8077	555	8	0.0144	0	0	0	other
gene_8078	370	8	0.0216	0	0	0	other
gene_8079	366	12	0.0328	0	0	0	other
gene_808	115	0	0.0	0	0	0	other
gene_8080	310	3	0.0097	0	0	0	other
gene_8081	438	7	0.016	0	0	0	other
gene_8082	914	17	0.0186	0	0	0	other
gene_8083	758	8	0.0106	0	0	0	other
gene_8085	242	4	0.0165	1	1	0	secreted (pred.)
gene_8086	555	11	0.0198	0	0	0	other
gene_8087	613	7	0.0114	0	0	0	other
gene_8088	169	4	0.0237	0	0	0	other
gene_8089	470	8	0.017	0	0	0	other
gene_809	429	10	0.0233	1	0	0	secreted (pred.)
gene_8090	398	4	0.0101	1	0	0	secreted (pred.)
gene_8091	96	8	0.0833	1	1	1	secreted (pred.)
gene_8092	895	6	0.0067	0	0	0	other
gene_8093	298	8	0.0268	1	1	0	secreted (pred.)
gene_8094	394	11	0.0279	0	0	0	other
gene_8095	631	23	0.0365	0	0	0	other
gene_8096	508	3	0.0059	0	0	0	other
gene_8097	433	2	0.0046	0	0	0	other
gene_8098	486	9	0.0185	0	0	0	other
gene_81	517	9	0.0174	1	0	0	secreted (pred.)
gene_810	852	10	0.0117	1	0	0	secreted (pred.)
gene_8100	309	4	0.0129	0	0	0	other
gene_8101	737	14	0.019	0	0	0	other
gene_8102	299	1	0.0033	0	0	0	other
gene_8103	80	0	0.0	0	0	0	other
gene_8104	491	5	0.0102	0	0	0	other
gene_8105	736	13	0.0177	0	0	0	other
gene_8106	705	8	0.0113	0	0	0	other
gene_8107	244	3	0.0123	0	0	0	other
gene_8108	515	6	0.0117	0	0	0	other
gene_8109	577	13	0.0225	0	0	0	other
gene_811	213	1	0.0047	0	0	0	other
gene_8110	628	24	0.0382	0	0	0	other
gene_8111	230	2	0.0087	0	0	0	other
gene_8112	150	0	0.0	1	0	0	secreted (pred.)
gene_8113	295	9	0.0305	1	1	0	secreted (pred.)
gene_8114	487	10	0.0205	1	0	0	secreted (pred.)
gene_8115	365	14	0.0384	0	0	0	other
gene_8116	944	6	0.0064	0	0	0	other
gene_8117	208	1	0.0048	1	0	0	secreted (pred.)
gene_8118	329	3	0.0091	1	0	0	secreted (pred.)
gene_8119	922	6	0.0065	0	0	0	other
gene_812	485	4	0.0082	0	0	0	other
gene_8120	138	0	0.0	0	0	0	other
gene_8121	628	6	0.0096	1	0	0	secreted (pred.)
gene_8122	226	2	0.0088	0	0	0	other
gene_8123	200	3	0.015	0	0	0	other
gene_8124	128	1	0.0078	0	0	0	other
gene_8125	393	7	0.0178	0	0	0	other
gene_8126	588	6	0.0102	0	0	0	other
gene_8127	528	7	0.0133	1	0	0	secreted (pred.)
gene_8128	3484	3	0.0009	0	0	0	other
gene_813	634	5	0.0079	0	0	0	other
gene_8130	1030	14	0.0136	0	0	0	other
gene_8131	283	9	0.0318	0	0	0	other
gene_8132	700	8	0.0114	0	0	0	other
gene_8133	491	1	0.002	0	0	0	other
gene_8134	362	3	0.0083	0	0	0	other
gene_8135	213	2	0.0094	0	0	0	other
gene_8136	701	3	0.0043	0	0	0	other
gene_8137	873	5	0.0057	0	0	0	other
gene_8138	636	11	0.0173	0	0	0	other
gene_8139	173	1	0.0058	0	0	0	other
gene_814	118	8	0.0678	0	0	0	other
gene_8140	317	2	0.0063	0	0	0	other
gene_8141	527	6	0.0114	0	0	0	other
gene_8142	1030	11	0.0107	0	0	0	other
gene_8143	117	0	0.0	0	0	0	other
gene_8144	424	2	0.0047	0	0	0	other
gene_8145	313	1	0.0032	0	0	0	other
gene_8146	1205	9	0.0075	0	0	0	other
gene_8147	139	2	0.0144	1	0	0	secreted (pred.)
gene_8148	494	39	0.0789	1	0	0	secreted (pred.)
gene_8149	479	10	0.0209	0	0	0	other
gene_815	188	3	0.016	0	0	0	other
gene_8150	392	7	0.0179	0	0	0	other
gene_8151	330	7	0.0212	0	0	0	other
gene_8152	317	5	0.0158	0	0	0	other
gene_8153	148	6	0.0405	0	0	0	other
gene_8154	167	1	0.006	0	0	0	other
gene_8155	57	1	0.0175	0	0	0	other
gene_8156	521	3	0.0058	0	0	0	other
gene_8157	260	2	0.0077	1	0	0	secreted (pred.)
gene_8158	782	11	0.0141	1	0	0	secreted (pred.)
gene_8159	632	7	0.0111	0	0	0	other
gene_816	505	6	0.0119	0	0	0	other
gene_8160	248	9	0.0363	0	0	0	other
gene_8161	1359	11	0.0081	0	0	0	other
gene_8162	404	5	0.0124	0	0	0	other
gene_8163	606	6	0.0099	0	0	0	other
gene_8164	499	10	0.02	1	0	0	secreted (pred.)
gene_8165	101	0	0.0	0	0	0	other
gene_8166	174	5	0.0287	0	0	0	other
gene_8167	338	2	0.0059	0	0	0	other
gene_8168	479	9	0.0188	0	0	0	other
gene_8169	261	8	0.0307	0	0	0	other
gene_817	250	6	0.024	0	0	0	other
gene_8170	492	6	0.0122	0	0	0	other
gene_8171	549	20	0.0364	0	0	0	other
gene_8173	267	2	0.0075	0	0	0	other
gene_8174	471	5	0.0106	0	0	0	other
gene_8175	442	9	0.0204	0	0	0	other
gene_8176	776	3	0.0039	0	0	0	other
gene_8177	576	9	0.0156	0	0	0	other
gene_8178	717	6	0.0084	1	0	0	secreted (pred.)
gene_8179	148	9	0.0608	0	0	0	other
gene_818	156	8	0.0513	1	1	0	secreted (pred.)
gene_8180	704	15	0.0213	0	0	0	other
gene_8181	260	2	0.0077	0	0	0	other
gene_8182	689	13	0.0189	0	0	0	other
gene_8183	73	6	0.0822	1	1	0	secreted (pred.)
gene_8184	1529	11	0.0072	0	0	0	other
gene_8185	765	13	0.017	0	0	0	other
gene_8186	163	1	0.0061	0	0	0	other
gene_8187	487	2	0.0041	0	0	0	other
gene_8188	1099	27	0.0246	0	0	0	other
gene_8189	284	3	0.0106	0	0	0	other
gene_819	351	6	0.0171	0	0	0	other
gene_8190	344	4	0.0116	0	0	0	other
gene_8192	527	6	0.0114	0	0	0	other
gene_8193	1109	10	0.009	0	0	0	other
gene_8194	754	12	0.0159	0	0	0	other
gene_8195	544	8	0.0147	1	0	0	secreted (pred.)
gene_8196	593	4	0.0067	1	0	0	secreted (pred.)
gene_8197	732	8	0.0109	0	0	0	other
gene_8198	165	6	0.0364	0	0	0	other
gene_8199	230	4	0.0174	0	0	0	other
gene_82	378	2	0.0053	0	0	0	other
gene_820	442	7	0.0158	1	0	0	secreted (pred.)
gene_8200	118	0	0.0	0	0	0	other
gene_8201	253	2	0.0079	0	0	0	other
gene_8202	579	9	0.0155	0	0	0	other
gene_8203	304	3	0.0099	0	0	0	other
gene_8204	102	0	0.0	0	0	0	other
gene_8205	535	5	0.0093	1	0	0	secreted (pred.)
gene_8206	294	4	0.0136	0	0	0	other
gene_8207	1128	1	0.0009	1	0	0	secreted (pred.)
gene_8208	337	6	0.0178	0	0	0	other
gene_8209	414	6	0.0145	1	0	0	secreted (pred.)
gene_8210	731	10	0.0137	0	0	0	other
gene_8211	703	12	0.0171	1	0	0	secreted (pred.)
gene_8212	274	10	0.0365	0	0	0	other
gene_8213	602	5	0.0083	0	0	0	other
gene_8214	196	4	0.0204	0	0	0	other
gene_8216	215	2	0.0093	0	0	0	other
gene_8217	249	7	0.0281	1	1	0	secreted (pred.)
gene_8218	433	0	0.0	0	0	0	other
gene_8219	292	5	0.0171	0	0	0	other
gene_822	884	4	0.0045	0	0	0	other
gene_8220	177	2	0.0113	1	0	0	secreted (pred.)
gene_8222	717	1	0.0014	1	0	0	secreted (pred.)
gene_8223	184	1	0.0054	0	0	0	other
gene_8224	280	5	0.0179	0	0	0	other
gene_8225	911	18	0.0198	0	0	0	other
gene_8226	628	2	0.0032	0	0	0	other
gene_8227	182	2	0.011	0	0	0	other
gene_8228	1021	13	0.0127	0	0	0	other
gene_8229	1195	22	0.0184	0	0	0	other
gene_823	300	3	0.01	0	0	0	other
gene_8230	181	3	0.0166	0	0	0	other
gene_8231	751	9	0.012	0	0	0	other
gene_8232	345	9	0.0261	1	0	0	secreted (pred.)
gene_8233	1094	92	0.0841	0	0	0	other
gene_8234	351	0	0.0	1	0	0	secreted (pred.)
gene_8235	455	14	0.0308	0	0	0	other
gene_8236	210	0	0.0	0	0	0	other
gene_8237	358	9	0.0251	0	0	0	other
gene_8238	54	3	0.0556	1	1	0	secreted (pred.)
gene_8239	357	7	0.0196	0	0	0	other
gene_824	142	10	0.0704	1	1	0	secreted (pred.)
gene_8240	847	11	0.013	0	0	0	other
gene_8241	495	5	0.0101	0	0	0	other
gene_8242	421	10	0.0238	1	0	0	secreted (pred.)
gene_8244	544	5	0.0092	0	0	0	other
gene_8245	335	3	0.009	0	0	0	other
gene_8246	98	2	0.0204	0	0	0	other
gene_8247	483	8	0.0166	0	0	0	other
gene_8248	277	4	0.0144	0	0	0	other
gene_8249	412	14	0.034	0	0	0	other
gene_825	353	7	0.0198	0	0	0	other
gene_8250	623	6	0.0096	1	0	0	secreted (pred.)
gene_8251	146	4	0.0274	1	1	0	secreted (pred.)
gene_8252	286	3	0.0105	1	0	0	secreted (pred.)
gene_8254	675	2	0.003	0	0	0	other
gene_8255	157	0	0.0	1	0	0	secreted (pred.)
gene_8256	1053	8	0.0076	0	0	0	other
gene_8257	176	1	0.0057	1	0	0	secreted (pred.)
gene_8258	100	1	0.01	0	0	0	other
gene_8259	453	6	0.0132	0	0	0	other
gene_826	411	3	0.0073	0	0	0	other
gene_8260	513	3	0.0058	0	0	0	other
gene_8261	1123	18	0.016	0	0	0	other
gene_8263	1141	11	0.0096	0	0	0	other
gene_8264	617	8	0.013	0	0	0	other
gene_8265	781	7	0.009	1	0	0	secreted (pred.)
gene_8266	493	11	0.0223	0	0	0	other
gene_8267	3070	36	0.0117	1	0	0	secreted (pred.)
gene_8269	571	18	0.0315	1	0	0	secreted (pred.)
gene_827	247	6	0.0243	1	0	0	secreted (pred.)
gene_8270	470	9	0.0191	0	0	0	other
gene_8271	613	8	0.0131	0	0	0	other
gene_8272	249	5	0.0201	0	0	0	other
gene_8273	484	11	0.0227	0	0	0	other
gene_8274	220	4	0.0182	1	1	0	secreted (pred.)
gene_8275	252	3	0.0119	0	0	0	other
gene_8276	947	6	0.0063	0	0	0	other
gene_8277	405	0	0.0	1	0	0	secreted (pred.)
gene_8278	230	2	0.0087	0	0	0	other
gene_8279	655	4	0.0061	0	0	0	other
gene_828	503	10	0.0199	0	0	0	other
gene_8280	313	1	0.0032	0	0	0	other
gene_8281	560	3	0.0054	0	0	0	other
gene_8282	375	8	0.0213	1	0	0	secreted (pred.)
gene_8283	557	6	0.0108	0	0	0	other
gene_8284	550	14	0.0255	1	0	0	secreted (pred.)
gene_8285	106	5	0.0472	0	0	0	other
gene_8286	158	0	0.0	1	0	0	secreted (pred.)
gene_8287	297	2	0.0067	1	0	0	secreted (pred.)
gene_8288	205	9	0.0439	1	1	0	secreted (pred.)
gene_8289	1124	11	0.0098	0	0	0	other
gene_829	280	3	0.0107	1	0	0	secreted (pred.)
gene_8290	280	12	0.0429	0	0	0	other
gene_8291	482	4	0.0083	0	0	0	other
gene_8293	1232	2	0.0016	0	0	0	other
gene_8294	723	12	0.0166	1	0	0	secreted (pred.)
gene_8295	516	5	0.0097	0	0	0	other
gene_8296	393	0	0.0	1	0	0	secreted (pred.)
gene_8297	1052	18	0.0171	1	0	0	secreted (pred.)
gene_8298	411	2	0.0049	0	0	0	other
gene_8299	920	0	0.0	0	0	0	other
gene_83	553	1	0.0018	0	0	0	other
gene_830	912	22	0.0241	0	0	0	other
gene_8300	155	5	0.0323	0	0	0	other
gene_8301	192	0	0.0	0	0	0	other
gene_8302	603	9	0.0149	0	0	0	other
gene_8303	391	2	0.0051	0	0	0	other
gene_8304	148	1	0.0068	1	0	0	secreted (pred.)
gene_8305	1416	10	0.0071	0	0	0	other
gene_8306	315	4	0.0127	0	0	0	other
gene_8307	127	2	0.0157	0	0	0	other
gene_8308	512	10	0.0195	0	0	0	other
gene_8309	470	9	0.0191	1	0	0	secreted (pred.)
gene_831	394	8	0.0203	1	0	0	secreted (pred.)
gene_8310	1425	12	0.0084	0	0	0	other
gene_8311	320	5	0.0156	0	0	0	other
gene_8312	1188	14	0.0118	0	0	0	other
gene_8313	908	13	0.0143	0	0	0	other
gene_8314	1755	57	0.0325	1	0	0	secreted (pred.)
gene_8316	1182	16	0.0135	0	0	0	other
gene_8317	167	7	0.0419	1	1	0	secreted (pred.)
gene_8318	574	7	0.0122	0	0	0	other
gene_8319	557	8	0.0144	0	0	0	other
gene_832	2249	18	0.008	0	0	0	other
gene_8320	524	4	0.0076	1	0	0	secreted (pred.)
gene_8321	312	2	0.0064	0	0	0	other
gene_8322	409	6	0.0147	0	0	0	other
gene_8323	637	7	0.011	1	0	0	secreted (pred.)
gene_8324	626	3	0.0048	0	0	0	other
gene_8325	214	4	0.0187	0	0	0	other
gene_8326	600	7	0.0117	0	0	0	other
gene_8327	1160	6	0.0052	0	0	0	other
gene_8328	70	2	0.0286	0	0	0	other
gene_8329	650	11	0.0169	0	0	0	other
gene_833	792	5	0.0063	0	0	0	other
gene_8330	203	2	0.0099	0	0	0	other
gene_8331	340	4	0.0118	0	0	0	other
gene_8332	348	3	0.0086	1	0	0	secreted (pred.)
gene_8333	352	3	0.0085	1	0	0	secreted (pred.)
gene_8334	664	1	0.0015	1	0	0	secreted (pred.)
gene_8335	949	6	0.0063	0	0	0	other
gene_8336	976	7	0.0072	0	0	0	other
gene_8337	426	1	0.0023	1	0	0	secreted (pred.)
gene_8338	643	6	0.0093	0	0	0	other
gene_8339	134	2	0.0149	0	0	0	other
gene_834	60	0	0.0	1	0	0	secreted (pred.)
gene_8340	571	15	0.0263	1	0	0	secreted (pred.)
gene_8341	279	2	0.0072	0	0	0	other
gene_8342	141	3	0.0213	1	1	0	secreted (pred.)
gene_8343	2959	44	0.0149	0	0	0	other
gene_8344	264	2	0.0076	0	0	0	other
gene_8345	741	9	0.0121	0	0	0	other
gene_8346	771	11	0.0143	0	0	0	other
gene_8347	640	6	0.0094	1	0	0	secreted (pred.)
gene_8348	419	3	0.0072	0	0	0	other
gene_8349	381	1	0.0026	0	0	0	other
gene_835	569	2	0.0035	0	0	0	other
gene_8350	147	1	0.0068	0	0	0	other
gene_8351	507	13	0.0256	0	0	0	other
gene_8352	800	11	0.0138	0	0	0	other
gene_8353	497	10	0.0201	0	0	0	other
gene_8354	70	3	0.0429	1	1	0	secreted (pred.)
gene_8355	547	5	0.0091	1	0	0	secreted (pred.)
gene_8356	162	1	0.0062	0	0	0	other
gene_8357	542	8	0.0148	0	0	0	other
gene_8358	277	2	0.0072	0	0	0	other
gene_8359	423	15	0.0355	0	0	0	other
gene_8360	391	9	0.023	0	0	0	other
gene_8361	365	5	0.0137	0	0	0	other
gene_8362	287	12	0.0418	0	0	0	other
gene_8363	346	2	0.0058	0	0	0	other
gene_8364	384	3	0.0078	0	0	0	other
gene_8365	262	0	0.0	0	0	0	other
gene_8366	366	5	0.0137	1	0	0	secreted (pred.)
gene_8367	199	3	0.0151	0	0	0	other
gene_8368	720	6	0.0083	1	0	0	secreted (pred.)
gene_8369	167	0	0.0	0	0	0	other
gene_837	877	11	0.0125	0	0	0	other
gene_8370	543	11	0.0203	0	0	0	other
gene_8371	297	3	0.0101	0	0	0	other
gene_8372	538	2	0.0037	0	0	0	other
gene_8373	736	8	0.0109	0	0	0	other
gene_8374	1187	14	0.0118	0	0	0	other
gene_8375	1144	22	0.0192	0	0	0	other
gene_8376	1962	28	0.0143	0	0	0	other
gene_8377	278	2	0.0072	0	0	0	other
gene_8378	585	6	0.0103	0	0	0	other
gene_8379	186	1	0.0054	1	0	0	secreted (pred.)
gene_838	218	3	0.0138	0	0	0	other
gene_8380	803	7	0.0087	0	0	0	other
gene_8381	1120	10	0.0089	0	0	0	other
gene_8382	181	3	0.0166	1	0	0	secreted (pred.)
gene_8383	374	6	0.016	0	0	0	other
gene_8385	614	4	0.0065	0	0	0	other
gene_8386	509	5	0.0098	0	0	0	other
gene_8387	1842	8	0.0043	0	0	0	other
gene_8388	163	3	0.0184	1	0	0	secreted (pred.)
gene_8389	240	3	0.0125	0	0	0	other
gene_839	360	3	0.0083	0	0	0	other
gene_8390	767	15	0.0196	0	0	0	other
gene_8391	333	5	0.015	1	0	0	secreted (pred.)
gene_8392	1245	11	0.0088	0	0	0	other
gene_8393	253	3	0.0119	0	0	0	other
gene_8394	808	5	0.0062	0	0	0	other
gene_8396	330	6	0.0182	1	0	0	secreted (pred.)
gene_8397	259	4	0.0154	1	1	0	secreted (pred.)
gene_8398	129	2	0.0155	0	0	0	other
gene_8399	632	0	0.0	0	0	0	other
gene_84	671	13	0.0194	0	0	0	other
gene_840	211	3	0.0142	1	0	0	secreted (pred.)
gene_8400	320	11	0.0344	1	0	0	secreted (pred.)
gene_8401	538	12	0.0223	0	0	0	other
gene_8402	400	2	0.005	0	0	0	other
gene_8403	212	1	0.0047	0	0	0	other
gene_8404	713	4	0.0056	0	0	0	other
gene_8405	169	7	0.0414	1	1	0	secreted (pred.)
gene_8406	112	1	0.0089	1	0	0	secreted (pred.)
gene_8407	344	17	0.0494	1	0	0	secreted (pred.)
gene_8408	914	2	0.0022	0	0	0	other
gene_8409	260	6	0.0231	0	0	0	other
gene_841	738	17	0.023	0	0	0	other
gene_8410	186	3	0.0161	0	0	0	other
gene_8411	395	6	0.0152	0	0	0	other
gene_8412	214	6	0.028	0	0	0	other
gene_8413	694	5	0.0072	0	0	0	other
gene_8414	366	11	0.0301	0	0	0	other
gene_8415	324	1	0.0031	0	0	0	other
gene_8416	678	8	0.0118	1	0	0	secreted (pred.)
gene_8417	382	8	0.0209	0	0	0	other
gene_8419	178	1	0.0056	0	0	0	other
gene_842	532	12	0.0226	0	0	0	other
gene_8420	583	4	0.0069	0	0	0	other
gene_8421	390	2	0.0051	0	0	0	other
gene_8422	1285	7	0.0054	0	0	0	other
gene_8423	210	1	0.0048	0	0	0	other
gene_8424	789	21	0.0266	1	0	0	secreted (pred.)
gene_8425	388	3	0.0077	0	0	0	other
gene_8426	1356	11	0.0081	0	0	0	other
gene_8427	533	9	0.0169	1	0	0	secreted (pred.)
gene_8428	130	1	0.0077	1	0	0	secreted (pred.)
gene_8429	522	13	0.0249	1	0	0	secreted (pred.)
gene_843	541	5	0.0092	1	0	0	secreted (pred.)
gene_8430	255	0	0.0	1	0	0	secreted (pred.)
gene_8431	66	0	0.0	0	0	0	other
gene_8432	302	2	0.0066	0	0	0	other
gene_8433	820	7	0.0085	0	0	0	other
gene_8434	1182	6	0.0051	0	0	0	other
gene_8435	928	7	0.0075	1	0	0	secreted (pred.)
gene_8436	330	20	0.0606	1	0	0	secreted (pred.)
gene_8437	573	6	0.0105	0	0	0	other
gene_8438	538	6	0.0112	1	0	0	secreted (pred.)
gene_8439	532	6	0.0113	1	0	0	secreted (pred.)
gene_844	506	14	0.0277	0	0	0	other
gene_8440	398	9	0.0226	0	0	0	other
gene_8441	581	13	0.0224	0	0	0	other
gene_8442	427	4	0.0094	0	0	0	other
gene_8443	219	6	0.0274	1	1	0	secreted (pred.)
gene_8444	379	2	0.0053	0	0	0	other
gene_8445	237	11	0.0464	1	1	0	secreted (pred.)
gene_8447	763	14	0.0183	0	0	0	other
gene_8448	238	4	0.0168	1	1	0	secreted (pred.)
gene_8449	243	0	0.0	0	0	0	other
gene_845	470	6	0.0128	0	0	0	other
gene_8450	289	1	0.0035	0	0	0	other
gene_8451	829	12	0.0145	0	0	0	other
gene_8452	773	5	0.0065	0	0	0	other
gene_8453	601	3	0.005	0	0	0	other
gene_8454	377	4	0.0106	0	0	0	other
gene_8455	348	2	0.0057	0	0	0	other
gene_8456	418	3	0.0072	0	0	0	other
gene_8457	572	4	0.007	0	0	0	other
gene_8458	418	4	0.0096	0	0	0	other
gene_8459	372	2	0.0054	0	0	0	other
gene_846	289	6	0.0208	0	0	0	other
gene_8460	399	1	0.0025	1	0	0	secreted (pred.)
gene_8461	844	11	0.013	0	0	0	other
gene_8462	423	5	0.0118	0	0	0	other
gene_8463	890	43	0.0483	1	1	1	secreted (pred.)
gene_8464	1109	2	0.0018	0	0	0	other
gene_8465	274	1	0.0036	0	0	0	other
gene_8466	88	10	0.1136	1	1	0	secreted (pred.)
gene_8467	1012	7	0.0069	0	0	0	other
gene_8468	169	0	0.0	0	0	0	other
gene_8469	393	5	0.0127	0	0	0	other
gene_847	849	11	0.013	1	0	0	secreted (pred.)
gene_8470	478	3	0.0063	1	0	0	secreted (pred.)
gene_8471	1162	1	0.0009	0	0	0	other
gene_8472	152	1	0.0066	0	0	0	other
gene_8473	343	1	0.0029	0	0	0	other
gene_8474	265	7	0.0264	1	1	0	secreted (pred.)
gene_8475	421	7	0.0166	1	0	0	secreted (pred.)
gene_8476	770	3	0.0039	0	0	0	other
gene_8478	336	6	0.0179	1	0	0	secreted (pred.)
gene_8479	643	2	0.0031	0	0	0	other
gene_848	547	2	0.0037	0	0	0	other
gene_8480	655	4	0.0061	1	0	0	secreted (pred.)
gene_8481	294	4	0.0136	0	0	0	other
gene_8482	311	3	0.0096	0	0	0	other
gene_8483	983	12	0.0122	0	0	0	other
gene_8484	446	5	0.0112	0	0	0	other
gene_8485	393	2	0.0051	1	0	0	secreted (pred.)
gene_8486	418	1	0.0024	0	0	0	other
gene_8487	472	4	0.0085	0	0	0	other
gene_8488	523	11	0.021	0	0	0	other
gene_8489	312	1	0.0032	1	0	0	secreted (pred.)
gene_849	850	11	0.0129	0	0	0	other
gene_8490	625	13	0.0208	0	0	0	other
gene_8491	2178	41	0.0188	0	0	0	other
gene_8492	61	8	0.1311	1	1	0	secreted (pred.)
gene_8493	192	1	0.0052	0	0	0	other
gene_8494	245	2	0.0082	0	0	0	other
gene_8495	467	5	0.0107	0	0	0	other
gene_8496	555	1	0.0018	0	0	0	other
gene_8497	1277	3	0.0023	0	0	0	other
gene_8498	261	0	0.0	0	0	0	other
gene_8499	80	3	0.0375	1	1	0	secreted (pred.)
gene_85	223	2	0.009	0	0	0	other
gene_850	517	11	0.0213	0	0	0	other
gene_8500	1061	7	0.0066	0	0	0	other
gene_8501	87	0	0.0	1	0	0	secreted (pred.)
gene_8502	77	0	0.0	0	0	0	other
gene_8503	504	4	0.0079	0	0	0	other
gene_8504	131	1	0.0076	0	0	0	other
gene_8505	907	1	0.0011	0	0	0	other
gene_8506	90	0	0.0	1	0	0	secreted (pred.)
gene_8507	454	0	0.0	1	0	0	secreted (pred.)
gene_8508	352	18	0.0511	0	0	0	other
gene_8509	316	9	0.0285	1	0	0	secreted (pred.)
gene_851	254	15	0.0591	0	0	0	other
gene_8510	672	10	0.0149	0	0	0	other
gene_8511	540	7	0.013	0	0	0	other
gene_8512	263	2	0.0076	1	0	0	secreted (pred.)
gene_8513	190	2	0.0105	0	0	0	other
gene_8514	327	0	0.0	1	0	0	secreted (pred.)
gene_8515	138	4	0.029	1	1	1	secreted (pred.)
gene_8516	352	6	0.017	0	0	0	other
gene_8517	65	2	0.0308	0	0	0	other
gene_8518	133	2	0.015	0	0	0	other
gene_8519	510	6	0.0118	1	0	0	secreted (pred.)
gene_852	205	3	0.0146	0	0	0	other
gene_8520	1792	12	0.0067	0	0	0	other
gene_8521	244	2	0.0082	1	0	0	secreted (pred.)
gene_8522	789	29	0.0368	0	0	0	other
gene_8523	199	12	0.0603	1	1	0	secreted (pred.)
gene_8524	790	3	0.0038	0	0	0	other
gene_8525	289	4	0.0138	1	1	0	secreted (pred.)
gene_8527	116	0	0.0	0	0	0	other
gene_8528	338	4	0.0118	0	0	0	other
gene_8529	365	6	0.0164	0	0	0	other
gene_853	891	8	0.009	0	0	0	other
gene_8530	939	14	0.0149	0	0	0	other
gene_8531	703	9	0.0128	0	0	0	other
gene_8532	306	3	0.0098	0	0	0	other
gene_8534	381	3	0.0079	0	0	0	other
gene_8535	388	7	0.018	0	0	0	other
gene_8536	564	5	0.0089	0	0	0	other
gene_8537	808	7	0.0087	0	0	0	other
gene_8538	383	6	0.0157	0	0	0	other
gene_8539	1080	36	0.0333	1	0	0	secreted (pred.)
gene_854	1070	12	0.0112	0	0	0	other
gene_8540	955	14	0.0147	0	0	0	other
gene_8541	2069	35	0.0169	0	0	0	other
gene_8542	337	3	0.0089	0	0	0	other
gene_8543	979	6	0.0061	0	0	0	other
gene_8545	517	7	0.0135	0	0	0	other
gene_8546	615	7	0.0114	0	0	0	other
gene_8547	330	1	0.003	0	0	0	other
gene_8548	266	8	0.0301	1	1	0	secreted (pred.)
gene_8549	282	7	0.0248	1	1	0	secreted (pred.)
gene_855	1111	7	0.0063	0	0	0	other
gene_8550	547	11	0.0201	0	0	0	other
gene_8551	794	10	0.0126	1	0	0	secreted (pred.)
gene_8552	309	6	0.0194	0	0	0	other
gene_8553	2031	33	0.0162	0	0	0	other
gene_8554	285	6	0.0211	1	1	0	secreted (pred.)
gene_8555	312	4	0.0128	0	0	0	other
gene_8557	449	8	0.0178	0	0	0	other
gene_8558	246	3	0.0122	0	0	0	other
gene_8559	215	7	0.0326	0	0	0	other
gene_856	323	3	0.0093	0	0	0	other
gene_8560	77	0	0.0	1	0	0	secreted (pred.)
gene_8561	211	2	0.0095	0	0	0	other
gene_8562	558	9	0.0161	0	0	0	other
gene_8563	1027	8	0.0078	0	0	0	other
gene_8564	160	1	0.0063	0	0	0	other
gene_8565	319	5	0.0157	0	0	0	other
gene_8566	492	3	0.0061	1	0	0	secreted (pred.)
gene_8567	136	1	0.0074	1	0	0	secreted (pred.)
gene_8568	175	1	0.0057	0	0	0	other
gene_8569	368	2	0.0054	0	0	0	other
gene_857	86	1	0.0116	0	0	0	other
gene_8570	145	2	0.0138	0	0	0	other
gene_8571	447	7	0.0157	0	0	0	other
gene_8572	849	11	0.013	0	0	0	other
gene_8573	767	29	0.0378	0	0	0	other
gene_8574	281	6	0.0214	1	0	0	secreted (pred.)
gene_8575	313	4	0.0128	1	0	0	secreted (pred.)
gene_8576	274	0	0.0	0	0	0	other
gene_8577	514	8	0.0156	0	0	0	other
gene_8578	247	2	0.0081	1	0	0	secreted (pred.)
gene_8579	184	3	0.0163	1	0	0	secreted (pred.)
gene_858	586	8	0.0137	0	0	0	other
gene_8580	192	1	0.0052	0	0	0	other
gene_8581	547	11	0.0201	0	0	0	other
gene_8582	436	5	0.0115	0	0	0	other
gene_8583	210	2	0.0095	0	0	0	other
gene_8584	431	8	0.0186	0	0	0	other
gene_8585	282	2	0.0071	0	0	0	other
gene_8586	822	9	0.0109	0	0	0	other
gene_8587	1164	9	0.0077	0	0	0	other
gene_8589	1154	0	0.0	0	0	0	other
gene_859	408	2	0.0049	0	0	0	other
gene_8590	428	2	0.0047	0	0	0	other
gene_8591	565	7	0.0124	1	0	0	secreted (pred.)
gene_8592	108	1	0.0093	1	0	0	secreted (pred.)
gene_8593	223	3	0.0135	0	0	0	other
gene_8594	1012	13	0.0128	0	0	0	other
gene_8595	551	1	0.0018	0	0	0	other
gene_8596	435	4	0.0092	0	0	0	other
gene_8597	88	1	0.0114	0	0	0	other
gene_8598	333	3	0.009	0	0	0	other
gene_8599	555	8	0.0144	0	0	0	other
gene_86	473	12	0.0254	0	0	0	other
gene_860	542	14	0.0258	1	0	0	secreted (pred.)
gene_8600	648	10	0.0154	0	0	0	other
gene_8601	771	8	0.0104	0	0	0	other
gene_8602	808	4	0.005	0	0	0	other
gene_8603	524	9	0.0172	0	0	0	other
gene_8604	531	10	0.0188	0	0	0	other
gene_8605	868	5	0.0058	0	0	0	other
gene_8606	1239	8	0.0065	0	0	0	other
gene_8607	202	1	0.005	1	0	0	secreted (pred.)
gene_8608	318	5	0.0157	0	0	0	other
gene_8609	876	17	0.0194	0	0	0	other
gene_861	339	7	0.0206	0	0	0	other
gene_8610	266	3	0.0113	0	0	0	other
gene_8611	420	2	0.0048	1	0	0	secreted (pred.)
gene_8612	270	2	0.0074	0	0	0	other
gene_8613	654	7	0.0107	0	0	0	other
gene_8614	211	4	0.019	0	0	0	other
gene_8615	262	3	0.0115	1	0	0	secreted (pred.)
gene_8616	707	3	0.0042	0	0	0	other
gene_8617	385	5	0.013	0	0	0	other
gene_8619	96	5	0.0521	0	0	0	other
gene_862	562	10	0.0178	0	0	0	other
gene_8620	370	3	0.0081	0	0	0	other
gene_8621	117	3	0.0256	0	0	0	other
gene_8622	434	0	0.0	0	0	0	other
gene_8623	744	6	0.0081	0	0	0	other
gene_8624	315	7	0.0222	0	0	0	other
gene_8625	330	7	0.0212	0	0	0	other
gene_8626	208	3	0.0144	0	0	0	other
gene_8627	1697	23	0.0136	0	0	0	other
gene_8628	169	8	0.0473	1	1	0	secreted (pred.)
gene_8629	179	1	0.0056	0	0	0	other
gene_863	373	2	0.0054	1	0	0	secreted (pred.)
gene_8630	161	4	0.0248	1	1	0	secreted (pred.)
gene_8631	283	4	0.0141	1	1	0	secreted (pred.)
gene_8632	394	4	0.0102	1	0	0	secreted (pred.)
gene_8633	726	3	0.0041	0	0	0	other
gene_8634	722	4	0.0055	0	0	0	other
gene_8635	76	4	0.0526	0	0	0	other
gene_8636	1440	27	0.0187	0	0	0	other
gene_8637	853	15	0.0176	0	0	0	other
gene_8638	313	6	0.0192	0	0	0	other
gene_864	460	1	0.0022	1	0	0	secreted (pred.)
gene_8640	840	7	0.0083	0	0	0	other
gene_8641	308	3	0.0097	0	0	0	other
gene_8642	984	15	0.0152	0	0	0	other
gene_8643	192	4	0.0208	0	0	0	other
gene_8644	134	0	0.0	1	0	0	secreted (pred.)
gene_8645	715	12	0.0168	0	0	0	other
gene_8646	270	4	0.0148	1	0	0	secreted (pred.)
gene_8647	476	7	0.0147	0	0	0	other
gene_8648	301	3	0.01	0	0	0	other
gene_865	1316	16	0.0122	0	0	0	other
gene_8650	868	13	0.015	0	0	0	other
gene_8651	346	4	0.0116	1	0	0	secreted (pred.)
gene_8652	711	7	0.0098	0	0	0	other
gene_8653	852	5	0.0059	1	0	0	secreted (pred.)
gene_8654	196	2	0.0102	0	0	0	other
gene_8655	1059	11	0.0104	0	0	0	other
gene_8656	265	1	0.0038	0	0	0	other
gene_8657	294	3	0.0102	0	0	0	other
gene_8658	709	1	0.0014	0	0	0	other
gene_8659	314	6	0.0191	1	0	0	secreted (pred.)
gene_866	130	1	0.0077	1	0	0	secreted (pred.)
gene_8660	492	5	0.0102	0	0	0	other
gene_8661	225	4	0.0178	0	0	0	other
gene_8662	520	6	0.0115	1	0	0	secreted (pred.)
gene_8663	239	0	0.0	1	0	0	secreted (pred.)
gene_8664	149	3	0.0201	1	1	0	secreted (pred.)
gene_8665	1011	19	0.0188	0	0	0	other
gene_8666	2726	41	0.015	0	0	0	other
gene_8667	707	11	0.0156	0	0	0	other
gene_8668	700	8	0.0114	0	0	0	other
gene_8669	334	4	0.012	1	0	0	secreted (pred.)
gene_867	236	3	0.0127	0	0	0	other
gene_8670	265	5	0.0189	0	0	0	other
gene_8671	634	12	0.0189	0	0	0	other
gene_8672	530	9	0.017	1	0	0	secreted (pred.)
gene_8673	608	17	0.028	1	0	0	secreted (pred.)
gene_8674	202	4	0.0198	0	0	0	other
gene_8675	465	22	0.0473	1	0	0	secreted (pred.)
gene_8676	629	3	0.0048	1	0	0	secreted (pred.)
gene_8677	552	11	0.0199	0	0	0	other
gene_8678	362	10	0.0276	0	0	0	other
gene_8679	258	1	0.0039	0	0	0	other
gene_868	1350	19	0.0141	0	0	0	other
gene_8680	389	6	0.0154	0	0	0	other
gene_8681	153	5	0.0327	1	1	0	secreted (pred.)
gene_8682	391	2	0.0051	0	0	0	other
gene_8683	243	5	0.0206	1	1	1	secreted (pred.)
gene_8684	356	4	0.0112	1	0	0	secreted (pred.)
gene_8685	496	14	0.0282	0	0	0	other
gene_8686	392	0	0.0	0	0	0	other
gene_8687	371	4	0.0108	0	0	0	other
gene_8688	197	0	0.0	0	0	0	other
gene_8689	345	7	0.0203	0	0	0	other
gene_869	455	11	0.0242	1	0	0	secreted (pred.)
gene_8690	249	4	0.0161	1	1	0	secreted (pred.)
gene_8691	861	13	0.0151	0	0	0	other
gene_8692	308	5	0.0162	0	0	0	other
gene_8693	510	18	0.0353	0	0	0	other
gene_8694	101	1	0.0099	0	0	0	other
gene_8695	1117	13	0.0116	0	0	0	other
gene_8696	783	15	0.0192	0	0	0	other
gene_8697	629	14	0.0223	0	0	0	other
gene_8698	405	1	0.0025	0	0	0	other
gene_8699	231	0	0.0	1	0	0	secreted (pred.)
gene_87	404	5	0.0124	0	0	0	other
gene_870	1205	1	0.0008	0	0	0	other
gene_8700	450	3	0.0067	1	0	0	secreted (pred.)
gene_8701	600	10	0.0167	0	0	0	other
gene_8702	455	6	0.0132	0	0	0	other
gene_8703	413	1	0.0024	0	0	0	other
gene_8704	263	1	0.0038	0	0	0	other
gene_8705	583	9	0.0154	0	0	0	other
gene_8706	837	2	0.0024	0	0	0	other
gene_8707	195	0	0.0	0	0	0	other
gene_8708	500	6	0.012	0	0	0	other
gene_8709	105	1	0.0095	1	0	0	secreted (pred.)
gene_871	397	6	0.0151	0	0	0	other
gene_8710	842	15	0.0178	0	0	0	other
gene_8711	152	1	0.0066	0	0	0	other
gene_8712	1174	16	0.0136	0	0	0	other
gene_8713	1284	18	0.014	0	0	0	other
gene_8714	240	6	0.025	0	0	0	other
gene_8715	601	6	0.01	0	0	0	other
gene_8716	289	0	0.0	0	0	0	other
gene_8717	341	5	0.0147	0	0	0	other
gene_8718	224	7	0.0312	0	0	0	other
gene_8719	1264	4	0.0032	0	0	0	other
gene_872	285	6	0.0211	1	1	0	secreted (pred.)
gene_8720	1553	2	0.0013	0	0	0	other
gene_8721	243	2	0.0082	0	0	0	other
gene_8722	284	3	0.0106	0	0	0	other
gene_8723	673	5	0.0074	0	0	0	other
gene_8724	552	4	0.0072	0	0	0	other
gene_8725	299	3	0.01	0	0	0	other
gene_8726	523	7	0.0134	0	0	0	other
gene_8727	570	8	0.014	1	0	0	secreted (pred.)
gene_8728	574	20	0.0348	0	0	0	other
gene_8729	1411	6	0.0043	0	0	0	other
gene_873	408	4	0.0098	1	0	0	secreted (pred.)
gene_8730	625	2	0.0032	0	0	0	other
gene_8731	514	4	0.0078	0	0	0	other
gene_8732	204	1	0.0049	0	0	0	other
gene_8733	122	10	0.082	0	0	0	other
gene_8734	149	4	0.0268	0	0	0	other
gene_8735	666	9	0.0135	0	0	0	other
gene_8736	542	9	0.0166	1	0	0	secreted (pred.)
gene_8737	691	11	0.0159	0	0	0	other
gene_8738	479	4	0.0084	0	0	0	other
gene_8739	324	5	0.0154	1	0	0	secreted (pred.)
gene_874	383	4	0.0104	1	0	0	secreted (pred.)
gene_8740	303	1	0.0033	0	0	0	other
gene_8741	332	5	0.0151	0	0	0	other
gene_8742	455	3	0.0066	0	0	0	other
gene_8743	576	5	0.0087	0	0	0	other
gene_8744	949	9	0.0095	1	0	0	secreted (pred.)
gene_8745	140	7	0.05	0	0	0	other
gene_8746	274	3	0.0109	0	0	0	other
gene_8747	380	1	0.0026	1	0	0	secreted (pred.)
gene_8748	799	12	0.015	0	0	0	other
gene_8749	1004	19	0.0189	0	0	0	other
gene_875	452	9	0.0199	0	0	0	other
gene_8750	149	0	0.0	0	0	0	other
gene_8751	1466	12	0.0082	0	0	0	other
gene_8752	477	9	0.0189	0	0	0	other
gene_8753	272	1	0.0037	0	0	0	other
gene_8754	1996	15	0.0075	0	0	0	other
gene_8755	125	0	0.0	0	0	0	other
gene_8756	997	2	0.002	0	0	0	other
gene_8757	527	22	0.0417	1	0	0	secreted (pred.)
gene_8759	263	13	0.0494	0	0	0	other
gene_876	109	2	0.0183	0	0	0	other
gene_8760	995	13	0.0131	1	0	0	secreted (pred.)
gene_8761	249	8	0.0321	0	0	0	other
gene_8762	197	3	0.0152	0	0	0	other
gene_8763	723	8	0.0111	0	0	0	other
gene_8764	287	1	0.0035	0	0	0	other
gene_8765	507	14	0.0276	1	0	0	secreted (pred.)
gene_8766	128	6	0.0469	0	0	0	other
gene_8767	1897	19	0.01	0	0	0	other
gene_8768	496	7	0.0141	0	0	0	other
gene_8769	1315	12	0.0091	0	0	0	other
gene_877	100	0	0.0	0	0	0	other
gene_8770	111	2	0.018	0	0	0	other
gene_8771	379	2	0.0053	0	0	0	other
gene_8772	90	4	0.0444	0	0	0	other
gene_8773	380	0	0.0	0	0	0	other
gene_8774	240	6	0.025	0	0	0	other
gene_8776	696	6	0.0086	0	0	0	other
gene_8777	115	8	0.0696	1	1	0	secreted (pred.)
gene_8778	3337	46	0.0138	1	0	0	secreted (pred.)
gene_8779	105	4	0.0381	1	1	0	secreted (pred.)
gene_878	165	0	0.0	0	0	0	other
gene_8780	218	7	0.0321	0	0	0	other
gene_8781	391	7	0.0179	0	0	0	other
gene_8782	270	8	0.0296	1	1	0	secreted (pred.)
gene_8783	382	11	0.0288	0	0	0	other
gene_8784	375	12	0.032	0	0	0	other
gene_8785	142	1	0.007	0	0	0	other
gene_8786	117	1	0.0085	1	0	0	secreted (pred.)
gene_8787	746	18	0.0241	0	0	0	other
gene_8788	664	8	0.012	0	0	0	other
gene_8789	258	10	0.0388	0	0	0	other
gene_879	197	1	0.0051	0	0	0	other
gene_8790	240	7	0.0292	1	1	0	secreted (pred.)
gene_8791	956	19	0.0199	0	0	0	other
gene_8792	223	2	0.009	1	0	0	secreted (pred.)
gene_8793	403	0	0.0	0	0	0	other
gene_8794	474	4	0.0084	0	0	0	other
gene_8795	1528	17	0.0111	0	0	0	other
gene_8796	417	3	0.0072	0	0	0	other
gene_8797	331	3	0.0091	1	0	0	secreted (pred.)
gene_8798	70	0	0.0	0	0	0	other
gene_8799	333	7	0.021	0	0	0	other
gene_88	175	2	0.0114	0	0	0	other
gene_880	392	0	0.0	1	0	0	secreted (pred.)
gene_8800	424	3	0.0071	0	0	0	other
gene_8801	1041	6	0.0058	0	0	0	other
gene_8802	291	6	0.0206	0	0	0	other
gene_8803	205	4	0.0195	1	1	0	secreted (pred.)
gene_8804	321	8	0.0249	1	0	0	secreted (pred.)
gene_8805	651	21	0.0323	0	0	0	other
gene_8806	432	13	0.0301	0	0	0	other
gene_8807	527	3	0.0057	0	0	0	other
gene_8808	283	6	0.0212	0	0	0	other
gene_8809	288	8	0.0278	0	0	0	other
gene_8810	252	1	0.004	0	0	0	other
gene_8811	543	5	0.0092	1	0	0	secreted (pred.)
gene_8812	137	3	0.0219	0	0	0	other
gene_8813	351	0	0.0	0	0	0	other
gene_8814	323	2	0.0062	0	0	0	other
gene_8815	290	2	0.0069	0	0	0	other
gene_8817	108	5	0.0463	1	1	0	secreted (pred.)
gene_8818	291	9	0.0309	0	0	0	other
gene_8819	216	3	0.0139	0	0	0	other
gene_882	248	1	0.004	1	0	0	secreted (pred.)
gene_8820	377	4	0.0106	0	0	0	other
gene_8821	106	0	0.0	1	0	0	secreted (pred.)
gene_8822	969	5	0.0052	0	0	0	other
gene_8823	335	4	0.0119	0	0	0	other
gene_8824	851	19	0.0223	0	0	0	other
gene_8825	375	3	0.008	0	0	0	other
gene_8826	467	11	0.0236	0	0	0	other
gene_8827	234	4	0.0171	1	1	0	secreted (pred.)
gene_8828	1113	6	0.0054	0	0	0	other
gene_8829	225	0	0.0	0	0	0	other
gene_883	373	7	0.0188	0	0	0	other
gene_8830	411	8	0.0195	1	0	0	secreted (pred.)
gene_8831	447	3	0.0067	0	0	0	other
gene_8833	1251	15	0.012	1	0	0	secreted (pred.)
gene_8834	191	4	0.0209	0	0	0	other
gene_8835	313	4	0.0128	1	0	0	secreted (pred.)
gene_8836	608	5	0.0082	1	0	0	secreted (pred.)
gene_8837	333	7	0.021	0	0	0	other
gene_8838	480	1	0.0021	0	0	0	other
gene_8839	356	11	0.0309	0	0	0	other
gene_884	163	7	0.0429	1	1	0	secreted (pred.)
gene_8840	991	4	0.004	0	0	0	other
gene_8841	2262	22	0.0097	0	0	0	other
gene_8842	593	16	0.027	0	0	0	other
gene_8843	850	13	0.0153	0	0	0	other
gene_8844	503	8	0.0159	0	0	0	other
gene_8845	201	0	0.0	1	0	0	secreted (pred.)
gene_8846	404	4	0.0099	0	0	0	other
gene_8847	875	4	0.0046	0	0	0	other
gene_8848	552	8	0.0145	1	0	0	secreted (pred.)
gene_8849	951	10	0.0105	0	0	0	other
gene_885	175	1	0.0057	0	0	0	other
gene_8850	419	8	0.0191	0	0	0	other
gene_8851	283	2	0.0071	1	0	0	secreted (pred.)
gene_8852	1179	14	0.0119	0	0	0	other
gene_8853	665	18	0.0271	0	0	0	other
gene_8854	502	2	0.004	1	0	0	secreted (pred.)
gene_8855	230	4	0.0174	0	0	0	other
gene_8856	687	15	0.0218	0	0	0	other
gene_8857	664	15	0.0226	1	0	0	secreted (pred.)
gene_8858	190	3	0.0158	0	0	0	other
gene_8859	475	5	0.0105	0	0	0	other
gene_886	1142	17	0.0149	0	0	0	other
gene_8860	117	2	0.0171	0	0	0	other
gene_8861	240	5	0.0208	0	0	0	other
gene_8862	125	0	0.0	1	0	0	secreted (pred.)
gene_8863	489	2	0.0041	0	0	0	other
gene_8864	229	7	0.0306	1	0	0	secreted (pred.)
gene_8865	377	5	0.0133	1	0	0	secreted (pred.)
gene_8866	431	8	0.0186	0	0	0	other
gene_8867	890	9	0.0101	0	0	0	other
gene_8868	1148	10	0.0087	0	0	0	other
gene_8869	365	3	0.0082	1	0	0	secreted (pred.)
gene_887	294	5	0.017	0	0	0	other
gene_8870	343	8	0.0233	1	0	0	secreted (pred.)
gene_8871	359	3	0.0084	0	0	0	other
gene_8872	607	16	0.0264	0	0	0	other
gene_8873	259	1	0.0039	0	0	0	other
gene_8874	477	13	0.0273	0	0	0	other
gene_8875	315	3	0.0095	1	0	0	secreted (pred.)
gene_8876	190	2	0.0105	0	0	0	other
gene_8877	471	11	0.0234	1	0	0	secreted (pred.)
gene_8878	283	3	0.0106	0	0	0	other
gene_8879	301	6	0.0199	0	0	0	other
gene_888	554	5	0.009	1	0	0	secreted (pred.)
gene_8880	525	6	0.0114	1	0	0	secreted (pred.)
gene_8881	383	10	0.0261	1	0	0	secreted (pred.)
gene_8882	375	1	0.0027	0	0	0	other
gene_8883	245	5	0.0204	1	1	0	secreted (pred.)
gene_8884	487	8	0.0164	0	0	0	other
gene_8885	250	3	0.012	1	0	0	secreted (pred.)
gene_8886	416	8	0.0192	0	0	0	other
gene_8887	86	1	0.0116	1	0	0	secreted (pred.)
gene_8888	807	9	0.0112	1	0	0	secreted (pred.)
gene_8889	550	8	0.0145	0	0	0	other
gene_889	1228	17	0.0138	1	0	0	secreted (pred.)
gene_8890	585	4	0.0068	0	0	0	other
gene_8891	395	1	0.0025	0	0	0	other
gene_8893	535	7	0.0131	0	0	0	other
gene_8894	143	1	0.007	0	0	0	other
gene_8895	245	1	0.0041	1	0	0	secreted (pred.)
gene_8896	339	8	0.0236	0	0	0	other
gene_8897	324	2	0.0062	0	0	0	other
gene_8898	442	11	0.0249	0	0	0	other
gene_8899	264	8	0.0303	0	0	0	other
gene_89	111	0	0.0	0	0	0	other
gene_890	821	8	0.0097	0	0	0	other
gene_8900	283	1	0.0035	0	0	0	other
gene_8901	653	15	0.023	0	0	0	other
gene_8902	496	5	0.0101	1	0	0	secreted (pred.)
gene_8903	427	2	0.0047	0	0	0	other
gene_8905	321	1	0.0031	0	0	0	other
gene_8906	1513	32	0.0212	1	0	0	secreted (pred.)
gene_8908	940	8	0.0085	0	0	0	other
gene_8909	463	4	0.0086	0	0	0	other
gene_891	208	1	0.0048	1	0	0	secreted (pred.)
gene_8910	426	5	0.0117	0	0	0	other
gene_8911	792	6	0.0076	0	0	0	other
gene_8912	287	0	0.0	0	0	0	other
gene_8913	346	6	0.0173	0	0	0	other
gene_8914	205	5	0.0244	0	0	0	other
gene_8915	1006	1	0.001	0	0	0	other
gene_8916	721	9	0.0125	1	0	0	secreted (pred.)
gene_8917	418	4	0.0096	0	0	0	other
gene_8918	1312	1	0.0008	0	0	0	other
gene_8919	398	5	0.0126	0	0	0	other
gene_892	573	5	0.0087	0	0	0	other
gene_8920	444	6	0.0135	0	0	0	other
gene_8921	104	4	0.0385	0	0	0	other
gene_8922	463	2	0.0043	0	0	0	other
gene_8923	724	1	0.0014	0	0	0	other
gene_8924	345	8	0.0232	0	0	0	other
gene_8925	431	6	0.0139	1	0	0	secreted (pred.)
gene_8926	438	5	0.0114	0	0	0	other
gene_8927	517	2	0.0039	0	0	0	other
gene_8928	565	4	0.0071	0	0	0	other
gene_8929	174	2	0.0115	0	0	0	other
gene_893	1082	21	0.0194	0	0	0	other
gene_8930	174	2	0.0115	1	0	0	secreted (pred.)
gene_8931	96	3	0.0312	0	0	0	other
gene_8932	523	17	0.0325	0	0	0	other
gene_8933	566	1	0.0018	0	0	0	other
gene_8934	555	21	0.0378	0	0	0	other
gene_8935	381	7	0.0184	0	0	0	other
gene_8936	513	7	0.0136	0	0	0	other
gene_8938	381	16	0.042	1	0	0	secreted (pred.)
gene_8939	1001	10	0.01	0	0	0	other
gene_894	343	4	0.0117	0	0	0	other
gene_8940	276	19	0.0688	1	1	0	secreted (pred.)
gene_8941	299	4	0.0134	0	0	0	other
gene_8942	468	3	0.0064	0	0	0	other
gene_8943	897	5	0.0056	0	0	0	other
gene_8944	558	11	0.0197	0	0	0	other
gene_8945	298	10	0.0336	0	0	0	other
gene_8946	318	3	0.0094	0	0	0	other
gene_8947	545	6	0.011	0	0	0	other
gene_8948	166	9	0.0542	1	1	0	secreted (pred.)
gene_8949	493	8	0.0162	0	0	0	other
gene_895	826	9	0.0109	0	0	0	other
gene_8950	1156	8	0.0069	0	0	0	other
gene_8952	95	6	0.0632	1	1	0	secreted (pred.)
gene_8953	242	1	0.0041	1	0	0	secreted (pred.)
gene_8954	342	5	0.0146	0	0	0	other
gene_8955	356	6	0.0169	0	0	0	other
gene_8956	216	10	0.0463	0	0	0	other
gene_8957	201	2	0.01	0	0	0	other
gene_8958	401	5	0.0125	0	0	0	other
gene_8959	125	3	0.024	0	0	0	other
gene_896	185	0	0.0	0	0	0	other
gene_8960	623	3	0.0048	0	0	0	other
gene_8961	515	4	0.0078	1	0	0	secreted (pred.)
gene_8962	813	4	0.0049	0	0	0	other
gene_8963	769	9	0.0117	0	0	0	other
gene_8964	276	0	0.0	0	0	0	other
gene_8965	296	2	0.0068	1	0	0	secreted (pred.)
gene_8966	602	10	0.0166	1	0	0	secreted (pred.)
gene_8967	244	7	0.0287	0	0	0	other
gene_8968	603	2	0.0033	1	0	0	secreted (pred.)
gene_8969	181	3	0.0166	0	0	0	other
gene_897	152	1	0.0066	0	0	0	other
gene_8970	287	3	0.0105	0	0	0	other
gene_8971	381	7	0.0184	0	0	0	other
gene_8972	286	4	0.014	1	1	1	secreted (pred.)
gene_8973	238	0	0.0	0	0	0	other
gene_8974	1259	54	0.0429	1	0	0	secreted (pred.)
gene_8975	237	2	0.0084	1	0	0	secreted (pred.)
gene_8976	135	3	0.0222	0	0	0	other
gene_8977	297	6	0.0202	0	0	0	other
gene_8978	921	9	0.0098	1	0	0	secreted (pred.)
gene_8979	307	3	0.0098	0	0	0	other
gene_898	426	4	0.0094	1	0	0	secreted (pred.)
gene_8980	115	0	0.0	1	0	0	secreted (pred.)
gene_8981	1519	17	0.0112	0	0	0	other
gene_8982	305	1	0.0033	0	0	0	other
gene_8983	719	9	0.0125	0	0	0	other
gene_8984	2035	25	0.0123	1	0	0	secreted (pred.)
gene_8985	515	9	0.0175	1	0	0	secreted (pred.)
gene_8986	549	5	0.0091	0	0	0	other
gene_8987	304	2	0.0066	0	0	0	other
gene_8988	143	0	0.0	0	0	0	other
gene_8989	454	0	0.0	0	0	0	other
gene_899	63	0	0.0	0	0	0	other
gene_8990	599	4	0.0067	0	0	0	other
gene_8991	854	2	0.0023	0	0	0	other
gene_8992	657	1	0.0015	0	0	0	other
gene_8993	192	1	0.0052	0	0	0	other
gene_8994	101	1	0.0099	0	0	0	other
gene_8995	318	6	0.0189	0	0	0	other
gene_8996	475	8	0.0168	0	0	0	other
gene_8997	2207	19	0.0086	0	0	0	other
gene_8998	592	7	0.0118	1	0	0	secreted (pred.)
gene_8999	402	3	0.0075	0	0	0	other
gene_9	1632	14	0.0086	0	0	0	other
gene_90	930	15	0.0161	0	0	0	other
gene_900	401	4	0.01	0	0	0	other
gene_9000	361	6	0.0166	1	0	0	secreted (pred.)
gene_9001	149	3	0.0201	0	0	0	other
gene_9002	429	0	0.0	0	0	0	other
gene_9003	413	5	0.0121	0	0	0	other
gene_9004	262	3	0.0115	0	0	0	other
gene_9005	381	5	0.0131	0	0	0	other
gene_9006	606	6	0.0099	0	0	0	other
gene_9007	458	6	0.0131	0	0	0	other
gene_9008	353	2	0.0057	0	0	0	other
gene_9009	308	7	0.0227	0	0	0	other
gene_9010	538	6	0.0112	0	0	0	other
gene_9011	712	5	0.007	0	0	0	other
gene_9012	365	9	0.0247	1	0	0	secreted (pred.)
gene_9013	460	5	0.0109	1	0	0	secreted (pred.)
gene_9014	351	2	0.0057	1	0	0	secreted (pred.)
gene_9015	110	5	0.0455	0	0	0	other
gene_9016	350	6	0.0171	0	0	0	other
gene_9017	389	9	0.0231	1	0	0	secreted (pred.)
gene_9018	242	2	0.0083	0	0	0	other
gene_9019	655	9	0.0137	0	0	0	other
gene_902	346	7	0.0202	0	0	0	other
gene_9020	460	4	0.0087	0	0	0	other
gene_9021	310	1	0.0032	0	0	0	other
gene_9022	1078	15	0.0139	1	0	0	secreted (pred.)
gene_9023	346	1	0.0029	0	0	0	other
gene_9024	288	8	0.0278	0	0	0	other
gene_9025	107	1	0.0093	0	0	0	other
gene_9026	695	8	0.0115	0	0	0	other
gene_9027	281	11	0.0391	0	0	0	other
gene_9028	581	11	0.0189	1	0	0	secreted (pred.)
gene_9029	399	12	0.0301	0	0	0	other
gene_903	118	10	0.0847	1	1	0	secreted (pred.)
gene_9030	95	0	0.0	0	0	0	other
gene_9031	264	6	0.0227	1	1	0	secreted (pred.)
gene_9032	424	9	0.0212	0	0	0	other
gene_9033	387	1	0.0026	0	0	0	other
gene_9034	122	4	0.0328	1	1	0	secreted (pred.)
gene_9035	559	6	0.0107	0	0	0	other
gene_9036	509	10	0.0196	0	0	0	other
gene_9037	287	6	0.0209	0	0	0	other
gene_9038	1068	12	0.0112	0	0	0	other
gene_9039	1343	8	0.006	0	0	0	other
gene_904	159	5	0.0314	0	0	0	other
gene_9040	447	6	0.0134	0	0	0	other
gene_9041	1143	18	0.0157	0	0	0	other
gene_9042	442	9	0.0204	1	0	0	secreted (pred.)
gene_9043	310	4	0.0129	1	0	0	secreted (pred.)
gene_9044	271	4	0.0148	0	0	0	other
gene_9045	512	8	0.0156	0	0	0	other
gene_9046	219	1	0.0046	0	0	0	other
gene_9047	1287	11	0.0085	0	0	0	other
gene_9048	163	0	0.0	0	0	0	other
gene_905	555	8	0.0144	0	0	0	other
gene_9050	331	0	0.0	0	0	0	other
gene_9051	642	5	0.0078	0	0	0	other
gene_9052	528	5	0.0095	0	0	0	other
gene_9053	222	2	0.009	1	0	0	secreted (pred.)
gene_9054	178	5	0.0281	0	0	0	other
gene_9055	358	10	0.0279	0	0	0	other
gene_9056	499	5	0.01	0	0	0	other
gene_9057	536	7	0.0131	0	0	0	other
gene_9058	267	4	0.015	0	0	0	other
gene_9059	220	3	0.0136	1	0	0	secreted (pred.)
gene_906	249	3	0.012	0	0	0	other
gene_9060	467	11	0.0236	1	0	0	secreted (pred.)
gene_9061	108	1	0.0093	1	0	0	secreted (pred.)
gene_9062	123	5	0.0407	0	0	0	other
gene_9063	217	2	0.0092	0	0	0	other
gene_9064	161	1	0.0062	0	0	0	other
gene_9065	305	6	0.0197	0	0	0	other
gene_9067	539	0	0.0	0	0	0	other
gene_9068	941	11	0.0117	1	0	0	secreted (pred.)
gene_9069	494	9	0.0182	0	0	0	other
gene_907	242	1	0.0041	1	0	0	secreted (pred.)
gene_9070	735	10	0.0136	0	0	0	other
gene_9071	343	6	0.0175	0	0	0	other
gene_9072	515	2	0.0039	1	0	0	secreted (pred.)
gene_9073	224	5	0.0223	0	0	0	other
gene_9074	466	5	0.0107	0	0	0	other
gene_9075	213	4	0.0188	0	0	0	other
gene_9076	329	6	0.0182	0	0	0	other
gene_9077	1211	46	0.038	0	0	0	other
gene_9078	452	7	0.0155	0	0	0	other
gene_9079	323	3	0.0093	0	0	0	other
gene_908	553	8	0.0145	0	0	0	other
gene_9080	211	3	0.0142	0	0	0	other
gene_9081	239	0	0.0	1	0	0	secreted (pred.)
gene_9082	919	10	0.0109	0	0	0	other
gene_9083	739	2	0.0027	0	0	0	other
gene_9084	439	4	0.0091	0	0	0	other
gene_9085	487	6	0.0123	0	0	0	other
gene_9086	299	4	0.0134	0	0	0	other
gene_9087	698	6	0.0086	0	0	0	other
gene_9088	590	3	0.0051	0	0	0	other
gene_9089	960	16	0.0167	0	0	0	other
gene_909	757	0	0.0	0	0	0	other
gene_9091	223	1	0.0045	0	0	0	other
gene_9092	175	8	0.0457	0	0	0	other
gene_9093	389	3	0.0077	1	0	0	secreted (pred.)
gene_9094	219	9	0.0411	0	0	0	other
gene_9095	291	4	0.0137	0	0	0	other
gene_9096	611	10	0.0164	1	0	0	secreted (pred.)
gene_9097	1082	22	0.0203	0	0	0	other
gene_9098	138	8	0.058	1	1	0	secreted (pred.)
gene_9099	239	0	0.0	0	0	0	other
gene_91	1075	13	0.0121	0	0	0	other
gene_910	118	0	0.0	0	0	0	other
gene_9100	939	13	0.0138	0	0	0	other
gene_9101	366	8	0.0219	0	0	0	other
gene_9102	566	18	0.0318	0	0	0	other
gene_9103	1255	9	0.0072	1	0	0	secreted (pred.)
gene_9104	116	1	0.0086	0	0	0	other
gene_9105	493	16	0.0325	0	0	0	other
gene_9106	423	7	0.0165	0	0	0	other
gene_9107	845	6	0.0071	0	0	0	other
gene_9108	760	5	0.0066	0	0	0	other
gene_9109	594	12	0.0202	0	0	0	other
gene_911	786	25	0.0318	0	0	0	other
gene_9111	112	0	0.0	0	0	0	other
gene_9112	175	1	0.0057	0	0	0	other
gene_9113	122	3	0.0246	0	0	0	other
gene_9114	575	10	0.0174	0	0	0	other
gene_9115	192	2	0.0104	1	0	0	secreted (pred.)
gene_9116	274	3	0.0109	1	0	0	secreted (pred.)
gene_9117	459	18	0.0392	1	0	0	secreted (pred.)
gene_9118	265	1	0.0038	1	0	0	secreted (pred.)
gene_9119	541	11	0.0203	1	0	0	secreted (pred.)
gene_912	557	16	0.0287	0	0	0	other
gene_9120	641	16	0.025	0	0	0	other
gene_9121	762	10	0.0131	0	0	0	other
gene_9122	662	0	0.0	0	0	0	other
gene_9123	214	2	0.0093	1	0	0	secreted (pred.)
gene_9124	151	1	0.0066	0	0	0	other
gene_9125	482	6	0.0124	0	0	0	other
gene_9126	510	7	0.0137	1	0	0	secreted (pred.)
gene_9127	1114	14	0.0126	0	0	0	other
gene_9128	205	2	0.0098	0	0	0	other
gene_9129	737	14	0.019	0	0	0	other
gene_913	885	13	0.0147	0	0	0	other
gene_9130	530	6	0.0113	0	0	0	other
gene_9131	653	7	0.0107	0	0	0	other
gene_9132	76	1	0.0132	0	0	0	other
gene_9133	528	5	0.0095	1	0	0	secreted (pred.)
gene_9134	393	8	0.0204	0	0	0	other
gene_9135	231	2	0.0087	0	0	0	other
gene_9136	1230	12	0.0098	0	0	0	other
gene_9137	280	1	0.0036	0	0	0	other
gene_9138	220	2	0.0091	1	0	0	secreted (pred.)
gene_9139	1215	3	0.0025	0	0	0	other
gene_914	379	5	0.0132	1	0	0	secreted (pred.)
gene_9140	453	6	0.0132	0	0	0	other
gene_9141	463	4	0.0086	0	0	0	other
gene_9142	3728	16	0.0043	0	0	0	other
gene_9143	430	1	0.0023	1	0	0	secreted (pred.)
gene_9144	225	7	0.0311	0	0	0	other
gene_9145	390	16	0.041	1	0	0	secreted (pred.)
gene_9146	341	10	0.0293	0	0	0	other
gene_9147	142	1	0.007	0	0	0	other
gene_9148	461	13	0.0282	1	0	0	secreted (pred.)
gene_9149	1277	11	0.0086	0	0	0	other
gene_9150	686	15	0.0219	0	0	0	other
gene_9151	525	12	0.0229	0	0	0	other
gene_9152	548	3	0.0055	0	0	0	other
gene_9153	246	3	0.0122	0	0	0	other
gene_9154	372	7	0.0188	0	0	0	other
gene_9155	807	7	0.0087	0	0	0	other
gene_9156	107	6	0.0561	1	1	0	secreted (pred.)
gene_9157	1640	28	0.0171	0	0	0	other
gene_9158	82	1	0.0122	0	0	0	other
gene_9159	601	0	0.0	0	0	0	other
gene_916	150	0	0.0	1	0	0	secreted (pred.)
gene_9160	656	12	0.0183	0	0	0	other
gene_9162	553	3	0.0054	1	0	0	secreted (pred.)
gene_9163	740	14	0.0189	0	0	0	other
gene_9164	1160	7	0.006	0	0	0	other
gene_9165	660	8	0.0121	0	0	0	other
gene_9166	523	5	0.0096	0	0	0	other
gene_9167	539	12	0.0223	1	0	0	secreted (pred.)
gene_9168	199	4	0.0201	1	1	0	secreted (pred.)
gene_9169	863	12	0.0139	0	0	0	other
gene_917	78	2	0.0256	1	1	0	secreted (pred.)
gene_9170	796	5	0.0063	0	0	0	other
gene_9171	1162	10	0.0086	0	0	0	other
gene_9172	222	5	0.0225	1	0	0	secreted (pred.)
gene_9173	99	0	0.0	0	0	0	other
gene_9174	303	6	0.0198	0	0	0	other
gene_9175	1153	11	0.0095	0	0	0	other
gene_9176	328	6	0.0183	0	0	0	other
gene_9177	577	12	0.0208	0	0	0	other
gene_9178	154	3	0.0195	0	0	0	other
gene_9179	202	1	0.005	1	0	0	secreted (pred.)
gene_918	259	4	0.0154	0	0	0	other
gene_9180	49	2	0.0408	1	1	0	secreted (pred.)
gene_9181	252	10	0.0397	0	0	0	other
gene_9183	193	1	0.0052	0	0	0	other
gene_9184	358	3	0.0084	1	0	0	secreted (pred.)
gene_9185	243	12	0.0494	1	1	0	secreted (pred.)
gene_9186	161	0	0.0	0	0	0	other
gene_9187	549	11	0.02	0	0	0	other
gene_9188	316	10	0.0316	0	0	0	other
gene_9189	240	2	0.0083	0	0	0	other
gene_919	307	1	0.0033	0	0	0	other
gene_9190	656	12	0.0183	0	0	0	other
gene_9191	207	2	0.0097	0	0	0	other
gene_9192	437	11	0.0252	0	0	0	other
gene_9193	775	3	0.0039	0	0	0	other
gene_9194	414	4	0.0097	0	0	0	other
gene_9195	1222	10	0.0082	0	0	0	other
gene_9196	277	6	0.0217	1	1	0	secreted (pred.)
gene_9197	194	6	0.0309	1	1	0	secreted (pred.)
gene_9198	877	6	0.0068	1	0	0	secreted (pred.)
gene_9199	106	4	0.0377	0	0	0	other
gene_92	1512	16	0.0106	0	0	0	other
gene_920	146	0	0.0	0	0	0	other
gene_9201	140	2	0.0143	0	0	0	other
gene_9202	169	2	0.0118	0	0	0	other
gene_9203	533	6	0.0113	0	0	0	other
gene_9204	267	1	0.0037	0	0	0	other
gene_9205	531	9	0.0169	0	0	0	other
gene_9206	1667	15	0.009	1	0	0	secreted (pred.)
gene_9207	181	7	0.0387	1	1	0	secreted (pred.)
gene_9208	357	7	0.0196	0	0	0	other
gene_9209	443	9	0.0203	0	0	0	other
gene_921	595	2	0.0034	0	0	0	other
gene_9210	519	9	0.0173	1	0	0	secreted (pred.)
gene_9212	479	1	0.0021	0	0	0	other
gene_9213	288	5	0.0174	1	1	0	secreted (pred.)
gene_9214	317	3	0.0095	1	0	0	secreted (pred.)
gene_9215	158	0	0.0	0	0	0	other
gene_9216	283	3	0.0106	1	0	0	secreted (pred.)
gene_9217	758	8	0.0106	1	0	0	secreted (pred.)
gene_9218	361	4	0.0111	0	0	0	other
gene_9219	456	1	0.0022	0	0	0	other
gene_922	540	3	0.0056	0	0	0	other
gene_9220	497	11	0.0221	0	0	0	other
gene_9221	487	7	0.0144	0	0	0	other
gene_9222	203	0	0.0	0	0	0	other
gene_9223	77	0	0.0	0	0	0	other
gene_9224	304	4	0.0132	0	0	0	other
gene_9225	232	4	0.0172	1	0	0	secreted (pred.)
gene_9226	512	3	0.0059	0	0	0	other
gene_9227	1508	23	0.0153	1	0	0	secreted (pred.)
gene_9228	1436	17	0.0118	1	0	0	secreted (pred.)
gene_9229	492	7	0.0142	0	0	0	other
gene_923	613	8	0.0131	0	0	0	other
gene_9230	962	14	0.0146	0	0	0	other
gene_9231	548	5	0.0091	0	0	0	other
gene_9232	217	3	0.0138	0	0	0	other
gene_9233	373	7	0.0188	0	0	0	other
gene_9234	72	0	0.0	0	0	0	other
gene_9235	448	12	0.0268	1	0	0	secreted (pred.)
gene_9236	752	17	0.0226	1	0	0	secreted (pred.)
gene_9237	894	12	0.0134	0	0	0	other
gene_9238	586	4	0.0068	1	0	0	secreted (pred.)
gene_9239	282	2	0.0071	1	0	0	secreted (pred.)
gene_924	916	2	0.0022	0	0	0	other
gene_9240	312	8	0.0256	0	0	0	other
gene_9241	1161	15	0.0129	0	0	0	other
gene_9242	181	2	0.011	1	0	0	secreted (pred.)
gene_9243	211	2	0.0095	0	0	0	other
gene_9244	480	2	0.0042	0	0	0	other
gene_9245	148	0	0.0	1	0	0	secreted (pred.)
gene_9246	185	0	0.0	0	0	0	other
gene_9247	353	1	0.0028	0	0	0	other
gene_9248	475	10	0.0211	0	0	0	other
gene_9249	415	13	0.0313	0	0	0	other
gene_925	454	6	0.0132	0	0	0	other
gene_9250	630	4	0.0063	0	0	0	other
gene_9251	137	1	0.0073	0	0	0	other
gene_9252	664	15	0.0226	1	0	0	secreted (pred.)
gene_9254	154	1	0.0065	1	0	0	secreted (pred.)
gene_9256	613	0	0.0	0	0	0	other
gene_9258	224	2	0.0089	1	0	0	secreted (pred.)
gene_9259	243	7	0.0288	0	0	0	other
gene_926	425	8	0.0188	1	0	0	secreted (pred.)
gene_9260	308	4	0.013	0	0	0	other
gene_9261	814	14	0.0172	1	0	0	secreted (pred.)
gene_9262	795	3	0.0038	0	0	0	other
gene_9263	103	0	0.0	0	0	0	other
gene_9264	390	5	0.0128	0	0	0	other
gene_9265	340	9	0.0265	1	0	0	secreted (pred.)
gene_9266	1416	20	0.0141	1	0	0	secreted (pred.)
gene_9267	1540	9	0.0058	0	0	0	other
gene_9268	418	4	0.0096	0	0	0	other
gene_9269	477	5	0.0105	0	0	0	other
gene_927	318	5	0.0157	1	0	0	secreted (pred.)
gene_9270	944	12	0.0127	1	0	0	secreted (pred.)
gene_9271	444	12	0.027	0	0	0	other
gene_9272	548	5	0.0091	1	0	0	secreted (pred.)
gene_9273	328	8	0.0244	0	0	0	other
gene_9274	762	13	0.0171	1	0	0	secreted (pred.)
gene_9275	539	5	0.0093	0	0	0	other
gene_9276	212	3	0.0142	0	0	0	other
gene_9277	249	6	0.0241	0	0	0	other
gene_9278	670	4	0.006	0	0	0	other
gene_9279	761	11	0.0145	0	0	0	other
gene_928	352	1	0.0028	0	0	0	other
gene_9280	165	4	0.0242	0	0	0	other
gene_9281	429	7	0.0163	0	0	0	other
gene_9282	313	8	0.0256	0	0	0	other
gene_9283	206	6	0.0291	0	0	0	other
gene_9284	162	1	0.0062	0	0	0	other
gene_9285	453	1	0.0022	0	0	0	other
gene_9286	481	9	0.0187	0	0	0	other
gene_9287	368	4	0.0109	0	0	0	other
gene_9288	911	8	0.0088	0	0	0	other
gene_9289	476	5	0.0105	0	0	0	other
gene_9290	146	1	0.0068	0	0	0	other
gene_9291	440	11	0.025	0	0	0	other
gene_9292	361	9	0.0249	0	0	0	other
gene_9294	114	1	0.0088	0	0	0	other
gene_9295	260	6	0.0231	0	0	0	other
gene_9296	1055	13	0.0123	0	0	0	other
gene_9297	829	2	0.0024	0	0	0	other
gene_9298	669	1	0.0015	0	0	0	other
gene_9299	505	8	0.0158	0	0	0	other
gene_93	807	5	0.0062	1	0	0	secreted (pred.)
gene_930	767	9	0.0117	0	0	0	other
gene_9300	2580	0	0.0	0	0	0	other
gene_9301	678	8	0.0118	0	0	0	other
gene_9302	874	8	0.0092	0	0	0	other
gene_9303	692	1	0.0014	0	0	0	other
gene_9304	559	7	0.0125	1	0	0	secreted (pred.)
gene_9305	576	7	0.0122	1	0	0	secreted (pred.)
gene_9306	627	2	0.0032	0	0	0	other
gene_9307	380	6	0.0158	0	0	0	other
gene_9308	929	12	0.0129	0	0	0	other
gene_9309	499	5	0.01	0	0	0	other
gene_931	255	1	0.0039	0	0	0	other
gene_9310	700	11	0.0157	0	0	0	other
gene_9311	576	3	0.0052	0	0	0	other
gene_9312	387	3	0.0078	0	0	0	other
gene_9313	343	3	0.0087	0	0	0	other
gene_9314	278	1	0.0036	0	0	0	other
gene_9315	221	2	0.009	0	0	0	other
gene_9316	531	11	0.0207	0	0	0	other
gene_9317	533	10	0.0188	0	0	0	other
gene_9318	292	5	0.0171	0	0	0	other
gene_9319	333	7	0.021	0	0	0	other
gene_932	181	0	0.0	0	0	0	other
gene_9320	517	6	0.0116	0	0	0	other
gene_9321	690	10	0.0145	0	0	0	other
gene_9322	510	2	0.0039	0	0	0	other
gene_9323	1013	32	0.0316	0	0	0	other
gene_9324	443	15	0.0339	1	0	0	secreted (pred.)
gene_9325	234	4	0.0171	0	0	0	other
gene_9326	352	0	0.0	0	0	0	other
gene_9327	692	11	0.0159	1	0	0	secreted (pred.)
gene_9328	228	2	0.0088	0	0	0	other
gene_9329	743	7	0.0094	0	0	0	other
gene_933	499	6	0.012	0	0	0	other
gene_9330	136	1	0.0074	0	0	0	other
gene_9331	353	5	0.0142	0	0	0	other
gene_9332	541	7	0.0129	0	0	0	other
gene_9333	171	7	0.0409	0	0	0	other
gene_9334	351	2	0.0057	0	0	0	other
gene_9335	748	15	0.0201	0	0	0	other
gene_9336	227	2	0.0088	0	0	0	other
gene_9337	2103	27	0.0128	0	0	0	other
gene_9338	162	3	0.0185	0	0	0	other
gene_9339	1440	22	0.0153	1	0	0	secreted (pred.)
gene_934	553	4	0.0072	0	0	0	other
gene_9340	171	1	0.0058	0	0	0	other
gene_9341	213	7	0.0329	0	0	0	other
gene_9342	275	3	0.0109	0	0	0	other
gene_9343	863	7	0.0081	0	0	0	other
gene_9344	469	3	0.0064	0	0	0	other
gene_9345	189	6	0.0317	0	0	0	other
gene_9346	398	0	0.0	0	0	0	other
gene_9347	767	6	0.0078	0	0	0	other
gene_9348	1075	13	0.0121	0	0	0	other
gene_9349	657	9	0.0137	1	0	0	secreted (pred.)
gene_935	314	7	0.0223	0	0	0	other
gene_9350	344	4	0.0116	0	0	0	other
gene_9351	292	5	0.0171	0	0	0	other
gene_9352	147	3	0.0204	0	0	0	other
gene_9353	451	7	0.0155	0	0	0	other
gene_9355	303	0	0.0	0	0	0	other
gene_9356	613	11	0.0179	0	0	0	other
gene_9357	302	2	0.0066	0	0	0	other
gene_9358	123	1	0.0081	0	0	0	other
gene_9359	135	0	0.0	0	0	0	other
gene_936	359	6	0.0167	0	0	0	other
gene_9360	193	1	0.0052	0	0	0	other
gene_9361	466	6	0.0129	0	0	0	other
gene_9362	633	13	0.0205	0	0	0	other
gene_9363	698	5	0.0072	0	0	0	other
gene_9364	662	7	0.0106	1	0	0	secreted (pred.)
gene_9365	276	3	0.0109	0	0	0	other
gene_9366	151	1	0.0066	0	0	0	other
gene_9367	315	0	0.0	0	0	0	other
gene_9368	496	5	0.0101	1	0	0	secreted (pred.)
gene_9369	217	6	0.0276	1	1	0	secreted (pred.)
gene_937	1938	24	0.0124	0	0	0	other
gene_9370	1955	24	0.0123	0	0	0	other
gene_9371	486	3	0.0062	1	0	0	secreted (pred.)
gene_9372	575	5	0.0087	0	0	0	other
gene_9373	699	5	0.0072	0	0	0	other
gene_9374	390	0	0.0	0	0	0	other
gene_9375	298	2	0.0067	0	0	0	other
gene_9376	263	4	0.0152	0	0	0	other
gene_9377	322	1	0.0031	1	0	0	secreted (pred.)
gene_9378	325	0	0.0	0	0	0	other
gene_9379	382	5	0.0131	0	0	0	other
gene_938	451	3	0.0067	0	0	0	other
gene_9380	602	3	0.005	0	0	0	other
gene_9381	104	0	0.0	1	0	0	secreted (pred.)
gene_9383	557	6	0.0108	0	0	0	other
gene_9384	499	8	0.016	0	0	0	other
gene_9385	291	6	0.0206	0	0	0	other
gene_9386	398	10	0.0251	0	0	0	other
gene_9387	156	0	0.0	0	0	0	other
gene_9388	638	13	0.0204	0	0	0	other
gene_9389	174	1	0.0057	0	0	0	other
gene_939	88	2	0.0227	1	1	0	secreted (pred.)
gene_9390	341	4	0.0117	0	0	0	other
gene_9391	738	6	0.0081	1	0	0	secreted (pred.)
gene_9392	336	6	0.0179	1	0	0	secreted (pred.)
gene_9393	541	3	0.0055	0	0	0	other
gene_9394	433	0	0.0	0	0	0	other
gene_9395	631	15	0.0238	0	0	0	other
gene_9396	735	7	0.0095	0	0	0	other
gene_9397	1186	32	0.027	0	0	0	other
gene_9398	514	7	0.0136	1	0	0	secreted (pred.)
gene_9399	170	2	0.0118	0	0	0	other
gene_94	624	2	0.0032	0	0	0	other
gene_940	465	32	0.0688	0	0	0	other
gene_9401	361	5	0.0139	1	0	0	secreted (pred.)
gene_9402	906	8	0.0088	0	0	0	other
gene_9403	363	6	0.0165	0	0	0	other
gene_9404	523	2	0.0038	0	0	0	other
gene_9405	388	8	0.0206	1	1	1	secreted (pred.)
gene_9406	202	2	0.0099	0	0	0	other
gene_9407	100	0	0.0	0	0	0	other
gene_9408	414	10	0.0242	0	0	0	other
gene_9409	547	5	0.0091	1	0	0	secreted (pred.)
gene_9410	106	1	0.0094	1	0	0	secreted (pred.)
gene_9411	225	1	0.0044	1	0	0	secreted (pred.)
gene_9412	1357	17	0.0125	0	0	0	other
gene_9413	507	8	0.0158	0	0	0	other
gene_9414	355	5	0.0141	1	0	0	secreted (pred.)
gene_9415	137	3	0.0219	1	1	0	secreted (pred.)
gene_9416	570	4	0.007	1	0	0	secreted (pred.)
gene_9417	374	6	0.016	1	0	0	secreted (pred.)
gene_9419	347	2	0.0058	0	0	0	other
gene_942	402	0	0.0	0	0	0	other
gene_9420	299	6	0.0201	0	0	0	other
gene_9421	1598	15	0.0094	0	0	0	other
gene_9422	418	2	0.0048	0	0	0	other
gene_9423	741	9	0.0121	0	0	0	other
gene_9424	580	7	0.0121	0	0	0	other
gene_9425	186	2	0.0108	0	0	0	other
gene_9426	494	1	0.002	1	0	0	secreted (pred.)
gene_9427	978	6	0.0061	0	0	0	other
gene_9428	578	10	0.0173	1	0	0	secreted (pred.)
gene_9429	180	19	0.1056	0	0	0	other
gene_943	924	14	0.0152	0	0	0	other
gene_9430	1109	11	0.0099	0	0	0	other
gene_9431	332	0	0.0	0	0	0	other
gene_9432	1223	8	0.0065	0	0	0	other
gene_9433	514	1	0.0019	0	0	0	other
gene_9434	558	9	0.0161	0	0	0	other
gene_9435	1219	13	0.0107	0	0	0	other
gene_9436	1094	2	0.0018	0	0	0	other
gene_9437	618	6	0.0097	1	0	0	secreted (pred.)
gene_9438	647	7	0.0108	0	0	0	other
gene_9439	469	0	0.0	1	0	0	secreted (pred.)
gene_9440	510	7	0.0137	0	0	0	other
gene_9441	308	2	0.0065	0	0	0	other
gene_9442	536	9	0.0168	0	0	0	other
gene_9443	195	0	0.0	1	0	0	secreted (pred.)
gene_9444	587	11	0.0187	1	0	0	secreted (pred.)
gene_9445	1025	20	0.0195	0	0	0	other
gene_9446	262	2	0.0076	1	0	0	secreted (pred.)
gene_9447	238	12	0.0504	1	1	0	secreted (pred.)
gene_9448	708	4	0.0056	0	0	0	other
gene_9449	730	8	0.011	0	0	0	other
gene_945	272	3	0.011	1	0	0	secreted (pred.)
gene_9450	141	7	0.0496	1	1	0	secreted (pred.)
gene_9451	244	0	0.0	0	0	0	other
gene_9452	238	4	0.0168	1	1	0	secreted (pred.)
gene_9453	430	4	0.0093	0	0	0	other
gene_9454	464	4	0.0086	0	0	0	other
gene_9455	337	5	0.0148	0	0	0	other
gene_9456	312	6	0.0192	0	0	0	other
gene_9458	125	2	0.016	0	0	0	other
gene_9459	646	3	0.0046	0	0	0	other
gene_946	173	2	0.0116	0	0	0	other
gene_9460	292	3	0.0103	0	0	0	other
gene_9461	515	3	0.0058	0	0	0	other
gene_9462	843	5	0.0059	0	0	0	other
gene_9463	225	5	0.0222	0	0	0	other
gene_9464	1031	13	0.0126	0	0	0	other
gene_9465	363	2	0.0055	0	0	0	other
gene_9466	855	14	0.0164	0	0	0	other
gene_9467	764	10	0.0131	1	0	0	secreted (pred.)
gene_9468	238	4	0.0168	1	1	0	secreted (pred.)
gene_9469	490	5	0.0102	0	0	0	other
gene_947	609	14	0.023	0	0	0	other
gene_9470	135	0	0.0	0	0	0	other
gene_9471	402	5	0.0124	1	0	0	secreted (pred.)
gene_9472	586	8	0.0137	0	0	0	other
gene_9473	174	1	0.0057	0	0	0	other
gene_9474	833	18	0.0216	0	0	0	other
gene_9475	146	1	0.0068	0	0	0	other
gene_9476	328	4	0.0122	1	0	0	secreted (pred.)
gene_9477	725	13	0.0179	0	0	0	other
gene_9478	212	0	0.0	1	0	0	secreted (pred.)
gene_9479	384	1	0.0026	0	0	0	other
gene_948	479	2	0.0042	0	0	0	other
gene_9480	333	8	0.024	0	0	0	other
gene_9481	244	7	0.0287	0	0	0	other
gene_9482	750	9	0.012	0	0	0	other
gene_9483	722	20	0.0277	1	0	0	secreted (pred.)
gene_9484	136	6	0.0441	0	0	0	other
gene_9485	1077	7	0.0065	0	0	0	other
gene_9486	423	10	0.0236	0	0	0	other
gene_9487	375	6	0.016	0	0	0	other
gene_9488	174	2	0.0115	0	0	0	other
gene_9489	1078	10	0.0093	0	0	0	other
gene_949	417	5	0.012	0	0	0	other
gene_9490	456	5	0.011	0	0	0	other
gene_9491	1261	2	0.0016	0	0	0	other
gene_9492	451	11	0.0244	0	0	0	other
gene_9493	481	9	0.0187	0	0	0	other
gene_9494	1084	15	0.0138	1	0	0	secreted (pred.)
gene_9495	578	6	0.0104	1	0	0	secreted (pred.)
gene_9496	609	4	0.0066	0	0	0	other
gene_9497	194	6	0.0309	0	0	0	other
gene_9498	406	3	0.0074	0	0	0	other
gene_9499	455	5	0.011	0	0	0	other
gene_95	292	2	0.0068	1	0	0	secreted (pred.)
gene_950	108	0	0.0	0	0	0	other
gene_9500	287	5	0.0174	1	1	0	secreted (pred.)
gene_9501	1018	18	0.0177	0	0	0	other
gene_9502	218	1	0.0046	0	0	0	other
gene_9504	103	0	0.0	0	0	0	other
gene_9505	449	0	0.0	0	0	0	other
gene_9507	195	7	0.0359	1	0	0	secreted (pred.)
gene_9508	407	5	0.0123	0	0	0	other
gene_9509	676	5	0.0074	0	0	0	other
gene_951	62	0	0.0	1	0	0	secreted (pred.)
gene_9510	289	10	0.0346	0	0	0	other
gene_9511	460	2	0.0043	0	0	0	other
gene_9512	504	6	0.0119	1	0	0	secreted (pred.)
gene_9513	641	12	0.0187	0	0	0	other
gene_9514	668	2	0.003	0	0	0	other
gene_9515	115	8	0.0696	1	1	0	secreted (pred.)
gene_9516	378	4	0.0106	0	0	0	other
gene_9517	682	12	0.0176	0	0	0	other
gene_9518	707	16	0.0226	0	0	0	other
gene_9519	548	9	0.0164	0	0	0	other
gene_952	73	0	0.0	1	0	0	secreted (pred.)
gene_9520	339	3	0.0088	0	0	0	other
gene_9521	143	2	0.014	0	0	0	other
gene_9522	303	3	0.0099	0	0	0	other
gene_9523	454	5	0.011	0	0	0	other
gene_9524	264	1	0.0038	0	0	0	other
gene_9525	284	0	0.0	1	0	0	secreted (pred.)
gene_9526	1109	11	0.0099	0	0	0	other
gene_9527	1250	16	0.0128	0	0	0	other
gene_9528	111	3	0.027	0	0	0	other
gene_9529	95	0	0.0	0	0	0	other
gene_953	313	4	0.0128	0	0	0	other
gene_9531	186	0	0.0	0	0	0	other
gene_9532	522	7	0.0134	0	0	0	other
gene_9533	628	12	0.0191	0	0	0	other
gene_9534	388	9	0.0232	1	0	0	secreted (pred.)
gene_9535	67	3	0.0448	1	1	0	secreted (pred.)
gene_9537	98	8	0.0816	1	1	1	secreted (pred.)
gene_9538	204	5	0.0245	1	1	0	secreted (pred.)
gene_9539	603	2	0.0033	0	0	0	other
gene_954	479	2	0.0042	0	0	0	other
gene_9540	294	4	0.0136	0	0	0	other
gene_9541	418	3	0.0072	0	0	0	other
gene_9542	548	11	0.0201	0	0	0	other
gene_9543	349	3	0.0086	0	0	0	other
gene_9544	331	2	0.006	1	0	0	secreted (pred.)
gene_9545	795	8	0.0101	0	0	0	other
gene_9546	355	7	0.0197	0	0	0	other
gene_9547	304	3	0.0099	0	0	0	other
gene_9548	266	4	0.015	0	0	0	other
gene_9549	677	2	0.003	1	0	0	secreted (pred.)
gene_955	236	3	0.0127	0	0	0	other
gene_9550	635	17	0.0268	0	0	0	other
gene_9551	935	15	0.016	0	0	0	other
gene_9552	1978	24	0.0121	0	0	0	other
gene_9553	359	12	0.0334	0	0	0	other
gene_9555	324	6	0.0185	0	0	0	other
gene_9556	198	1	0.0051	0	0	0	other
gene_9557	206	2	0.0097	0	0	0	other
gene_9558	541	5	0.0092	0	0	0	other
gene_9559	120	1	0.0083	0	0	0	other
gene_956	689	17	0.0247	0	0	0	other
gene_9560	548	12	0.0219	1	0	0	secreted (pred.)
gene_9561	99	1	0.0101	0	0	0	other
gene_9562	317	6	0.0189	1	0	0	secreted (pred.)
gene_9563	217	6	0.0276	1	1	0	secreted (pred.)
gene_9564	475	1	0.0021	0	0	0	other
gene_9565	253	2	0.0079	0	0	0	other
gene_9566	288	7	0.0243	0	0	0	other
gene_9567	387	0	0.0	0	0	0	other
gene_9568	536	5	0.0093	1	0	0	secreted (pred.)
gene_9569	538	3	0.0056	0	0	0	other
gene_957	574	1	0.0017	0	0	0	other
gene_9570	110	0	0.0	0	0	0	other
gene_9571	400	4	0.01	0	0	0	other
gene_9572	289	3	0.0104	0	0	0	other
gene_9573	427	10	0.0234	0	0	0	other
gene_9574	59	0	0.0	1	0	0	secreted (pred.)
gene_9575	252	7	0.0278	0	0	0	other
gene_9576	723	11	0.0152	0	0	0	other
gene_9577	751	7	0.0093	1	0	0	secreted (pred.)
gene_9578	308	1	0.0032	0	0	0	other
gene_9579	236	6	0.0254	1	1	0	secreted (pred.)
gene_958	505	1	0.002	0	0	0	other
gene_9580	468	19	0.0406	1	0	0	secreted (pred.)
gene_9581	869	8	0.0092	0	0	0	other
gene_9582	611	2	0.0033	1	0	0	secreted (pred.)
gene_9583	634	16	0.0252	1	0	0	secreted (pred.)
gene_9584	1064	10	0.0094	0	0	0	other
gene_9585	1050	4	0.0038	0	0	0	other
gene_9586	1562	7	0.0045	0	0	0	other
gene_9587	1135	6	0.0053	0	0	0	other
gene_9588	190	4	0.0211	0	0	0	other
gene_9589	298	2	0.0067	0	0	0	other
gene_959	318	6	0.0189	1	0	0	secreted (pred.)
gene_9590	743	20	0.0269	0	0	0	other
gene_9592	284	5	0.0176	1	1	0	secreted (pred.)
gene_9593	209	4	0.0191	0	0	0	other
gene_9594	113	0	0.0	0	0	0	other
gene_9595	355	5	0.0141	0	0	0	other
gene_9596	270	7	0.0259	0	0	0	other
gene_9597	972	8	0.0082	0	0	0	other
gene_9598	377	3	0.008	1	0	0	secreted (pred.)
gene_9599	325	1	0.0031	1	0	0	secreted (pred.)
gene_960	587	12	0.0204	1	0	0	secreted (pred.)
gene_9600	170	3	0.0176	0	0	0	other
gene_9601	233	6	0.0258	0	0	0	other
gene_9602	220	1	0.0045	0	0	0	other
gene_9603	442	11	0.0249	0	0	0	other
gene_9604	211	8	0.0379	0	0	0	other
gene_9605	153	4	0.0261	0	0	0	other
gene_9606	478	9	0.0188	0	0	0	other
gene_9607	273	1	0.0037	0	0	0	other
gene_9608	510	13	0.0255	0	0	0	other
gene_9609	225	8	0.0356	1	1	0	secreted (pred.)
gene_961	502	6	0.012	0	0	0	other
gene_9610	590	8	0.0136	0	0	0	other
gene_9611	639	1	0.0016	1	0	0	secreted (pred.)
gene_9612	290	6	0.0207	0	0	0	other
gene_9613	336	0	0.0	0	0	0	other
gene_9614	494	10	0.0202	0	0	0	other
gene_9615	221	1	0.0045	0	0	0	other
gene_9616	615	2	0.0033	1	0	0	secreted (pred.)
gene_9617	583	6	0.0103	0	0	0	other
gene_9618	323	11	0.0341	0	0	0	other
gene_9619	237	3	0.0127	0	0	0	other
gene_962	825	5	0.0061	1	0	0	secreted (pred.)
gene_9620	536	7	0.0131	1	0	0	secreted (pred.)
gene_9621	224	2	0.0089	0	0	0	other
gene_9622	124	0	0.0	0	0	0	other
gene_9623	569	11	0.0193	1	0	0	secreted (pred.)
gene_9624	221	4	0.0181	1	1	0	secreted (pred.)
gene_9625	153	2	0.0131	0	0	0	other
gene_9626	209	1	0.0048	0	0	0	other
gene_9627	738	9	0.0122	0	0	0	other
gene_9628	193	2	0.0104	1	0	0	secreted (pred.)
gene_9629	527	9	0.0171	0	0	0	other
gene_963	205	5	0.0244	0	0	0	other
gene_9630	111	2	0.018	0	0	0	other
gene_9631	642	4	0.0062	0	0	0	other
gene_9632	599	4	0.0067	0	0	0	other
gene_9633	975	7	0.0072	0	0	0	other
gene_9634	541	9	0.0166	1	0	0	secreted (pred.)
gene_9635	275	0	0.0	0	0	0	other
gene_9636	702	11	0.0157	1	0	0	secreted (pred.)
gene_9637	389	4	0.0103	0	0	0	other
gene_9638	250	0	0.0	0	0	0	other
gene_9639	285	4	0.014	0	0	0	other
gene_964	417	7	0.0168	0	0	0	other
gene_9640	206	1	0.0049	1	0	0	secreted (pred.)
gene_9641	293	9	0.0307	1	1	0	secreted (pred.)
gene_9642	267	5	0.0187	0	0	0	other
gene_9643	359	6	0.0167	0	0	0	other
gene_9644	446	4	0.009	0	0	0	other
gene_9645	916	2	0.0022	0	0	0	other
gene_9646	1084	11	0.0101	0	0	0	other
gene_9647	102	0	0.0	0	0	0	other
gene_9648	149	3	0.0201	1	1	0	secreted (pred.)
gene_9649	580	4	0.0069	0	0	0	other
gene_965	289	4	0.0138	0	0	0	other
gene_9650	627	6	0.0096	0	0	0	other
gene_9651	342	7	0.0205	1	0	0	secreted (pred.)
gene_9653	509	1	0.002	0	0	0	other
gene_9654	956	3	0.0031	0	0	0	other
gene_9655	207	8	0.0386	1	1	0	secreted (pred.)
gene_9656	507	13	0.0256	0	0	0	other
gene_9657	463	4	0.0086	0	0	0	other
gene_9658	483	7	0.0145	0	0	0	other
gene_9659	473	11	0.0233	0	0	0	other
gene_966	898	10	0.0111	0	0	0	other
gene_9660	759	1	0.0013	0	0	0	other
gene_9661	335	2	0.006	0	0	0	other
gene_9662	382	11	0.0288	0	0	0	other
gene_9663	375	3	0.008	1	0	0	secreted (pred.)
gene_9664	453	3	0.0066	0	0	0	other
gene_9665	748	10	0.0134	0	0	0	other
gene_9666	244	4	0.0164	0	0	0	other
gene_9667	500	1	0.002	0	0	0	other
gene_9668	699	7	0.01	0	0	0	other
gene_9669	1056	6	0.0057	0	0	0	other
gene_967	173	1	0.0058	0	0	0	other
gene_9670	973	3	0.0031	0	0	0	other
gene_9671	270	2	0.0074	0	0	0	other
gene_9672	1009	10	0.0099	0	0	0	other
gene_9674	667	11	0.0165	1	0	0	secreted (pred.)
gene_9675	2341	43	0.0184	0	0	0	other
gene_9676	443	6	0.0135	0	0	0	other
gene_9677	348	7	0.0201	0	0	0	other
gene_9678	165	1	0.0061	1	0	0	secreted (pred.)
gene_9679	305	2	0.0066	0	0	0	other
gene_968	456	7	0.0154	0	0	0	other
gene_9680	753	17	0.0226	0	0	0	other
gene_9681	247	2	0.0081	0	0	0	other
gene_9682	268	3	0.0112	0	0	0	other
gene_9683	560	11	0.0196	1	0	0	secreted (pred.)
gene_9684	330	11	0.0333	0	0	0	other
gene_9685	212	2	0.0094	0	0	0	other
gene_9686	1131	14	0.0124	0	0	0	other
gene_9687	104	0	0.0	0	0	0	other
gene_9688	225	7	0.0311	1	1	0	secreted (pred.)
gene_9689	254	25	0.0984	0	0	0	other
gene_969	476	7	0.0147	1	0	0	secreted (pred.)
gene_9690	166	0	0.0	1	0	0	secreted (pred.)
gene_9691	508	5	0.0098	1	0	0	secreted (pred.)
gene_9692	371	3	0.0081	0	0	0	other
gene_9693	371	3	0.0081	0	0	0	other
gene_9694	439	14	0.0319	0	0	0	other
gene_9695	516	8	0.0155	1	0	0	secreted (pred.)
gene_9696	186	1	0.0054	0	0	0	other
gene_9697	165	7	0.0424	1	1	0	secreted (pred.)
gene_9698	663	15	0.0226	0	0	0	other
gene_9699	633	11	0.0174	0	0	0	other
gene_97	1378	24	0.0174	0	0	0	other
gene_970	405	0	0.0	0	0	0	other
gene_9700	367	9	0.0245	1	0	0	secreted (pred.)
gene_9701	2004	19	0.0095	0	0	0	other
gene_9702	603	10	0.0166	0	0	0	other
gene_9703	276	18	0.0652	0	0	0	other
gene_9704	122	2	0.0164	0	0	0	other
gene_9705	397	3	0.0076	0	0	0	other
gene_9706	1223	8	0.0065	0	0	0	other
gene_9707	238	0	0.0	0	0	0	other
gene_9708	455	9	0.0198	0	0	0	other
gene_9709	302	6	0.0199	1	0	0	secreted (pred.)
gene_971	84	0	0.0	0	0	0	other
gene_9710	689	5	0.0073	1	0	0	secreted (pred.)
gene_9711	681	9	0.0132	0	0	0	other
gene_9712	365	10	0.0274	0	0	0	other
gene_9713	179	4	0.0223	1	1	0	secreted (pred.)
gene_9714	473	7	0.0148	0	0	0	other
gene_9715	115	1	0.0087	0	0	0	other
gene_9716	272	0	0.0	0	0	0	other
gene_9717	634	7	0.011	0	0	0	other
gene_9718	851	13	0.0153	1	0	0	secreted (pred.)
gene_9719	245	3	0.0122	0	0	0	other
gene_972	639	11	0.0172	0	0	0	other
gene_9720	171	9	0.0526	0	0	0	other
gene_9721	350	9	0.0257	0	0	0	other
gene_9722	1236	6	0.0049	1	0	0	secreted (pred.)
gene_9723	424	5	0.0118	0	0	0	other
gene_9724	89	3	0.0337	1	1	0	secreted (pred.)
gene_9725	1525	12	0.0079	0	0	0	other
gene_9726	342	3	0.0088	0	0	0	other
gene_9727	1225	15	0.0122	0	0	0	other
gene_9728	653	0	0.0	0	0	0	other
gene_9729	182	5	0.0275	1	1	0	secreted (pred.)
gene_973	428	8	0.0187	1	0	0	secreted (pred.)
gene_9730	562	11	0.0196	0	0	0	other
gene_9731	500	5	0.01	1	0	0	secreted (pred.)
gene_9732	585	7	0.012	0	0	0	other
gene_9733	588	9	0.0153	0	0	0	other
gene_9735	119	0	0.0	0	0	0	other
gene_9736	423	4	0.0095	1	0	0	secreted (pred.)
gene_9737	592	7	0.0118	0	0	0	other
gene_9738	300	1	0.0033	0	0	0	other
gene_9739	907	4	0.0044	1	0	0	secreted (pred.)
gene_974	617	8	0.013	1	0	0	secreted (pred.)
gene_9741	403	8	0.0199	0	0	0	other
gene_9742	390	8	0.0205	0	0	0	other
gene_9743	119	7	0.0588	0	0	0	other
gene_9744	188	6	0.0319	1	1	0	secreted (pred.)
gene_9745	413	8	0.0194	0	0	0	other
gene_9746	231	2	0.0087	0	0	0	other
gene_9747	484	7	0.0145	0	0	0	other
gene_9748	209	3	0.0144	0	0	0	other
gene_9749	415	14	0.0337	0	0	0	other
gene_975	550	14	0.0255	1	0	0	secreted (pred.)
gene_9750	268	1	0.0037	1	0	0	secreted (pred.)
gene_9751	675	16	0.0237	0	0	0	other
gene_9752	311	3	0.0096	0	0	0	other
gene_9753	106	0	0.0	0	0	0	other
gene_9754	423	4	0.0095	0	0	0	other
gene_9755	286	10	0.035	0	0	0	other
gene_9756	229	3	0.0131	0	0	0	other
gene_9757	571	8	0.014	0	0	0	other
gene_9758	481	3	0.0062	0	0	0	other
gene_9759	885	9	0.0102	0	0	0	other
gene_976	159	10	0.0629	0	0	0	other
gene_9760	241	0	0.0	0	0	0	other
gene_9761	268	0	0.0	0	0	0	other
gene_9762	552	2	0.0036	0	0	0	other
gene_9763	634	11	0.0174	0	0	0	other
gene_9764	1109	9	0.0081	0	0	0	other
gene_9765	517	10	0.0193	0	0	0	other
gene_9766	2009	29	0.0144	0	0	0	other
gene_9767	345	6	0.0174	0	0	0	other
gene_9768	263	6	0.0228	0	0	0	other
gene_9769	679	4	0.0059	1	0	0	secreted (pred.)
gene_977	576	8	0.0139	0	0	0	other
gene_9770	427	4	0.0094	0	0	0	other
gene_9771	555	4	0.0072	1	0	0	secreted (pred.)
gene_9772	1065	5	0.0047	0	0	0	other
gene_9773	396	5	0.0126	0	0	0	other
gene_9774	500	7	0.014	0	0	0	other
gene_9775	484	7	0.0145	1	0	0	secreted (pred.)
gene_9776	348	11	0.0316	0	0	0	other
gene_9777	145	0	0.0	0	0	0	other
gene_9778	855	14	0.0164	0	0	0	other
gene_9779	628	0	0.0	0	0	0	other
gene_978	1355	16	0.0118	0	0	0	other
gene_9780	188	7	0.0372	1	1	0	secreted (pred.)
gene_9781	372	10	0.0269	0	0	0	other
gene_9782	1522	8	0.0053	0	0	0	other
gene_9783	1238	13	0.0105	0	0	0	other
gene_9784	413	5	0.0121	0	0	0	other
gene_9785	282	5	0.0177	0	0	0	other
gene_9786	198	4	0.0202	1	1	0	secreted (pred.)
gene_9787	435	7	0.0161	0	0	0	other
gene_9788	201	4	0.0199	0	0	0	other
gene_9789	401	11	0.0274	0	0	0	other
gene_979	434	7	0.0161	0	0	0	other
gene_9790	221	3	0.0136	0	0	0	other
gene_9791	620	14	0.0226	0	0	0	other
gene_9792	112	8	0.0714	1	1	0	secreted (pred.)
gene_9793	440	7	0.0159	1	0	0	secreted (pred.)
gene_9794	743	1	0.0013	0	0	0	other
gene_9795	429	0	0.0	0	0	0	other
gene_9796	412	5	0.0121	0	0	0	other
gene_9797	688	13	0.0189	0	0	0	other
gene_9798	335	5	0.0149	0	0	0	other
gene_9799	105	1	0.0095	1	0	0	secreted (pred.)
gene_98	710	10	0.0141	0	0	0	other
gene_980	1622	4	0.0025	0	0	0	other
gene_9800	739	11	0.0149	0	0	0	other
gene_9801	827	4	0.0048	0	0	0	other
gene_9802	480	9	0.0187	0	0	0	other
gene_9803	671	14	0.0209	1	0	0	secreted (pred.)
gene_9804	605	18	0.0298	0	0	0	other
gene_9805	1371	15	0.0109	0	0	0	other
gene_9806	297	0	0.0	0	0	0	other
gene_9807	148	0	0.0	0	0	0	other
gene_9808	252	2	0.0079	0	0	0	other
gene_9809	143	7	0.049	0	0	0	other
gene_981	129	2	0.0155	0	0	0	other
gene_9810	268	5	0.0187	0	0	0	other
gene_9811	362	12	0.0331	0	0	0	other
gene_9812	155	3	0.0194	0	0	0	other
gene_9813	389	3	0.0077	1	0	0	secreted (pred.)
gene_9814	393	5	0.0127	1	0	0	secreted (pred.)
gene_9815	758	14	0.0185	0	0	0	other
gene_9816	653	7	0.0107	0	0	0	other
gene_9817	377	5	0.0133	1	0	0	secreted (pred.)
gene_9818	399	6	0.015	0	0	0	other
gene_9819	257	10	0.0389	0	0	0	other
gene_982	960	11	0.0115	0	0	0	other
gene_9820	721	22	0.0305	0	0	0	other
gene_9821	624	5	0.008	0	0	0	other
gene_9823	512	3	0.0059	1	0	0	secreted (pred.)
gene_9824	830	14	0.0169	0	0	0	other
gene_9825	341	10	0.0293	0	0	0	other
gene_9826	259	4	0.0154	1	1	0	secreted (pred.)
gene_9827	405	2	0.0049	0	0	0	other
gene_9828	261	8	0.0307	1	1	0	secreted (pred.)
gene_9829	1236	12	0.0097	0	0	0	other
gene_983	163	2	0.0123	0	0	0	other
gene_9830	770	5	0.0065	0	0	0	other
gene_9831	561	7	0.0125	0	0	0	other
gene_9832	647	8	0.0124	0	0	0	other
gene_9833	711	11	0.0155	0	0	0	other
gene_9834	209	3	0.0144	1	0	0	secreted (pred.)
gene_9835	173	3	0.0173	0	0	0	other
gene_9836	800	11	0.0138	0	0	0	other
gene_9837	58	0	0.0	0	0	0	other
gene_9838	304	7	0.023	0	0	0	other
gene_9839	381	1	0.0026	1	0	0	secreted (pred.)
gene_984	529	9	0.017	0	0	0	other
gene_9840	541	3	0.0055	1	0	0	secreted (pred.)
gene_9841	234	4	0.0171	1	1	0	secreted (pred.)
gene_9842	428	2	0.0047	0	0	0	other
gene_9843	674	6	0.0089	0	0	0	other
gene_9844	1142	9	0.0079	1	0	0	secreted (pred.)
gene_9845	123	1	0.0081	0	0	0	other
gene_9846	336	3	0.0089	0	0	0	other
gene_9847	365	6	0.0164	1	0	0	secreted (pred.)
gene_9848	343	8	0.0233	0	0	0	other
gene_9849	378	6	0.0159	0	0	0	other
gene_985	602	8	0.0133	1	0	0	secreted (pred.)
gene_9850	518	8	0.0154	0	0	0	other
gene_9851	666	7	0.0105	0	0	0	other
gene_9852	740	0	0.0	0	0	0	other
gene_9853	204	4	0.0196	0	0	0	other
gene_9854	2808	22	0.0078	0	0	0	other
gene_9855	237	10	0.0422	1	1	0	secreted (pred.)
gene_9856	1088	55	0.0506	0	0	0	other
gene_9857	118	1	0.0085	0	0	0	other
gene_9858	157	8	0.051	0	0	0	other
gene_9859	214	0	0.0	0	0	0	other
gene_986	468	2	0.0043	1	0	0	secreted (pred.)
gene_9860	171	1	0.0058	0	0	0	other
gene_9861	885	11	0.0124	0	0	0	other
gene_9862	1602	30	0.0187	0	0	0	other
gene_9863	447	7	0.0157	1	0	0	secreted (pred.)
gene_9864	458	2	0.0044	0	0	0	other
gene_9865	708	8	0.0113	0	0	0	other
gene_9866	549	7	0.0128	0	0	0	other
gene_9868	154	6	0.039	1	1	1	secreted (pred.)
gene_987	235	1	0.0043	0	0	0	other
gene_9870	280	5	0.0179	1	1	0	secreted (pred.)
gene_9871	134	1	0.0075	0	0	0	other
gene_9872	327	5	0.0153	0	0	0	other
gene_9873	305	8	0.0262	0	0	0	other
gene_9874	252	4	0.0159	1	0	0	secreted (pred.)
gene_9875	396	5	0.0126	0	0	0	other
gene_9876	600	6	0.01	0	0	0	other
gene_9877	396	9	0.0227	0	0	0	other
gene_9878	691	15	0.0217	0	0	0	other
gene_9879	4370	39	0.0089	0	0	0	other
gene_988	1012	5	0.0049	0	0	0	other
gene_9880	218	3	0.0138	0	0	0	other
gene_9881	224	0	0.0	0	0	0	other
gene_9882	882	6	0.0068	0	0	0	other
gene_9883	229	10	0.0437	1	1	0	secreted (pred.)
gene_9884	490	4	0.0082	0	0	0	other
gene_9885	436	3	0.0069	0	0	0	other
gene_9886	100	2	0.02	0	0	0	other
gene_9887	518	12	0.0232	0	0	0	other
gene_9888	2441	38	0.0156	0	0	0	other
gene_9889	156	2	0.0128	0	0	0	other
gene_989	603	6	0.01	0	0	0	other
gene_9890	614	11	0.0179	0	0	0	other
gene_9891	215	4	0.0186	1	1	0	secreted (pred.)
gene_9892	839	13	0.0155	0	0	0	other
gene_9893	588	12	0.0204	0	0	0	other
gene_9894	468	7	0.015	0	0	0	other
gene_9895	482	8	0.0166	0	0	0	other
gene_9896	573	0	0.0	0	0	0	other
gene_9897	303	8	0.0264	1	0	0	secreted (pred.)
gene_9898	815	7	0.0086	0	0	0	other
gene_9899	731	15	0.0205	0	0	0	other
gene_99	1067	15	0.0141	0	0	0	other
gene_990	399	6	0.015	1	0	0	secreted (pred.)
gene_9900	191	0	0.0	0	0	0	other
gene_9901	279	7	0.0251	0	0	0	other
gene_9902	550	13	0.0236	0	0	0	other
gene_9903	1700	17	0.01	0	0	0	other
gene_9904	233	0	0.0	0	0	0	other
gene_9905	1139	12	0.0105	0	0	0	other
gene_9906	518	12	0.0232	1	0	0	secreted (pred.)
gene_9908	286	9	0.0315	0	0	0	other
gene_9909	636	8	0.0126	0	0	0	other
gene_991	610	4	0.0066	0	0	0	other
gene_9910	384	6	0.0156	0	0	0	other
gene_9911	304	1	0.0033	0	0	0	other
gene_9912	362	9	0.0249	0	0	0	other
gene_9913	346	3	0.0087	0	0	0	other
gene_9914	393	4	0.0102	0	0	0	other
gene_9915	280	13	0.0464	0	0	0	other
gene_9916	579	8	0.0138	1	0	0	secreted (pred.)
gene_9917	446	3	0.0067	0	0	0	other
gene_9918	364	1	0.0027	1	0	0	secreted (pred.)
gene_9919	441	7	0.0159	1	0	0	secreted (pred.)
gene_992	325	2	0.0062	1	0	0	secreted (pred.)
gene_9920	263	3	0.0114	0	0	0	other
gene_9921	252	0	0.0	0	0	0	other
gene_9922	231	5	0.0216	0	0	0	other
gene_9923	507	6	0.0118	0	0	0	other
gene_9924	557	5	0.009	0	0	0	other
gene_9925	349	1	0.0029	1	0	0	secreted (pred.)
gene_9926	82	4	0.0488	1	1	0	secreted (pred.)
gene_9927	159	3	0.0189	1	0	0	secreted (pred.)
gene_9928	385	10	0.026	0	0	0	other
gene_9929	412	7	0.017	1	0	0	secreted (pred.)
gene_993	521	11	0.0211	0	0	0	other
gene_9930	229	3	0.0131	0	0	0	other
gene_9931	620	8	0.0129	0	0	0	other
gene_9932	210	0	0.0	0	0	0	other
gene_9933	595	14	0.0235	0	0	0	other
gene_9934	1184	17	0.0144	0	0	0	other
gene_9935	414	5	0.0121	1	0	0	secreted (pred.)
gene_9937	366	3	0.0082	0	0	0	other
gene_9938	219	3	0.0137	0	0	0	other
gene_9939	167	2	0.012	0	0	0	other
gene_994	774	15	0.0194	0	0	0	other
gene_9940	90	0	0.0	0	0	0	other
gene_9941	343	8	0.0233	1	0	0	secreted (pred.)
gene_9942	87	0	0.0	0	0	0	other
gene_9943	381	5	0.0131	0	0	0	other
gene_9944	520	1	0.0019	0	0	0	other
gene_9945	176	8	0.0455	1	1	1	secreted (pred.)
gene_9946	365	14	0.0384	0	0	0	other
gene_9947	624	7	0.0112	0	0	0	other
gene_9948	528	5	0.0095	0	0	0	other
gene_9949	223	8	0.0359	0	0	0	other
gene_995	561	6	0.0107	0	0	0	other
gene_9950	173	1	0.0058	0	0	0	other
gene_9951	1823	20	0.011	0	0	0	other
gene_9952	732	16	0.0219	0	0	0	other
gene_9953	501	12	0.024	0	0	0	other
gene_9954	1309	28	0.0214	0	0	0	other
gene_9955	709	8	0.0113	0	0	0	other
gene_9956	319	2	0.0063	1	0	0	secreted (pred.)
gene_9957	560	3	0.0054	0	0	0	other
gene_9958	459	5	0.0109	0	0	0	other
gene_9959	871	7	0.008	0	0	0	other
gene_996	273	2	0.0073	0	0	0	other
gene_9960	225	2	0.0089	0	0	0	other
gene_9961	442	10	0.0226	0	0	0	other
gene_9962	542	0	0.0	0	0	0	other
gene_9963	614	2	0.0033	0	0	0	other
gene_9964	668	15	0.0225	0	0	0	other
gene_9965	863	4	0.0046	0	0	0	other
gene_9967	901	5	0.0055	0	0	0	other
gene_9968	384	0	0.0	1	0	0	secreted (pred.)
gene_9969	275	2	0.0073	0	0	0	other
gene_997	129	1	0.0078	0	0	0	other
gene_9970	244	4	0.0164	0	0	0	other
gene_9971	220	2	0.0091	0	0	0	other
gene_9972	931	13	0.014	0	0	0	other
gene_9974	167	2	0.012	0	0	0	other
gene_9975	554	6	0.0108	1	0	0	secreted (pred.)
gene_9976	447	5	0.0112	0	0	0	other
gene_9977	262	2	0.0076	0	0	0	other
gene_9978	511	1	0.002	0	0	0	other
gene_9979	388	2	0.0052	0	0	0	other
gene_998	463	6	0.013	0	0	0	other
gene_9980	585	0	0.0	1	0	0	secreted (pred.)
gene_9981	476	3	0.0063	1	0	0	secreted (pred.)
gene_9982	1822	20	0.011	0	0	0	other
gene_9983	302	4	0.0132	0	0	0	other
gene_9984	184	0	0.0	0	0	0	other
gene_9985	760	13	0.0171	1	0	0	secreted (pred.)
gene_9986	305	10	0.0328	1	0	0	secreted (pred.)
gene_9987	343	4	0.0117	0	0	0	other
gene_9988	187	0	0.0	1	0	0	secreted (pred.)
gene_9989	1011	9	0.0089	0	0	0	other
gene_999	128	5	0.0391	0	0	0	other
gene_9990	298	8	0.0268	0	0	0	other
gene_9991	65	0	0.0	0	0	0	other
gene_9993	622	0	0.0	0	0	0	other
gene_9994	90	6	0.0667	1	1	0	secreted (pred.)
gene_9995	383	1	0.0026	0	0	0	other
gene_9996	613	4	0.0065	0	0	0	other
gene_9997	345	2	0.0058	1	0	0	secreted (pred.)
gene_9998	191	2	0.0105	0	0	0	other
gene_9999	465	6	0.0129	0	0	0	other
